훈련과정 ID,회차
AIG20200000286626,1
AIG20200000286592,2
AIG20200000286570,1
AIG20200000286574,1
AIG20200000286525,1
AIG20200000313528,9
AIG20200000313528,5
AIG20200000313528,2
AIG20200000313528,8
AIG20200000313528,6
AIG20200000313528,4
AIG20200000313528,1
AIG20200000313528,10
AIG20200000313528,7
AIG20200000313528,3
AIG20200000286610,1
AIG20200000286594,1
AIG20200000313547,1
AIG20200000313547,2
AIG20200000286602,2
AIG20200000286536,1
AIG20200000286626,2
AIG20200000313559,1
AIG20200000286565,1
AIG20200000286651,2
AIG20200000286602,3
AIG20200000286611,2
AIG20200000286658,2
AIG20200000286592,3
AIG20200000313010,2
AIG20200000286647,2
AIG20200000286525,2
AIG20200000313547,3
AIG20200000313547,4
AIG20200000288892,7
AIG20200000288892,6
AIG20200000288892,5
AIG20200000288892,4
AIG20200000286648,3
AIG20200000286680,2
AIG20200000286662,2
AIG20200000286692,2
AIG20200000286558,1
AIG20200000288887,2
AIG20200000286661,2
AIG20200000286660,3
AIG20200000286656,2
AIG20200000286611,3
AIG20200000286660,4
AIG20200000286648,4
AIG20200000286668,3
AIG20200000288894,2
AIG20200000288888,2
AIG20200000286689,3
AIG20200000286689,2
AIG20200000286666,3
AIG20200000286666,2
AIG20200000286675,2
AIG20200000313547,5
AIG20200000286672,2
AIG20200000286660,5
AIG20200000286648,5
AIG20200000286644,2
AIG20200000286668,4
AIG20200000286640,1
AIG20200000286638,1
AIG20200000286532,1
AIG20200000288890,2
AIG20200000288889,3
AIG20200000288889,2
AIG20200000286531,2
AIG20210000314424,1
AIG20210000313685,1
AIG20210000314413,1
AIG20200000313010,3
AIG20200000313010,4
AIG20210000314425,1
AIG20210000314468,2
AIG20210000314468,1
AIG20210000314466,2
AIG20210000314466,3
AIG20210000314466,1
AIG20210000314466,4
AIG20200000313547,6
AIG20210000313661,1
AIG20200000286570,2
AIG20210000320939,1
AIG20210000320927,1
AIG20210000320902,1
AIG20210000320882,1
AIG20210000320474,1
AIG20210000313590,1
AIG20210000314457,1
AIG20210000314445,1
AIG20200000288892,10
AIG20200000288892,9
AIG20200000288892,8
AIG20210000314413,2
AIG20210000314422,1
AIG20200000313547,7
AIG20210000314412,1
AIG20210000314440,1
AIG20210000313610,1
AIG20210000313603,1
AIG20210000314431,1
AIG20210000313590,2
AIG20210000314428,1
AIG20210000313660,1
AIG20210000314468,4
AIG20210000314468,3
AIG20210000314466,5
AIG20210000314466,6
AIG20200000286531,3
AIG20200000288895,3
AIG20200000288895,2
AIG20210000314432,1
AIG20200000286678,2
AIG20210000314472,6
AIG20210000314472,4
AIG20210000314472,5
AIG20210000314472,1
AIG20210000314472,2
AIG20210000314472,3
AIG20200000286644,3
AIG20210000314453,1
AIG20210000314452,1
AIG20210000314451,1
AIG20210000314450,1
AIG20210000314434,1
AIG20210000314446,1
AIG20210000314444,1
AIG20210000314443,1
AIG20210000314411,1
AIG20210000313657,1
AIG20200000286675,3
AIG20210000314454,1
AIG20210000314430,1
AIG20210000313580,1
AIG20210000314421,1
AIG20210000314456,1
AIG20210000314455,1
AIG20210000314423,1
AIG20210000313694,1
AIG20210000314433,1
AIG20210000314428,2
AIG20210000313613,1
AIG20200000313010,5
AIG20200000313010,6
AIG20210000314418,1
AIG20210000314435,1
AIG20210000314466,7
AIG20210000314466,8
AIG20210000314436,1
AIG20210000314442,1
AIG20200000286602,4
AIG20210000328612,1
AIG20210000314415,1
AIG20200000286644,4
AIG20210000314461,1
AIG20210000314411,2
AIG20210000313678,1
AIG20210000313674,1
AIG20210000313621,1
AIG20210000313688,1
AIG20210000313687,1
AIG20210000313677,1
AIG20210000313623,1
AIG20210000314412,2
AIG20210000313642,1
AIG20210000313585,1
AIG20210000314417,1
AIG20210000314427,1
AIG20210000314442,2
AIG20210000314441,1
AIG20210000313652,1
AIG20210000314468,5
AIG20210000314468,6
AIG20200000313547,8
AIG20200000286561,2
AIG20210000314439,1
AIG20210000313595,1
AIG20210000313564,1
AIG20210000313599,1
AIG20210000314440,2
AIG20210000314480,1
AIG20210000314480,2
AIG20210000314479,2
AIG20210000314479,1
AIG20210000313622,1
AIG20210000313600,1
AIG20210000328873,1
AIG20210000328839,1
AIG20210000313691,1
AIG20210000313691,2
AIG20200000313528,19
AIG20200000313528,16
AIG20200000313528,12
AIG20200000313528,20
AIG20200000313528,17
AIG20200000313528,15
AIG20200000313528,13
AIG20200000313528,11
AIG20200000313528,18
AIG20200000313528,14
AIG20210000313612,1
AIG20200000286626,3
AIG20200000286692,3
AIG20200000286558,2
AIG20200000286675,4
AIG20200000286670,2
AIG20200000286602,5
AIG20200000286536,2
AIG20200000286525,3
AIG20200000286570,3
AIG20210000314448,1
AIG20210000314437,1
AIG20200000286648,6
AIG20200000313547,11
AIG20200000313547,9
AIG20200000313547,10
AIG20210000313700,1
AIG20200000288892,11
AIG20200000288892,13
AIG20200000288892,12
AIG20200000286660,6
AIG20200000286562,2
AIG20210000328548,1
AIG20210000328544,1
AIG20210000314447,1
AIG20210000314447,2
AIG20210000314424,2
AIG20210000314411,3
AIG20210000328549,1
AIG20210000328565,1
AIG20210000328557,1
AIG20210000328550,1
AIG20200000286648,7
AIG20200000286592,4
AIG20210000328542,1
AIG20200000313409,2
AIG20210000314419,1
AIG20200000286680,3
AIG20200000286662,3
AIG20200000313010,8
AIG20200000313010,7
AIG20210000328555,1
AIG20210000314425,2
AIG20210000314414,1
AIG20200000286681,2
AIG20200000286647,3
AIG20200000286689,4
AIG20200000286666,4
AIG20200000286602,6
AIG20210000328564,2
AIG20210000328564,1
AIG20200000313547,13
AIG20200000313547,12
AIG20200000288895,5
AIG20200000288895,4
AIG20200000286626,4
AIG20210000314413,3
AIG20210000328550,2
AIG20210000313603,2
AIG20200000286675,5
AIG20200000286660,7
AIG20200000286525,4
AIG20210000314411,4
AIG20200000286656,3
AIG20210000328572,1
AIG20210000328571,1
AIG20200000286651,3
AIG20200000286563,2
AIG20210000313610,2
AIG20200000286611,4
AIG20210000328612,2
AIG20210000328538,1
AIG20200000286653,2
AIG20210000313664,1
AIG20210000320939,2
AIG20210000320882,2
AIG20210000320474,2
AIG20200000286692,4
AIG20210000313678,2
AIG20210000328860,1
AIG20210000328853,1
AIG20210000328731,1
AIG20210000313623,2
AIG20210000328846,1
AIG20210000328824,1
AIG20210000328823,1
AIG20210000328805,1
AIG20210000328759,1
AIG20210000328860,3
AIG20210000328860,2
AIG20210000328839,2
AIG20210000328835,1
AIG20210000328868,1
AIG20210000328828,1
AIG20210000328686,1
AIG20210000328840,1
AIG20210000328872,1
AIG20210000328610,1
AIG20210000328847,1
AIG20210000328593,1
AIG20210000328834,1
AIG20210000328827,1
AIG20210000328865,1
AIG20210000328865,2
AIG20210000313691,3
AIG20210000313685,2
AIG20210000328557,2
AIG20210000328802,1
AIG20210000328553,1
AIG20210000313657,2
AIG20210000313580,2
AIG20200000286660,8
AIG20200000286648,8
AIG20210000313571,1
AIG20210000328873,2
AIG20210000328860,5
AIG20210000328860,4
AIG20210000328856,1
AIG20210000313661,2
AIG20200000313010,9
AIG20200000313010,10
AIG20210000314466,9
AIG20210000314466,10
AIG20210000328542,2
AIG20200000286602,7
AIG20200000286525,5
AIG20210000313677,2
AIG20210000328870,2
AIG20210000328870,1
AIG20210000328572,2
AIG20210000328571,2
AIG20200000286642,2
AIG20210000328760,1
AIG20210000328867,1
AIG20210000328737,1
AIG20210000328592,1
AIG20210000328590,1
AIG20210000314428,3
AIG20210000313612,2
AIG20200000286668,5
AIG20200000286660,9
AIG20210000313585,2
AIG20210000328777,1
AIG20200000286656,4
AIG20200000288889,5
AIG20200000288889,4
AIG20210000313674,2
AIG20200000286651,4
AIG20210000328548,2
AIG20200000286592,5
AIG20210000328599,1
AIG20210000314468,8
AIG20210000314468,7
AIG20200000286611,5
AIG20210000313685,3
AIG20210000365837,1
AIG20210000328971,1
AIG20210000328971,2
AIG20210000350106,1
AIG20210000329031,6
AIG20210000329031,2
AIG20210000329031,5
AIG20210000329031,1
AIG20210000329031,4
AIG20210000329031,3
AIG20210000329030,8
AIG20210000329030,5
AIG20210000329030,2
AIG20210000329030,7
AIG20210000329030,3
AIG20210000329030,9
AIG20210000329030,6
AIG20210000329030,4
AIG20210000329030,1
AIG20210000328593,2
AIG20210000328731,2
AIG20210000314466,11
AIG20210000314466,12
AIG20200000286689,5
AIG20200000286666,5
AIG20200000286668,6
AIG20200000286648,9
AIG20210000314411,5
AIG20210000313656,1
AIG20210000313654,1
AIG20200000286692,5
AIG20210000328860,8
AIG20210000328860,7
AIG20210000328860,6
AIG20200000286622,2
AIG20210000328598,1
AIG20210000328922,1
AIG20210000314472,13
AIG20210000314472,9
AIG20210000314472,14
AIG20210000314472,7
AIG20210000314472,15
AIG20210000314472,12
AIG20210000314472,8
AIG20210000314454,2
AIG20210000314433,2
AIG20210000328834,2
AIG20210000328738,1
AIG20210000313657,3
AIG20210000313652,2
AIG20210000313678,3
AIG20210000328992,1
AIG20210000328992,3
AIG20210000328992,2
AIG20210000328557,3
AIG20210000314472,10
AIG20210000313612,3
AIG20210000313598,1
AIG20210000313571,2
AIG20200000286696,2
AIG20200000286680,4
AIG20200000286662,4
AIG20210000313564,2
AIG20210000314428,4
AIG20210000328939,1
AIG20210000313580,3
AIG20200000286644,5
AIG20210000313677,3
AIG20210000328873,3
AIG20210000328839,3
AIG20210000328839,4
AIG20210000328971,4
AIG20200000286600,5
AIG20200000286603,3
AIG20210000314411,6
AIG20200000286598,4
AIG20200000288888,3
AIG20200000286597,3
AIG20200000286600,4
AIG20210000328971,3
AIG20210000328913,1
AIG20210000328914,1
AIG20200000286648,10
AIG20200000286660,10
AIG20200000286594,2
AIG20200000286668,7
AIG20210000314413,4
AIG20200000288895,8
AIG20210000328610,2
AIG20210000328918,1
AIG20200000288895,7
AIG20210000328927,1
AIG20200000313528,23
AIG20200000313528,27
AIG20200000313528,29
AIG20210000328572,3
AIG20200000286598,5
AIG20200000313528,22
AIG20200000313528,26
AIG20200000286600,6
AIG20200000286603,4
AIG20200000313528,24
AIG20200000313528,28
AIG20200000313528,30
AIG20210000328552,1
AIG20210000328571,3
AIG20200000313528,21
AIG20200000313528,25
AIG20210000328590,2
AIG20200000313010,11
AIG20210000328661,1
AIG20210000329033,9
AIG20210000329033,13
AIG20210000329033,17
AIG20210000329033,21
AIG20200000313010,12
AIG20210000314412,3
AIG20210000329033,2
AIG20210000329033,6
AIG20210000329033,10
AIG20210000329033,14
AIG20210000329033,18
AIG20210000329033,22
AIG20210000329033,1
AIG20210000329033,3
AIG20210000329033,5
AIG20210000329033,7
AIG20210000329033,11
AIG20210000329033,15
AIG20210000329033,19
AIG20210000329033,23
AIG20210000329033,4
AIG20210000329033,8
AIG20210000329033,12
AIG20210000329033,16
AIG20210000329033,20
AIG20210000329033,24
AIG20200000286683,2
AIG20210000313603,3
AIG20200000286597,4
AIG20200000286602,8
AIG20200000286610,2
AIG20210000314424,3
AIG20210000328612,3
AIG20210000328971,5
AIG20200000286598,6
AIG20210000314443,2
AIG20210000328550,3
AIG20210000328801,1
AIG20210000328731,3
AIG20210000313585,3
AIG20200000286675,6
AIG20200000286648,11
AIG20200000286545,3
AIG20210000328926,1
AIG20210000328983,1
AIG20210000328924,1
AIG20200000286545,4
AIG20210000328555,2
AIG20200000313559,2
AIG20200000286570,4
AIG20210000329027,3
AIG20210000329027,1
AIG20200000288890,3
AIG20210000328771,1
AIG20210000328964,1
AIG20210000329027,2
AIG20200000286602,9
AIG20200000286660,11
AIG20200000286660,12
AIG20200000286592,6
AIG20210000328593,3
AIG20210000313678,4
AIG20210000328565,2
AIG20210000314423,2
AIG20210000328549,2
AIG20210000328737,2
AIG20210000328565,3
AIG20210000328968,1
AIG20200000286658,3
AIG20200000286531,4
AIG20200000286644,6
AIG20200000286647,4
AIG20200000286689,6
AIG20200000286666,6
AIG20210000314440,3
AIG20210000328731,4
AIG20200000286678,3
AIG20210000314425,3
AIG20210000328557,4
AIG20200000286626,5
AIG20200000286562,3
AIG20210000313613,2
AIG20210000314417,2
AIG20210000328686,2
AIG20210000314428,5
AIG20210000314466,14
AIG20210000314468,10
AIG20210000314468,9
AIG20210000328928,1
AIG20210000365837,2
AIG20210000314466,13
AIG20210000328598,2
AIG20210000328592,2
AIG20210000314421,2
AIG20200000286660,13
AIG20200000286668,8
AIG20210000314457,2
AIG20210000328555,3
AIG20210000328571,4
AIG20200000286649,2
AIG20200000286675,7
AIG20200000288892,14
AIG20210000314413,5
AIG20210000328971,6
AIG20210000314411,7
AIG20210000328907,1
AIG20210000314412,4
AIG20210000328805,2
AIG20210000314479,3
AIG20210000314480,4
AIG20210000314479,4
AIG20210000314480,3
AIG20210000314424,4
AIG20210000314430,2
AIG20200000286672,3
AIG20210000328572,4
AIG20210000314436,2
AIG20210000328548,3
AIG20210000313622,2
AIG20200000286611,6
AIG20200000313010,13
AIG20210000313688,2
AIG20200000286602,10
AIG20210000328737,3
AIG20210000314411,8
AIG20210000313687,2
AIG20210000328542,3
AIG20210000328865,3
AIG20210000320474,3
AIG20210000320882,3
AIG20210000320939,3
AIG20210000328593,4
AIG20210000320927,3
AIG20200000286680,5
AIG20200000286662,5
AIG20200000313547,14
AIG20210000328868,3
AIG20200000313547,15
AIG20220000366880,1
AIG20210000328868,2
AIG20200000286525,6
AIG20200000313547,16
AIG20210000328538,2
AIG20200000286644,7
AIG20200000286670,3
AIG20200000313409,3
AIG20210000314472,16
AIG20210000328870,4
AIG20210000328870,3
AIG20210000328868,4
AIG20210000313652,3
AIG20200000286532,2
AIG20200000286638,2
AIG20200000286640,2
AIG20210000328983,2
AIG20210000328553,2
AIG20210000350106,2
AIG20210000313585,4
AIG20220000366682,1
AIG20210000328564,3
AIG20200000286592,7
AIG20210000328805,3
AIG20210000328839,5
AIG20210000328873,4
AIG20210000313610,3
AIG20210000328839,6
AIG20210000328873,5
AIG20200000286666,7
AIG20200000286648,13
AIG20210000314425,4
AIG20210000328612,4
AIG20220000366720,1
AIG20200000286648,12
AIG20210000314444,2
AIG20220000366721,1
AIG20200000286689,7
AIG20210000328918,2
AIG20200000286661,3
AIG20220000366754,1
AIG20210000328557,5
AIG20210000328590,3
AIG20210000313603,4
AIG20210000313685,4
AIG20210000314440,4
AIG20200000286648,14
AIG20200000286660,14
AIG20220000366913,1
AIG20200000288892,15
AIG20210000328828,2
AIG20200000286658,4
AIG20210000328686,3
AIG20210000328731,5
AIG20210000314468,12
AIG20200000313547,17
AIG20210000313580,4
AIG20210000314411,9
AIG20210000314466,16
AIG20210000314468,11
AIG20210000329027,4
AIG20210000329027,6
AIG20210000314446,2
AIG20210000314466,15
AIG20210000329027,5
AIG20200000313547,18
AIG20210000328571,5
AIG20220000366806,1
AIG20210000313623,3
AIG20210000313652,4
AIG20220000366825,1
AIG20210000328610,3
AIG20200000286647,5
AIG20210000328572,5
AIG20200000286692,6
AIG20220000366700,1
AIG20210000313691,4
AIG20210000328802,2
AIG20220000366736,1
AIG20220000366915,1
AIG20210000313664,2
AIG20220000366918,1
AIG20210000313661,3
AIG20220000366739,1
AIG20210000328828,3
AIG20210000328737,4
AIG20210000328805,4
AIG20210000328549,3
AIG20210000328759,2
AIG20220000366772,1
AIG20210000313678,5
AIG20200000286602,11
AIG20200000286689,8
AIG20200000313010,14
AIG20200000313547,19
AIG20210000313674,3
AIG20220000366817,1
AIG20210000328968,2
AIG20220000409455,1
AIG20210000328853,2
AIG20220000366843,1
AIG20220000366799,1
AIG20210000328565,4
AIG20220000366732,1
AIG20220000366873,1
AIG20200000286611,7
AIG20210000328565,5
AIG20200000286531,5
AIG20220000366809,1
AIG20210000313595,2
AIG20210000313612,4
AIG20220000366703,1
AIG20220000366838,1
AIG20220000366893,1
AIG20210000328770,1
AIG20220000366806,2
AIG20210000328592,3
AIG20210000314418,2
AIG20200000286656,5
AIG20200000286666,8
AIG20200000313547,20
AIG20210000314421,3
AIG20220000366748,1
AIG20220000366789,3
AIG20220000366789,1
AIG20220000366789,5
AIG20220000366789,4
AIG20220000366853,1
AIG20210000328544,2
AIG20210000328777,2
AIG20210000328827,2
AIG20220000366789,2
AIG20220000366789,6
AIG20220000366871,1
AIG20210000314412,5
AIG20210000328590,4
AIG20220000366700,2
AIG20220000366736,2
AIG20220000366896,1
AIG20220000366748,2
AIG20210000314437,2
AIG20210000365837,3
AIG20220000366721,2
AIG20210000313656,2
AIG20220000366720,2
AIG20210000328922,2
AIG20220000366858,1
AIG20220000366806,3
AIG20210000328992,6
AIG20220000366767,1
AIG20220000366827,1
AIG20220000366914,1
AIG20220000366925,2
AIG20200000286525,7
AIG20210000314466,18
AIG20210000328571,6
AIG20210000328992,4
AIG20220000366681,1
AIG20220000366724,1
AIG20220000366817,2
AIG20220000366925,1
AIG20200000288895,9
AIG20210000314466,17
AIG20210000328766,1
AIG20210000328805,5
AIG20210000328992,5
AIG20200000286678,4
AIG20210000328572,6
AIG20210000328828,4
AIG20210000328870,5
AIG20220000366748,3
AIG20210000328737,5
AIG20220000366774,1
AIG20210000313652,5
AIG20220000366777,1
AIG20220000366682,2
AIG20220000366880,2
AIG20210000328593,5
AIG20210000328846,2
AIG20210000328971,7
AIG20220000366987,1
AIG20220000409455,2
AIG20210000328766,2
AIG20220000366785,1
AIG20220000366729,2
AIG20220000366729,1
AIG20220000366729,3
AIG20220000366854,1
AIG20210000314411,10
AIG20220000366804,1
AIG20220000366857,1
AIG20210000313585,5
AIG20210000328557,6
AIG20220000366707,1
AIG20220000366817,3
AIG20210000328839,7
AIG20210000328873,6
AIG20210000328839,8
AIG20210000328873,7
AIG20210000328924,2
AIG20220000366854,2
AIG20210000313612,5
AIG20210000328968,3
AIG20220000366896,2
AIG20210000328661,2
AIG20200000286658,5
AIG20200000286689,9
AIG20210000313580,5
AIG20210000329033,25
AIG20200000286562,4
AIG20210000329033,26
AIG20210000329033,29
AIG20210000329033,32
AIG20210000329033,34
AIG20210000329033,45
AIG20210000329033,48
AIG20210000314435,2
AIG20210000314445,2
AIG20210000329033,27
AIG20210000329033,30
AIG20210000329033,33
AIG20210000329033,36
AIG20210000329033,38
AIG20210000329033,40
AIG20210000329033,42
AIG20210000329033,44
AIG20210000329033,46
AIG20220000366677,1
AIG20210000329033,28
AIG20210000329033,31
AIG20210000329033,35
AIG20210000329033,37
AIG20210000329033,39
AIG20210000329033,41
AIG20210000329033,43
AIG20210000329033,47
AIG20220000366671,1
AIG20220000366700,3
AIG20220000366803,1
AIG20220000366726,1
AIG20200000286592,8
AIG20220000366772,2
AIG20220000366854,3
AIG20210000328612,5
AIG20210000314414,2
AIG20210000314466,20
AIG20210000329027,8
AIG20220000366918,2
AIG20210000329027,7
AIG20210000329027,9
AIG20210000314466,19
AIG20220000366793,1
AIG20220000366892,1
AIG20210000329030,17
AIG20210000329031,9
AIG20210000329031,15
AIG20210000329030,16
AIG20210000329030,18
AIG20210000329031,10
AIG20210000329031,12
AIG20220000366692,1
AIG20200000286592,9
AIG20210000329030,10
AIG20210000329030,12
AIG20210000329030,14
AIG20210000329031,7
AIG20210000329031,11
AIG20210000329031,13
AIG20210000329030,11
AIG20210000329030,13
AIG20210000329030,15
AIG20210000329031,8
AIG20210000329031,14
AIG20220000366787,1
AIG20210000328550,4
AIG20210000328839,9
AIG20210000328834,3
AIG20220000366797,1
AIG20220000409455,3
AIG20200000313547,21
AIG20220000366743,1
AIG20220000366893,2
AIG20210000313652,6
AIG20220000366834,1
AIG20200000313010,15
AIG20220000366733,1
AIG20220000366703,2
AIG20220000366826,1
AIG20210000328552,2
AIG20210000329032,4
AIG20210000329032,6
AIG20210000329032,12
AIG20200000286666,9
AIG20210000328738,2
AIG20210000329032,1
AIG20210000329032,7
AIG20210000329032,9
AIG20220000366697,1
AIG20210000329032,2
AIG20210000329032,8
AIG20210000329032,10
AIG20220000366736,3
AIG20220000366785,2
AIG20200000286675,8
AIG20210000329032,3
AIG20210000329032,5
AIG20210000329032,11
AIG20220000366801,1
AIG20200000286592,10
AIG20210000313590,3
AIG20210000314431,2
AIG20220000366913,2
AIG20210000314434,2
AIG20210000328823,2
AIG20210000328847,2
AIG20220000366725,1
AIG20220000366679,1
AIG20220000366720,3
AIG20220000366721,3
AIG20220000366896,3
AIG20200000286644,8
AIG20200000286692,7
AIG20210000313678,6
AIG20210000314445,3
AIG20210000314472,18
AIG20220000366768,1
AIG20210000314453,2
AIG20210000314472,17
AIG20220000366724,2
AIG20220000366894,1
AIG20210000313674,4
AIG20210000328571,7
AIG20220000366799,2
AIG20220000366854,4
AIG20210000328918,3
AIG20220000366787,2
AIG20220000409278,1
AIG20210000314432,2
AIG20220000366843,2
AIG20200000286565,2
AIG20200000286570,5
AIG20210000313585,6
AIG20210000314450,2
AIG20210000313603,5
AIG20210000328865,4
AIG20210000328928,3
AIG20220000409247,1
AIG20210000314424,5
AIG20210000314452,2
AIG20210000350106,3
AIG20220000409291,1
AIG20220000366748,4
AIG20220000366761,1
AIG20210000313571,3
AIG20210000328926,2
AIG20220000409455,4
AIG20220000366697,2
AIG20210000314446,3
AIG20210000314466,22
AIG20200000286525,8
AIG20210000328599,2
AIG20210000314466,21
AIG20220000366816,2
AIG20210000328868,5
AIG20210000328542,4
AIG20210000313687,3
AIG20210000313688,3
AIG20220000409343,1
AIG20220000409355,1
AIG20200000288892,16
AIG20220000366818,1
AIG20200000286592,11
AIG20210000328557,7
AIG20220000409345,1
AIG20210000313628,1
AIG20210000328731,6
AIG20200000288889,6
AIG20200000313528,33
AIG20200000313528,37
AIG20200000313547,22
AIG20200000313528,32
AIG20200000313528,36
AIG20200000313528,40
AIG20210000328860,10
AIG20210000328971,8
AIG20220000366893,3
AIG20220000409326,2
AIG20200000313528,34
AIG20200000313528,38
AIG20210000328686,4
AIG20210000328860,9
AIG20220000409326,1
AIG20200000286602,12
AIG20200000288889,7
AIG20200000313528,31
AIG20200000313528,35
AIG20200000313528,39
AIG20220000366838,2
AIG20220000409215,1
AIG20220000409326,3
AIG20220000366877,1
AIG20220000366739,2
AIG20220000366733,2
AIG20200000286644,9
AIG20220000409402,1
AIG20220000366797,2
AIG20220000409279,1
AIG20210000320474,4
AIG20210000320882,4
AIG20210000328572,7
AIG20200000286675,9
AIG20210000328565,6
AIG20210000313580,6
AIG20210000314448,2
AIG20210000320939,4
AIG20210000328565,7
AIG20220000409213,1
AIG20220000366918,3
AIG20220000409207,1
AIG20220000409199,1
AIG20210000328555,4
AIG20220000366804,2
AIG20220000409270,1
AIG20220000409270,3
AIG20220000409356,1
AIG20210000313664,3
AIG20220000409270,2
AIG20210000314423,3
AIG20200000286586,2
AIG20220000409247,2
AIG20220000409284,1
AIG20220000409357,1
AIG20220000409455,5
AIG20200000286678,5
AIG20220000366806,4
AIG20210000328835,2
AIG20220000366854,5
AIG20210000328971,9
AIG20220000366862,1
AIG20210000365837,4
AIG20210000328873,8
AIG20200000313010,16
AIG20210000328839,10
AIG20220000366708,1
AIG20220000366853,2
AIG20220000366697,3
AIG20220000409326,4
AIG20210000328853,3
AIG20220000366703,3
AIG20220000409421,1
AIG20210000314479,5
AIG20210000314480,5
AIG20220000366893,4
AIG20210000328571,8
AIG20210000329027,10
AIG20210000329027,12
AIG20210000314472,19
AIG20210000329027,11
AIG20220000366914,2
AIG20200000286562,5
AIG20220000409277,1
AIG20210000314445,4
AIG20200000286574,2
AIG20210000328737,6
AIG20220000366721,4
AIG20210000328926,3
AIG20220000366720,4
AIG20220000409278,2
AIG20200000286692,8
AIG20220000409305,1
AIG20220000366722,1
AIG20220000409408,1
AIG20220000409418,1
AIG20200000313547,23
AIG20210000328805,6
AIG20220000366671,2
AIG20220000409373,1
AIG20220000409421,2
AIG20200000286602,13
AIG20220000409240,1
AIG20210000314442,3
AIG20220000409255,1
AIG20220000366679,2
AIG20220000409285,1
AIG20220000409283,1
AIG20200000288890,4
AIG20210000328971,10
AIG20220000409416,1
AIG20220000409417,1
AIG20210000328823,3
AIG20220000409369,1
AIG20220000366697,4
AIG20220000409445,1
AIG20220000366732,2
AIG20220000409455,6
AIG20210000313623,4
AIG20220000366873,2
AIG20220000409357,2
AIG20220000409409,1
AIG20220000409398,1
AIG20220000366896,4
AIG20220000366700,4
AIG20220000366862,2
AIG20220000409222,1
AIG20220000409437,1
AIG20210000328873,9
AIG20220000366826,2
AIG20210000313691,5
AIG20220000409355,2
AIG20200000286644,10
AIG20220000366909,1
AIG20210000314447,3
AIG20220000409202,1
AIG20220000409299,1
AIG20210000314468,13
AIG20220000366854,6
AIG20220000409335,1
AIG20220000409415,1
AIG20210000328553,3
AIG20220000366767,2
AIG20210000314425,5
AIG20220000366799,3
AIG20220000409436,1
AIG20220000366896,5
AIG20210000313610,4
AIG20220000409253,1
AIG20210000314472,20
AIG20220000366858,2
AIG20200000313409,4
AIG20210000313590,4
AIG20210000328612,6
AIG20210000328992,7
AIG20220000409413,1
AIG20210000313678,7
AIG20220000409421,3
AIG20210000313580,7
AIG20220000366854,7
AIG20220000409238,1
AIG20200000286592,12
AIG20220000366787,3
AIG20220000412370,1
AIG20210000328557,8
AIG20220000409382,1
AIG20220000409295,1
AIG20220000366725,2
AIG20220000409385,1
AIG20220000409387,1
AIG20210000328983,3
AIG20220000366771,1
AIG20220000409304,1
AIG20220000409409,2
AIG20220000409279,2
AIG20210000328867,2
AIG20210000328865,5
AIG20220000366692,2
AIG20200000288895,10
AIG20200000313547,24
AIG20210000328805,7
AIG20220000366743,2
AIG20220000409312,1
AIG20220000409350,1
AIG20220000409240,2
AIG20220000366774,2
AIG20210000328802,3
AIG20220000409265,1
AIG20210000313664,4
AIG20210000314415,2
AIG20210000328611,1
AIG20220000366827,2
AIG20200000286666,10
AIG20210000328828,5
AIG20220000409224,1
AIG20200000286689,10
AIG20210000314433,3
AIG20220000409328,1
AIG20220000409392,1
AIG20210000314442,4
AIG20210000314441,2
AIG20220000366913,3
AIG20220000366736,4
AIG20220000409222,2
AIG20220000366784,1
AIG20210000313603,6
AIG20200000313010,17
AIG20210000313622,3
AIG20210000328870,6
AIG20220000409298,1
AIG20220000409418,2
AIG20220000409420,1
AIG20220000409285,2
AIG20210000328571,9
AIG20220000409339,1
AIG20220000366700,5
AIG20220000366896,6
AIG20220000366720,5
AIG20220000366721,5
AIG20210000314455,2
AIG20210000314456,2
AIG20200000288892,17
AIG20220000366793,2
AIG20220000366854,8
AIG20210000313674,5
AIG20210000328839,11
AIG20210000328873,10
AIG20220000366925,3
AIG20220000409391,1
AIG20200000286670,4
AIG20210000314466,23
AIG20210000328572,8
AIG20210000328860,11
AIG20220000409357,3
AIG20220000409373,2
AIG20210000314446,4
AIG20220000366925,4
AIG20200000286653,3
AIG20220000412370,2
AIG20220000366918,4
AIG20210000313691,6
AIG20220000366772,3
AIG20210000329032,14
AIG20210000329032,20
AIG20210000329032,22
AIG20210000329032,24
AIG20210000329032,30
AIG20220000366789,11
AIG20220000366987,2
AIG20210000328824,2
AIG20210000313599,2
AIG20210000328610,4
AIG20210000328828,6
AIG20210000328922,3
AIG20210000329032,15
AIG20210000329032,17
AIG20210000329032,23
AIG20210000329032,25
AIG20220000366722,2
AIG20220000366785,3
AIG20220000366789,7
AIG20220000366789,9
AIG20220000366801,2
AIG20220000409252,1
AIG20220000409326,6
AIG20220000409369,2
AIG20210000328824,3
AIG20210000314413,6
AIG20210000314454,3
AIG20210000329032,16
AIG20210000329032,18
AIG20210000329032,26
AIG20210000329032,28
AIG20220000366729,5
AIG20220000366789,12
AIG20220000409326,5
AIG20210000329032,13
AIG20210000329032,19
AIG20210000329032,21
AIG20210000329032,27
AIG20210000329032,29
AIG20220000366729,4
AIG20220000366729,6
AIG20220000366789,8
AIG20220000366789,10
AIG20220000409247,3
AIG20220000409390,1
AIG20220000409437,2
AIG20200000286660,15
AIG20210000313612,6
AIG20220000366733,3
AIG20200000286592,13
AIG20220000409426,1
AIG20200000286681,3
AIG20210000328853,4
AIG20220000366748,5
AIG20220000409355,3
AIG20210000313661,4
AIG20210000365837,5
AIG20220000409333,1
AIG20220000409213,2
AIG20210000328593,6
AIG20220000409430,1
AIG20210000313694,3
AIG20210000328731,7
AIG20220000409223,1
AIG20220000409335,2
AIG20200000286658,6
AIG20220000409421,4
AIG20220000412286,1
AIG20210000314421,4
AIG20220000366746,1
AIG20200000286660,17
AIG20210000328555,5
AIG20220000366743,3
AIG20220000366871,2
AIG20220000366896,7
AIG20220000409255,2
AIG20220000409356,2
AIG20200000286660,16
AIG20200000286668,9
AIG20220000366913,4
AIG20220000409253,2
AIG20220000409349,1
AIG20220000409437,3
AIG20220000409445,2
AIG20200000286570,6
AIG20200000286689,11
AIG20220000409297,1
AIG20220000409317,1
AIG20200000286642,3
AIG20200000286683,3
AIG20210000328968,4
AIG20220000412368,1
AIG20200000286649,3
AIG20220000409326,7
AIG20220000409455,7
AIG20220000409326,8
AIG20200000286563,3
AIG20220000412360,1
AIG20220000412362,1
AIG20220000412371,1
AIG20220000366854,9
AIG20220000409215,2
AIG20220000409373,3
AIG20220000412361,1
AIG20210000328860,12
AIG20220000366797,3
AIG20220000366739,3
AIG20220000409299,3
AIG20210000328827,3
AIG20210000329033,56
AIG20210000329033,58
AIG20210000329033,60
AIG20210000329033,62
AIG20210000329033,66
AIG20210000329033,68
AIG20210000328737,7
AIG20210000329033,50
AIG20210000329033,52
AIG20210000329033,69
AIG20210000329033,71
AIG20210000314411,11
AIG20210000329033,49
AIG20210000329033,53
AIG20210000329033,57
AIG20210000329033,59
AIG20210000329033,61
AIG20210000329033,64
AIG20220000366681,2
AIG20210000329033,70
AIG20210000329033,72
AIG20210000329033,63
AIG20210000329033,65
AIG20210000329033,67
AIG20200000286611,8
AIG20210000329033,55
AIG20210000329033,51
AIG20210000329033,54
AIG20200000286592,14
AIG20220000366909,2
AIG20220000409278,3
AIG20220000366787,4
AIG20210000313590,5
AIG20220000366809,2
AIG20220000366854,10
AIG20220000366893,5
AIG20220000366817,4
AIG20220000366843,3
AIG20200000286696,3
AIG20220000412363,2
AIG20220000409306,1
AIG20210000328802,4
AIG20200000286545,5
AIG20220000366700,6
AIG20220000412363,1
AIG20210000313612,7
AIG20210000328971,11
AIG20220000409326,9
AIG20200000286597,5
AIG20200000286647,7
AIG20220000409421,5
AIG20220000412369,1
AIG20200000286598,7
AIG20200000286666,11
AIG20220000366803,2
AIG20210000314425,6
AIG20220000366804,3
AIG20200000286600,7
AIG20200000286603,5
AIG20220000366896,8
AIG20210000329031,22
AIG20210000329031,25
AIG20210000329031,18
AIG20210000329030,22
AIG20210000329031,17
AIG20210000329030,30
AIG20210000314412,7
AIG20220000409285,3
AIG20210000329031,23
AIG20210000329030,26
AIG20210000329031,24
AIG20210000329031,27
AIG20210000329031,19
AIG20210000329031,21
AIG20210000329030,20
AIG20210000329030,23
AIG20210000329031,26
AIG20210000329031,20
AIG20210000329031,16
AIG20210000329030,21
AIG20210000329030,24
AIG20210000329030,19
AIG20210000329030,27
AIG20210000329030,29
AIG20210000329030,25
AIG20210000329030,28
AIG20220000409455,8
AIG20200000286644,11
AIG20220000366785,4
AIG20220000409437,4
AIG20210000328571,10
AIG20210000314413,7
AIG20220000366827,3
AIG20200000286525,9
AIG20210000328834,4
AIG20220000409339,2
AIG20200000286678,6
AIG20220000366725,3
AIG20200000313559,3
AIG20220000366754,2
AIG20220000409305,2
AIG20220000366918,5
AIG20210000329027,14
AIG20220000409413,2
AIG20220000366854,11
AIG20220000366720,6
AIG20210000329027,15
AIG20210000329027,13
AIG20210000328771,2
AIG20220000366721,6
AIG20200000313010,18
AIG20210000328805,8
AIG20220000412370,3
AIG20220000366853,4
AIG20210000328828,7
AIG20220000409421,6
AIG20220000409265,2
AIG20210000328552,3
AIG20210000314418,3
AIG20220000366799,4
AIG20200000313547,26
AIG20200000286602,14
AIG20220000366797,4
AIG20200000313547,25
AIG20220000366697,5
AIG20200000286689,12
AIG20200000286660,18
AIG20220000366772,4
AIG20210000314466,24
AIG20210000313678,8
AIG20220000366692,3
AIG20210000314466,25
AIG20220000366838,3
AIG20210000328565,8
AIG20220000412368,2
AIG20220000412366,2
AIG20220000409213,3
AIG20210000328686,5
AIG20220000366726,2
AIG20220000366739,4
AIG20220000412366,1
AIG20210000328924,3
AIG20220000366703,4
AIG20220000409299,4
AIG20210000313590,6
AIG20220000409284,2
AIG20200000286598,8
AIG20220000366914,3
AIG20210000328992,8
AIG20220000366893,6
AIG20200000286692,9
AIG20200000286603,6
AIG20220000366854,12
AIG20200000288895,11
AIG20210000328572,9
AIG20200000313409,5
AIG20210000328612,7
AIG20210000328868,6
AIG20200000286600,8
AIG20210000328865,6
AIG20220000409326,10
AIG20220000366896,9
AIG20210000328538,3
AIG20210000328847,3
AIG20210000328907,2
AIG20220000409296,1
AIG20210000313664,5
AIG20210000313571,4
AIG20200000286592,15
AIG20220000409455,9
AIG20210000328661,3
AIG20200000313528,43
AIG20200000313528,46
AIG20200000313528,49
AIG20220000409373,4
AIG20210000328557,9
AIG20200000313528,41
AIG20200000313528,44
AIG20200000313528,47
AIG20200000313528,50
AIG20210000328592,4
AIG20220000409298,2
AIG20200000313528,42
AIG20200000313528,45
AIG20200000313528,48
AIG20210000313613,3
AIG20210000328983,4
AIG20220000366843,4
AIG20220000366806,5
AIG20210000314432,3
AIG20220000366748,6
AIG20220000412370,4
AIG20210000328550,5
AIG20220000409308,1
AIG20210000313603,7
AIG20210000328731,8
AIG20220000409357,4
AIG20200000288889,8
AIG20220000409345,2
AIG20200000288889,9
AIG20210000314424,6
AIG20220000409437,5
AIG20210000328971,12
AIG20210000350106,4
AIG20210000328860,13
AIG20220000409326,12
AIG20220000409385,2
AIG20220000409326,11
AIG20220000366697,6
AIG20210000328860,14
AIG20220000409291,2
AIG20220000366671,3
AIG20220000366700,7
AIG20210000328802,5
AIG20210000314436,3
AIG20220000412370,5
AIG20220000366797,5
AIG20220000409220,1
AIG20210000328738,3
AIG20220000409418,3
AIG20200000288890,5
AIG20210000314440,5
AIG20210000313688,4
AIG20200000286562,6
AIG20220000409398,2
AIG20210000320882,5
AIG20210000313652,8
AIG20210000320474,5
AIG20210000320939,5
AIG20210000314421,5
AIG20220000409408,2
AIG20210000328770,2
AIG20210000314412,8
AIG20220000409402,2
AIG20220000366799,5
AIG20220000366677,2
AIG20220000409305,3
AIG20220000412371,2
AIG20220000366918,6
AIG20220000366877,2
AIG20220000409413,3
AIG20220000366854,13
AIG20220000366724,3
AIG20200000286644,12
AIG20220000409357,5
AIG20220000366787,5
AIG20220000412370,6
AIG20220000412370,7
AIG20220000409355,4
AIG20210000328926,4
AIG20220000409437,6
AIG20220000409207,2
AIG20220000409199,2
AIG20220000366804,4
AIG20200000286570,7
AIG20220000366909,3
AIG20220000409285,4
AIG20220000366896,10
AIG20220000409270,5
AIG20220000409270,9
AIG20210000328571,11
AIG20220000412364,1
AIG20220000412364,3
AIG20220000409215,3
AIG20220000409270,4
AIG20220000409270,8
AIG20220000409455,10
AIG20220000412364,2
AIG20210000314430,3
AIG20220000409270,6
AIG20220000409270,7
AIG20220000366785,5
AIG20220000366862,3
AIG20220000366913,5
AIG20200000286683,4
AIG20220000366826,3
AIG20210000328805,9
AIG20220000409421,7
AIG20220000409277,2
AIG20230000412876,1
AIG20230000412875,1
AIG20230000412880,1
AIG20220000366816,3
AIG20220000409422,1
AIG20210000313623,5
AIG20210000328873,11
AIG20220000366817,5
AIG20210000328839,12
AIG20210000313580,8
AIG20230000412815,1
AIG20220000366721,7
AIG20220000409213,4
AIG20220000366720,7
AIG20220000409299,5
AIG20220000409283,2
AIG20220000366838,4
AIG20200000286675,10
AIG20200000286666,12
AIG20210000328553,4
AIG20210000328860,15
AIG20210000365837,6
AIG20220000412368,3
AIG20210000328853,5
AIG20220000409222,3
AIG20210000313590,7
AIG20220000366853,5
AIG20220000409278,4
AIG20200000286644,13
AIG20230000412800,1
AIG20210000314445,5
AIG20220000366743,4
AIG20220000409391,2
AIG20220000366854,14
AIG20230000412881,1
AIG20200000313547,27
AIG20230000412662,1
AIG20210000328992,9
AIG20200000286689,13
AIG20210000313691,7
AIG20220000366893,7
AIG20210000313656,3
AIG20230000412885,1
AIG20210000328971,13
AIG20220000409437,7
AIG20230000412883,1
AIG20230000412694,1
AIG20220000409326,13
AIG20210000314472,21
AIG20220000409255,3
AIG20200000286532,3
AIG20200000288892,18
AIG20220000409350,2
AIG20220000366739,5
AIG20200000286640,3
AIG20220000366736,5
AIG20200000286638,3
AIG20210000328805,10
AIG20220000366892,2
AIG20210000328599,3
AIG20230000412591,1
AIG20220000366748,7
AIG20230000412580,1
AIG20220000366761,2
AIG20220000409455,11
AIG20210000329027,16
AIG20210000328549,4
AIG20210000329027,17
AIG20210000329027,18
AIG20220000366697,7
AIG20230000412904,1
AIG20220000409356,3
AIG20220000366843,5
AIG20210000328928,4
AIG20220000366915,2
AIG20220000412286,2
AIG20220000366909,4
AIG20230000412601,1
AIG20220000366822,1
AIG20220000409355,5
AIG20230000412692,1
AIG20210000314440,6
AIG20220000409445,3
AIG20210000313664,6
AIG20210000328760,2
AIG20220000366873,3
AIG20230000412795,1
AIG20220000409392,2
AIG20230000412857,1
AIG20220000366732,3
AIG20220000409306,2
AIG20220000366707,2
AIG20230000412832,1
AIG20230000412699,1
AIG20230000412712,1
AIG20230000412687,1
AIG20230000412603,1
AIG20220000409304,2
AIG20220000409240,3
AIG20230000412682,1
AIG20220000366679,3
AIG20230000412750,1
AIG20210000328868,7
AIG20200000288895,12
AIG20220000409417,2
AIG20220000409415,2
AIG20230000412579,1
AIG20210000328737,8
AIG20210000328927,2
AIG20220000409421,8
AIG20220000366757,1
AIG20220000409416,2
AIG20220000409202,2
AIG20200000286525,10
AIG20220000366700,8
AIG20220000409355,6
AIG20220000366748,8
AIG20210000314437,3
AIG20220000366918,7
AIG20220000366797,6
AIG20220000409341,1
AIG20230000412697,1
AIG20230000412766,1
AIG20220000366785,6
AIG20210000314466,26
AIG20210000328835,3
AIG20220000409253,3
AIG20220000366858,3
AIG20220000409373,5
AIG20230000412770,1
AIG20230000412735,1
AIG20210000314466,27
AIG20220000409279,3
AIG20220000366799,6
AIG20220000409343,2
AIG20210000328686,6
AIG20220000366725,4
AIG20220000409436,2
AIG20220000366777,2
AIG20220000409305,4
AIG20210000328865,7
AIG20210000314417,3
AIG20220000409369,3
AIG20200000286602,15
AIG20230000412670,1
AIG20220000409295,2
AIG20210000313610,5
AIG20230000412688,1
AIG20230000412786,1
AIG20220000409326,14
AIG20220000412362,2
AIG20220000366880,3
AIG20210000328759,3
AIG20220000366896,11
AIG20220000412360,2
AIG20220000412361,2
AIG20200000286689,14
AIG20230000412572,1
AIG20230000412587,1
AIG20220000409413,4
AIG20230000412804,1
AIG20210000328805,11
AIG20220000409455,12
AIG20210000314479,6
AIG20210000313580,9
AIG20210000314480,6
AIG20200000286610,3
AIG20200000286594,3
AIG20230000412705,1
AIG20220000366854,15
AIG20230000412897,1
AIG20230000412667,1
AIG20230000412606,1
AIG20230000412645,1
AIG20220000366736,6
AIG20230000412816,1
AIG20220000366682,3
AIG20210000313657,4
AIG20200000286692,10
AIG20230000412834,1
AIG20230000412753,1
AIG20230000412578,1
AIG20220000366767,3
AIG20230000412645,2
AIG20200000286642,4
AIG20230000412656,1
AIG20200000313409,6
AIG20220000409396,1
AIG20230000412662,2
AIG20210000328992,10
AIG20220000409358,1
AIG20210000328873,12
AIG20210000328839,13
AIG20230000412895,1
AIG20220000412370,8
AIG20220000366722,3
AIG20230000412857,2
AIG20220000366817,6
AIG20230000412765,1
AIG20220000366772,5
AIG20220000366857,2
AIG20230000412764,1
AIG20210000313691,8
AIG20230000412735,2
AIG20200000286592,16
AIG20220000409270,11
AIG20220000409270,13
AIG20220000409335,4
AIG20230000412780,1
AIG20230000412579,3
AIG20230000412871,1
AIG20220000409326,15
AIG20210000328544,3
AIG20210000328939,2
AIG20220000366692,4
AIG20230000412892,1
AIG20220000366871,3
AIG20220000366925,5
AIG20210000314413,8
AIG20230000412579,4
AIG20210000328922,4
AIG20200000286696,4
AIG20220000366925,6
AIG20220000409270,10
AIG20220000409270,12
AIG20230000412664,1
AIG20210000314466,28
AIG20200000286678,7
AIG20220000366789,13
AIG20220000366789,16
AIG20220000366774,3
AIG20220000366789,14
AIG20220000366789,17
AIG20220000366789,19
AIG20220000409339,3
AIG20220000366700,9
AIG20230000412842,1
AIG20220000366843,6
AIG20220000366789,18
AIG20210000313652,9
AIG20220000409222,4
AIG20220000366789,15
AIG20230000412614,1
AIG20210000328661,4
AIG20230000412571,1
AIG20200000286683,5
AIG20230000412735,3
AIG20220000409285,5
AIG20210000314423,4
AIG20230000412897,2
AIG20210000313590,8
AIG20230000412839,1
AIG20220000366893,8
AIG20220000409445,4
AIG20210000329032,35
AIG20210000329032,38
AIG20210000329032,42
AIG20230000412610,1
AIG20230000412670,2
AIG20210000329032,33
AIG20210000329032,37
AIG20210000329032,40
AIG20210000329032,44
AIG20230000412832,2
AIG20230000412795,2
AIG20210000329032,32
AIG20210000329032,36
AIG20210000329032,39
AIG20210000329032,43
AIG20220000366806,6
AIG20230000412803,1
AIG20220000366893,9
AIG20210000329032,34
AIG20210000329032,31
AIG20210000329032,41
AIG20210000329032,45
AIG20210000328865,8
AIG20230000412579,5
AIG20220000409455,13
AIG20230000412815,2
AIG20220000409357,6
AIG20210000314454,4
AIG20220000366787,6
AIG20230000412616,1
AIG20230000412815,3
AIG20220000412370,10
AIG20210000328612,8
AIG20220000409382,2
AIG20230000412579,6
AIG20210000328592,6
AIG20210000328593,7
AIG20220000409385,3
AIG20230000412615,1
AIG20220000366748,9
AIG20220000366799,7
AIG20230000412895,3
AIG20220000366743,5
AIG20230000412579,7
AIG20220000409297,2
AIG20210000328731,9
AIG20230000412895,2
AIG20230000412720,1
AIG20220000412369,2
AIG20210000313687,4
AIG20230000412742,1
AIG20220000409253,4
AIG20230000412757,1
AIG20230000412839,2
AIG20210000328542,5
AIG20200000286681,4
AIG20230000412747,1
AIG20200000286611,9
AIG20210000328759,4
AIG20210000314412,9
AIG20200000286594,4
AIG20220000366733,4
AIG20200000286644,14
AIG20230000412603,2
AIG20210000328828,8
AIG20230000412674,1
AIG20210000313661,5
AIG20210000328565,9
AIG20210000329033,74
AIG20210000329033,78
AIG20210000329033,82
AIG20210000329033,86
AIG20230000412713,1
AIG20220000366827,4
AIG20210000328610,5
AIG20210000329027,20
AIG20220000409373,6
AIG20210000329033,73
AIG20210000329033,77
AIG20210000329033,88
AIG20210000329033,90
AIG20210000329033,92
AIG20210000329027,21
AIG20210000329033,94
AIG20220000409247,4
AIG20230000412718,1
AIG20210000329033,75
AIG20210000329033,80
AIG20210000329033,81
AIG20210000329033,83
AIG20210000329033,85
AIG20210000329033,87
AIG20210000329033,89
AIG20210000329033,95
AIG20210000313652,10
AIG20210000329033,91
AIG20210000329027,19
AIG20210000329033,93
AIG20210000329033,96
AIG20210000328860,16
AIG20210000329033,76
AIG20210000329033,79
AIG20210000329033,84
AIG20210000314421,6
AIG20200000286592,17
AIG20230000412569,1
AIG20220000409278,5
AIG20220000412370,9
AIG20230000412817,1
AIG20230000412667,2
AIG20230000412866,1
AIG20220000409295,3
AIG20230000412712,2
AIG20220000409355,7
AIG20220000366857,3
AIG20220000409223,2
AIG20220000412368,4
AIG20220000409326,16
AIG20200000286562,7
AIG20210000314466,29
AIG20230000412705,2
AIG20220000409317,2
AIG20230000412581,1
AIG20220000366913,6
AIG20200000286689,15
AIG20210000314412,10
AIG20220000409213,5
AIG20210000313612,8
AIG20230000412750,2
AIG20220000366787,7
AIG20220000366785,7
AIG20210000365837,7
AIG20220000409207,3
AIG20220000409199,3
AIG20210000313612,9
AIG20220000409420,2
AIG20220000409368,1
AIG20210000328968,5
AIG20210000328992,11
AIG20220000409252,2
AIG20230000412852,1
AIG20230000412578,2
AIG20220000409215,4
AIG20230000412663,1
AIG20230000412572,2
AIG20210000328802,6
AIG20230000412600,1
AIG20230000412664,2
AIG20220000366918,8
AIG20210000350106,5
AIG20210000328927,3
AIG20220000366785,8
AIG20230000412748,1
AIG20200000286525,11
AIG20210000314413,9
AIG20210000328868,8
AIG20230000412682,2
AIG20210000328737,9
AIG20200000286670,5
AIG20210000329030,47
AIG20210000329030,33
AIG20210000329030,39
AIG20210000329030,41
AIG20210000329030,31
AIG20210000329030,45
AIG20210000329030,51
AIG20210000329030,34
AIG20210000329030,36
AIG20210000329030,40
AIG20210000329030,42
AIG20210000329030,44
AIG20210000329030,48
AIG20210000329030,32
AIG20210000329030,38
AIG20210000329030,49
AIG20210000329030,35
AIG20210000329030,37
AIG20210000329030,46
AIG20210000329030,50
AIG20210000329030,43
AIG20200000286642,5
AIG20230000412735,4
AIG20210000314446,5
AIG20220000409350,3
AIG20230000412770,2
AIG20230000412766,2
AIG20220000412286,3
AIG20200000288895,13
AIG20220000409398,3
AIG20220000366854,16
AIG20230000412670,3
AIG20230000412662,3
AIG20220000409391,3
AIG20200000286592,18
AIG20210000313612,10
AIG20210000328555,6
AIG20230000412731,1
AIG20210000328907,3
AIG20230000412816,2
AIG20220000409265,3
AIG20220000366733,5
AIG20230000412685,1
AIG20200000288889,11
AIG20220000409335,5
AIG20220000409255,4
AIG20230000412656,2
AIG20200000288889,10
AIG20230000412895,5
AIG20230000412688,2
AIG20230000412830,1
AIG20220000409279,4
AIG20220000366880,4
AIG20220000409326,17
AIG20220000409247,5
AIG20210000328853,6
AIG20230000412866,2
AIG20210000328686,7
AIG20210000328827,4
AIG20220000412363,3
AIG20220000366759,1
AIG20230000412730,1
AIG20230000412904,2
AIG20230000412736,1
AIG20220000409421,9
AIG20220000366679,4
AIG20210000328759,5
AIG20220000412363,4
AIG20220000366700,10
AIG20220000366987,3
AIG20220000366682,4
AIG20220000412371,3
AIG20230000412826,1
AIG20230000412678,1
AIG20210000314466,30
AIG20230000412692,2
AIG20230000412897,3
AIG20230000412672,1
AIG20220000409285,6
AIG20220000412366,3
AIG20220000412366,4
AIG20220000409305,5
AIG20230000412863,1
AIG20230000412606,2
AIG20210000328661,5
AIG20230000412831,1
AIG20220000409455,14
AIG20220000366806,7
AIG20210000314472,22
AIG20210000328992,12
AIG20220000409333,2
AIG20230000412705,3
AIG20230000455498,1
AIG20210000328868,9
AIG20230000412586,1
AIG20230000412790,1
AIG20230000455530,1
AIG20220000412370,12
AIG20220000366809,3
AIG20200000286570,8
AIG20230000412904,3
AIG20230000412573,1
AIG20210000328598,4
AIG20210000328731,10
AIG20230000412856,1
AIG20210000328839,14
AIG20200000286678,8
AIG20210000328873,13
AIG20230000412578,3
AIG20220000366826,4
AIG20210000328860,17
AIG20220000409247,6
AIG20220000409326,18
AIG20230000412641,1
AIG20200000313547,28
AIG20220000366768,2
AIG20230000412849,1
AIG20230000455460,1
AIG20220000409284,3
AIG20220000409343,3
AIG20230000412670,4
AIG20220000412370,11
AIG20220000409222,5
AIG20230000412755,1
AIG20200000286660,19
AIG20220000409402,3
AIG20230000412826,3
AIG20230000412815,6
AIG20230000412826,2
AIG20230000412607,1
AIG20200000288892,19
AIG20220000409238,2
AIG20200000286648,15
AIG20210000313664,7
AIG20210000313622,4
AIG20200000286644,15
AIG20220000409328,2
AIG20230000412797,1
AIG20200000288890,6
AIG20230000412603,3
AIG20210000320882,6
AIG20230000412750,3
AIG20210000328592,7
AIG20220000409213,6
AIG20220000409349,2
AIG20210000320939,6
AIG20220000409220,2
AIG20220000409445,5
AIG20220000409373,7
AIG20210000320474,6
AIG20220000366785,9
AIG20210000314480,7
AIG20230000412795,3
AIG20220000409357,7
AIG20220000366843,7
AIG20210000314480,8
AIG20210000314412,11
AIG20230000412832,3
AIG20210000314479,7
AIG20220000366804,5
AIG20230000412815,5
AIG20230000412895,4
AIG20210000328599,4
AIG20230000412698,1
AIG20230000412794,1
AIG20220000409277,3
AIG20220000409279,5
AIG20220000366896,12
AIG20210000314466,31
AIG20230000412866,3
AIG20210000314421,8
AIG20210000328553,5
AIG20220000409247,7
AIG20220000409291,3
AIG20230000412816,3
AIG20220000366854,17
AIG20230000455437,1
AIG20210000328538,4
AIG20220000409417,3
AIG20220000409455,15
AIG20220000409415,3
AIG20220000409385,4
AIG20220000409416,3
AIG20230000412857,3
AIG20230000412815,4
AIG20220000366743,6
AIG20230000412830,2
AIG20230000412718,2
AIG20220000412364,4
AIG20210000328828,9
AIG20230000412863,2
AIG20230000455554,1
AIG20220000409255,5
AIG20220000409418,4
AIG20220000366862,4
AIG20200000286648,16
AIG20230000412622,1
AIG20230000455687,1
AIG20210000328612,9
AIG20230000412687,2
AIG20230000412815,8
AIG20230000412571,2
AIG20220000409265,4
AIG20200000286683,6
AIG20210000328873,14
AIG20230000412897,4
AIG20230000412766,3
AIG20230000412876,2
AIG20210000328839,15
AIG20230000412875,2
AIG20210000328971,14
AIG20210000329027,24
AIG20220000409283,3
AIG20230000455548,1
AIG20220000409215,5
AIG20210000313580,10
AIG20230000412670,5
AIG20210000329027,23
AIG20210000329027,22
AIG20200000286689,16
AIG20220000366733,6
AIG20230000412586,2
AIG20220000366700,11
AIG20230000412895,6
AIG20230000412698,2
AIG20230000412786,2
AIG20220000366838,5
AIG20220000409345,3
AIG20210000328549,5
AIG20220000409355,8
AIG20230000412679,1
AIG20220000366799,8
AIG20230000455595,1
AIG20230000412578,4
AIG20230000455523,1
AIG20230000412765,3
AIG20220000409255,6
AIG20220000366893,10
AIG20220000366785,10
AIG20230000455522,1
AIG20230000412656,3
AIG20230000412733,1
AIG20230000455593,1
AIG20220000409304,3
AIG20220000409298,3
AIG20210000328865,9
AIG20230000412904,4
AIG20220000409252,3
AIG20220000366918,9
AIG20220000366827,5
AIG20210000328926,5
AIG20220000366787,8
AIG20230000412616,2
AIG20230000412815,7
AIG20230000455754,1
AIG20230000412755,2
AIG20230000455599,1
AIG20230000455616,1
AIG20230000412757,2
AIG20220000366797,7
AIG20210000328802,7
AIG20210000314447,4
AIG20210000328550,6
AIG20210000328661,6
AIG20220000409420,3
AIG20210000314472,23
AIG20230000455635,1
AIG20210000328860,18
AIG20230000412572,3
AIG20230000412652,1
AIG20230000412748,2
AIG20220000412286,4
AIG20230000455666,1
AIG20220000409247,8
AIG20230000455683,1
AIG20220000409200,3
AIG20210000313599,3
AIG20200000286644,16
AIG20230000455635,2
AIG20210000328992,13
AIG20230000455573,1
AIG20220000366896,13
AIG20230000412684,1
AIG20230000455669,1
AIG20220000366703,5
AIG20230000412698,3
AIG20220000409455,16
AIG20230000412804,2
AIG20220000366894,2
AIG20210000313687,5
AIG20200000313528,52
AIG20210000314466,32
AIG20200000313528,54
AIG20200000313528,56
AIG20200000313528,58
AIG20200000313528,60
AIG20200000286525,12
AIG20230000455732,1
AIG20210000365837,8
AIG20230000412720,2
AIG20200000313528,51
AIG20200000313528,53
AIG20230000412840,1
AIG20200000313528,55
AIG20200000313528,57
AIG20200000313528,59
AIG20230000455623,1
AIG20230000455741,1
AIG20210000328738,4
AIG20230000412819,1
AIG20230000412654,1
AIG20230000412730,2
AIG20200000286570,9
AIG20210000328873,15
AIG20230000412766,4
AIG20210000328839,16
AIG20230000455437,2
AIG20230000455633,1
AIG20220000366785,11
AIG20210000328565,10
AIG20220000412369,3
AIG20220000366817,7
AIG20230000455575,1
AIG20230000455748,1
AIG20230000455759,1
AIG20230000412712,3
AIG20220000409355,9
AIG20230000455597,1
AIG20230000455635,3
AIG20230000455664,1
AIG20230000412897,5
AIG20230000455596,1
AIG20230000455618,1
AIG20230000455540,1
AIG20230000412581,2
AIG20220000366708,2
AIG20220000366838,6
AIG20230000455746,1
AIG20230000412770,3
AIG20220000409343,4
AIG20230000412742,2
AIG20210000313628,2
AIG20220000366853,6
AIG20230000412847,1
AIG20230000455460,2
AIG20230000412866,4
AIG20230000412881,2
AIG20200000286689,17
AIG20220000366816,4
AIG20220000409390,2
AIG20230000412883,2
AIG20230000412885,2
AIG20220000366799,9
AIG20220000409326,19
AIG20230000412747,2
AIG20230000412586,3
AIG20220000409213,7
AIG20230000455640,1
AIG20230000412904,5
AIG20230000412895,8
AIG20220000409223,3
AIG20230000455601,1
AIG20230000455602,1
AIG20230000412736,2
AIG20220000409363,1
AIG20230000455530,2
AIG20220000409264,1
AIG20220000409253,5
AIG20230000455673,1
AIG20230000455628,1
AIG20210000313664,8
AIG20230000455655,1
AIG20230000455714,1
AIG20200000286563,4
AIG20230000412834,2
AIG20230000455769,1
AIG20220000366858,4
AIG20230000455716,1
AIG20210000313694,4
AIG20230000455646,1
AIG20230000455612,1
AIG20230000412857,4
AIG20220000366843,8
AIG20220000409295,4
AIG20230000455555,1
AIG20230000455560,1
AIG20230000412602,1
AIG20220000409207,4
AIG20220000366913,7
AIG20230000455715,1
AIG20230000412571,3
AIG20220000366761,3
AIG20210000328928,5
AIG20220000409402,4
AIG20230000455609,1
AIG20230000455783,1
AIG20220000409455,17
AIG20230000412607,2
AIG20230000412682,3
AIG20210000314466,33
AIG20230000455739,1
AIG20210000328564,4
AIG20220000409409,3
AIG20230000412750,4
AIG20220000409373,8
AIG20230000455736,1
AIG20230000412799,1
AIG20210000328865,10
AIG20220000366793,3
AIG20230000455581,1
AIG20230000412794,2
AIG20220000409284,4
AIG20220000409355,10
AIG20220000366873,4
AIG20220000366732,4
AIG20230000455720,1
AIG20230000455718,1
AIG20230000412755,3
AIG20210000328839,17
AIG20230000412766,5
AIG20230000412770,4
AIG20210000328873,16
AIG20230000412880,2
AIG20230000412718,3
AIG20220000409255,7
AIG20230000455661,1
AIG20230000412670,6
AIG20230000455744,1
AIG20220000409357,8
AIG20210000328737,10
AIG20210000328610,6
AIG20220000366785,12
AIG20230000455743,1
AIG20230000455585,1
AIG20220000409222,6
AIG20230000455632,1
AIG20220000409296,2
AIG20230000455708,1
AIG20220000409445,6
AIG20230000455586,1
AIG20200000286660,21
AIG20220000366801,3
AIG20230000455659,1
AIG20230000455747,1
AIG20230000412656,4
AIG20220000409391,4
AIG20230000412895,7
AIG20230000455753,1
AIG20230000412892,2
AIG20220000366925,7
AIG20230000412852,2
AIG20220000412361,3
AIG20220000366880,5
AIG20220000409326,20
AIG20230000455653,1
AIG20230000455634,1
AIG20220000366681,3
AIG20230000455635,4
AIG20220000412360,3
AIG20230000455653,2
AIG20210000328971,15
AIG20230000455656,1
AIG20230000412600,2
AIG20230000455779,1
AIG20230000412795,4
AIG20230000455696,1
AIG20220000366925,8
AIG20230000455736,2
AIG20230000455784,12
AIG20230000455784,5
AIG20230000455784,9
AIG20230000412733,2
AIG20200000286531,6
AIG20230000455784,1
AIG20230000455784,3
AIG20230000412897,6
AIG20230000455784,7
AIG20230000455784,10
AIG20230000412868,1
AIG20200000286653,4
AIG20230000455784,14
AIG20230000455784,13
AIG20230000455784,2
AIG20230000455784,4
AIG20230000455784,8
AIG20220000409420,4
AIG20230000455588,1
AIG20230000412689,1
AIG20230000412819,2
AIG20230000455784,11
AIG20230000455784,6
AIG20230000455749,2
AIG20230000412678,2
AIG20230000412842,2
AIG20230000455749,1
AIG20230000455576,1
AIG20230000455568,1
AIG20230000412748,3
AIG20220000409417,4
AIG20220000409416,4
AIG20230000455726,1
AIG20230000455630,1
AIG20220000409415,4
AIG20230000412832,4
AIG20220000409455,18
AIG20210000328868,10
AIG20230000412847,2
AIG20230000412694,2
AIG20230000455507,1
AIG20200000286660,20
AIG20200000286660,23
AIG20210000328922,5
AIG20230000412753,2
AIG20220000366785,13
AIG20220000412362,3
AIG20200000286562,8
AIG20210000314466,34
AIG20220000366871,4
AIG20230000412579,9
AIG20220000366679,5
AIG20220000366767,4
AIG20210000328860,19
AIG20230000412645,3
AIG20230000455594,1
AIG20230000412641,2
AIG20220000366893,11
AIG20230000412753,3
AIG20220000366697,8
AIG20230000455751,1
AIG20230000412849,2
AIG20230000455744,2
AIG20230000455602,2
AIG20230000412687,3
AIG20230000455611,1
AIG20230000455604,1
AIG20230000455741,2
AIG20220000409355,11
AIG20220000366896,14
AIG20200000286660,22
AIG20230000455758,1
AIG20210000328612,10
AIG20230000455728,1
AIG20230000455719,1
AIG20230000455722,1
AIG20220000409240,4
AIG20220000409426,2
AIG20220000366987,4
AIG20220000409199,4
AIG20220000366854,18
AIG20230000455720,2
AIG20210000328542,6
AIG20220000366789,23
AIG20230000455752,2
AIG20230000455717,1
AIG20230000455752,1
AIG20230000412803,2
AIG20230000455731,1
AIG20230000412817,2
AIG20230000455615,1
AIG20230000455752,4
AIG20220000366789,20
AIG20230000412586,4
AIG20220000366914,4
AIG20210000313652,12
AIG20220000412371,4
AIG20200000286683,7
AIG20220000409305,6
AIG20220000409297,3
AIG20230000455602,4
AIG20230000455752,3
AIG20220000366789,22
AIG20230000412857,5
AIG20230000455622,1
AIG20230000455734,1
AIG20220000366789,25
AIG20230000455781,1
AIG20220000409420,5
AIG20210000313610,6
AIG20230000455692,1
AIG20230000455718,2
AIG20220000366789,21
AIG20220000366789,24
AIG20210000328661,7
AIG20230000455591,1
AIG20210000314421,10
AIG20220000409277,4
AIG20230000455592,1
AIG20230000455704,1
AIG20210000329032,54
AIG20210000329032,58
AIG20210000329032,48
AIG20210000329032,50
AIG20230000455498,2
AIG20230000455675,1
AIG20200000286648,17
AIG20230000455766,1
AIG20230000412766,6
AIG20230000412744,2
AIG20230000412568,1
AIG20200000286525,13
AIG20220000409283,4
AIG20220000366909,5
AIG20230000455715,2
AIG20210000329032,52
AIG20210000329032,56
AIG20210000329032,46
AIG20210000329032,55
AIG20230000455598,1
AIG20230000455642,1
AIG20230000455640,2
AIG20200000286648,18
AIG20210000328873,17
AIG20230000455589,1
AIG20230000455791,1
AIG20230000455631,1
AIG20200000286610,4
AIG20220000366682,5
AIG20210000329032,47
AIG20210000329032,53
AIG20210000313622,5
AIG20230000455775,1
AIG20210000314414,3
AIG20230000412705,4
AIG20210000329032,51
AIG20210000329032,57
AIG20210000329032,59
AIG20210000329032,49
AIG20230000412897,7
AIG20230000412603,4
AIG20230000412770,5
AIG20210000328839,18
AIG20230000412740,2
AIG20230000455736,3
AIG20230000412662,4
AIG20220000366892,4
AIG20230000412579,10
AIG20230000412645,4
AIG20230000412871,2
AIG20230000412699,2
AIG20230000412667,3
AIG20230000455635,5
AIG20230000455658,1
AIG20230000455736,4
AIG20220000412364,5
AIG20230000412816,4
AIG20220000412370,13
AIG20220000412370,14
AIG20230000455637,1
AIG20230000412580,2
AIG20230000412591,2
AIG20230000412591,3
AIG20230000412580,3
AIG20220000409326,21
AIG20210000329033,99
AIG20210000329033,101
AIG20210000329033,103
AIG20210000329033,112
AIG20210000329033,114
AIG20210000329033,116
AIG20230000412800,2
AIG20220000409413,5
AIG20210000329033,102
AIG20210000329033,107
AIG20210000329033,109
AIG20210000329033,105
AIG20230000412765,4
AIG20210000329033,120
AIG20210000329033,98
AIG20210000329033,100
AIG20210000329033,104
AIG20210000329033,106
AIG20210000329033,115
AIG20210000329033,117
AIG20210000329033,111
AIG20210000329033,113
AIG20210000329033,118
AIG20210000329033,119
AIG20230000412610,2
AIG20220000412368,5
AIG20210000329033,97
AIG20210000329033,108
AIG20210000329033,110
AIG20220000409247,9
AIG20220000366817,8
AIG20230000412826,4
AIG20230000412712,4
AIG20220000409253,7
AIG20220000409265,5
AIG20230000455554,2
AIG20220000366858,5
AIG20220000409279,6
AIG20230000412615,2
AIG20230000412730,3
AIG20230000412579,8
AIG20230000455593,2
AIG20220000366785,14
AIG20230000455595,2
AIG20210000328549,6
AIG20220000409373,9
AIG20230000412799,2
AIG20210000328686,8
AIG20230000412897,8
AIG20220000366787,9
AIG20230000412587,2
AIG20230000455741,3
AIG20220000409295,5
AIG20220000409357,9
AIG20210000328805,12
AIG20230000455460,3
AIG20230000455557,1
AIG20220000409222,7
AIG20220000409252,4
AIG20230000412866,5
AIG20230000412601,2
AIG20230000455578,2
AIG20220000409445,7
AIG20230000412757,3
AIG20230000412819,3
AIG20230000412832,5
AIG20230000412670,7
AIG20230000412674,2
AIG20230000455696,2
AIG20230000455596,2
AIG20230000455530,3
AIG20210000328592,8
AIG20230000455731,2
AIG20220000409317,3
AIG20230000412578,5
AIG20210000328860,21
AIG20220000409355,12
AIG20220000409420,6
AIG20220000366700,12
AIG20230000412790,2
AIG20230000412581,3
AIG20230000412569,2
AIG20220000366843,9
AIG20230000412606,3
AIG20230000412750,5
AIG20230000412654,2
AIG20220000409326,22
AIG20220000409455,19
AIG20230000412795,5
AIG20230000412764,2
AIG20230000412766,7
AIG20230000412770,6
AIG20220000366913,8
AIG20230000412720,3
AIG20210000328759,6
AIG20230000412794,3
AIG20220000409215,6
AIG20220000409418,6
AIG20230000455604,2
AIG20220000409223,4
AIG20210000328802,8
AIG20220000409385,5
AIG20220000409368,2
AIG20230000412744,3
AIG20220000366743,7
AIG20230000412895,9
AIG20230000412664,3
AIG20220000366785,15
AIG20210000328610,7
AIG20230000455664,2
AIG20210000350106,6
AIG20230000412897,9
AIG20220000366754,3
AIG20230000412705,5
AIG20230000412731,2
AIG20220000366797,8
AIG20220000366853,7
AIG20220000366858,6
AIG20220000366854,19
AIG20230000412586,5
AIG20220000366725,5
AIG20210000328907,4
AIG20230000455746,2
AIG20220000366799,10
AIG20220000409408,3
AIG20230000412656,5
AIG20230000455653,3
AIG20210000329027,26
AIG20230000455694,1
AIG20230000412697,2
AIG20210000329027,25
AIG20230000455599,2
AIG20230000412852,3
AIG20220000366880,6
AIG20210000329027,27
AIG20210000328686,9
AIG20210000328971,16
AIG20210000328835,4
AIG20230000412713,2
AIG20230000412897,10
AIG20210000329030,64
AIG20210000329030,69
AIG20210000329030,54
AIG20210000329030,56
AIG20210000329030,67
AIG20210000329030,70
AIG20210000329030,58
AIG20210000329030,60
AIG20210000329030,53
AIG20210000329030,55
AIG20210000329030,66
AIG20210000329030,65
AIG20210000329030,68
AIG20210000329030,61
AIG20210000329030,63
AIG20210000329030,57
AIG20210000329030,71
AIG20220000409213,8
AIG20210000328853,7
AIG20230000412804,3
AIG20210000329030,59
AIG20210000329030,62
AIG20210000329030,52
AIG20220000412370,16
AIG20220000366893,12
AIG20220000412370,15
AIG20220000366682,6
AIG20220000409422,2
AIG20230000455619,1
AIG20230000412614,2
AIG20200000286696,5
AIG20230000455591,2
AIG20210000328860,22
AIG20220000409335,7
AIG20230000412742,3
AIG20230000412667,4
AIG20210000328550,7
AIG20230000412735,5
AIG20210000328553,6
AIG20230000455610,1
AIG20220000366785,16
AIG20210000365837,9
AIG20230000455748,2
AIG20220000409326,23
AIG20230000455642,2
AIG20230000412747,3
AIG20220000409398,4
AIG20210000328737,11
AIG20220000409265,6
AIG20220000366799,11
AIG20230000412866,6
AIG20230000412798,1
AIG20230000455576,2
AIG20230000412755,4
AIG20220000409304,4
AIG20220000409328,3
AIG20230000412847,3
AIG20230000455716,2
AIG20230000455698,1
AIG20220000409455,20
AIG20230000412595,2
AIG20220000412286,5
AIG20230000412578,6
AIG20220000409333,3
AIG20210000328550,8
AIG20210000328771,3
AIG20230000455609,2
AIG20230000455609,3
AIG20220000366827,6
AIG20230000412815,9
AIG20230000412679,2
AIG20230000455640,3
AIG20230000455766,2
AIG20220000409284,5
AIG20230000412816,5
AIG20220000366748,10
AIG20230000412586,6
AIG20220000409350,4
AIG20220000409413,6
AIG20220000409308,3
AIG20210000328549,7
AIG20220000412370,17
AIG20230000412571,4
AIG20220000366708,3
AIG20220000409240,5
AIG20230000412839,3
AIG20210000328565,11
AIG20210000328661,8
AIG20220000366838,7
AIG20230000412601,3
AIG20220000409326,24
AIG20230000412606,4
AIG20230000455753,2
AIG20220000409391,5
AIG20220000366748,11
AIG20220000366787,10
AIG20220000412366,5
AIG20230000412730,4
AIG20220000412366,6
AIG20220000366787,11
AIG20220000409402,5
AIG20230000412687,4
AIG20220000366679,6
AIG20230000412856,2
AIG20230000412897,11
AIG20220000409277,5
AIG20230000412736,3
AIG20230000455722,2
AIG20230000412840,2
AIG20210000328599,5
AIG20230000455581,2
AIG20220000412364,6
AIG20220000366785,17
AIG20220000412364,7
AIG20230000412678,3
AIG20210000328860,23
AIG20220000366743,8
AIG20230000455602,6
AIG20220000366700,13
AIG20230000455741,4
AIG20220000409238,3
AIG20220000409382,3
AIG20220000409199,5
AIG20230000455704,2
AIG20230000412670,8
AIG20230000412685,2
AIG20220000409207,5
AIG20230000455728,2
AIG20230000455720,3
AIG20220000366772,6
AIG20230000455718,3
AIG20230000412876,3
AIG20230000455588,2
AIG20230000412610,3
AIG20220000409343,5
AIG20230000412579,11
AIG20220000366816,5
AIG20220000409304,5
AIG20230000412645,5
AIG20230000412863,3
AIG20220000409252,5
AIG20230000455555,2
AIG20220000409408,4
AIG20220000366771,2
AIG20230000455646,2
AIG20230000412826,5
AIG20230000412581,4
AIG20220000409420,7
AIG20230000455665,1
AIG20230000412712,5
AIG20230000455585,2
AIG20230000455766,3
AIG20220000366896,15
AIG20220000409283,5
AIG20220000366858,7
AIG20220000409455,21
AIG20230000412839,4
AIG20230000455673,2
AIG20220000366854,20
AIG20230000412718,4
AIG20230000412750,6
AIG20230000412641,3
AIG20220000412368,6
AIG20220000366873,5
AIG20210000328686,10
AIG20230000412616,3
AIG20220000366733,7
AIG20230000455554,3
AIG20230000412866,7
AIG20230000412733,3
AIG20230000412622,2
AIG20230000412786,3
AIG20220000409247,10
AIG20220000409326,25
AIG20220000366725,6
AIG20230000412819,4
AIG20230000412797,3
AIG20230000455748,3
AIG20230000455530,4
AIG20220000409305,7
AIG20220000366787,12
AIG20230000412755,5
AIG20200000286683,8
AIG20220000409247,12
AIG20230000455687,2
AIG20230000455631,2
AIG20230000412794,4
AIG20230000455630,2
AIG20230000455747,2
AIG20230000412692,3
AIG20220000409220,3
AIG20220000412369,4
AIG20230000412578,7
AIG20230000412748,4
AIG20220000409415,5
AIG20210000328860,24
AIG20230000412748,5
AIG20220000409416,5
AIG20220000409417,5
AIG20230000455656,2
AIG20210000314413,10
AIG20220000409255,8
AIG20220000409215,7
AIG20230000455694,2
AIG20230000455602,5
AIG20230000412586,7
AIG20230000455655,2
AIG20230000412868,2
AIG20230000455781,2
AIG20230000455576,3
AIG20200000286592,19
AIG20220000409291,4
AIG20230000412857,6
AIG20220000412371,5
AIG20220000366785,18
AIG20210000328598,5
AIG20230000412740,3
AIG20220000409345,4
AIG20220000366809,4
AIG20220000409213,9
AIG20220000366853,8
AIG20230000455628,2
AIG20220000409355,13
AIG20230000455746,3
AIG20230000412656,6
AIG20220000409298,4
AIG20230000412895,10
AIG20210000328868,11
AIG20220000409437,8
AIG20230000412688,3
AIG20230000412750,7
AIG20220000366858,8
AIG20210000328865,11
AIG20230000455698,2
AIG20220000409279,7
AIG20220000366862,5
AIG20230000412832,6
AIG20210000328661,9
AIG20230000412897,12
AIG20220000409420,8
AIG20230000412571,5
AIG20220000366799,12
AIG20210000328971,17
AIG20230000455568,2
AIG20230000412849,3
AIG20220000366817,9
AIG20220000366733,8
AIG20230000455666,2
AIG20230000455635,6
AIG20230000412897,13
AIG20220000366692,5
AIG20230000412757,4
AIG20230000455593,3
AIG20230000412766,8
AIG20230000412662,5
AIG20230000455595,3
AIG20220000412363,5
AIG20230000412770,7
AIG20220000366880,7
AIG20220000409339,4
AIG20240000459022,3
AIG20240000459022,8
AIG20240000459022,10
AIG20230000412652,2
AIG20210000329027,29
AIG20240000459022,2
AIG20240000459022,7
AIG20220000409304,6
AIG20200000286689,18
AIG20230000455604,3
AIG20210000329027,30
AIG20240000459022,4
AIG20240000459022,9
AIG20210000329027,28
AIG20240000459022,1
AIG20240000459022,6
AIG20240000459022,5
AIG20230000455633,2
AIG20240000459187,1
AIG20240000459068,1
AIG20210000328992,14
AIG20230000455592,2
AIG20210000328802,9
AIG20220000409445,8
AIG20230000412795,6
AIG20230000412826,6
AIG20230000455573,3
AIG20230000412603,5
AIG20220000409222,8
AIG20230000455719,2
AIG20220000366682,7
AIG20230000455635,7
AIG20230000455743,2
AIG20200000286660,24
AIG20240000459360,1
AIG20230000455635,8
AIG20240000459308,1
AIG20230000412794,5
AIG20240000459068,2
AIG20210000328550,9
AIG20230000412816,6
AIG20220000366785,19
AIG20230000412586,8
AIG20240000459392,1
AIG20220000409355,14
AIG20240000459261,1
AIG20240000459207,1
AIG20230000412720,4
AIG20220000366703,6
AIG20240000459204,1
AIG20240000459046,1
AIG20240000459116,1
AIG20210000328926,6
AIG20230000455597,2
AIG20230000455615,2
AIG20220000366787,13
AIG20220000409333,4
AIG20220000366913,9
AIG20230000412866,8
AIG20230000412765,5
AIG20230000455611,2
AIG20230000455599,3
AIG20230000455766,4
AIG20230000455732,2
AIG20230000455758,2
AIG20230000412897,14
AIG20230000412654,3
AIG20220000366827,7
AIG20230000455460,4
AIG20240000459279,1
AIG20230000412578,8
AIG20230000412747,4
AIG20230000455653,5
AIG20230000412742,4
AIG20240000459415,1
AIG20230000412863,4
AIG20230000455653,4
AIG20220000366896,16
AIG20220000366761,4
AIG20210000328805,13
AIG20230000412852,4
AIG20220000366743,9
AIG20230000455751,2
AIG20220000412370,18
AIG20240000459217,1
AIG20230000412687,5
AIG20220000366797,9
AIG20220000412370,19
AIG20220000366893,13
AIG20230000412755,6
AIG20240000459259,1
AIG20230000412712,6
AIG20230000455692,2
AIG20230000455739,2
AIG20220000409343,6
AIG20240000459121,1
AIG20240000459097,1
AIG20220000409270,14
AIG20230000455759,2
AIG20210000328592,9
AIG20220000409455,22
AIG20230000455779,2
AIG20240000459066,1
AIG20220000409270,15
AIG20240000459163,1
AIG20220000366677,3
AIG20230000455715,3
AIG20230000455554,4
AIG20240000459164,1
AIG20230000412857,7
AIG20240000459164,2
AIG20210000328759,10
AIG20240000459091,1
AIG20240000459351,1
AIG20230000455609,4
AIG20240000459339,2
AIG20230000455736,5
AIG20240000459038,1
AIG20230000455783,2
AIG20240000459339,1
AIG20230000455687,3
AIG20240000459138,1
AIG20240000459335,1
AIG20240000459138,2
AIG20210000365837,10
AIG20240000459138,3
AIG20210000328738,5
AIG20230000455623,2
AIG20240000459062,1
AIG20220000366817,10
AIG20240000459166,1
AIG20240000459019,1
AIG20230000455722,3
AIG20220000409391,6
AIG20230000412750,8
AIG20220000366785,20
AIG20240000459427,1
AIG20230000455498,3
AIG20210000328939,3
AIG20240000459118,1
AIG20240000459183,1
AIG20240000459308,2
AIG20230000455753,3
AIG20230000412600,3
AIG20230000455507,2
AIG20240000459441,1
AIG20230000455560,2
AIG20240000459140,1
AIG20240000459185,1
AIG20240000459058,1
AIG20230000412656,7
AIG20240000459269,1
AIG20230000455717,2
AIG20240000459034,1
AIG20240000459283,1
AIG20240000459054,1
AIG20240000459051,1
AIG20240000459053,1
AIG20220000366777,3
AIG20230000455573,5
AIG20240000459143,1
AIG20240000459302,1
AIG20240000459201,1
AIG20230000455635,9
AIG20230000455575,2
AIG20240000459304,1
AIG20220000409213,10
AIG20230000455718,4
AIG20240000459095,1
AIG20230000455601,2
AIG20230000455720,4
AIG20240000458997,1
AIG20230000455784,20
AIG20240000459313,1
AIG20210000328860,25
AIG20230000455784,21
AIG20240000459397,1
AIG20230000412847,4
AIG20230000455704,3
AIG20220000412362,4
AIG20240000459210,1
AIG20240000458996,1
AIG20220000409326,26
AIG20230000412579,13
AIG20240000459292,1
AIG20220000412361,4
AIG20240000459426,1
AIG20210000350106,7
AIG20240000459286,1
AIG20240000459012,1
AIG20220000409255,9
AIG20230000412892,3
AIG20230000412830,3
AIG20230000455784,18
AIG20220000366925,10
AIG20230000455784,19
AIG20220000412360,4
AIG20240000459227,1
AIG20210000328610,8
AIG20230000455784,17
AIG20220000366925,9
AIG20240000459142,1
AIG20230000455784,15
AIG20230000455784,16
AIG20230000455581,3
AIG20230000455656,3
AIG20230000412579,12
AIG20230000455754,2
AIG20240000459434,2
AIG20240000459369,1
AIG20240000459132,1
AIG20240000459434,1
AIG20200000286660,25
AIG20240000459009,1
AIG20230000455687,4
AIG20220000366774,4
AIG20240000459402,1
AIG20240000459099,1
AIG20220000366748,12
AIG20240000459039,1
AIG20210000328922,6
AIG20220000366799,13
AIG20230000412697,3
AIG20240000459036,1
AIG20230000412664,4
AIG20230000455522,2
AIG20230000412603,6
AIG20220000366692,6
AIG20200000286683,9
AIG20240000459130,1
AIG20240000459174,1
AIG20230000412736,4
AIG20230000412753,4
AIG20220000366789,26
AIG20220000366789,30
AIG20210000328737,12
AIG20220000366915,3
AIG20240000459242,1
AIG20210000329032,75
AIG20210000329032,60
AIG20210000329032,63
AIG20210000329032,66
AIG20210000329032,69
AIG20210000329032,72
AIG20240000459108,1
AIG20220000366789,29
AIG20230000455640,4
AIG20240000459389,1
AIG20230000412803,3
AIG20220000412364,9
AIG20230000455731,3
AIG20240000459124,1
AIG20240000459123,1
AIG20220000366789,27
AIG20240000459085,1
AIG20220000412286,6
AIG20220000366873,6
AIG20240000459195,1
AIG20210000329032,76
AIG20210000329032,61
AIG20210000329032,64
AIG20210000329032,67
AIG20210000329032,70
AIG20210000329032,73
AIG20220000409284,6
AIG20220000412364,8
AIG20220000366789,31
AIG20220000409222,9
AIG20230000455548,2
AIG20210000329032,77
AIG20210000329032,62
AIG20210000329032,65
AIG20210000329032,68
AIG20210000329032,71
AIG20210000329032,74
AIG20220000366806,8
AIG20220000366789,28
AIG20240000459040,1
AIG20240000459038,2
AIG20230000412586,9
AIG20230000412616,4
AIG20220000409437,9
AIG20230000412832,7
AIG20220000412370,21
AIG20240000459293,1
AIG20220000412370,20
AIG20230000455589,2
AIG20230000455661,2
AIG20230000412856,3
AIG20220000409240,6
AIG20240000459335,2
AIG20230000455530,5
AIG20220000409430,2
AIG20210000328565,12
AIG20230000412740,4
AIG20240000459422,4
AIG20240000459422,6
AIG20230000412883,3
AIG20230000455587,1
AIG20220000366854,21
AIG20230000412713,3
AIG20230000455646,3
AIG20230000455714,2
AIG20240000459422,3
AIG20240000459422,5
AIG20240000459068,3
AIG20220000366834,2
AIG20230000455744,3
AIG20230000455615,3
AIG20230000412770,8
AIG20240000459174,2
AIG20230000455635,10
AIG20240000459422,7
AIG20240000459360,2
AIG20230000412641,4
AIG20230000412885,3
AIG20230000455590,1
AIG20230000412766,9
AIG20220000409224,2
AIG20240000459422,2
AIG20240000459306,1
AIG20240000459422,1
AIG20230000412881,3
AIG20220000366914,5
AIG20240000459268,1
AIG20240000459336,1
AIG20220000409445,9
AIG20230000412795,7
AIG20240000459272,1
AIG20230000455615,4
AIG20220000409420,9
AIG20230000455736,6
AIG20230000455630,3
AIG20230000412607,3
AIG20230000455602,7
AIG20240000459278,1
AIG20210000329033,122
AIG20210000329033,125
AIG20210000329033,133
AIG20230000412871,3
AIG20240000459254,2
AIG20230000412568,2
AIG20210000329033,136
AIG20240000459352,1
AIG20240000459391,1
AIG20240000459233,1
AIG20210000329033,121
AIG20210000329033,123
AIG20210000329033,127
AIG20210000329033,131
AIG20210000329033,130
AIG20240000459254,1
AIG20210000329033,138
AIG20210000329033,135
AIG20210000329033,142
AIG20210000328592,10
AIG20240000459390,2
AIG20240000459391,2
AIG20230000455598,2
AIG20210000328870,7
AIG20220000409416,6
AIG20210000329033,132
AIG20210000329033,128
AIG20210000329033,134
AIG20210000329033,137
AIG20210000329033,139
AIG20210000329033,143
AIG20210000329033,141
AIG20210000329033,140
AIG20240000459292,2
AIG20240000459229,1
AIG20240000459390,1
AIG20220000409418,7
AIG20220000409417,6
AIG20210000329033,124
AIG20210000329033,126
AIG20230000412572,4
AIG20210000329033,129
AIG20230000412718,5
AIG20220000409385,6
AIG20240000459174,3
AIG20230000412712,7
AIG20230000412804,4
AIG20240000459046,2
AIG20230000455618,2
AIG20220000366918,10
AIG20240000459291,1
AIG20240000459310,1
AIG20240000459113,1
AIG20220000409421,10
AIG20240000459370,1
AIG20240000459368,1
AIG20230000455612,2
AIG20210000329027,33
AIG20240000459065,1
AIG20220000366785,21
AIG20210000329027,31
AIG20240000459272,2
AIG20230000412799,3
AIG20240000459366,1
AIG20230000412578,9
AIG20200000286689,20
AIG20210000329027,32
AIG20210000328550,10
AIG20230000455631,3
AIG20230000412674,3
AIG20240000459198,1
AIG20220000366787,14
AIG20240000459143,3
AIG20210000328686,11
AIG20240000459258,1
AIG20230000412815,10
AIG20220000366700,14
AIG20240000459125,1
AIG20210000328686,12
AIG20210000328599,6
AIG20240000459331,1
AIG20240000459302,2
AIG20230000455718,5
AIG20230000412679,3
AIG20220000366858,9
AIG20230000455720,5
AIG20240000459283,2
AIG20240000459399,1
AIG20240000459021,1
AIG20230000455659,2
AIG20220000409265,7
AIG20240000459326,1
AIG20240000459408,1
AIG20220000409326,27
AIG20230000455769,2
AIG20230000455715,4
AIG20240000459204,2
AIG20220000366743,10
AIG20230000412817,3
AIG20240000459412,1
AIG20240000459104,1
AIG20240000459269,2
AIG20210000328552,4
AIG20240000459017,1
AIG20240000459122,1
AIG20240000459245,1
AIG20240000459051,2
AIG20230000455766,6
AIG20240000458998,1
AIG20240000459167,1
AIG20230000412586,10
AIG20220000412371,6
AIG20240000459144,1
AIG20230000412819,5
AIG20230000455593,4
AIG20240000459208,1
AIG20230000412684,2
AIG20240000459389,2
AIG20220000409304,7
AIG20230000412603,7
AIG20240000459041,1
AIG20220000366871,5
AIG20240000459316,4
AIG20240000459316,2
AIG20230000412591,4
AIG20230000412662,6
AIG20220000409408,5
AIG20230000412895,11
AIG20240000459316,1
AIG20240000459316,5
AIG20230000412766,10
AIG20230000412750,9
AIG20240000459068,4
AIG20230000455731,4
AIG20230000412606,5
AIG20240000459082,1
AIG20220000409415,6
AIG20240000459316,3
AIG20230000412770,9
AIG20240000459088,1
AIG20230000412591,5
AIG20230000412580,5
AIG20230000455592,3
AIG20230000412579,14
AIG20230000412580,4
AIG20240000459097,2
AIG20220000366913,10
AIG20230000455766,7
AIG20220000366739,6
AIG20240000459194,1
AIG20220000366748,13
AIG20240000459151,1
AIG20240000459143,2
AIG20230000412735,6
AIG20230000455758,3
AIG20230000455704,4
AIG20220000409207,6
AIG20220000409199,6
AIG20220000409247,14
AIG20230000455719,3
AIG20230000455585,3
AIG20230000455692,3
AIG20240000459066,2
AIG20240000459322,1
AIG20230000412755,7
AIG20230000455748,5
AIG20230000412842,3
AIG20240000459356,1
AIG20230000455746,5
AIG20230000455746,4
AIG20230000412699,3
AIG20240000459086,1
AIG20230000455460,5
AIG20240000459236,1
AIG20230000455748,4
AIG20240000459119,1
AIG20240000459187,2
AIG20240000459191,1
AIG20220000409247,15
AIG20230000455628,3
AIG20210000328992,15
AIG20210000328802,10
AIG20210000328555,7
AIG20230000412757,5
AIG20230000455604,4
AIG20200000286660,26
AIG20210000328928,6
AIG20230000455595,4
AIG20240000459083,1
AIG20240000459358,1
AIG20230000455554,6
AIG20230000455739,3
AIG20240000459085,2
AIG20230000412656,8
AIG20240000459357,1
AIG20230000412610,4
AIG20210000328907,5
AIG20230000412852,5
AIG20240000459142,2
AIG20230000412667,5
AIG20240000459328,1
AIG20220000366787,15
AIG20240000459068,5
AIG20240000459335,3
AIG20240000459211,1
AIG20230000412698,5
AIG20240000459249,1
AIG20240000459317,1
AIG20220000409223,5
AIG20240000459063,1
AIG20230000412581,5
AIG20220000409392,3
AIG20240000459315,1
AIG20240000459179,1
AIG20230000412765,6
AIG20230000455576,4
AIG20240000459228,1
AIG20220000366827,8
AIG20230000412770,10
AIG20220000409215,8
AIG20220000366785,22
AIG20230000455568,3
AIG20230000455591,3
AIG20240000459163,2
AIG20240000459088,3
AIG20230000412766,11
AIG20220000366858,10
AIG20240000459114,1
AIG20240000459109,1
AIG20230000455655,3
AIG20240000459111,1
AIG20240000459360,3
AIG20230000412834,3
AIG20240000459115,1
AIG20230000412586,11
AIG20230000412826,7
AIG20210000328926,7
AIG20230000412786,4
AIG20240000459359,1
AIG20230000455664,3
AIG20240000459253,1
AIG20230000455640,5
AIG20220000412370,22
AIG20230000455718,6
AIG20240000459414,1
AIG20240000459312,1
AIG20210000328550,11
AIG20230000455720,6
AIG20210000328860,26
AIG20230000455617,1
AIG20220000409455,23
AIG20220000412364,10
AIG20230000455666,3
AIG20230000412816,7
AIG20210000328555,8
AIG20220000409270,17
AIG20240000459237,1
AIG20230000412831,2
AIG20240000459017,2
AIG20220000409270,16
AIG20240000459426,2
AIG20240000459271,1
AIG20240000459325,1
AIG20240000459195,2
AIG20230000412847,5
AIG20240000459307,1
AIG20230000412868,3
AIG20220000366880,8
AIG20220000366799,14
AIG20210000329030,85
AIG20210000329030,88
AIG20210000329030,73
AIG20210000329030,80
AIG20210000329030,82
AIG20230000412819,6
AIG20240000459156,1
AIG20210000329030,72
AIG20210000329030,75
AIG20210000329030,77
AIG20210000329030,79
AIG20240000459400,2
AIG20220000366681,4
AIG20210000329030,89
AIG20210000329030,74
AIG20210000329030,76
AIG20210000329030,78
AIG20210000329030,87
AIG20210000329030,91
AIG20230000455728,3
AIG20210000329030,81
AIG20210000329030,83
AIG20210000329030,86
AIG20210000329030,90
AIG20210000329030,84
AIG20240000459225,1
AIG20240000459283,3
AIG20220000366893,14
AIG20240000459302,3
AIG20220000409413,7
AIG20240000459422,8
AIG20240000459308,3
AIG20230000412694,3
AIG20240000459422,10
AIG20240000459422,9
AIG20230000412578,10
AIG20230000412748,6
AIG20240000459422,11
AIG20230000412601,4
AIG20240000459422,13
AIG20240000459422,12
AIG20240000459267,1
AIG20230000412730,5
AIG20240000459166,2
AIG20240000459038,3
AIG20240000459129,1
AIG20220000409398,5
AIG20200000286642,6
AIG20240000459320,1
AIG20240000459059,1
AIG20220000366822,2
AIG20240000459278,2
AIG20220000366748,14
AIG20220000366682,8
AIG20240000459404,1
AIG20230000455734,2
AIG20230000412649,3
AIG20210000328661,10
AIG20240000459311,1
AIG20230000455610,2
AIG20240000459133,1
AIG20240000459066,3
AIG20230000412679,4
AIG20240000459068,6
AIG20220000366708,4
AIG20230000412606,6
AIG20240000459408,2
AIG20230000412682,4
AIG20230000412750,10
AIG20240000459211,2
AIG20220000366772,7
AIG20220000409247,18
AIG20230000455593,5
AIG20240000459333,1
AIG20230000412664,5
AIG20240000459046,4
AIG20240000459046,3
AIG20230000455609,5
AIG20240000459402,2
AIG20230000412662,7
AIG20220000409240,7
AIG20240000459207,2
AIG20240000459412,2
AIG20230000412720,5
AIG20240000459232,1
AIG20240000459019,2
AIG20240000459259,2
AIG20230000455784,22
AIG20230000412718,6
AIG20210000328853,8
AIG20240000459310,2
AIG20210000314418,4
AIG20230000412689,2
AIG20240000458999,1
AIG20230000412602,2
AIG20240000459042,1
AIG20230000412876,4
AIG20220000412366,8
AIG20240000459374,1
AIG20230000455460,6
AIG20220000409285,8
AIG20230000412830,4
AIG20230000412795,8
AIG20240000459019,3
AIG20230000412832,8
AIG20220000412366,7
AIG20240000459269,3
AIG20230000412571,6
AIG20240000459335,4
AIG20230000455754,3
AIG20230000412863,5
AIG20230000412857,8
AIG20230000455719,4
AIG20230000412856,4
AIG20240000459157,1
AIG20240000459085,3
AIG20230000455656,4
AIG20220000409417,7
AIG20230000455675,2
AIG20240000459233,2
AIG20230000412794,6
AIG20240000459041,2
AIG20210000350106,8
AIG20240000459204,3
AIG20220000409277,6
AIG20230000455714,3
AIG20230000455704,5
AIG20240000459397,2
AIG20240000459287,1
AIG20240000459083,2
AIG20220000409416,7
AIG20210000328770,5
AIG20230000412649,4
AIG20230000412740,5
AIG20230000455720,7
AIG20240000459389,3
AIG20230000455718,7
AIG20230000412735,7
AIG20200000286660,27
AIG20240000459214,1
AIG20220000409420,10
AIG20240000459434,4
AIG20230000455612,3
AIG20230000455640,6
AIG20230000412780,2
AIG20220000366748,15
AIG20230000412786,5
AIG20240000459434,3
AIG20230000455611,3
AIG20230000412839,5
AIG20220000366785,23
AIG20220000366700,15
AIG20210000328737,13
AIG20220000366787,16
AIG20220000409285,9
AIG20200000286683,10
AIG20240000459011,1
AIG20230000455602,8
AIG20220000366896,17
AIG20230000412804,5
AIG20220000366739,7
AIG20230000455744,4
AIG20240000459167,2
AIG20230000412697,4
AIG20240000459390,3
AIG20240000459391,3
AIG20220000366799,15
AIG20230000412667,6
AIG20220000409304,8
AIG20240000459083,3
AIG20230000412674,4
AIG20210000329027,35
AIG20240000459306,2
AIG20230000455581,4
AIG20220000412369,5
AIG20230000455753,4
AIG20210000329027,34
AIG20230000412705,6
AIG20230000455630,4
AIG20210000365837,11
AIG20210000329027,36
AIG20230000412868,4
AIG20240000459290,1
AIG20240000459091,2
AIG20220000409391,7
AIG20230000412649,5
AIG20200000286660,28
AIG20230000455578,3
AIG20240000459268,2
AIG20230000412641,5
AIG20240000459279,2
AIG20230000412897,15
AIG20240000459173,1
AIG20240000459229,2
AIG20230000455575,3
AIG20240000459347,1
AIG20230000412645,6
AIG20240000459302,4
AIG20240000459283,4
AIG20230000412586,12
AIG20240000459160,1
AIG20240000459262,1
AIG20240000459303,1
AIG20230000455739,4
AIG20230000455595,5
AIG20230000412742,5
AIG20210000328828,10
AIG20230000412649,6
AIG20220000366732,5
AIG20230000455601,4
AIG20210000314413,11
AIG20240000459386,1
AIG20220000409417,8
AIG20240000459290,2
AIG20230000412607,4
AIG20230000412747,5
AIG20220000409285,10
AIG20230000412815,11
AIG20240000459307,2
AIG20230000412819,7
AIG20230000412816,8
AIG20240000459187,3
AIG20210000328992,16
AIG20240000459293,2
AIG20230000412755,8
AIG20240000459000,1
AIG20240000459351,2
AIG20240000459285,1
AIG20240000459066,4
AIG20210000328860,27
AIG20220000412286,7
AIG20240000459068,7
AIG20240000459234,1
AIG20210000328971,19
AIG20240000459432,1
AIG20240000459359,2
AIG20220000409283,6
AIG20240000459088,4
AIG20240000459108,2
AIG20210000328553,7
AIG20220000366858,11
AIG20220000409415,7
AIG20220000366787,17
AIG20230000412897,16
AIG20240000459086,2
AIG20230000455666,4
AIG20230000455746,6
AIG20220000409305,8
AIG20200000286692,11
AIG20240000459064,1
AIG20230000455631,4
AIG20220000366759,2
AIG20230000455748,6
AIG20240000459326,2
AIG20230000455602,9
AIG20230000455783,3
AIG20240000459104,2
AIG20240000459153,5
AIG20240000459357,2
AIG20240000459185,2
AIG20230000455655,4
AIG20240000459198,3
AIG20240000459059,2
AIG20230000412757,6
AIG20240000459089,1
AIG20220000409422,3
AIG20240000459183,2
AIG20240000459358,2
AIG20230000455554,7
AIG20230000412688,4
AIG20230000455687,5
AIG20240000459005,1
AIG20240000459356,2
AIG20230000455719,5
AIG20240000459315,2
AIG20230000455640,7
AIG20240000459189,1
AIG20240000459335,5
AIG20240000459090,2
AIG20240000459352,2
AIG20240000459426,3
AIG20220000409291,5
AIG20240000459415,2
AIG20240000459233,3
AIG20230000455633,3
AIG20230000412750,11
AIG20230000455460,7
AIG20240000459077,1
AIG20240000459023,1
AIG20240000459308,4
AIG20230000412866,9
AIG20240000459268,3
AIG20220000366748,16
AIG20240000459322,2
AIG20240000459317,2
AIG20220000409305,9
AIG20240000459292,3
AIG20220000366759,3
AIG20240000459291,2
AIG20230000455635,11
AIG20230000455718,8
AIG20230000412766,12
AIG20230000412718,7
AIG20230000412770,11
AIG20230000455720,8
AIG20240000459391,4
AIG20240000459390,4
AIG20230000412876,5
AIG20240000459009,2
AIG20210000328870,8
AIG20240000459306,3
AIG20220000409247,22
AIG20230000412579,15
AIG20230000412794,7
AIG20240000459406,1
AIG20240000459042,2
AIG20230000412815,12
AIG20230000455708,2
AIG20240000459259,3
AIG20230000455635,12
AIG20240000498076,1
AIG20220000366682,9
AIG20230000455595,6
AIG20220000366854,22
AIG20220000366880,9
AIG20240000459097,4
AIG20220000409345,5
AIG20230000455734,3
AIG20240000459068,8
AIG20230000455573,6
AIG20230000455622,2
AIG20220000409349,3
AIG20230000412603,8
AIG20240000459016,1
AIG20240000459153,4
AIG20230000412712,8
AIG20240000498128,1
AIG20240000498160,1
AIG20240000459370,2
AIG20240000459368,2
AIG20240000459434,5
AIG20210000350106,9
AIG20230000412692,4
AIG20220000412371,7
AIG20240000459288,1
AIG20240000498226,1
AIG20240000459082,2
AIG20230000455656,5
AIG20210000328827,5
AIG20210000328992,17
AIG20220000366785,24
AIG20240000459301,1
AIG20220000409356,4
AIG20240000459328,2
AIG20240000459105,1
AIG20240000498089,1
AIG20240000459325,2
AIG20240000459397,3
AIG20230000455717,3
AIG20220000409305,10
AIG20230000412857,9
AIG20230000412852,6
AIG20230000412819,8
AIG20230000412795,9
AIG20230000412832,9
AIG20220000366759,4
AIG20240000459021,2
AIG20240000498123,1
AIG20230000412753,5
AIG20240000459302,5
AIG20220000409390,3
AIG20220000409350,5
AIG20240000459283,5
AIG20230000412586,13
AIG20230000455555,3
AIG20230000455784,23
AIG20240000498374,1
AIG20230000455523,2
AIG20230000412699,4
AIG20240000498185,1
AIG20240000459107,1
AIG20240000459389,4
AIG20240000498244,1
AIG20230000412830,5
AIG20240000459258,2
AIG20240000459290,3
AIG20240000459168,1
AIG20240000459095,2
AIG20240000498340,1
AIG20240000459038,4
AIG20240000459411,1
AIG20220000409284,7
AIG20220000409199,7
AIG20240000459360,4
AIG20240000459278,3
AIG20220000409207,7
AIG20220000366733,9
AIG20240000498178,1
AIG20230000455722,4
AIG20240000459144,2
AIG20240000498353,1
AIG20230000455548,3
AIG20220000409247,19
AIG20240000459163,3
AIG20240000498106,1
AIG20240000459319,1
AIG20240000459290,4
AIG20220000409247,21
AIG20230000412897,17
AIG20240000498100,1
AIG20200000286660,29
AIG20220000366857,4
AIG20240000459125,2
AIG20240000498276,1
AIG20230000455635,13
AIG20240000459138,5
AIG20230000455720,9
AIG20240000459335,6
AIG20240000459310,3
AIG20240000459138,4
AIG20210000328565,13
AIG20230000455732,3
AIG20220000409391,8
AIG20240000459408,3
AIG20240000498158,2
AIG20230000455753,5
AIG20240000498103,1
AIG20240000459427,2
AIG20230000412606,7
AIG20220000409270,19
AIG20240000498363,1
AIG20240000459191,2
AIG20240000459012,2
AIG20230000412765,7
AIG20230000455739,5
AIG20220000409418,8
AIG20240000498159,1
AIG20230000412720,6
AIG20230000412656,9
AIG20230000455766,8
AIG20230000412892,4
AIG20230000455601,5
AIG20240000459292,4
AIG20220000366893,15
AIG20240000459306,4
AIG20240000459441,2
AIG20220000409270,18
AIG20230000455581,5
AIG20240000498156,1
AIG20240000498158,1
AIG20240000459190,1
AIG20240000498267,1
AIG20240000459138,6
AIG20230000412834,4
AIG20240000459323,1
AIG20240000498090,1
AIG20230000455498,4
AIG20220000409343,7
AIG20240000459068,9
AIG20220000409306,4
AIG20240000459132,2
AIG20240000459390,5
AIG20230000412667,7
AIG20230000455719,6
AIG20230000455749,3
AIG20240000498072,1
AIG20230000455664,4
AIG20240000498253,1
AIG20240000459166,3
AIG20230000455791,2
AIG20230000455704,6
AIG20240000459140,2
AIG20230000412662,8
AIG20240000498335,1
AIG20230000412569,3
AIG20230000455576,5
AIG20240000498366,1
AIG20240000498342,1
AIG20240000459423,1
AIG20240000459434,6
AIG20240000498314,1
AIG20230000455655,5
AIG20240000498225,4
AIG20240000459152,2
AIG20240000459099,2
AIG20240000498058,1
AIG20240000498248,1
AIG20240000459142,3
AIG20220000409417,9
AIG20240000498289,1
AIG20210000328870,9
AIG20240000498343,1
AIG20220000366925,12
AIG20230000455736,7
AIG20220000412360,5
AIG20240000459434,7
AIG20240000459329,1
AIG20240000498261,1
AIG20210000328870,10
AIG20220000409368,9
AIG20230000455726,2
AIG20220000366925,11
AIG20240000459062,2
AIG20220000412362,5
AIG20230000412755,9
AIG20240000459017,3
AIG20240000498211,1
AIG20220000412361,5
AIG20220000409247,23
AIG20210000328860,28
AIG20230000455751,3
AIG20240000498258,1
AIG20240000498350,1
AIG20210000328926,8
AIG20240000459328,3
AIG20240000498182,1
AIG20230000455719,7
AIG20240000459374,2
AIG20240000459320,2
AIG20230000455687,6
AIG20240000459132,3
AIG20230000455714,4
AIG20220000366759,5
AIG20240000459189,2
AIG20230000455617,3
AIG20200000286660,32
AIG20240000459381,1
AIG20240000459402,3
AIG20230000412826,8
AIG20240000498362,1
AIG20220000366871,6
AIG20240000459066,5
AIG20230000412832,10
AIG20240000498295,1
AIG20220000366803,3
AIG20240000459249,2
AIG20230000412795,10
AIG20220000409328,4
AIG20220000366797,20
AIG20240000459325,3
AIG20230000412697,5
AIG20240000498068,1
AIG20240000459264,1
AIG20240000498279,1
AIG20240000498142,1
AIG20240000459084,1
AIG20230000412780,3
AIG20230000455635,14
AIG20240000498292,1
AIG20240000498108,1
AIG20230000412881,4
AIG20210000329032,80
AIG20210000329032,83
AIG20210000329032,87
AIG20230000455623,3
AIG20230000412842,4
AIG20220000366787,18
AIG20220000366789,32
AIG20220000366789,36
AIG20240000459187,4
AIG20230000455640,8
AIG20240000459298,1
AIG20240000459251,1
AIG20220000412286,8
AIG20240000498081,1
AIG20230000412883,4
AIG20240000498328,1
AIG20230000455602,10
AIG20240000498259,1
AIG20210000329032,82
AIG20210000329032,85
AIG20210000329032,89
AIG20230000455720,10
AIG20230000455522,3
AIG20220000366789,34
AIG20220000366914,6
AIG20230000412794,8
AIG20210000328992,18
AIG20240000498115,1
AIG20240000498066,1
AIG20210000328853,9
AIG20240000459397,4
AIG20240000459345,1
AIG20230000455615,6
AIG20230000455744,5
AIG20230000412602,3
AIG20220000366809,5
AIG20230000455779,3
AIG20210000329032,78
AIG20210000329032,79
AIG20210000329032,84
AIG20210000329032,88
AIG20200000286692,12
AIG20240000459311,2
AIG20240000498303,1
AIG20240000498184,1
AIG20220000366789,37
AIG20230000412641,6
AIG20220000412371,8
AIG20230000412885,4
AIG20240000459308,5
AIG20220000366682,10
AIG20210000329032,81
AIG20210000329032,86
AIG20230000455718,9
AIG20230000455523,3
AIG20220000366789,33
AIG20220000366789,35
AIG20240000498265,1
AIG20220000409368,8
AIG20230000412586,14
AIG20240000498069,1
AIG20230000412678,4
AIG20220000409436,3
AIG20230000455675,3
AIG20200000286660,31
AIG20230000455575,4
AIG20230000455589,3
AIG20230000412744,4
AIG20230000455734,4
AIG20240000498198,1
AIG20240000498245,1
AIG20230000412705,7
AIG20240000498065,1
AIG20240000498185,2
AIG20240000498088,1
AIG20240000498073,1
AIG20240000459310,4
AIG20210000328738,6
AIG20230000412753,6
AIG20230000412571,7
AIG20240000498172,1
AIG20240000459024,1
AIG20240000498223,1
AIG20240000498253,2
AIG20240000498278,1
AIG20240000498102,1
AIG20230000412736,5
AIG20220000409385,7
AIG20240000459174,4
AIG20230000412740,6
AIG20210000328538,5
AIG20240000459036,2
AIG20230000455460,8
AIG20240000459209,1
AIG20240000498149,1
AIG20240000498260,1
AIG20240000498262,1
AIG20200000286660,30
AIG20230000412892,6
AIG20240000458996,2
AIG20240000459389,5
AIG20240000501186,1
AIG20230000412803,4
AIG20240000501186,2
AIG20230000412579,16
AIG20240000458997,2
AIG20230000455784,24
AIG20240000459422,16
AIG20240000459422,18
AIG20230000455784,27
AIG20230000455784,26
AIG20230000455609,6
AIG20240000459422,14
AIG20240000459422,17
AIG20240000459422,19
AIG20240000459422,15
AIG20240000498272,1
AIG20230000455784,25
AIG20240000498126,1
AIG20240000459242,2
AIG20240000459068,10
AIG20240000498287,1
AIG20230000412819,9
AIG20230000455754,4
AIG20230000412645,7
AIG20240000498227,2
AIG20240000459246,1
AIG20240000498236,1
AIG20230000455731,5
AIG20240000498180,1
AIG20240000459108,3
AIG20230000412897,18
AIG20240000459086,3
AIG20240000459042,3
AIG20230000455741,5
AIG20240000459122,2
AIG20240000498257,1
AIG20240000498288,1
AIG20240000459065,2
AIG20240000498151,1
AIG20230000412712,10
AIG20240000498130,1
AIG20240000459283,6
AIG20240000459302,6
AIG20230000412856,5
AIG20240000459335,7
AIG20240000498209,1
AIG20240000459194,3
AIG20240000459064,2
AIG20240000498402,1
AIG20240000498405,1
AIG20240000498331,1
AIG20240000459278,4
AIG20230000412748,8
AIG20240000498279,2
AIG20230000455653,6
AIG20240000501189,7
AIG20240000459214,2
AIG20240000501189,17
AIG20240000459339,3
AIG20240000459164,3
AIG20240000501189,2
AIG20240000501189,4
AIG20240000501189,6
AIG20240000501189,9
AIG20240000501189,11
AIG20240000501208,1
AIG20240000459123,2
AIG20240000459296,1
AIG20240000501189,13
AIG20240000501189,15
AIG20240000501189,18
AIG20230000412895,12
AIG20240000498290,1
AIG20240000459339,4
AIG20230000412748,7
AIG20240000498368,1
AIG20240000459124,2
AIG20240000501189,16
AIG20240000501189,20
AIG20240000501189,12
AIG20240000501189,14
AIG20240000501189,19
AIG20240000498084,1
AIG20230000412578,11
AIG20240000498101,1
AIG20240000459164,4
AIG20240000501189,1
AIG20240000501189,3
AIG20240000501189,5
AIG20240000501189,8
AIG20240000501189,10
AIG20230000455746,7
AIG20240000459051,3
AIG20240000459292,5
AIG20230000455748,7
AIG20240000498395,1
AIG20240000498389,1
AIG20240000498076,2
AIG20230000455635,15
AIG20240000459414,2
AIG20240000498072,2
AIG20230000412603,9
AIG20240000498107,1
AIG20240000498213,1
AIG20230000455602,11
AIG20240000498192,1
AIG20240000498336,1
AIG20240000498338,1
AIG20240000498127,1
AIG20240000498141,1
AIG20230000455609,7
AIG20240000498396,1
AIG20240000498104,1
AIG20230000412662,10
AIG20230000455593,6
AIG20240000498097,1
AIG20240000498339,1
AIG20240000498058,2
AIG20240000498302,1
AIG20240000498384,1
AIG20240000498190,1
AIG20240000498183,1
AIG20240000498079,1
AIG20240000498204,1
AIG20240000498095,1
AIG20240000498205,1
AIG20240000498119,1
AIG20240000498268,1
AIG20240000459235,2
AIG20230000455595,7
AIG20240000501200,2
AIG20230000412868,5
AIG20240000459104,3
AIG20240000459389,6
AIG20240000501200,1
AIG20240000501200,3
AIG20240000498182,2
AIG20230000412645,8
AIG20230000455507,4
AIG20230000412871,4
AIG20240000459038,6
AIG20230000455758,4
AIG20230000455554,8
AIG20240000459268,4
AIG20230000455581,6
AIG20240000498146,1
AIG20230000412684,3
AIG20240000501197,1
AIG20240000459311,3
AIG20240000501196,1
AIG20240000459019,4
AIG20230000455743,3
AIG20240000459019,5
AIG20240000459125,3
AIG20240000459331,2
AIG20230000455640,9
AIG20230000455630,5
AIG20230000455631,5
AIG20240000459068,11
AIG20240000459249,3
AIG20240000459269,4
AIG20240000459366,2
AIG20240000459227,2
AIG20240000501255,1
AIG20240000498081,2
AIG20230000455736,8
AIG20240000459236,2
AIG20240000459209,2
AIG20240000459360,5
AIG20230000455595,9
AIG20240000459129,2
AIG20240000501257,1
AIG20230000412667,8
AIG20240000498260,2
AIG20240000459293,3
AIG20230000412815,13
AIG20230000455719,8
AIG20240000459302,7
AIG20240000498066,2
AIG20240000498142,2
AIG20230000412586,15
AIG20230000412579,17
AIG20230000412755,10
AIG20240000459059,4
AIG20230000412645,9
AIG20230000412713,4
AIG20230000455555,4
AIG20230000455656,6
AIG20230000455655,6
AIG20240000459083,4
AIG20240000498389,2
AIG20230000455687,7
AIG20240000459306,5
AIG20230000412735,8
AIG20240000498253,3
AIG20240000459189,3
AIG20230000412819,10
AIG20240000459310,5
AIG20240000498126,2
AIG20240000459279,3
AIG20240000459335,8
AIG20240000498350,2
AIG20230000412804,6
AIG20240000459167,3
AIG20240000498108,2
AIG20230000455714,5
AIG20240000459392,2
AIG20240000459261,2
AIG20230000412857,10
AIG20230000412852,7
AIG20240000459259,4
AIG20240000459371,1
AIG20240000498363,2
AIG20240000459163,4
AIG20240000459077,2
AIG20240000498353,2
AIG20240000459229,3
AIG20230000455595,8
AIG20240000498069,2
AIG20240000459133,2
AIG20240000498278,2
AIG20240000459253,2
AIG20230000412656,10
AIG20240000459286,2
AIG20240000459118,2
AIG20230000455666,5
AIG20240000459017,4
AIG20230000455704,7
AIG20240000498314,2
AIG20240000459313,2
AIG20240000459097,5
AIG20240000459267,2
AIG20240000459358,3
AIG20230000412826,9
AIG20240000459357,3
AIG20230000412607,5
AIG20240000498374,2
AIG20240000498172,2
AIG20240000498160,2
AIG20240000459068,12
AIG20240000459142,4
AIG20240000498090,2
AIG20240000501182,1
AIG20240000498380,1
AIG20230000455602,12
AIG20240000459317,3
AIG20230000412832,11
AIG20230000455720,11
AIG20240000501224,1
AIG20240000459315,3
AIG20230000455718,10
AIG20240000501204,1
AIG20230000412795,11
AIG20240000459130,2
AIG20230000455593,7
AIG20230000412664,6
AIG20240000501238,1
AIG20240000459390,7
AIG20240000459390,6
AIG20240000498185,3
AIG20240000459391,5
AIG20230000455592,5
AIG20230000412794,9
AIG20230000412747,6
AIG20230000412742,6
AIG20240000498289,2
AIG20240000459022,17
AIG20240000498058,3
AIG20240000459022,16
AIG20240000459022,13
AIG20230000455696,3
AIG20240000501191,3
AIG20240000501191,2
AIG20240000459022,19
AIG20240000459022,11
AIG20240000498382,1
AIG20240000459356,3
AIG20240000498100,2
AIG20240000459022,14
AIG20240000459022,12
AIG20240000459322,3
AIG20240000501191,1
AIG20240000459366,3
AIG20240000459022,18
AIG20240000459022,15
AIG20230000412645,10
AIG20240000459022,20
AIG20240000459389,7
AIG20230000455640,12
AIG20240000459374,3
AIG20240000498106,2
AIG20240000459156,2
AIG20240000459063,2
AIG20240000498267,2
AIG20240000498123,2
AIG20240000459194,2
AIG20230000412770,12
AIG20230000412766,13
AIG20240000498081,3
AIG20240000498072,3
AIG20240000501198,1
AIG20230000412579,18
AIG20240000498225,5
AIG20230000412571,8
AIG20240000459066,6
AIG20230000412606,8
AIG20240000498279,3
AIG20240000498244,3
AIG20240000501258,1
AIG20240000501258,5
AIG20240000498182,3
AIG20240000459422,20
AIG20240000459422,23
AIG20230000455731,6
AIG20230000455590,2
AIG20240000459091,3
AIG20240000501258,4
AIG20240000459422,22
AIG20240000459422,24
AIG20240000459183,3
AIG20240000501258,3
AIG20230000455766,9
AIG20240000459195,3
AIG20230000455587,2
AIG20240000498281,1
AIG20240000459422,21
AIG20240000459422,25
AIG20240000459185,3
AIG20240000501258,2
AIG20230000455716,3
AIG20240000498151,2
AIG20230000412694,4
AIG20240000459301,2
AIG20240000498396,2
AIG20240000459326,3
AIG20240000459036,3
AIG20240000459292,6
AIG20240000501227,1
AIG20240000498115,2
AIG20240000459415,3
AIG20230000412832,12
AIG20240000498148,1
AIG20230000412895,13
AIG20240000459307,3
AIG20240000459278,5
AIG20230000412601,5
AIG20230000455632,2
AIG20240000459254,3
AIG20240000459254,4
AIG20240000459040,3
AIG20240000459400,4
AIG20230000412868,6
AIG20240000498128,2
AIG20240000459187,5
AIG20240000459113,2
AIG20230000455588,4
AIG20240000459143,4
AIG20240000498287,2
AIG20240000501239,1
AIG20230000455692,4
AIG20230000412581,6
AIG20240000459352,3
AIG20230000412735,9
AIG20240000459328,4
AIG20240000459410,1
AIG20240000459225,2
AIG20240000498335,2
AIG20240000459059,5
AIG20240000459325,4
AIG20230000412730,6
AIG20240000459370,3
AIG20240000459368,3
AIG20240000501251,1
AIG20230000455783,4
AIG20240000459068,13
AIG20230000412580,7
AIG20240000501252,1
AIG20230000412718,8
AIG20230000455611,4
AIG20240000459347,2
AIG20240000498278,3
AIG20240000501236,1
AIG20240000459406,2
AIG20230000412591,6
AIG20230000412591,7
AIG20240000498258,2
AIG20240000498213,2
AIG20240000498248,2
AIG20240000459307,4
AIG20230000412580,6
AIG20240000498295,2
AIG20240000459207,3
AIG20230000455753,6
AIG20230000455568,4
AIG20240000501190,8
AIG20240000501190,10
AIG20240000501190,12
AIG20240000501190,14
AIG20240000501190,20
AIG20240000459005,2
AIG20230000455523,4
AIG20240000459051,4
AIG20240000501222,1
AIG20240000501190,5
AIG20240000501190,9
AIG20240000501190,11
AIG20240000501190,15
AIG20230000412866,10
AIG20230000455522,4
AIG20240000501190,3
AIG20240000501190,4
AIG20240000501190,6
AIG20240000501190,16
AIG20240000501190,18
AIG20240000501190,1
AIG20240000459086,4
AIG20240000498232,1
AIG20240000501190,2
AIG20240000501190,7
AIG20240000501190,13
AIG20240000501190,17
AIG20240000501190,19
AIG20240000501190,21
AIG20230000455554,9
AIG20240000459310,6
AIG20240000459234,2
AIG20240000498065,3
AIG20240000459434,8
AIG20240000459434,9
AIG20240000501257,2
AIG20230000412586,16
AIG20230000455719,9
AIG20240000459351,3
AIG20230000412595,4
AIG20240000501242,1
AIG20240000498142,3
AIG20230000455748,8
AIG20230000455664,5
AIG20240000498076,3
AIG20230000455746,8
AIG20230000412699,5
AIG20240000459108,4
AIG20240000459308,6
AIG20240000498156,2
AIG20240000501230,1
AIG20240000459269,5
AIG20240000498184,2
AIG20240000459122,3
AIG20240000459298,2
AIG20240000459166,4
AIG20240000458999,2
AIG20240000459191,3
AIG20240000459389,8
AIG20240000498089,2
AIG20240000459095,3
AIG20240000501195,2
AIG20240000501195,1
AIG20240000459157,3
AIG20240000459311,4
AIG20240000459360,6
AIG20230000455593,8
AIG20230000455599,4
AIG20230000412876,6
AIG20240000498288,2
AIG20240000498066,3
AIG20230000412688,5
AIG20230000412839,6
AIG20240000459359,3
AIG20240000459214,3
AIG20230000412579,19
AIG20240000459412,3
AIG20230000412748,9
AIG20230000455655,7
AIG20240000459245,2
AIG20240000498058,4
AIG20240000501209,1
AIG20230000412868,7
AIG20240000459209,3
AIG20240000501214,1
AIG20230000412748,10
AIG20240000459408,4
AIG20230000455615,7
AIG20230000412662,11
AIG20240000501197,2
AIG20230000412815,14
AIG20240000501226,1
AIG20230000455739,6
AIG20230000455640,13
AIG20230000412641,7
AIG20240000459068,14
AIG20240000498182,4
AIG20240000498104,2
AIG20230000455718,11
AIG20240000459283,7
AIG20230000412765,8
AIG20230000412755,11
AIG20240000498402,2
AIG20240000459189,4
AIG20230000455720,12
AIG20230000455581,7
AIG20240000459039,2
AIG20240000459249,4
AIG20230000412678,5
AIG20240000498342,2
AIG20240000498366,2
AIG20240000501210,1
AIG20230000412839,7
AIG20240000459270,3
AIG20240000459044,1
AIG20240000459402,4
AIG20240000459211,3
AIG20230000455694,3
AIG20240000501213,1
AIG20230000455653,7
AIG20230000455595,10
AIG20230000455612,4
AIG20240000498064,1
AIG20240000498338,2
AIG20230000455609,8
AIG20240000459374,4
AIG20230000412682,5
AIG20240000459157,2
AIG20240000498260,4
AIG20240000498072,4
AIG20230000412735,10
AIG20240000498303,2
AIG20240000498267,3
AIG20240000459302,8
AIG20230000412679,5
AIG20230000412857,11
AIG20240000498223,3
AIG20240000498314,3
AIG20240000459204,5
AIG20240000459038,7
AIG20230000455766,10
AIG20230000455744,6
AIG20230000455548,5
AIG20240000459333,2
AIG20230000412794,10
AIG20230000455754,5
AIG20240000498268,2
AIG20240000498323,1
AIG20240000501233,1
AIG20230000455728,4
AIG20240000498151,3
AIG20230000455687,8
AIG20240000498204,2
AIG20240000459434,10
AIG20240000498095,2
AIG20240000498205,2
AIG20240000501254,1
AIG20240000459335,9
AIG20230000412744,5
AIG20240000459058,2
AIG20240000498130,2
AIG20230000455717,4
AIG20240000498108,3
AIG20240000498090,3
AIG20240000459109,2
AIG20240000459115,2
AIG20240000498259,2
AIG20240000498395,2
AIG20240000459251,2
AIG20230000455734,5
AIG20240000459111,2
AIG20230000412656,11
AIG20240000459017,5
AIG20230000412834,5
AIG20240000459114,2
AIG20240000498363,3
AIG20240000459160,4
AIG20240000459225,3
AIG20230000412866,11
AIG20240000498185,4
AIG20240000498088,7
AIG20230000455630,6
AIG20230000412697,6
AIG20230000412705,8
AIG20240000459258,3
AIG20240000498384,2
AIG20230000412645,11
AIG20230000455714,6
AIG20240000459130,3
AIG20240000459121,2
AIG20230000455619,2
AIG20240000498260,5
AIG20240000498209,2
AIG20240000459209,4
AIG20240000459389,9
AIG20240000498198,2
AIG20240000498127,2
AIG20230000455736,9
AIG20240000498183,2
AIG20230000455581,8
AIG20240000459358,4
AIG20240000498119,2
AIG20240000459119,2
AIG20240000459357,4
AIG20240000498115,3
AIG20240000498108,4
AIG20230000455640,14
AIG20240000459065,3
AIG20240000498084,2
AIG20230000455719,10
AIG20230000412586,17
AIG20240000459066,7
AIG20240000459315,4
AIG20240000459317,4
AIG20230000455656,8
AIG20230000455633,4
AIG20240000459296,2
AIG20240000501258,6
AIG20240000498106,3
AIG20230000412868,8
AIG20230000455666,6
AIG20240000498123,3
AIG20230000455658,2
AIG20240000459262,2
AIG20240000498159,2
AIG20240000498065,4
AIG20240000459363,1
AIG20230000455656,7
AIG20240000498079,2
AIG20240000501257,3
AIG20230000412804,7
AIG20240000459356,4
AIG20240000459292,7
AIG20240000459259,5
AIG20240000459143,5
AIG20240000498389,3
AIG20240000459374,5
AIG20240000459307,5
AIG20240000459322,4
AIG20230000455631,6
AIG20240000459267,3
AIG20240000459034,2
AIG20240000458998,2
AIG20240000459053,2
AIG20240000459054,2
AIG20240000459191,4
AIG20240000459310,7
AIG20240000498225,6
AIG20240000501198,2
AIG20230000412770,13
AIG20230000412766,14
AIG20230000412603,10
AIG20240000459088,5
AIG20240000459163,5
AIG20240000459311,5
AIG20240000498058,5
AIG20240000498158,3
AIG20230000412742,7
AIG20230000412667,9
AIG20240000498293,1
AIG20230000455635,16
AIG20230000455753,7
AIG20240000459397,5
AIG20240000459329,2
AIG20240000498158,4
AIG20230000455602,14
AIG20240000459068,15
AIG20240000459097,6
AIG20240000498265,2
AIG20240000459391,6
AIG20230000455548,6
AIG20240000498331,2
AIG20240000459390,8
AIG20230000455718,12
AIG20240000498130,3
AIG20230000412712,12
AIG20240000498100,3
AIG20230000455720,13
AIG20240000498142,4
AIG20240000498211,2
AIG20240000459381,2
AIG20240000459059,6
AIG20240000498342,3
AIG20230000412718,9
AIG20230000412750,12
AIG20240000498314,4
AIG20240000459432,2
AIG20240000459301,3
AIG20230000412641,8
AIG20240000459426,4
AIG20230000455675,4
AIG20240000459293,4
AIG20240000458999,3
AIG20230000412740,7
AIG20230000455615,8
AIG20240000501238,2
AIG20240000459086,5
AIG20240000498278,4
AIG20230000412581,7
AIG20230000412606,9
AIG20240000459319,2
AIG20240000498374,3
AIG20230000412755,12
AIG20230000455635,17
AIG20240000498363,5
AIG20240000498363,4
AIG20240000498366,3
AIG20230000455694,4
AIG20240000498178,2
AIG20230000412852,8
AIG20240000459209,5
AIG20240000459370,4
AIG20240000459368,4
AIG20240000459168,2
AIG20230000412794,11
AIG20240000459191,5
AIG20240000459000,2
AIG20240000459088,6
AIG20230000412579,20
AIG20230000412645,12
AIG20240000459366,4
AIG20240000459328,5
AIG20240000498104,3
AIG20230000412866,12
AIG20240000459325,5
AIG20230000412586,18
AIG20230000455622,3
AIG20240000459291,3
AIG20230000455719,11
AIG20230000455555,5
AIG20230000412571,9
AIG20240000498261,2
AIG20240000459249,5
AIG20230000412747,7
AIG20240000459207,4
AIG20230000412766,15
AIG20240000459441,3
AIG20230000412607,6
AIG20240000498156,3
AIG20240000459408,5
AIG20240000459304,2
AIG20240000459409,1
AIG20240000459278,6
AIG20240000459427,3
AIG20230000412794,12
AIG20240000498338,3
AIG20240000459144,3
AIG20230000455523,5
AIG20240000498262,2
AIG20230000455522,5
AIG20240000459267,4
AIG20230000412569,4
AIG20240000498076,4
AIG20240000459068,16
AIG20230000412730,7
AIG20240000459268,5
AIG20230000412832,13
AIG20240000498107,2
AIG20230000412795,12
AIG20240000459189,5
AIG20240000498340,2
AIG20240000498353,3
AIG20230000412688,6
AIG20240000459116,2
AIG20240000459279,4
AIG20230000455739,7
AIG20230000455635,18
AIG20240000459335,10
AIG20240000501194,1
AIG20240000501194,2
AIG20230000455758,5
AIG20240000501219,3
AIG20230000455753,8
AIG20230000455507,5
AIG20240000501191,4
AIG20240000459099,3
AIG20240000501219,1
AIG20230000412656,12
AIG20240000459170,1
AIG20230000455637,2
AIG20240000459182,1
AIG20240000459269,6
AIG20240000501191,6
AIG20240000501219,2
AIG20230000412579,21
AIG20240000498128,3
AIG20230000455554,10
AIG20230000455696,4
AIG20240000498278,5
AIG20230000412892,7
AIG20240000501191,5
AIG20230000455732,4
AIG20240000459062,3
AIG20240000459108,5
AIG20240000501225,1
AIG20240000459058,3
AIG20240000459434,11
AIG20230000455604,5
AIG20240000459434,12
AIG20230000412579,22
AIG20240000459068,17
AIG20240000459360,7
AIG20240000459434,13
AIG20240000459125,4
AIG20230000455779,4
AIG20240000459267,5
AIG20240000459140,3
AIG20240000498288,3
AIG20240000459143,6
AIG20230000412857,12
AIG20230000412712,13
AIG20240000498276,2
AIG20240000498108,5
AIG20240000459393,2
AIG20240000459108,6
AIG20240000459132,5
AIG20230000455687,9
AIG20240000498253,4
AIG20230000455602,15
AIG20240000498066,4
AIG20240000459138,7
AIG20240000459283,8
AIG20240000459009,3
AIG20240000459012,3
AIG20240000459138,8
AIG20240000459179,2
AIG20240000459138,9
AIG20240000501192,1
AIG20240000501192,3
AIG20240000501192,5
AIG20240000501192,7
AIG20240000501192,9
AIG20240000501192,2
AIG20240000501192,4
AIG20240000501192,6
AIG20240000501192,8
AIG20240000501192,10
AIG20240000498302,2
AIG20240000459077,3
AIG20240000498073,2
AIG20230000412718,10
AIG20230000412748,11
AIG20230000412803,5
AIG20240000498167,1
AIG20240000498103,2
AIG20240000459306,6
AIG20240000459290,5
AIG20230000455655,8
AIG20230000412830,6
AIG20240000459397,6
AIG20230000455784,28
AIG20230000455784,29
AIG20240000459263,1
AIG20240000498184,3
AIG20230000455736,10
AIG20230000412641,9
AIG20240000459241,3
AIG20230000455664,6
AIG20240000498282,2
AIG20240000459204,6
AIG20240000459397,7
AIG20230000412885,5
AIG20240000501238,3
AIG20230000455581,9
AIG20240000501196,2
AIG20230000412883,5
AIG20240000498258,3
AIG20230000455615,9
AIG20230000412881,5
AIG20240000459389,10
AIG20240000459142,5
AIG20240000459187,6
AIG20240000459065,4
AIG20240000459174,5
AIG20230000455623,4
AIG20230000455720,14
AIG20240000501254,2
AIG20240000498115,4
AIG20240000498130,4
AIG20240000459292,8
AIG20240000459174,6
AIG20240000459402,5
AIG20240000459152,3
AIG20230000455718,13
AIG20240000498267,4
AIG20240000498287,3
AIG20240000498142,5
AIG20250000540031,1
AIG20240000501221,1
AIG20240000498363,7
AIG20240000459190,2
AIG20230000455744,7
AIG20240000501204,2
AIG20240000459422,26
AIG20240000459422,30
AIG20240000459406,3
AIG20230000455611,5
AIG20230000412692,5
AIG20230000412713,5
AIG20240000459422,28
AIG20240000459107,2
AIG20240000498265,3
AIG20240000459422,29
AIG20240000459422,31
AIG20240000459183,4
AIG20240000501258,7
AIG20240000459301,5
AIG20240000459422,27
AIG20240000459046,5
AIG20230000412662,12
AIG20240000459042,4
AIG20240000459357,5
AIG20240000498172,3
AIG20240000501257,4
AIG20230000412840,4
AIG20230000455704,8
AIG20230000412815,16
AIG20230000455687,10
AIG20240000498339,2
AIG20240000459358,5
AIG20240000459227,3
AIG20230000412694,5
AIG20240000498368,2
AIG20230000455714,7
AIG20240000498402,3
AIG20240000459302,9
AIG20240000459317,5
AIG20240000459315,5
AIG20240000498223,4
AIG20230000412678,7
AIG20240000459066,8
AIG20240000498279,5
AIG20230000455589,4
AIG20240000459116,3
AIG20240000498343,2
AIG20240000498058,6
AIG20240000459242,3
AIG20240000459234,3
AIG20240000498289,3
AIG20240000459049,2
AIG20240000459122,4
AIG20230000455653,8
AIG20250000501655,1
AIG20240000498350,3
AIG20240000459290,6
AIG20230000455593,9
AIG20240000459412,4
AIG20240000459285,2
AIG20240000459352,4
AIG20240000459143,7
AIG20240000498260,7
AIG20240000459156,3
AIG20240000459322,5
AIG20240000498081,4
AIG20230000455754,6
AIG20230000455635,19
AIG20230000455548,7
AIG20240000459267,6
AIG20240000459157,4
AIG20240000459095,4
AIG20240000459038,8
AIG20230000455612,5
AIG20230000412736,6
AIG20240000459021,3
AIG20230000412750,13
AIG20240000459229,4
AIG20230000412770,14
AIG20240000459068,18
AIG20240000459210,3
AIG20240000459166,5
AIG20240000459209,6
AIG20240000459310,8
AIG20240000459415,4
AIG20230000412766,16
AIG20230000455719,12
AIG20230000455595,11
AIG20240000501198,3
AIG20230000412656,13
AIG20230000455753,9
AIG20240000501189,28
AIG20240000501189,30
AIG20230000455615,10
AIG20240000501189,32
AIG20240000501189,34
AIG20240000501189,36
AIG20240000459290,7
AIG20230000455609,9
AIG20240000501189,22
AIG20240000501189,24
AIG20240000501189,26
AIG20240000501200,4
AIG20240000501200,6
AIG20240000501189,39
AIG20240000501189,41
AIG20250000501460,1
AIG20240000498205,3
AIG20240000459040,4
AIG20240000501189,23
AIG20240000501189,29
AIG20240000501189,31
AIG20240000501200,5
AIG20240000501200,7
AIG20240000501189,35
AIG20240000501189,38
AIG20240000501189,40
AIG20230000455666,7
AIG20230000455615,11
AIG20240000498225,7
AIG20240000501189,33
AIG20240000501189,37
AIG20240000498245,2
AIG20230000455460,9
AIG20230000455731,7
AIG20240000459434,14
AIG20240000498204,3
AIG20230000412718,11
AIG20240000501189,21
AIG20240000501189,25
AIG20240000501189,27
AIG20230000412895,14
AIG20240000498335,3
AIG20240000498260,8
AIG20240000459019,6
AIG20240000498209,3
AIG20230000412603,11
AIG20230000412826,11
AIG20240000498090,4
AIG20240000498089,3
AIG20240000459414,3
AIG20240000498338,4
AIG20230000455734,6
AIG20240000498151,4
AIG20240000459166,6
AIG20240000498069,3
AIG20240000459409,2
AIG20240000459191,6
AIG20230000412586,19
AIG20240000498106,4
AIG20240000498072,5
AIG20240000459194,4
AIG20230000412794,13
AIG20240000498084,3
AIG20240000501230,2
AIG20230000455555,6
AIG20250000501460,2
AIG20240000459237,2
AIG20250000501478,1
AIG20240000459290,8
AIG20230000412718,12
AIG20240000459267,7
AIG20240000498362,3
AIG20240000459374,7
AIG20240000498185,5
AIG20240000459351,4
AIG20230000412697,7
AIG20240000459391,7
AIG20240000498244,4
AIG20230000455593,10
AIG20240000459189,6
AIG20240000501239,2
AIG20240000459390,9
AIG20230000455749,4
AIG20250000501488,1
AIG20230000412755,13
AIG20240000498102,2
AIG20230000455717,5
AIG20240000501213,2
AIG20240000459389,11
AIG20230000455783,5
AIG20230000455656,9
AIG20230000412688,7
AIG20240000459026,1
AIG20240000459298,3
AIG20230000455694,5
AIG20240000501236,2
AIG20240000459083,6
AIG20240000498158,6
AIG20240000459365,1
AIG20240000498100,4
AIG20240000459065,5
AIG20240000498158,5
AIG20240000459245,3
AIG20230000412645,13
AIG20240000459374,6
AIG20240000459293,5
AIG20240000498384,3
AIG20240000459086,6
AIG20240000498303,3
AIG20240000498126,3
AIG20240000459167,4
AIG20240000459186,2
AIG20240000459179,3
AIG20240000498142,6
AIG20240000498160,3
AIG20240000498066,5
AIG20240000459311,6
AIG20240000498081,5
AIG20240000498115,5
AIG20240000498130,5
AIG20230000455746,9
AIG20240000459283,9
AIG20240000459302,10
AIG20250000501652,2
AIG20250000501652,1
AIG20230000455630,7
AIG20240000459118,3
AIG20230000455640,15
AIG20240000459236,3
AIG20240000498149,2
AIG20230000412667,10
AIG20240000498248,3
AIG20230000412847,6
AIG20230000455766,11
AIG20230000412742,8
AIG20230000412871,5
AIG20240000501197,3
AIG20240000459160,5
AIG20240000459331,3
AIG20240000459125,5
AIG20230000455588,6
AIG20240000459268,6
AIG20230000455631,7
AIG20250000501400,1
AIG20230000455635,20
AIG20250000501655,2
AIG20240000501250,1
AIG20240000498374,4
AIG20230000455718,14
AIG20240000459066,9
AIG20240000498295,3
AIG20230000455720,15
AIG20240000459133,3
AIG20240000459068,19
AIG20250000501341,1
AIG20230000412645,14
AIG20250000501459,1
AIG20240000498180,2
AIG20230000455739,8
AIG20240000459090,4
AIG20230000412830,7
AIG20240000459366,5
AIG20230000412581,8
AIG20240000459408,6
AIG20250000501668,1
AIG20240000459058,4
AIG20240000459328,6
AIG20250000501684,1
AIG20240000459209,7
AIG20230000412699,6
AIG20230000412857,13
AIG20240000459291,4
AIG20240000459287,2
AIG20250000501486,1
AIG20230000455554,11
AIG20240000498151,5
AIG20240000498267,5
AIG20250000501527,1
AIG20250000501373,1
AIG20240000498260,9
AIG20230000455753,10
AIG20230000455633,5
AIG20250000501559,1
AIG20230000412750,14
AIG20240000498058,7
AIG20230000412794,14
AIG20250000501434,1
AIG20250000501355,1
AIG20230000455736,11
AIG20230000412656,14
AIG20240000459164,5
AIG20240000498079,3
AIG20240000459339,5
AIG20240000498127,3
AIG20240000459130,4
AIG20240000498279,6
AIG20250000501352,1
AIG20240000498314,6
AIG20240000501251,2
AIG20240000459329,3
AIG20230000412718,13
AIG20240000459164,6
AIG20240000459339,6
AIG20240000498259,3
AIG20250000501446,1
AIG20240000501257,5
AIG20240000498123,4
AIG20240000498108,6
AIG20250000501427,1
AIG20250000501447,1
AIG20240000459414,4
AIG20240000498389,4
AIG20240000501238,4
AIG20230000455595,12
AIG20250000501781,1
AIG20240000498253,5
AIG20240000459091,4
AIG20240000498213,3
AIG20230000455719,13
AIG20240000498260,11
AIG20240000498225,8
AIG20240000459059,7
AIG20230000412832,14
AIG20230000455748,9
AIG20240000459403,1
AIG20240000498068,2
AIG20230000455590,3
AIG20240000459258,4
AIG20250000501503,1
AIG20240000459271,2
AIG20240000501258,9
AIG20240000501258,8
AIG20250000501572,1
AIG20250000501572,2
AIG20230000455587,3
AIG20250000501439,1
AIG20250000501509,1
AIG20240000459389,12
AIG20240000501258,10
AIG20240000459359,4
AIG20240000498232,2
AIG20240000498076,5
AIG20240000498185,6
AIG20240000501217,1
AIG20240000501255,2
AIG20240000501219,4
AIG20240000498101,2
AIG20240000459313,3
AIG20230000412740,8
AIG20230000455766,12
AIG20240000498119,3
AIG20240000459371,2
AIG20230000412641,10
AIG20240000459352,5
AIG20230000455602,18
AIG20250000501512,1
AIG20240000459286,3
AIG20240000459325,6
AIG20240000459411,2
AIG20250000501484,1
AIG20240000459017,6
AIG20230000412586,20
AIG20240000459358,6
AIG20250000501725,1
AIG20240000459357,6
AIG20250000501746,1
AIG20230000412766,17
AIG20240000498353,4
AIG20240000459406,4
AIG20240000459287,3
AIG20230000455784,30
AIG20250000501364,1
AIG20240000459335,11
AIG20240000459105,2
AIG20240000459315,6
AIG20240000459317,6
AIG20240000498223,5
AIG20240000498072,6
AIG20240000498287,4
AIG20240000459141,1
AIG20230000412852,9
AIG20240000459422,34
AIG20240000459422,36
AIG20240000459422,32
AIG20250000501460,4
AIG20240000498159,3
AIG20240000501208,2
AIG20230000455791,3
AIG20240000459422,33
AIG20240000459422,35
AIG20240000459210,4
AIG20240000459123,3
AIG20240000459278,7
AIG20240000459124,3
AIG20240000459422,37
AIG20240000459432,3
AIG20240000459068,20
AIG20250000501515,1
AIG20240000459356,6
AIG20240000459322,6
AIG20250000501374,1
AIG20240000498088,8
AIG20250000501714,1
AIG20240000459434,15
AIG20240000459434,16
AIG20250000501562,1
AIG20240000459108,7
AIG20250000501529,1
AIG20240000459227,4
AIG20240000498288,4
AIG20240000459209,8
AIG20230000412766,18
AIG20230000412770,15
AIG20230000412645,16
AIG20230000412876,7
AIG20240000459066,10
AIG20250000501396,1
AIG20240000459423,2
AIG20240000459233,4
AIG20250000501602,1
AIG20240000501252,2
AIG20240000459104,4
AIG20240000459232,4
AIG20230000455555,7
AIG20250000501602,2
AIG20230000412747,8
AIG20230000455611,6
AIG20230000455592,6
AIG20240000501227,2
AIG20250000501686,1
AIG20240000501209,2
AIG20240000498156,4
AIG20250000501335,1
AIG20230000455744,8
AIG20230000412579,23
AIG20250000501473,1
AIG20240000501214,2
AIG20240000459163,6
AIG20230000412730,8
AIG20250000501379,1
AIG20240000459336,2
AIG20240000498081,6
AIG20230000412601,6
AIG20240000498338,5
AIG20250000501400,2
AIG20250000501522,1
AIG20250000501428,1
AIG20240000459187,7
AIG20240000459214,4
AIG20230000455635,21
AIG20240000459302,11
AIG20240000501198,4
AIG20240000459283,10
AIG20240000498142,7
AIG20240000498130,6
AIG20230000412826,12
AIG20250000501733,1
AIG20250000501392,1
AIG20230000455653,9
AIG20250000501456,1
AIG20240000498314,7
AIG20230000412641,11
AIG20250000501694,1
AIG20230000412748,12
AIG20250000501352,2
AIG20250000501754,1
AIG20240000498149,3
AIG20240000459306,7
AIG20230000455731,8
AIG20240000459311,7
AIG20230000455589,5
AIG20240000498278,6
AIG20250000501670,1
AIG20240000459412,5
AIG20240000459426,5
AIG20240000459386,2
AIG20240000459268,7
AIG20250000501665,1
AIG20250000501677,1
AIG20240000501190,23
AIG20240000501190,25
AIG20240000501190,27
AIG20240000501190,29
AIG20240000501190,34
AIG20240000501190,38
AIG20240000459303,2
AIG20250000501679,1
AIG20250000501674,1
AIG20250000501345,1
AIG20240000501190,24
AIG20240000501190,35
AIG20240000501190,39
AIG20240000459038,9
AIG20240000501197,4
AIG20250000501656,1
AIG20250000501669,1
AIG20250000501678,1
AIG20240000501190,32
AIG20240000501190,31
AIG20240000501190,36
AIG20240000501190,40
AIG20240000501190,22
AIG20240000501190,26
AIG20240000501190,28
AIG20240000501190,30
AIG20240000501190,33
AIG20240000501190,37
AIG20240000501190,41
AIG20240000459185,4
AIG20230000455720,16
AIG20240000501238,5
AIG20250000501671,1
AIG20250000501666,1
AIG20250000501645,1
AIG20230000455640,16
AIG20250000501399,1
AIG20240000459138,11
AIG20240000459138,12
AIG20230000455749,5
AIG20240000459068,21
AIG20250000501719,1
AIG20230000455718,15
AIG20240000498115,6
AIG20240000459160,6
AIG20230000412755,14
AIG20240000459091,5
AIG20230000455720,17
AIG20230000412606,10
AIG20250000501436,1
AIG20250000501640,1
AIG20240000459084,2
AIG20250000501352,3
AIG20230000412753,7
AIG20230000455655,9
AIG20230000412718,14
AIG20250000501522,2
AIG20230000412656,15
AIG20240000459077,4
AIG20240000459359,5
AIG20240000498260,12
AIG20240000498184,4
AIG20250000501381,1
AIG20240000459225,4
AIG20250000501639,1
AIG20240000498225,9
AIG20250000501588,1
AIG20250000501724,1
AIG20240000459366,6
AIG20240000498366,4
AIG20230000455753,11
AIG20240000498123,5
AIG20230000455714,8
AIG20240000498126,4
AIG20230000455593,11
AIG20240000498395,3
AIG20230000455460,10
AIG20250000501522,3
AIG20240000459414,5
AIG20250000501586,1
AIG20250000541106,1
AIG20240000501191,8
AIG20230000412678,8
AIG20230000455588,7
AIG20240000501191,7
AIG20240000501191,9
AIG20240000501210,2
AIG20250000501352,4
AIG20230000412830,8
AIG20250000501715,1
AIG20240000501224,2
AIG20240000498204,4
AIG20240000459132,4
AIG20240000498205,4
AIG20240000498260,13
AIG20240000498058,8
AIG20230000455581,10
AIG20250000501427,2
AIG20240000459323,4
AIG20240000459010,1
AIG20240000459269,7
AIG20240000498072,7
AIG20240000459097,8
AIG20230000412586,21
AIG20240000498066,6
AIG20230000455719,14
AIG20240000459328,7
AIG20250000501646,1
AIG20250000501364,2
AIG20250000501781,2
AIG20240000459086,7
AIG20230000412718,15
AIG20230000455610,3
AIG20240000498101,3
AIG20240000459254,5
AIG20230000455656,10
AIG20230000455734,7
AIG20230000412750,15
AIG20250000543069,1
AIG20240000498106,5
AIG20240000459024,2
AIG20240000498265,4
AIG20240000459059,8
AIG20250000501655,3
AIG20250000501478,2
AIG20240000459091,6
AIG20250000501481,1
AIG20240000459254,6
AIG20250000501779,1
AIG20240000498267,6
AIG20230000412641,12
AIG20240000459259,6
AIG20240000501193,7
AIG20240000501193,4
AIG20240000501193,6
AIG20230000412800,3
AIG20250000501545,1
AIG20240000501193,2
AIG20240000501193,5
AIG20240000501193,1
AIG20240000501193,3
AIG20240000459166,7
AIG20250000501393,1
AIG20230000412699,7
AIG20240000498178,3
AIG20240000501182,2
AIG20240000459220,1
AIG20240000459325,7
AIG20240000501195,4
AIG20250000501497,1
AIG20240000501195,3
AIG20240000459066,11
AIG20250000501443,1
AIG20240000459097,10
AIG20250000501639,2
AIG20250000501613,1
AIG20240000498148,2
AIG20240000498126,5
AIG20240000498366,5
AIG20240000459104,5
AIG20230000412740,9
AIG20240000459142,6
AIG20250000501640,2
AIG20230000412656,16
AIG20240000459113,3
AIG20230000412718,16
AIG20240000498100,5
AIG20240000459368,5
AIG20240000498261,3
AIG20230000455753,12
AIG20250000501393,2
AIG20240000459356,7
AIG20240000459402,6
AIG20230000412688,8
AIG20230000412842,5
AIG20240000458999,4
AIG20250000501545,2
AIG20240000459315,7
AIG20250000501578,1
AIG20240000459279,5
AIG20250000501475,1
AIG20240000459322,7
AIG20240000459358,7
AIG20230000455741,6
AIG20240000498342,4
AIG20230000412591,8
AIG20240000498260,14
AIG20240000498172,5
AIG20230000412591,9
AIG20240000459068,22
AIG20240000498258,4
AIG20250000501370,1
AIG20240000498090,5
AIG20230000455694,6
AIG20230000412580,8
AIG20230000455635,22
AIG20240000498262,3
AIG20240000459302,12
AIG20240000498130,7
AIG20230000412832,15
AIG20230000412770,16
AIG20230000412766,19
AIG20250000501733,2
AIG20240000459390,10
AIG20240000459036,4
AIG20250000501445,1
AIG20240000459381,3
AIG20230000455612,6
AIG20230000412839,8
AIG20240000498244,5
AIG20240000459389,13
AIG20240000498108,7
AIG20250000501512,2
AIG20230000455675,5
AIG20250000501572,3
AIG20250000501503,2
AIG20250000501445,2
AIG20230000455573,10
AIG20230000455687,11
AIG20230000455554,12
AIG20230000455548,8
AIG20240000459406,5
AIG20240000498248,4
AIG20240000498287,5
AIG20240000459335,12
AIG20230000455692,5
AIG20240000501236,3
AIG20250000543071,1
AIG20240000459211,4
AIG20240000459423,3
AIG20240000498128,4
AIG20230000412839,9
AIG20240000498366,6
AIG20240000459227,5
AIG20250000501520,1
AIG20250000501456,2
AIG20230000455739,9
AIG20240000459209,9
AIG20230000455611,7
AIG20240000459268,8
AIG20250000501663,1
AIG20250000501522,4
AIG20250000501393,3
AIG20240000498303,4
AIG20240000459065,6
AIG20240000501233,2
AIG20230000412662,13
AIG20250000501545,3
AIG20230000412662,14
AIG20230000455715,7
AIG20240000498071,1
AIG20240000459210,5
AIG20230000412667,11
AIG20240000459288,10
AIG20230000455720,18
AIG20250000501472,1
AIG20240000498142,8
AIG20250000501714,2
AIG20240000459352,6
AIG20240000459291,5
AIG20240000459097,9
AIG20240000498141,2
AIG20240000498223,7
AIG20250000541110,1
AIG20230000455718,16
AIG20250000501719,2
AIG20250000501515,2
AIG20230000412868,9
AIG20230000412718,17
AIG20240000459278,8
AIG20240000498353,5
AIG20240000498302,3
AIG20230000455635,23
AIG20230000455736,12
AIG20240000498314,8
AIG20240000498213,4
AIG20250000501460,5
AIG20240000459329,4
AIG20240000459097,11
AIG20230000412895,15
AIG20240000459333,3
AIG20250000501779,2
AIG20250000501724,2
AIG20240000498076,6
AIG20230000455595,13
AIG20240000459191,7
AIG20230000412697,8
AIG20240000498160,4
AIG20230000455631,8
AIG20230000455715,8
AIG20240000498123,6
AIG20240000459288,11
AIG20250000501657,1
AIG20230000455593,12
AIG20240000459283,11
AIG20240000498115,7
AIG20230000412755,15
AIG20240000459357,8
AIG20240000501227,3
AIG20240000459317,8
AIG20230000455719,15
AIG20240000459009,4
AIG20240000459408,7
AIG20230000455753,13
AIG20230000412747,9
AIG20250000543075,1
AIG20240000498099,1
AIG20240000459091,8
AIG20240000459412,6
AIG20230000412656,17
AIG20250000501509,2
AIG20240000459068,23
AIG20240000498084,4
AIG20250000501639,3
AIG20250000501640,3
AIG20240000498156,5
AIG20230000412718,18
AIG20240000459278,9
AIG20240000498183,3
AIG20240000459307,6
AIG20240000498366,7
AIG20230000412586,22
AIG20230000412804,8
AIG20230000455664,7
AIG20240000498089,4
AIG20240000501198,5
AIG20240000498342,5
AIG20240000459415,5
AIG20240000498095,3
AIG20240000459311,8
AIG20240000498072,8
AIG20240000498066,7
AIG20230000455653,10
AIG20240000498158,7
AIG20240000498159,4
AIG20250000501427,3
AIG20250000501364,3
AIG20250000501694,2
AIG20240000459059,9
AIG20240000459039,3
AIG20230000455602,19
AIG20240000459389,14
AIG20230000412750,16
AIG20240000498211,3
AIG20250000501473,2
AIG20240000459157,7
AIG20240000498260,17
AIG20230000412857,14
AIG20230000412740,10
AIG20240000459301,8
AIG20250000501362,1
AIG20250000501341,2
AIG20250000501373,2
AIG20240000498248,5
AIG20230000412569,5
AIG20250000501454,1
AIG20240000501222,2
AIG20240000459365,2
AIG20250000501522,5
AIG20240000498366,8
AIG20240000498108,8
AIG20240000459258,5
AIG20240000498079,4
AIG20250000501743,1
AIG20240000459422,39
AIG20240000459422,41
AIG20240000459422,42
AIG20230000455587,4
AIG20240000459319,3
AIG20240000459422,40
AIG20240000459422,43
AIG20240000459422,38
AIG20250000501722,1
AIG20230000455590,4
AIG20240000459091,7
AIG20240000459167,5
AIG20240000459374,8
AIG20230000455635,24
AIG20240000498126,6
AIG20250000501370,2
AIG20240000498172,6
AIG20250000501714,3
AIG20250000501645,2
AIG20250000541108,1
AIG20240000498362,4
AIG20240000498395,4
AIG20250000501428,2
AIG20240000498335,4
AIG20230000455744,9
AIG20240000498108,9
AIG20250000501733,3
AIG20230000455633,6
AIG20240000501230,3
AIG20250000501335,2
AIG20250000501670,2
AIG20230000412699,8
AIG20240000459278,10
AIG20230000412688,9
AIG20250000501721,1
AIG20240000459441,4
AIG20240000459185,5
AIG20230000455611,8
AIG20230000455588,8
AIG20230000412705,9
AIG20240000459427,4
AIG20230000412868,10
AIG20250000501462,1
AIG20230000412892,8
AIG20250000501735,1
AIG20240000459307,8
AIG20240000498290,2
AIG20240000501226,2
AIG20230000455754,7
AIG20240000501197,5
AIG20240000498225,10
AIG20230000412842,6
AIG20240000459086,8
AIG20230000455696,5
AIG20240000459434,17
AIG20230000455593,13
AIG20240000459336,3
AIG20250000501341,3
AIG20230000455661,3
AIG20240000459306,8
AIG20240000459434,18
AIG20240000501239,3
AIG20240000459286,4
AIG20250000501355,2
AIG20240000498305,1
AIG20230000455460,12
AIG20250000501724,3
AIG20240000459114,3
AIG20240000459109,3
AIG20240000459313,4
AIG20240000459111,3
AIG20240000459115,3
AIG20230000412834,6
AIG20240000498253,6
AIG20230000412770,17
AIG20230000412581,11
AIG20230000412766,20
AIG20230000455791,11
AIG20250000501387,1
AIG20240000498204,5
AIG20230000455656,11
AIG20250000501527,2
AIG20240000459170,2
AIG20250000543125,1
AIG20230000455791,12
AIG20250000543140,1
AIG20240000459307,9
AIG20240000498084,5
AIG20240000459323,5
AIG20240000498205,5
AIG20230000412718,19
AIG20240000459083,7
AIG20250000501779,3
AIG20240000459099,4
AIG20240000459108,9
AIG20240000459062,4
AIG20240000501192,11
AIG20250000501779,4
AIG20250000501393,4
AIG20250000501545,4
AIG20240000459412,7
AIG20230000455640,17
AIG20240000498260,18
AIG20240000498343,3
AIG20250000543145,1
AIG20250000501655,4
AIG20240000498058,9
AIG20250000501447,2
AIG20230000412868,11
AIG20230000412641,13
AIG20240000459012,4
AIG20230000412830,9
AIG20240000501194,3
AIG20230000455714,9
AIG20230000455595,14
AIG20240000459397,9
AIG20240000498178,4
AIG20240000459386,3
AIG20240000501238,6
AIG20240000459140,4
AIG20230000412581,10
AIG20240000498267,7
AIG20240000459303,3
AIG20240000501224,3
AIG20250000501678,2
AIG20250000501355,3
AIG20230000455791,13
AIG20250000501762,1
AIG20250000543086,1
AIG20230000412826,13
AIG20240000501250,2
AIG20240000459042,6
AIG20230000412815,17
AIG20230000455708,4
AIG20230000412697,9
AIG20230000412694,6
AIG20250000501486,2
AIG20230000455593,14
AIG20240000459042,7
AIG20230000455732,5
AIG20240000459209,10
AIG20250000501484,2
AIG20250000501775,1
AIG20240000459132,6
AIG20230000412831,3
AIG20250000501719,3
AIG20230000412718,20
AIG20230000455791,14
AIG20230000455791,15
AIG20240000459066,12
AIG20240000459381,4
AIG20230000412794,15
AIG20240000498258,5
AIG20240000459157,9
AIG20240000459227,6
AIG20250000543077,1
AIG20240000459325,9
AIG20240000501209,3
AIG20250000501640,4
AIG20240000459426,6
AIG20230000455604,6
AIG20230000455653,11
AIG20240000459368,6
AIG20250000501503,3
AIG20240000498342,6
AIG20240000498209,4
AIG20230000455622,4
AIG20250000543108,1
AIG20240000459293,6
AIG20240000459357,9
AIG20240000459356,9
AIG20240000459317,10
AIG20250000501415,1
AIG20230000455754,11
AIG20250000543095,1
AIG20230000455749,8
AIG20240000498184,5
AIG20230000455749,6
AIG20240000459262,3
AIG20250000501481,3
AIG20240000498172,7
AIG20230000455548,9
AIG20240000501213,3
AIG20230000455720,19
AIG20240000501214,3
AIG20240000498368,3
AIG20240000459204,7
AIG20230000412718,21
AIG20250000501509,3
AIG20250000501443,2
AIG20230000412742,9
AIG20240000498069,4
AIG20240000459358,10
AIG20250000501757,1
AIG20240000459358,9
AIG20240000459315,10
AIG20240000459322,9
AIG20230000455791,16
AIG20230000412803,6
AIG20250000501522,6
AIG20240000498184,6
AIG20240000459090,5
AIG20250000501447,3
AIG20240000459287,4
AIG20240000501204,3
AIG20240000459325,8
AIG20250000501622,1
AIG20230000412641,14
AIG20230000455548,10
AIG20230000455728,5
AIG20230000455595,15
AIG20240000498073,3
AIG20240000501219,5
AIG20240000498282,3
AIG20250000501515,3
AIG20230000455753,14
AIG20250000501512,3
AIG20240000498314,9
AIG20230000412656,18
AIG20240000498265,5
AIG20250000501638,1
AIG20240000459108,10
AIG20240000498340,3
AIG20240000459168,6
AIG20240000459356,10
AIG20240000459317,9
AIG20230000412740,11
AIG20250000501445,3
AIG20240000459360,9
AIG20240000459168,5
AIG20240000459357,10
AIG20240000459315,9
AIG20240000459322,10
AIG20240000498278,7
AIG20240000459214,5
AIG20240000498108,10
AIG20240000459328,8
AIG20240000459113,4
AIG20240000459119,3
AIG20250000501460,7
AIG20230000455604,7
AIG20230000455718,17
AIG20240000498366,9
AIG20230000455749,7
AIG20250000501341,4
AIG20240000459187,8
AIG20250000501613,2
AIG20230000412667,12
AIG20250000501559,2
AIG20240000498302,4
AIG20240000459298,4
AIG20240000459042,8
AIG20250000501481,2
AIG20240000498331,3
AIG20230000455746,10
AIG20240000459068,25
AIG20250000501481,4
AIG20240000459234,4
AIG20230000412847,7
AIG20240000498142,10
AIG20250000501476,1
AIG20230000455675,6
AIG20240000459133,4
AIG20250000501355,4
AIG20240000498095,4
AIG20250000501427,4
AIG20230000455635,25
AIG20240000498108,11
AIG20240000459138,16
AIG20230000455602,20
AIG20230000455748,10
AIG20250000501364,4
AIG20240000459333,4
AIG20240000459268,9
AIG20240000498115,9
AIG20240000498115,8
AIG20240000459168,7
AIG20250000501392,2
AIG20250000501734,1
AIG20230000455754,40
AIG20250000501529,3
AIG20240000498183,4
AIG20250000501529,2
AIG20240000459065,9
AIG20230000455779,5
AIG20240000459138,14
AIG20240000498395,5
AIG20240000459195,4
AIG20240000498072,9
AIG20240000459259,7
AIG20250000501781,3
AIG20240000459302,13
AIG20240000459389,15
AIG20250000501645,3
AIG20240000459138,13
AIG20240000459042,9
AIG20230000455791,17
AIG20240000498198,3
AIG20240000459068,24
AIG20250000543151,1
AIG20240000459138,15
AIG20230000412883,6
AIG20230000455708,3
AIG20250000543107,1
AIG20240000498106,8
AIG20240000498402,5
AIG20230000412832,17
AIG20230000412885,6
AIG20230000412881,6
AIG20230000455615,12
AIG20230000455784,31
AIG20240000498288,5
AIG20250000501370,3
AIG20230000455719,16
AIG20230000455573,11
AIG20240000498142,9
AIG20240000459084,3
AIG20230000412586,23
AIG20230000412712,16
AIG20250000501596,1
AIG20240000459166,8
AIG20250000543149,1
AIG20240000459311,9
AIG20230000455734,8
AIG20240000498248,7
AIG20230000455687,12
AIG20230000412736,7
AIG20230000455597,3
AIG20250000501516,1
AIG20250000501576,1
AIG20250000501703,1
AIG20240000459374,9
AIG20240000459153,9
AIG20230000455554,13
AIG20230000455658,3
AIG20250000501754,2
AIG20230000455630,8
AIG20250000501571,1
AIG20250000501520,2
AIG20240000498248,6
AIG20240000501236,4
AIG20250000501657,2
AIG20230000412581,9
AIG20230000412871,6
AIG20250000501479,1
AIG20250000543076,1
AIG20250000543143,1
AIG20240000498245,3
AIG20240000498276,3
AIG20240000459301,12
AIG20230000455731,9
AIG20240000498122,1
AIG20240000459278,12
AIG20230000412755,16
AIG20230000455754,41
AIG20250000501456,3
AIG20250000501533,1
AIG20230000455673,3
AIG20240000459044,2
AIG20230000412866,13
AIG20230000455623,5
AIG20240000498374,5
AIG20240000501186,3
AIG20240000501200,9
AIG20240000501200,8
AIG20240000501200,10
AIG20240000459132,7
AIG20240000459107,3
AIG20250000501352,6
AIG20250000501572,4
AIG20240000459107,4
AIG20240000459077,5
AIG20240000498088,9
AIG20240000459311,10
AIG20240000459142,7
AIG20240000459403,2
AIG20240000498350,4
AIG20240000459234,5
AIG20240000501189,48
AIG20240000501189,50
AIG20240000501189,56
AIG20240000501189,54
AIG20240000459403,3
AIG20240000501189,43
AIG20240000501189,57
AIG20240000501189,59
AIG20240000498380,2
AIG20240000501225,2
AIG20240000501189,45
AIG20240000501189,47
AIG20240000501189,53
AIG20240000501189,58
AIG20240000501189,60
AIG20240000501189,55
AIG20240000501189,52
AIG20240000501189,42
AIG20240000501189,44
AIG20240000501189,46
AIG20240000501189,51
AIG20240000501189,49
AIG20240000459068,26
AIG20250000501436,2
AIG20240000459351,5
AIG20240000498223,17
AIG20240000459310,9
AIG20240000459242,4
AIG20240000501254,3
AIG20250000501639,4
AIG20240000498101,4
AIG20250000501447,5
AIG20250000501352,5
AIG20240000459368,7
AIG20240000459091,9
AIG20240000459267,8
AIG20240000459019,8
AIG20240000459390,11
AIG20240000498342,7
AIG20240000459019,7
AIG20240000459189,7
AIG20240000459125,6
AIG20240000459157,8
AIG20240000498123,7
AIG20240000498100,6
AIG20240000498182,5
AIG20250000501733,4
AIG20240000459210,6
AIG20240000459302,14
AIG20240000459095,5
AIG20250000543150,1
AIG20250000501655,5
AIG20240000498353,6
AIG20240000459408,8
AIG20250000543139,1
AIG20240000501257,6
AIG20240000459156,4
AIG20240000458999,5
AIG20240000498160,5
AIG20240000498389,5
AIG20240000459191,8
AIG20240000459068,27
AIG20240000459409,4
AIG20240000498142,11
AIG20240000459283,12
AIG20250000501400,3
AIG20240000498066,8
AIG20240000498115,10
AIG20250000501724,4
AIG20250000501364,5
AIG20240000459143,8
AIG20240000459236,4
AIG20240000459258,6
AIG20240000459301,14
AIG20250000543105,2
AIG20240000459366,7
AIG20240000498084,6
AIG20240000459434,19
AIG20250000501335,3
AIG20240000498108,12
AIG20240000459422,45
AIG20240000459422,47
AIG20240000459422,49
AIG20240000459434,20
AIG20240000459422,46
AIG20240000459422,48
AIG20240000459185,6
AIG20240000459422,44
AIG20250000501522,7
AIG20250000501379,2
AIG20240000459104,6
AIG20240000459167,6
AIG20250000543105,3
AIG20240000498209,5
AIG20250000501355,5
AIG20250000501374,2
AIG20240000498223,18
AIG20250000501719,4
AIG20240000458997,3
AIG20240000458996,3
AIG20240000459335,13
AIG20240000498128,5
AIG20250000501694,3
AIG20240000459059,10
AIG20240000498267,8
AIG20250000501512,4
AIG20240000498158,8
AIG20250000543105,4
AIG20240000498278,8
AIG20240000501191,12
AIG20250000501663,2
AIG20240000501251,3
AIG20240000498374,6
AIG20240000459301,15
AIG20240000498248,9
AIG20250000501602,3
AIG20250000501602,4
AIG20240000498303,5
AIG20240000501191,11
AIG20240000501191,10
AIG20240000498141,3
AIG20250000501387,2
AIG20240000501252,3
AIG20240000459368,8
AIG20250000543071,2
AIG20250000501686,2
AIG20240000459209,11
AIG20240000459292,11
AIG20240000498172,8
AIG20240000501238,7
AIG20240000498342,8
AIG20250000501428,3
AIG20240000459286,5
AIG20240000459313,5
AIG20240000498253,7
AIG20240000498260,19
AIG20240000459311,11
AIG20240000459118,4
AIG20250000501586,2
AIG20250000543105,5
AIG20240000501198,6
AIG20240000498178,5
AIG20240000459191,9
AIG20240000498072,10
AIG20240000459179,4
AIG20240000459068,28
AIG20250000501715,2
AIG20240000459225,5
AIG20240000459133,5
AIG20240000501236,5
AIG20240000459410,2
AIG20240000498288,6
AIG20240000501258,11
AIG20240000501258,13
AIG20240000501230,4
AIG20240000459279,6
AIG20240000501258,12
AIG20240000498184,7
AIG20250000501473,3
AIG20250000501460,9
AIG20240000459268,10
AIG20240000459022,30
AIG20240000459261,3
AIG20250000501572,5
AIG20240000459022,23
AIG20240000459022,27
AIG20250000501694,4
AIG20240000459022,29
AIG20240000459022,21
AIG20240000459022,25
AIG20240000459267,9
AIG20240000459042,10
AIG20240000459392,3
AIG20240000459022,22
AIG20240000459022,26
AIG20250000501779,5
AIG20240000459113,5
AIG20240000459022,24
AIG20240000459022,28
AIG20250000501370,4
AIG20240000498123,8
AIG20240000498331,4
AIG20250000501443,3
AIG20250000501373,3
AIG20240000459412,8
AIG20240000498159,5
AIG20240000498261,4
AIG20250000501725,3
AIG20240000498213,5
AIG20250000501509,4
AIG20250000501503,4
AIG20240000498293,2
AIG20250000501746,2
AIG20250000501445,4
AIG20240000498156,6
AIG20250000501515,4
AIG20250000501559,3
AIG20250000501725,2
AIG20240000498108,13
AIG20240000459302,15
AIG20240000498115,11
AIG20240000498142,12
AIG20250000501686,3
AIG20240000498066,9
AIG20240000498389,6
AIG20240000498107,3
AIG20240000498384,4
AIG20250000501714,4
AIG20240000498126,7
AIG20240000459291,6
AIG20240000459187,9
AIG20250000501638,2
AIG20250000501733,5
AIG20240000498362,5
AIG20240000498260,20
AIG20240000459068,29
AIG20240000459310,10
AIG20240000459209,12
AIG20240000459352,7
AIG20240000459066,13
AIG20240000459157,10
AIG20240000501214,4
AIG20240000459408,9
AIG20240000459086,9
AIG20250000501443,4
AIG20240000459039,4
AIG20250000501516,2
AIG20240000459108,11
AIG20240000501209,4
AIG20240000498289,4
AIG20250000501715,3
AIG20250000501335,4
AIG20250000501656,2
AIG20250000501665,2
AIG20250000501678,3
AIG20250000501393,5
AIG20250000501674,2
AIG20250000501679,2
AIG20250000501669,2
AIG20250000501666,2
AIG20240000459303,4
AIG20250000501671,2
AIG20250000501677,2
AIG20240000498172,9
AIG20250000501436,3
AIG20250000501476,2
AIG20240000459000,3
AIG20250000501364,6
AIG20240000459283,13
AIG20240000459189,8
AIG20240000498101,5
AIG20250000543125,2
AIG20240000498244,6
AIG20240000459254,7
AIG20240000498225,11
AIG20240000498248,10
AIG20240000459024,3
AIG20240000459254,8
AIG20240000459204,8
AIG20250000501533,2
AIG20250000501545,5
AIG20240000459328,9
AIG20250000501571,2
AIG20250000501392,3
AIG20240000459091,10
AIG20240000501227,4
AIG20240000459242,5
AIG20240000459209,13
AIG20240000498069,5
AIG20240000459432,4
AIG20240000459351,6
AIG20240000501254,4
AIG20240000498182,6
AIG20240000459068,30
AIG20240000498076,7
AIG20250000501352,8
AIG20250000501520,3
AIG20250000501694,5
AIG20240000498293,11
AIG20240000459368,9
AIG20240000498302,5
AIG20250000501602,5
AIG20240000498342,9
AIG20240000459374,11
AIG20240000459293,7
AIG20240000501190,43
AIG20240000501190,45
AIG20240000501190,47
AIG20240000501190,49
AIG20240000501190,56
AIG20240000501190,59
AIG20240000459406,6
AIG20240000498079,5
AIG20240000501190,50
AIG20240000501190,52
AIG20240000501190,54
AIG20240000501190,57
AIG20240000501190,61
AIG20250000501446,3
AIG20250000501657,3
AIG20250000501341,5
AIG20240000501190,42
AIG20240000501190,44
AIG20240000501190,46
AIG20240000501190,48
AIG20240000501190,51
AIG20240000501190,53
AIG20240000501190,55
AIG20240000501190,58
AIG20240000498090,6
AIG20240000498151,6
AIG20250000501447,6
AIG20240000498374,7
AIG20240000501190,60
AIG20240000498260,21
AIG20240000498146,2
AIG20250000501607,1
AIG20240000498368,4
AIG20250000501719,5
AIG20240000459339,7
AIG20240000498382,2
AIG20250000543075,2
AIG20240000459229,5
AIG20240000498314,11
AIG20240000459104,7
AIG20250000501462,3
AIG20240000459164,7
AIG20240000459164,8
AIG20250000501479,2
AIG20240000459363,2
AIG20240000459097,13
AIG20240000501198,7
AIG20250000501781,4
AIG20240000459138,17
AIG20240000459138,18
AIG20240000459409,5
AIG20240000459211,5
AIG20240000459125,7
AIG20240000459068,31
AIG20240000459414,7
AIG20240000501239,4
AIG20240000498184,8
AIG20250000501341,6
AIG20240000459059,11
AIG20240000459422,53
AIG20240000459422,55
AIG20240000459422,52
AIG20240000459422,54
AIG20240000459422,50
AIG20240000459422,51
AIG20240000459371,3
AIG20240000501210,3
AIG20240000459143,9
AIG20240000459366,8
AIG20240000459183,5
AIG20250000501460,11
AIG20240000459434,21
AIG20240000459415,6
AIG20250000501484,3
AIG20240000498267,9
AIG20240000501197,6
AIG20240000498123,9
AIG20240000498095,5
AIG20240000498253,8
AIG20250000501364,7
AIG20240000498115,12
AIG20250000501529,4
AIG20240000498072,11
AIG20240000459390,12
AIG20250000501512,5
AIG20240000498278,9
AIG20240000459412,9
AIG20240000459064,3
AIG20250000501345,2
AIG20250000501639,6
AIG20240000498158,9
AIG20240000459017,7
AIG20240000459091,11
AIG20250000501645,4
AIG20250000501370,5
AIG20250000501545,6
AIG20240000459138,19
AIG20240000459301,16
AIG20240000459108,12
AIG20250000501733,6
AIG20240000459335,14
AIG20240000498066,10
AIG20240000498287,6
AIG20240000498260,23
AIG20240000501238,9
AIG20240000459368,10
AIG20250000501562,2
AIG20250000501752,1
AIG20250000501335,5
AIG20250000501640,6
AIG20240000498342,10
AIG20250000501443,5
AIG20240000498384,5
AIG20240000459142,8
AIG20240000459313,6
AIG20240000498260,27
AIG20240000459068,32
AIG20240000459097,14
AIG20240000501257,7
AIG20250000501374,3
AIG20240000459209,14
AIG20240000498142,13
AIG20240000459302,16
AIG20250000501703,2
AIG20250000501476,3
AIG20240000498156,7
AIG20240000498108,14
AIG20240000498182,7
AIG20250000543145,2
AIG20250000501486,3
AIG20240000459283,14
AIG20240000459381,5
AIG20240000501213,4
AIG20240000459189,9
AIG20250000501445,5
AIG20250000501473,4
AIG20240000498101,6
AIG20240000498248,11
AIG20240000501191,13
AIG20240000459227,7
AIG20240000498159,6
AIG20240000459311,12
AIG20240000459187,10
AIG20240000459408,10
AIG20250000501638,3
AIG20240000498128,6
AIG20240000501191,14
AIG20240000501191,15
AIG20240000498184,9
AIG20250000501668,2
AIG20240000501208,3
AIG20240000498183,5
AIG20240000459123,4
AIG20250000501678,4
AIG20240000459124,4
AIG20250000501434,2
AIG20250000501381,2
AIG20240000498288,7
AIG20240000459038,11
AIG20240000498374,8
AIG20240000501195,6
AIG20250000501719,6
AIG20250000501364,8
AIG20240000501195,5
AIG20240000498213,6
AIG20240000459066,14
AIG20240000498335,5
AIG20240000459352,8
AIG20240000459009,5
AIG20240000498149,4
AIG20250000501478,3
AIG20250000501434,3
AIG20250000543125,3
AIG20250000501572,6
AIG20250000501572,7
AIG20240000459086,10
AIG20250000501387,3
AIG20250000501436,4
AIG20240000459268,11
AIG20250000501781,5
AIG20250000501472,2
AIG20240000459077,6
AIG20240000459053,3
AIG20240000459258,8
AIG20240000459054,3
AIG20240000459034,3
AIG20250000501497,2
AIG20240000459310,11
AIG20240000498211,4
AIG20240000459409,6
AIG20240000498389,7
AIG20240000498248,12
AIG20240000459368,11
AIG20250000501509,5
AIG20250000501527,3
AIG20240000501251,4
AIG20240000459258,9
AIG20250000501522,8
AIG20250000501640,7
AIG20240000498100,7
AIG20250000501724,5
AIG20250000501520,4
AIG20240000459091,12
AIG20240000458999,6
AIG20240000498123,10
AIG20240000498303,6
AIG20240000498342,11
AIG20240000498072,12
AIG20240000498115,13
AIG20240000459068,33
AIG20240000498088,10
AIG20250000501779,6
AIG20240000501219,6
AIG20240000459278,13
AIG20240000459258,10
AIG20250000501460,12
AIG20240000459390,13
AIG20240000459351,7
AIG20250000501733,7
AIG20240000498066,11
AIG20240000459209,15
AIG20240000498331,5
AIG20250000501503,5
AIG20240000459253,3
AIG20240000459059,12
AIG20240000459258,7
AIG20250000501512,6
AIG20240000498127,5
AIG20240000501214,5
AIG20240000459156,5
AIG20240000459108,13
AIG20240000459091,13
AIG20250000501443,6
AIG20240000459167,7
AIG20250000501665,3
AIG20250000501674,3
AIG20250000501671,3
AIG20250000501656,3
AIG20250000501679,3
AIG20240000459097,15
AIG20240000498225,12
AIG20250000501668,3
AIG20250000501714,5
AIG20250000501462,4
AIG20250000501373,4
AIG20250000501520,5
AIG20250000501475,2
AIG20240000498289,5
AIG20240000459427,5
AIG20240000498223,20
AIG20240000498084,7
AIG20250000501335,6
AIG20250000501522,9
AIG20240000459441,5
AIG20260000580423,1
AIG20240000459068,34
AIG20250000501686,4
AIG20240000501238,8
AIG20240000501233,3
AIG20240000498141,4
AIG20240000498178,6
AIG20250000501657,4
AIG20240000459179,5
AIG20260000562976,2
AIG20250000501399,2
AIG20260000562962,1
AIG20260000562984,1
AIG20260000562976,1
AIG20260000581141,1
AIG20250000501639,7
AIG20250000543107,2
AIG20250000501522,10
AIG20240000459434,22
AIG20240000459434,23
AIG20240000459104,8
AIG20250000543108,2
AIG20240000459012,5
AIG20240000459291,7
AIG20260000581129,1
AIG20240000459209,16
AIG20250000501754,3
AIG20260000581159,1
AIG20240000459204,9
AIG20260000562962,2
AIG20260000581129,2
AIG20240000459062,5
AIG20240000459157,15
AIG20240000501192,12
AIG20240000459303,5
AIG20240000459132,8
AIG20260000581162,1
AIG20240000498368,5
AIG20260000581158,1
AIG20260000581158,2
AIG20240000459397,10
AIG20240000498126,8
AIG20240000498084,8
AIG20250000501715,4
AIG20250000501436,5
AIG20250000501694,7
AIG20240000498076,8
AIG20240000498267,10
AIG20240000501254,5
AIG20240000498122,2
AIG20240000459335,15
AIG20240000459116,4
AIG20240000459189,10
AIG20250000501364,9
AIG20240000498260,28
AIG20240000498158,10
AIG20240000501227,5
AIG20250000501379,3
AIG20240000498342,12
AIG20240000459368,12
AIG20240000459170,3
AIG20240000459157,16
AIG20260000566386,1
AIG20240000459157,11
AIG20260000581163,1
AIG20260000581202,1
AIG20240000498213,7
AIG20250000501479,3
AIG20250000543140,2
AIG20240000459174,7
AIG20250000501640,8
AIG20250000501486,4
AIG20240000459366,9
AIG20240000498248,13
AIG20250000501456,4
AIG20250000543145,3
AIG20250000501735,2
AIG20260000581204,1
AIG20260000580430,1
AIG20240000459166,9
AIG20240000459268,12
AIG20240000459042,12
AIG20250000501476,4
AIG20240000459311,13
AIG20240000459108,14
AIG20260000577348,2
AIG20250000501779,7
AIG20240000498374,9
AIG20240000459099,5
AIG20260000577348,1
AIG20240000498402,7
AIG20240000459301,17
AIG20240000498244,7
AIG20240000498343,4
AIG20240000459302,17
AIG20240000459051,5
AIG20250000501663,3
AIG20240000498209,6
AIG20240000501225,3
AIG20240000459187,11
AIG20240000459116,5
AIG20250000501529,5
AIG20250000501459,2
AIG20240000459044,3
AIG20260000581131,1
AIG20250000501396,2
AIG20240000459283,15
AIG20240000498142,14
AIG20240000498115,14
AIG20240000498066,12
AIG20250000501775,2
AIG20240000498258,6
AIG20240000459140,5
AIG20240000459114,4
AIG20250000501559,4
AIG20240000459422,60
AIG20240000459422,57
AIG20240000459115,4
AIG20240000459109,4
AIG20240000459185,7
AIG20260000581127,1
AIG20240000498278,10
AIG20240000498167,2
AIG20240000459422,59
AIG20240000459422,61
AIG20240000459111,4
AIG20240000459210,7
AIG20250000543125,4
AIG20240000459422,58
AIG20240000459422,56
AIG20260000572833,1
AIG20240000459068,35
AIG20260000564692,1
AIG20260000572833,2
AIG20250000501393,7
AIG20260000580431,1
AIG20240000459278,14
AIG20240000459390,14
AIG20260000580427,1
AIG20250000501719,7
AIG20260000578396,1
AIG20240000498072,13
AIG20240000498090,7
AIG20240000501252,4
AIG20240000459227,8
AIG20240000459325,11
AIG20250000501341,7
AIG20250000543071,3
AIG20260000578340,1
AIG20240000498108,18
AIG20240000498288,8
AIG20260000562927,1
AIG20260000580405,1
AIG20260000577067,1
AIG20260000580426,7
AIG20260000580426,9
AIG20250000501374,4
AIG20240000459279,7
AIG20260000580426,3
AIG20260000580426,5
AIG20260000580426,2
AIG20260000580426,1
AIG20260000574544,1
AIG20260000581146,1
AIG20260000580426,8
AIG20260000580426,10
AIG20250000501488,2
AIG20240000498172,12
AIG20250000501545,7
AIG20260000580426,4
AIG20260000580426,6
AIG20260000562604,1
AIG20240000498223,22
AIG20260000567175,1
AIG20260000578382,1
AIG20240000498108,16
AIG20240000498178,7
AIG20240000459352,9
AIG20240000459113,6
AIG20240000501189,63
AIG20240000501189,71
AIG20250000543069,2
AIG20240000501189,73
AIG20240000501189,79
AIG20240000459229,6
AIG20260000564474,1
AIG20260000564118,1
AIG20240000501189,68
AIG20240000501189,70
AIG20240000501189,75
AIG20260000581143,1
AIG20240000501189,77
AIG20250000501652,3
AIG20260000566395,1
AIG20240000459408,11
AIG20240000501189,61
AIG20240000501189,65
AIG20240000501189,67
AIG20240000459409,8
AIG20250000501473,5
AIG20240000501189,74
AIG20240000459360,10
AIG20250000501652,4
AIG20240000459107,5
AIG20240000501189,62
AIG20240000501189,64
AIG20240000501189,66
AIG20240000501189,69
AIG20240000501189,72
AIG20240000501189,76
AIG20240000501189,78
AIG20240000501189,80
AIG20240000498108,17
AIG20260000563052,1
AIG20240000498384,6
AIG20260000581157,1
AIG20260000566958,1
AIG20240000498368,6
AIG20260000577070,1
AIG20240000459143,10
AIG20260000581134,1
AIG20240000459292,12
AIG20240000459066,15
AIG20240000498260,29
AIG20250000501522,11
AIG20240000459157,19
AIG20240000459298,5
AIG20240000498335,6
AIG20250000501527,4
AIG20240000501191,18
AIG20260000581207,1
AIG20240000501230,5
AIG20250000501640,9
AIG20240000501191,16
AIG20260000562948,1
AIG20250000501639,8
AIG20240000459064,10
AIG20260000581208,1
AIG20250000501387,4
AIG20240000498350,5
AIG20240000459368,13
AIG20250000501335,7
AIG20240000498182,8
AIG20240000501191,17
AIG20240000498079,6
AIG20240000459091,14
AIG20260000580424,1
AIG20260000581135,1
AIG20250000501460,14
AIG20240000459351,8
AIG20240000498342,13
AIG20240000459064,11
AIG20240000459301,18
AIG20240000498223,23
AIG20260000562937,1
AIG20250000501645,5
AIG20260000571062,1
AIG20260000562984,2
AIG20240000459095,7
