이어서 진행: 과정 13개 완료, 1431행 복원
[1/1196] AIG20200000286525  유효회차 13개  누적 1444행
[2/1196] AIG20200000286531  유효회차 6개  누적 1449행
[3/1196] AIG20200000286532  유효회차 3개  누적 1452행
[4/1196] AIG20200000286536  유효회차 2개  누적 1454행
[5/1196] AIG20200000286545  유효회차 5개  누적 1457행
[6/1196] AIG20200000286558  유효회차 2개  누적 1459행
[7/1196] AIG20200000286561  유효회차 1개  누적 1460행
[8/1196] AIG20200000286562  유효회차 7개  누적 1466행
[9/1196] AIG20200000286563  유효회차 4개  누적 1469행
[10/1196] AIG20200000286565  유효회차 2개  누적 1471행
[11/1196] AIG20200000286570  유효회차 9개  누적 1480행
[12/1196] AIG20200000286574  유효회차 2개  누적 1482행
[13/1196] AIG20200000286586  유효회차 2개  누적 1483행
[14/1196] AIG20200000286592  유효회차 19개  누적 1501행
[15/1196] AIG20200000286594  유효회차 4개  누적 1505행
[16/1196] AIG20200000286597  유효회차 5개  누적 1508행
[17/1196] AIG20200000286598  유효회차 8개  누적 1513행
[18/1196] AIG20200000286600  유효회차 8개  누적 1518행
[19/1196] AIG20200000286602  유효회차 15개  누적 1532행
[20/1196] AIG20200000286603  유효회차 6개  누적 1536행
[21/1196] AIG20200000286610  유효회차 4개  누적 1540행
[22/1196] AIG20200000286611  유효회차 9개  누적 1548행
[23/1196] AIG20200000286622  유효회차 1개  누적 1549행
[24/1196] AIG20200000286626  유효회차 5개  누적 1554행
[25/1196] AIG20200000286638  유효회차 3개  누적 1557행
[26/1196] AIG20200000286640  유효회차 3개  누적 1560행
[27/1196] AIG20200000286642  유효회차 6개  누적 1565행
[28/1196] AIG20200000286644  유효회차 16개  누적 1580행
[29/1196] AIG20200000286647  유효회차 6개  누적 1585행
[30/1196] AIG20200000286648  유효회차 18개  누적 1601행
[31/1196] AIG20200000286649  유효회차 1개  누적 1601행
[32/1196] AIG20200000286651  유효회차 4개  누적 1604행
[33/1196] AIG20200000286653  유효회차 4개  누적 1607행
[34/1196] AIG20200000286656  유효회차 5개  누적 1611행
[35/1196] AIG20200000286658  유효회차 6개  누적 1616행
[36/1196] AIG20200000286660  유효회차 32개  누적 1646행
[37/1196] AIG20200000286661  유효회차 3개  누적 1648행
[38/1196] AIG20200000286662  유효회차 5개  누적 1652행
[39/1196] AIG20200000286666  유효회차 12개  누적 1663행
[40/1196] AIG20200000286668  유효회차 9개  누적 1670행
[41/1196] AIG20200000286670  유효회차 5개  누적 1674행
[42/1196] AIG20200000286672  유효회차 3개  누적 1676행
[43/1196] AIG20200000286675  유효회차 10개  누적 1685행
[44/1196] AIG20200000286678  유효회차 8개  누적 1692행
[45/1196] AIG20200000286680  유효회차 5개  누적 1696행
[46/1196] AIG20200000286681  유효회차 4개  누적 1699행
[47/1196] AIG20200000286683  유효회차 10개  누적 1708행
[48/1196] AIG20200000286689  유효회차 19개  누적 1726행
[49/1196] AIG20200000286692  유효회차 12개  누적 1737행
[50/1196] AIG20200000286696  유효회차 5개  누적 1741행
[51/1196] AIG20200000288887  유효회차 2개  누적 1742행
[52/1196] AIG20200000288888  유효회차 3개  누적 1744행
[53/1196] AIG20200000288889  유효회차 11개  누적 1754행
[54/1196] AIG20200000288890  유효회차 6개  누적 1759행
[55/1196] AIG20200000288892  유효회차 19개  누적 1775행
[56/1196] AIG20200000288894  유효회차 2개  누적 1776행
[57/1196] AIG20200000288895  유효회차 12개  누적 1787행
[58/1196] AIG20200000313010  유효회차 18개  누적 1804행
[59/1196] AIG20200000313409  유효회차 6개  누적 1809행
[60/1196] AIG20200000313528  유효회차 60개  누적 1869행
[61/1196] AIG20200000313547  유효회차 28개  누적 1897행
[62/1196] AIG20200000313559  유효회차 3개  누적 1900행
[63/1196] AIG20210000313564  유효회차 2개  누적 1902행
[64/1196] AIG20210000313571  유효회차 4개  누적 1906행
[65/1196] AIG20210000313580  유효회차 10개  누적 1916행
[66/1196] AIG20210000313585  유효회차 6개  누적 1922행
[67/1196] AIG20210000313590  유효회차 8개  누적 1930행
[68/1196] AIG20210000313595  유효회차 2개  누적 1932행
[69/1196] AIG20210000313598  유효회차 1개  누적 1933행
[70/1196] AIG20210000313599  유효회차 3개  누적 1936행
[71/1196] AIG20210000313600  유효회차 1개  누적 1937행
[72/1196] AIG20210000313603  유효회차 7개  누적 1944행
[73/1196] AIG20210000313610  유효회차 6개  누적 1950행
[74/1196] AIG20210000313612  유효회차 10개  누적 1960행
[75/1196] AIG20210000313613  유효회차 3개  누적 1963행
[76/1196] AIG20210000313621  유효회차 1개  누적 1964행
[77/1196] AIG20210000313622  유효회차 5개  누적 1969행
[78/1196] AIG20210000313623  유효회차 5개  누적 1974행
[79/1196] AIG20210000313628  유효회차 1개  누적 1975행
[80/1196] AIG20210000313642  유효회차 1개  누적 1976행
[81/1196] AIG20210000313652  유효회차 10개  누적 1986행
[82/1196] AIG20210000313654  유효회차 1개  누적 1987행
[83/1196] AIG20210000313656  유효회차 3개  누적 1990행
[84/1196] AIG20210000313657  유효회차 4개  누적 1994행
[85/1196] AIG20210000313660  유효회차 1개  누적 1995행
[86/1196] AIG20210000313661  유효회차 5개  누적 2000행
[87/1196] AIG20210000313664  유효회차 8개  누적 2008행
[88/1196] AIG20210000313674  유효회차 5개  누적 2013행
[89/1196] AIG20210000313677  유효회차 3개  누적 2016행
[90/1196] AIG20210000313678  유효회차 8개  누적 2024행
[91/1196] AIG20210000313685  유효회차 4개  누적 2028행
[92/1196] AIG20210000313687  유효회차 5개  누적 2033행
[93/1196] AIG20210000313688  유효회차 4개  누적 2037행
[94/1196] AIG20210000313691  유효회차 4개  누적 2041행
[95/1196] AIG20210000313694  유효회차 3개  누적 2044행
[96/1196] AIG20210000313700  유효회차 1개  누적 2045행
[97/1196] AIG20210000314411  유효회차 11개  누적 2056행
[98/1196] AIG20210000314412  유효회차 10개  누적 2066행
[99/1196] AIG20210000314413  유효회차 11개  누적 2077행
[100/1196] AIG20210000314414  유효회차 3개  누적 2080행
[101/1196] AIG20210000314415  유효회차 1개  누적 2081행
[102/1196] AIG20210000314417  유효회차 3개  누적 2084행
[103/1196] AIG20210000314418  유효회차 4개  누적 2088행
[104/1196] AIG20210000314419  유효회차 1개  누적 2089행
[105/1196] AIG20210000314421  유효회차 8개  누적 2097행
[106/1196] AIG20210000314422  유효회차 1개  누적 2098행
[107/1196] AIG20210000314423  유효회차 4개  누적 2102행
[108/1196] AIG20210000314424  유효회차 6개  누적 2108행
[109/1196] AIG20210000314425  유효회차 6개  누적 2114행
[110/1196] AIG20210000314427  유효회차 1개  누적 2115행
[111/1196] AIG20210000314428  유효회차 5개  누적 2120행
[112/1196] AIG20210000314430  유효회차 3개  누적 2123행
[113/1196] AIG20210000314431  유효회차 2개  누적 2125행
[114/1196] AIG20210000314432  유효회차 3개  누적 2128행
[115/1196] AIG20210000314433  유효회차 3개  누적 2131행
[116/1196] AIG20210000314434  유효회차 2개  누적 2133행
[117/1196] AIG20210000314435  유효회차 2개  누적 2135행
[118/1196] AIG20210000314436  유효회차 3개  누적 2138행
[119/1196] AIG20210000314437  유효회차 3개  누적 2141행
[120/1196] AIG20210000314439  유효회차 1개  누적 2142행
[121/1196] AIG20210000314440  유효회차 6개  누적 2148행
[122/1196] AIG20210000314441  유효회차 2개  누적 2150행
[123/1196] AIG20210000314442  유효회차 4개  누적 2154행
[124/1196] AIG20210000314443  유효회차 2개  누적 2156행
[125/1196] AIG20210000314444  유효회차 2개  누적 2158행
[126/1196] AIG20210000314445  유효회차 5개  누적 2163행
[127/1196] AIG20210000314446  유효회차 5개  누적 2168행
[128/1196] AIG20210000314447  유효회차 4개  누적 2172행
[129/1196] AIG20210000314448  유효회차 2개  누적 2174행
[130/1196] AIG20210000314450  유효회차 2개  누적 2176행
[131/1196] AIG20210000314451  유효회차 1개  누적 2177행
[132/1196] AIG20210000314452  유효회차 2개  누적 2179행
[133/1196] AIG20210000314453  유효회차 2개  누적 2181행
[134/1196] AIG20210000314454  유효회차 3개  누적 2184행
[135/1196] AIG20210000314455  유효회차 2개  누적 2186행
[136/1196] AIG20210000314456  유효회차 2개  누적 2188행
[137/1196] AIG20210000314457  유효회차 2개  누적 2190행
[138/1196] AIG20210000314461  유효회차 1개  누적 2191행
[139/1196] AIG20210000314466  유효회차 34개  누적 2225행
[140/1196] AIG20210000314468  유효회차 13개  누적 2238행
[141/1196] AIG20210000314472  유효회차 22개  누적 2260행
[142/1196] AIG20210000314479  유효회차 7개  누적 2267행
[143/1196] AIG20210000314480  유효회차 8개  누적 2275행
[144/1196] AIG20210000320474  유효회차 6개  누적 2281행
[145/1196] AIG20210000320882  유효회차 6개  누적 2287행
[146/1196] AIG20210000320902  유효회차 1개  누적 2288행
[147/1196] AIG20210000320927  유효회차 2개  누적 2290행
[148/1196] AIG20210000320939  유효회차 6개  누적 2296행
[149/1196] AIG20210000328538  유효회차 5개  누적 2301행
[150/1196] AIG20210000328542  유효회차 6개  누적 2307행
[151/1196] AIG20210000328544  유효회차 3개  누적 2310행
[152/1196] AIG20210000328548  유효회차 3개  누적 2313행
[153/1196] AIG20210000328549  유효회차 7개  누적 2320행
[154/1196] AIG20210000328550  유효회차 11개  누적 2331행
[155/1196] AIG20210000328552  유효회차 4개  누적 2335행
[156/1196] AIG20210000328553  유효회차 7개  누적 2342행
[157/1196] AIG20210000328555  유효회차 6개  누적 2348행
[158/1196] AIG20210000328557  유효회차 9개  누적 2357행
[159/1196] AIG20210000328564  유효회차 4개  누적 2361행
[160/1196] AIG20210000328565  유효회차 13개  누적 2374행
[161/1196] AIG20210000328571  유효회차 11개  누적 2385행
[162/1196] AIG20210000328572  유효회차 9개  누적 2394행
[163/1196] AIG20210000328590  유효회차 4개  누적 2398행
[164/1196] AIG20210000328592  유효회차 9개  누적 2407행
[165/1196] AIG20210000328593  유효회차 7개  누적 2414행
[166/1196] AIG20210000328598  유효회차 3개  누적 2417행
[167/1196] AIG20210000328599  유효회차 6개  누적 2423행
[168/1196] AIG20210000328610  유효회차 8개  누적 2431행
[169/1196] AIG20210000328611  유효회차 0개  누적 2431행
[170/1196] AIG20210000328612  유효회차 10개  누적 2441행
[171/1196] AIG20210000328661  유효회차 10개  누적 2451행
[172/1196] AIG20210000328686  유효회차 12개  누적 2463행
[173/1196] AIG20210000328731  유효회차 10개  누적 2473행
[174/1196] AIG20210000328737  유효회차 13개  누적 2486행
[175/1196] AIG20210000328738  유효회차 6개  누적 2492행
[176/1196] AIG20210000328759  유효회차 7개  누적 2499행
[177/1196] AIG20210000328760  유효회차 2개  누적 2501행
[178/1196] AIG20210000328766  유효회차 2개  누적 2503행
[179/1196] AIG20210000328770  유효회차 3개  누적 2506행
[180/1196] AIG20210000328771  유효회차 3개  누적 2509행
[181/1196] AIG20210000328777  유효회차 2개  누적 2511행
[182/1196] AIG20210000328801  유효회차 1개  누적 2512행
[183/1196] AIG20210000328802  유효회차 10개  누적 2522행
[184/1196] AIG20210000328805  유효회차 13개  누적 2535행
[185/1196] AIG20210000328823  유효회차 3개  누적 2538행
[186/1196] AIG20210000328824  유효회차 1개  누적 2539행
[187/1196] AIG20210000328827  유효회차 5개  누적 2544행
[188/1196] AIG20210000328828  유효회차 10개  누적 2554행
[189/1196] AIG20210000328834  유효회차 4개  누적 2558행
[190/1196] AIG20210000328835  유효회차 4개  누적 2562행
[191/1196] AIG20210000328839  유효회차 18개  누적 2580행
[192/1196] AIG20210000328840  유효회차 1개  누적 2581행
[193/1196] AIG20210000328846  유효회차 2개  누적 2583행
[194/1196] AIG20210000328847  유효회차 3개  누적 2586행
[195/1196] AIG20210000328853  유효회차 9개  누적 2595행
[196/1196] AIG20210000328856  유효회차 1개  누적 2596행
[197/1196] AIG20210000328860  유효회차 27개  누적 2623행
[198/1196] AIG20210000328865  유효회차 11개  누적 2634행
[199/1196] AIG20210000328867  유효회차 2개  누적 2636행
[200/1196] AIG20210000328868  유효회차 11개  누적 2647행
[201/1196] AIG20210000328870  유효회차 9개  누적 2656행
[202/1196] AIG20210000328872  유효회차 1개  누적 2657행
[203/1196] AIG20210000328873  유효회차 17개  누적 2674행
[204/1196] AIG20210000328907  유효회차 5개  누적 2679행
[205/1196] AIG20210000328913  유효회차 1개  누적 2680행
[206/1196] AIG20210000328914  유효회차 1개  누적 2681행
[207/1196] AIG20210000328918  유효회차 3개  누적 2684행
[208/1196] AIG20210000328922  유효회차 6개  누적 2690행
[209/1196] AIG20210000328924  유효회차 3개  누적 2693행
[210/1196] AIG20210000328926  유효회차 8개  누적 2701행
[211/1196] AIG20210000328927  유효회차 3개  누적 2704행
[212/1196] AIG20210000328928  유효회차 5개  누적 2709행
[213/1196] AIG20210000328939  유효회차 3개  누적 2712행
[214/1196] AIG20210000328964  유효회차 1개  누적 2713행
[215/1196] AIG20210000328968  유효회차 5개  누적 2718행
[216/1196] AIG20210000328971  유효회차 18개  누적 2736행
[217/1196] AIG20210000328983  유효회차 4개  누적 2740행
[218/1196] AIG20210000328992  유효회차 18개  누적 2758행
[219/1196] AIG20210000329027  유효회차 36개  누적 2794행
[220/1196] AIG20210000329030  유효회차 91개  누적 2885행
[221/1196] AIG20210000329031  유효회차 27개  누적 2912행
[222/1196] AIG20210000329032  유효회차 89개  누적 3001행
    AIG20210000329033 84회차 실패: HTTPSConnectionPool(host='www.work24.go.kr', port=443): Max retries exceeded with url: /hr/a/a/3100/selectSatisfactionAjax.do?tracseId=AIG20210000329033&srchTracseTme=%5B%2284%22%5D&srchTracseTmeSel=84 (Caused by NameResolutionError("HTTPSConnection(host='www.work24.go.kr', port=443): Failed to resolve 'www.work24.go.kr' ([Errno 11001] getaddrinfo failed)"))
    AIG20210000329033 85회차 실패: HTTPSConnectionPool(host='www.work24.go.kr', port=443): Max retries exceeded with url: /hr/a/a/3100/selectSatisfactionAjax.do?tracseId=AIG20210000329033&srchTracseTme=%5B%2285%22%5D&srchTracseTmeSel=85 (Caused by NameResolutionError("HTTPSConnection(host='www.work24.go.kr', port=443): Failed to resolve 'www.work24.go.kr' ([Errno 11001] getaddrinfo failed)"))
    AIG20210000329033 86회차 실패: HTTPSConnectionPool(host='www.work24.go.kr', port=443): Max retries exceeded with url: /hr/a/a/3100/selectSatisfactionAjax.do?tracseId=AIG20210000329033&srchTracseTme=%5B%2286%22%5D&srchTracseTmeSel=86 (Caused by NameResolutionError("HTTPSConnection(host='www.work24.go.kr', port=443): Failed to resolve 'www.work24.go.kr' ([Errno 11001] getaddrinfo failed)"))
    AIG20210000329033 87회차 실패: HTTPSConnectionPool(host='www.work24.go.kr', port=443): Max retries exceeded with url: /hr/a/a/3100/selectSatisfactionAjax.do?tracseId=AIG20210000329033&srchTracseTme=%5B%2287%22%5D&srchTracseTmeSel=87 (Caused by NameResolutionError("HTTPSConnection(host='www.work24.go.kr', port=443): Failed to resolve 'www.work24.go.kr' ([Errno 11001] getaddrinfo failed)"))
    AIG20210000329033 88회차 실패: HTTPSConnectionPool(host='www.work24.go.kr', port=443): Max retries exceeded with url: /hr/a/a/3100/selectSatisfactionAjax.do?tracseId=AIG20210000329033&srchTracseTme=%5B%2288%22%5D&srchTracseTmeSel=88 (Caused by NameResolutionError("HTTPSConnection(host='www.work24.go.kr', port=443): Failed to resolve 'www.work24.go.kr' ([Errno 11001] getaddrinfo failed)"))
    AIG20210000329033 89회차 실패: HTTPSConnectionPool(host='www.work24.go.kr', port=443): Max retries exceeded with url: /hr/a/a/3100/selectSatisfactionAjax.do?tracseId=AIG20210000329033&srchTracseTme=%5B%2289%22%5D&srchTracseTmeSel=89 (Caused by NameResolutionError("HTTPSConnection(host='www.work24.go.kr', port=443): Failed to resolve 'www.work24.go.kr' ([Errno 11001] getaddrinfo failed)"))
    AIG20210000329033 90회차 실패: HTTPSConnectionPool(host='www.work24.go.kr', port=443): Max retries exceeded with url: /hr/a/a/3100/selectSatisfactionAjax.do?tracseId=AIG20210000329033&srchTracseTme=%5B%2290%22%5D&srchTracseTmeSel=90 (Caused by NameResolutionError("HTTPSConnection(host='www.work24.go.kr', port=443): Failed to resolve 'www.work24.go.kr' ([Errno 11001] getaddrinfo failed)"))
    AIG20210000329033 91회차 실패: HTTPSConnectionPool(host='www.work24.go.kr', port=443): Max retries exceeded with url: /hr/a/a/3100/selectSatisfactionAjax.do?tracseId=AIG20210000329033&srchTracseTme=%5B%2291%22%5D&srchTracseTmeSel=91 (Caused by NameResolutionError("HTTPSConnection(host='www.work24.go.kr', port=443): Failed to resolve 'www.work24.go.kr' ([Errno 11001] getaddrinfo failed)"))
    AIG20210000329033 92회차 실패: HTTPSConnectionPool(host='www.work24.go.kr', port=443): Max retries exceeded with url: /hr/a/a/3100/selectSatisfactionAjax.do?tracseId=AIG20210000329033&srchTracseTme=%5B%2292%22%5D&srchTracseTmeSel=92 (Caused by NameResolutionError("HTTPSConnection(host='www.work24.go.kr', port=443): Failed to resolve 'www.work24.go.kr' ([Errno 11001] getaddrinfo failed)"))
    AIG20210000329033 93회차 실패: HTTPSConnectionPool(host='www.work24.go.kr', port=443): Max retries exceeded with url: /hr/a/a/3100/selectSatisfactionAjax.do?tracseId=AIG20210000329033&srchTracseTme=%5B%2293%22%5D&srchTracseTmeSel=93 (Caused by NameResolutionError("HTTPSConnection(host='www.work24.go.kr', port=443): Failed to resolve 'www.work24.go.kr' ([Errno 11001] getaddrinfo failed)"))
    AIG20210000329033 94회차 실패: HTTPSConnectionPool(host='www.work24.go.kr', port=443): Max retries exceeded with url: /hr/a/a/3100/selectSatisfactionAjax.do?tracseId=AIG20210000329033&srchTracseTme=%5B%2294%22%5D&srchTracseTmeSel=94 (Caused by NameResolutionError("HTTPSConnection(host='www.work24.go.kr', port=443): Failed to resolve 'www.work24.go.kr' ([Errno 11001] getaddrinfo failed)"))
    AIG20210000329033 95회차 실패: HTTPSConnectionPool(host='www.work24.go.kr', port=443): Max retries exceeded with url: /hr/a/a/3100/selectSatisfactionAjax.do?tracseId=AIG20210000329033&srchTracseTme=%5B%2295%22%5D&srchTracseTmeSel=95 (Caused by NameResolutionError("HTTPSConnection(host='www.work24.go.kr', port=443): Failed to resolve 'www.work24.go.kr' ([Errno 11001] getaddrinfo failed)"))
    AIG20210000329033 96회차 실패: HTTPSConnectionPool(host='www.work24.go.kr', port=443): Max retries exceeded with url: /hr/a/a/3100/selectSatisfactionAjax.do?tracseId=AIG20210000329033&srchTracseTme=%5B%2296%22%5D&srchTracseTmeSel=96 (Caused by NameResolutionError("HTTPSConnection(host='www.work24.go.kr', port=443): Failed to resolve 'www.work24.go.kr' ([Errno 11001] getaddrinfo failed)"))
    AIG20210000329033 97회차 실패: HTTPSConnectionPool(host='www.work24.go.kr', port=443): Max retries exceeded with url: /hr/a/a/3100/selectSatisfactionAjax.do?tracseId=AIG20210000329033&srchTracseTme=%5B%2297%22%5D&srchTracseTmeSel=97 (Caused by NameResolutionError("HTTPSConnection(host='www.work24.go.kr', port=443): Failed to resolve 'www.work24.go.kr' ([Errno 11001] getaddrinfo failed)"))
    AIG20210000329033 98회차 실패: HTTPSConnectionPool(host='www.work24.go.kr', port=443): Max retries exceeded with url: /hr/a/a/3100/selectSatisfactionAjax.do?tracseId=AIG20210000329033&srchTracseTme=%5B%2298%22%5D&srchTracseTmeSel=98 (Caused by NameResolutionError("HTTPSConnection(host='www.work24.go.kr', port=443): Failed to resolve 'www.work24.go.kr' ([Errno 11001] getaddrinfo failed)"))
    AIG20210000329033 99회차 실패: HTTPSConnectionPool(host='www.work24.go.kr', port=443): Max retries exceeded with url: /hr/a/a/3100/selectSatisfactionAjax.do?tracseId=AIG20210000329033&srchTracseTme=%5B%2299%22%5D&srchTracseTmeSel=99 (Caused by NameResolutionError("HTTPSConnection(host='www.work24.go.kr', port=443): Failed to resolve 'www.work24.go.kr' ([Errno 11001] getaddrinfo failed)"))
    AIG20210000329033 100회차 실패: HTTPSConnectionPool(host='www.work24.go.kr', port=443): Max retries exceeded with url: /hr/a/a/3100/selectSatisfactionAjax.do?tracseId=AIG20210000329033&srchTracseTme=%5B%22100%22%5D&srchTracseTmeSel=100 (Caused by NameResolutionError("HTTPSConnection(host='www.work24.go.kr', port=443): Failed to resolve 'www.work24.go.kr' ([Errno 11001] getaddrinfo failed)"))
    AIG20210000329033 101회차 실패: HTTPSConnectionPool(host='www.work24.go.kr', port=443): Max retries exceeded with url: /hr/a/a/3100/selectSatisfactionAjax.do?tracseId=AIG20210000329033&srchTracseTme=%5B%22101%22%5D&srchTracseTmeSel=101 (Caused by NameResolutionError("HTTPSConnection(host='www.work24.go.kr', port=443): Failed to resolve 'www.work24.go.kr' ([Errno 11001] getaddrinfo failed)"))
    AIG20210000329033 102회차 실패: HTTPSConnectionPool(host='www.work24.go.kr', port=443): Max retries exceeded with url: /hr/a/a/3100/selectSatisfactionAjax.do?tracseId=AIG20210000329033&srchTracseTme=%5B%22102%22%5D&srchTracseTmeSel=102 (Caused by NameResolutionError("HTTPSConnection(host='www.work24.go.kr', port=443): Failed to resolve 'www.work24.go.kr' ([Errno 11001] getaddrinfo failed)"))
    AIG20210000329033 103회차 실패: HTTPSConnectionPool(host='www.work24.go.kr', port=443): Max retries exceeded with url: /hr/a/a/3100/selectSatisfactionAjax.do?tracseId=AIG20210000329033&srchTracseTme=%5B%22103%22%5D&srchTracseTmeSel=103 (Caused by NameResolutionError("HTTPSConnection(host='www.work24.go.kr', port=443): Failed to resolve 'www.work24.go.kr' ([Errno 11001] getaddrinfo failed)"))
    AIG20210000329033 104회차 실패: HTTPSConnectionPool(host='www.work24.go.kr', port=443): Max retries exceeded with url: /hr/a/a/3100/selectSatisfactionAjax.do?tracseId=AIG20210000329033&srchTracseTme=%5B%22104%22%5D&srchTracseTmeSel=104 (Caused by NameResolutionError("HTTPSConnection(host='www.work24.go.kr', port=443): Failed to resolve 'www.work24.go.kr' ([Errno 11001] getaddrinfo failed)"))
    AIG20210000329033 105회차 실패: HTTPSConnectionPool(host='www.work24.go.kr', port=443): Max retries exceeded with url: /hr/a/a/3100/selectSatisfactionAjax.do?tracseId=AIG20210000329033&srchTracseTme=%5B%22105%22%5D&srchTracseTmeSel=105 (Caused by NameResolutionError("HTTPSConnection(host='www.work24.go.kr', port=443): Failed to resolve 'www.work24.go.kr' ([Errno 11001] getaddrinfo failed)"))
    AIG20210000329033 106회차 실패: HTTPSConnectionPool(host='www.work24.go.kr', port=443): Max retries exceeded with url: /hr/a/a/3100/selectSatisfactionAjax.do?tracseId=AIG20210000329033&srchTracseTme=%5B%22106%22%5D&srchTracseTmeSel=106 (Caused by NameResolutionError("HTTPSConnection(host='www.work24.go.kr', port=443): Failed to resolve 'www.work24.go.kr' ([Errno 11001] getaddrinfo failed)"))
    AIG20210000329033 107회차 실패: HTTPSConnectionPool(host='www.work24.go.kr', port=443): Max retries exceeded with url: /hr/a/a/3100/selectSatisfactionAjax.do?tracseId=AIG20210000329033&srchTracseTme=%5B%22107%22%5D&srchTracseTmeSel=107 (Caused by NameResolutionError("HTTPSConnection(host='www.work24.go.kr', port=443): Failed to resolve 'www.work24.go.kr' ([Errno 11001] getaddrinfo failed)"))
    AIG20210000329033 108회차 실패: HTTPSConnectionPool(host='www.work24.go.kr', port=443): Max retries exceeded with url: /hr/a/a/3100/selectSatisfactionAjax.do?tracseId=AIG20210000329033&srchTracseTme=%5B%22108%22%5D&srchTracseTmeSel=108 (Caused by NameResolutionError("HTTPSConnection(host='www.work24.go.kr', port=443): Failed to resolve 'www.work24.go.kr' ([Errno 11001] getaddrinfo failed)"))
    AIG20210000329033 109회차 실패: HTTPSConnectionPool(host='www.work24.go.kr', port=443): Max retries exceeded with url: /hr/a/a/3100/selectSatisfactionAjax.do?tracseId=AIG20210000329033&srchTracseTme=%5B%22109%22%5D&srchTracseTmeSel=109 (Caused by NameResolutionError("HTTPSConnection(host='www.work24.go.kr', port=443): Failed to resolve 'www.work24.go.kr' ([Errno 11001] getaddrinfo failed)"))
    AIG20210000329033 110회차 실패: HTTPSConnectionPool(host='www.work24.go.kr', port=443): Max retries exceeded with url: /hr/a/a/3100/selectSatisfactionAjax.do?tracseId=AIG20210000329033&srchTracseTme=%5B%22110%22%5D&srchTracseTmeSel=110 (Caused by NameResolutionError("HTTPSConnection(host='www.work24.go.kr', port=443): Failed to resolve 'www.work24.go.kr' ([Errno 11001] getaddrinfo failed)"))
    AIG20210000329033 111회차 실패: HTTPSConnectionPool(host='www.work24.go.kr', port=443): Max retries exceeded with url: /hr/a/a/3100/selectSatisfactionAjax.do?tracseId=AIG20210000329033&srchTracseTme=%5B%22111%22%5D&srchTracseTmeSel=111 (Caused by NameResolutionError("HTTPSConnection(host='www.work24.go.kr', port=443): Failed to resolve 'www.work24.go.kr' ([Errno 11001] getaddrinfo failed)"))
    AIG20210000329033 112회차 실패: HTTPSConnectionPool(host='www.work24.go.kr', port=443): Max retries exceeded with url: /hr/a/a/3100/selectSatisfactionAjax.do?tracseId=AIG20210000329033&srchTracseTme=%5B%22112%22%5D&srchTracseTmeSel=112 (Caused by NameResolutionError("HTTPSConnection(host='www.work24.go.kr', port=443): Failed to resolve 'www.work24.go.kr' ([Errno 11001] getaddrinfo failed)"))
    AIG20210000329033 113회차 실패: HTTPSConnectionPool(host='www.work24.go.kr', port=443): Max retries exceeded with url: /hr/a/a/3100/selectSatisfactionAjax.do?tracseId=AIG20210000329033&srchTracseTme=%5B%22113%22%5D&srchTracseTmeSel=113 (Caused by NameResolutionError("HTTPSConnection(host='www.work24.go.kr', port=443): Failed to resolve 'www.work24.go.kr' ([Errno 11001] getaddrinfo failed)"))
    AIG20210000329033 114회차 실패: HTTPSConnectionPool(host='www.work24.go.kr', port=443): Max retries exceeded with url: /hr/a/a/3100/selectSatisfactionAjax.do?tracseId=AIG20210000329033&srchTracseTme=%5B%22114%22%5D&srchTracseTmeSel=114 (Caused by NameResolutionError("HTTPSConnection(host='www.work24.go.kr', port=443): Failed to resolve 'www.work24.go.kr' ([Errno 11001] getaddrinfo failed)"))
    AIG20210000329033 115회차 실패: HTTPSConnectionPool(host='www.work24.go.kr', port=443): Max retries exceeded with url: /hr/a/a/3100/selectSatisfactionAjax.do?tracseId=AIG20210000329033&srchTracseTme=%5B%22115%22%5D&srchTracseTmeSel=115 (Caused by NameResolutionError("HTTPSConnection(host='www.work24.go.kr', port=443): Failed to resolve 'www.work24.go.kr' ([Errno 11001] getaddrinfo failed)"))
    AIG20210000329033 116회차 실패: HTTPSConnectionPool(host='www.work24.go.kr', port=443): Max retries exceeded with url: /hr/a/a/3100/selectSatisfactionAjax.do?tracseId=AIG20210000329033&srchTracseTme=%5B%22116%22%5D&srchTracseTmeSel=116 (Caused by NameResolutionError("HTTPSConnection(host='www.work24.go.kr', port=443): Failed to resolve 'www.work24.go.kr' ([Errno 11001] getaddrinfo failed)"))
    AIG20210000329033 117회차 실패: HTTPSConnectionPool(host='www.work24.go.kr', port=443): Max retries exceeded with url: /hr/a/a/3100/selectSatisfactionAjax.do?tracseId=AIG20210000329033&srchTracseTme=%5B%22117%22%5D&srchTracseTmeSel=117 (Caused by NameResolutionError("HTTPSConnection(host='www.work24.go.kr', port=443): Failed to resolve 'www.work24.go.kr' ([Errno 11001] getaddrinfo failed)"))
    AIG20210000329033 118회차 실패: HTTPSConnectionPool(host='www.work24.go.kr', port=443): Max retries exceeded with url: /hr/a/a/3100/selectSatisfactionAjax.do?tracseId=AIG20210000329033&srchTracseTme=%5B%22118%22%5D&srchTracseTmeSel=118 (Caused by NameResolutionError("HTTPSConnection(host='www.work24.go.kr', port=443): Failed to resolve 'www.work24.go.kr' ([Errno 11001] getaddrinfo failed)"))
    AIG20210000329033 119회차 실패: HTTPSConnectionPool(host='www.work24.go.kr', port=443): Max retries exceeded with url: /hr/a/a/3100/selectSatisfactionAjax.do?tracseId=AIG20210000329033&srchTracseTme=%5B%22119%22%5D&srchTracseTmeSel=119 (Caused by NameResolutionError("HTTPSConnection(host='www.work24.go.kr', port=443): Failed to resolve 'www.work24.go.kr' ([Errno 11001] getaddrinfo failed)"))
    AIG20210000329033 120회차 실패: HTTPSConnectionPool(host='www.work24.go.kr', port=443): Max retries exceeded with url: /hr/a/a/3100/selectSatisfactionAjax.do?tracseId=AIG20210000329033&srchTracseTme=%5B%22120%22%5D&srchTracseTmeSel=120 (Caused by NameResolutionError("HTTPSConnection(host='www.work24.go.kr', port=443): Failed to resolve 'www.work24.go.kr' ([Errno 11001] getaddrinfo failed)"))
    AIG20210000329033 121회차 실패: HTTPSConnectionPool(host='www.work24.go.kr', port=443): Max retries exceeded with url: /hr/a/a/3100/selectSatisfactionAjax.do?tracseId=AIG20210000329033&srchTracseTme=%5B%22121%22%5D&srchTracseTmeSel=121 (Caused by NameResolutionError("HTTPSConnection(host='www.work24.go.kr', port=443): Failed to resolve 'www.work24.go.kr' ([Errno 11001] getaddrinfo failed)"))
    AIG20210000329033 122회차 실패: HTTPSConnectionPool(host='www.work24.go.kr', port=443): Max retries exceeded with url: /hr/a/a/3100/selectSatisfactionAjax.do?tracseId=AIG20210000329033&srchTracseTme=%5B%22122%22%5D&srchTracseTmeSel=122 (Caused by NameResolutionError("HTTPSConnection(host='www.work24.go.kr', port=443): Failed to resolve 'www.work24.go.kr' ([Errno 11001] getaddrinfo failed)"))
    AIG20210000329033 123회차 실패: HTTPSConnectionPool(host='www.work24.go.kr', port=443): Max retries exceeded with url: /hr/a/a/3100/selectSatisfactionAjax.do?tracseId=AIG20210000329033&srchTracseTme=%5B%22123%22%5D&srchTracseTmeSel=123 (Caused by NameResolutionError("HTTPSConnection(host='www.work24.go.kr', port=443): Failed to resolve 'www.work24.go.kr' ([Errno 11001] getaddrinfo failed)"))
    AIG20210000329033 124회차 실패: HTTPSConnectionPool(host='www.work24.go.kr', port=443): Max retries exceeded with url: /hr/a/a/3100/selectSatisfactionAjax.do?tracseId=AIG20210000329033&srchTracseTme=%5B%22124%22%5D&srchTracseTmeSel=124 (Caused by NameResolutionError("HTTPSConnection(host='www.work24.go.kr', port=443): Failed to resolve 'www.work24.go.kr' ([Errno 11001] getaddrinfo failed)"))
    AIG20210000329033 125회차 실패: HTTPSConnectionPool(host='www.work24.go.kr', port=443): Max retries exceeded with url: /hr/a/a/3100/selectSatisfactionAjax.do?tracseId=AIG20210000329033&srchTracseTme=%5B%22125%22%5D&srchTracseTmeSel=125 (Caused by NameResolutionError("HTTPSConnection(host='www.work24.go.kr', port=443): Failed to resolve 'www.work24.go.kr' ([Errno 11001] getaddrinfo failed)"))
    AIG20210000329033 126회차 실패: HTTPSConnectionPool(host='www.work24.go.kr', port=443): Max retries exceeded with url: /hr/a/a/3100/selectSatisfactionAjax.do?tracseId=AIG20210000329033&srchTracseTme=%5B%22126%22%5D&srchTracseTmeSel=126 (Caused by NameResolutionError("HTTPSConnection(host='www.work24.go.kr', port=443): Failed to resolve 'www.work24.go.kr' ([Errno 11001] getaddrinfo failed)"))
    AIG20210000329033 127회차 실패: HTTPSConnectionPool(host='www.work24.go.kr', port=443): Max retries exceeded with url: /hr/a/a/3100/selectSatisfactionAjax.do?tracseId=AIG20210000329033&srchTracseTme=%5B%22127%22%5D&srchTracseTmeSel=127 (Caused by NameResolutionError("HTTPSConnection(host='www.work24.go.kr', port=443): Failed to resolve 'www.work24.go.kr' ([Errno 11001] getaddrinfo failed)"))
    AIG20210000329033 128회차 실패: HTTPSConnectionPool(host='www.work24.go.kr', port=443): Max retries exceeded with url: /hr/a/a/3100/selectSatisfactionAjax.do?tracseId=AIG20210000329033&srchTracseTme=%5B%22128%22%5D&srchTracseTmeSel=128 (Caused by NameResolutionError("HTTPSConnection(host='www.work24.go.kr', port=443): Failed to resolve 'www.work24.go.kr' ([Errno 11001] getaddrinfo failed)"))
    AIG20210000329033 129회차 실패: HTTPSConnectionPool(host='www.work24.go.kr', port=443): Max retries exceeded with url: /hr/a/a/3100/selectSatisfactionAjax.do?tracseId=AIG20210000329033&srchTracseTme=%5B%22129%22%5D&srchTracseTmeSel=129 (Caused by NameResolutionError("HTTPSConnection(host='www.work24.go.kr', port=443): Failed to resolve 'www.work24.go.kr' ([Errno 11001] getaddrinfo failed)"))
    AIG20210000329033 130회차 실패: HTTPSConnectionPool(host='www.work24.go.kr', port=443): Max retries exceeded with url: /hr/a/a/3100/selectSatisfactionAjax.do?tracseId=AIG20210000329033&srchTracseTme=%5B%22130%22%5D&srchTracseTmeSel=130 (Caused by NameResolutionError("HTTPSConnection(host='www.work24.go.kr', port=443): Failed to resolve 'www.work24.go.kr' ([Errno 11001] getaddrinfo failed)"))
    AIG20210000329033 131회차 실패: HTTPSConnectionPool(host='www.work24.go.kr', port=443): Max retries exceeded with url: /hr/a/a/3100/selectSatisfactionAjax.do?tracseId=AIG20210000329033&srchTracseTme=%5B%22131%22%5D&srchTracseTmeSel=131 (Caused by NameResolutionError("HTTPSConnection(host='www.work24.go.kr', port=443): Failed to resolve 'www.work24.go.kr' ([Errno 11001] getaddrinfo failed)"))
    AIG20210000329033 132회차 실패: HTTPSConnectionPool(host='www.work24.go.kr', port=443): Max retries exceeded with url: /hr/a/a/3100/selectSatisfactionAjax.do?tracseId=AIG20210000329033&srchTracseTme=%5B%22132%22%5D&srchTracseTmeSel=132 (Caused by NameResolutionError("HTTPSConnection(host='www.work24.go.kr', port=443): Failed to resolve 'www.work24.go.kr' ([Errno 11001] getaddrinfo failed)"))
    AIG20210000329033 133회차 실패: HTTPSConnectionPool(host='www.work24.go.kr', port=443): Max retries exceeded with url: /hr/a/a/3100/selectSatisfactionAjax.do?tracseId=AIG20210000329033&srchTracseTme=%5B%22133%22%5D&srchTracseTmeSel=133 (Caused by NameResolutionError("HTTPSConnection(host='www.work24.go.kr', port=443): Failed to resolve 'www.work24.go.kr' ([Errno 11001] getaddrinfo failed)"))
    AIG20210000329033 134회차 실패: HTTPSConnectionPool(host='www.work24.go.kr', port=443): Max retries exceeded with url: /hr/a/a/3100/selectSatisfactionAjax.do?tracseId=AIG20210000329033&srchTracseTme=%5B%22134%22%5D&srchTracseTmeSel=134 (Caused by NameResolutionError("HTTPSConnection(host='www.work24.go.kr', port=443): Failed to resolve 'www.work24.go.kr' ([Errno 11001] getaddrinfo failed)"))
    AIG20210000329033 135회차 실패: HTTPSConnectionPool(host='www.work24.go.kr', port=443): Max retries exceeded with url: /hr/a/a/3100/selectSatisfactionAjax.do?tracseId=AIG20210000329033&srchTracseTme=%5B%22135%22%5D&srchTracseTmeSel=135 (Caused by NameResolutionError("HTTPSConnection(host='www.work24.go.kr', port=443): Failed to resolve 'www.work24.go.kr' ([Errno 11001] getaddrinfo failed)"))
    AIG20210000329033 136회차 실패: HTTPSConnectionPool(host='www.work24.go.kr', port=443): Max retries exceeded with url: /hr/a/a/3100/selectSatisfactionAjax.do?tracseId=AIG20210000329033&srchTracseTme=%5B%22136%22%5D&srchTracseTmeSel=136 (Caused by NameResolutionError("HTTPSConnection(host='www.work24.go.kr', port=443): Failed to resolve 'www.work24.go.kr' ([Errno 11001] getaddrinfo failed)"))
    AIG20210000329033 137회차 실패: HTTPSConnectionPool(host='www.work24.go.kr', port=443): Max retries exceeded with url: /hr/a/a/3100/selectSatisfactionAjax.do?tracseId=AIG20210000329033&srchTracseTme=%5B%22137%22%5D&srchTracseTmeSel=137 (Caused by NameResolutionError("HTTPSConnection(host='www.work24.go.kr', port=443): Failed to resolve 'www.work24.go.kr' ([Errno 11001] getaddrinfo failed)"))
    AIG20210000329033 138회차 실패: HTTPSConnectionPool(host='www.work24.go.kr', port=443): Max retries exceeded with url: /hr/a/a/3100/selectSatisfactionAjax.do?tracseId=AIG20210000329033&srchTracseTme=%5B%22138%22%5D&srchTracseTmeSel=138 (Caused by NameResolutionError("HTTPSConnection(host='www.work24.go.kr', port=443): Failed to resolve 'www.work24.go.kr' ([Errno 11001] getaddrinfo failed)"))
    AIG20210000329033 139회차 실패: HTTPSConnectionPool(host='www.work24.go.kr', port=443): Max retries exceeded with url: /hr/a/a/3100/selectSatisfactionAjax.do?tracseId=AIG20210000329033&srchTracseTme=%5B%22139%22%5D&srchTracseTmeSel=139 (Caused by NameResolutionError("HTTPSConnection(host='www.work24.go.kr', port=443): Failed to resolve 'www.work24.go.kr' ([Errno 11001] getaddrinfo failed)"))
    AIG20210000329033 140회차 실패: HTTPSConnectionPool(host='www.work24.go.kr', port=443): Max retries exceeded with url: /hr/a/a/3100/selectSatisfactionAjax.do?tracseId=AIG20210000329033&srchTracseTme=%5B%22140%22%5D&srchTracseTmeSel=140 (Caused by NameResolutionError("HTTPSConnection(host='www.work24.go.kr', port=443): Failed to resolve 'www.work24.go.kr' ([Errno 11001] getaddrinfo failed)"))
    AIG20210000329033 141회차 실패: HTTPSConnectionPool(host='www.work24.go.kr', port=443): Max retries exceeded with url: /hr/a/a/3100/selectSatisfactionAjax.do?tracseId=AIG20210000329033&srchTracseTme=%5B%22141%22%5D&srchTracseTmeSel=141 (Caused by NameResolutionError("HTTPSConnection(host='www.work24.go.kr', port=443): Failed to resolve 'www.work24.go.kr' ([Errno 11001] getaddrinfo failed)"))
    AIG20210000329033 142회차 실패: HTTPSConnectionPool(host='www.work24.go.kr', port=443): Max retries exceeded with url: /hr/a/a/3100/selectSatisfactionAjax.do?tracseId=AIG20210000329033&srchTracseTme=%5B%22142%22%5D&srchTracseTmeSel=142 (Caused by NameResolutionError("HTTPSConnection(host='www.work24.go.kr', port=443): Failed to resolve 'www.work24.go.kr' ([Errno 11001] getaddrinfo failed)"))
    AIG20210000329033 143회차 실패: HTTPSConnectionPool(host='www.work24.go.kr', port=443): Max retries exceeded with url: /hr/a/a/3100/selectSatisfactionAjax.do?tracseId=AIG20210000329033&srchTracseTme=%5B%22143%22%5D&srchTracseTmeSel=143 (Caused by NameResolutionError("HTTPSConnection(host='www.work24.go.kr', port=443): Failed to resolve 'www.work24.go.kr' ([Errno 11001] getaddrinfo failed)"))
[223/1196] AIG20210000329033  유효회차 143개  누적 3084행
[224/1196] AIG20210000350106 회차목록 실패: HTTPSConnectionPool(host='www.work24.go.kr', port=443): Max retries exceeded with url: /hr/a/a/3300/selectTgcrStdg.do (Caused by NameResolutionError("HTTPSConnection(host='www.work24.go.kr', port=443): Failed to resolve 'www.work24.go.kr' ([Errno 11001] getaddrinfo failed)"))
[225/1196] AIG20210000365837 회차목록 실패: HTTPSConnectionPool(host='www.work24.go.kr', port=443): Max retries exceeded with url: /hr/a/a/3300/selectTgcrStdg.do (Caused by NameResolutionError("HTTPSConnection(host='www.work24.go.kr', port=443): Failed to resolve 'www.work24.go.kr' ([Errno 11001] getaddrinfo failed)"))
[226/1196] AIG20220000366671 회차목록 실패: HTTPSConnectionPool(host='www.work24.go.kr', port=443): Max retries exceeded with url: /hr/a/a/3300/selectTgcrStdg.do (Caused by NameResolutionError("HTTPSConnection(host='www.work24.go.kr', port=443): Failed to resolve 'www.work24.go.kr' ([Errno 11001] getaddrinfo failed)"))
[227/1196] AIG20220000366677 회차목록 실패: HTTPSConnectionPool(host='www.work24.go.kr', port=443): Max retries exceeded with url: /hr/a/a/3300/selectTgcrStdg.do (Caused by NameResolutionError("HTTPSConnection(host='www.work24.go.kr', port=443): Failed to resolve 'www.work24.go.kr' ([Errno 11001] getaddrinfo failed)"))
[228/1196] AIG20220000366679 회차목록 실패: HTTPSConnectionPool(host='www.work24.go.kr', port=443): Max retries exceeded with url: /hr/a/a/3300/selectTgcrStdg.do (Caused by NameResolutionError("HTTPSConnection(host='www.work24.go.kr', port=443): Failed to resolve 'www.work24.go.kr' ([Errno 11001] getaddrinfo failed)"))
[229/1196] AIG20220000366681 회차목록 실패: HTTPSConnectionPool(host='www.work24.go.kr', port=443): Max retries exceeded with url: /hr/a/a/3300/selectTgcrStdg.do (Caused by NameResolutionError("HTTPSConnection(host='www.work24.go.kr', port=443): Failed to resolve 'www.work24.go.kr' ([Errno 11001] getaddrinfo failed)"))
[230/1196] AIG20220000366682 회차목록 실패: HTTPSConnectionPool(host='www.work24.go.kr', port=443): Max retries exceeded with url: /hr/a/a/3300/selectTgcrStdg.do (Caused by NameResolutionError("HTTPSConnection(host='www.work24.go.kr', port=443): Failed to resolve 'www.work24.go.kr' ([Errno 11001] getaddrinfo failed)"))
[231/1196] AIG20220000366692 회차목록 실패: HTTPSConnectionPool(host='www.work24.go.kr', port=443): Max retries exceeded with url: /hr/a/a/3300/selectTgcrStdg.do (Caused by NameResolutionError("HTTPSConnection(host='www.work24.go.kr', port=443): Failed to resolve 'www.work24.go.kr' ([Errno 11001] getaddrinfo failed)"))
[232/1196] AIG20220000366697 회차목록 실패: HTTPSConnectionPool(host='www.work24.go.kr', port=443): Max retries exceeded with url: /hr/a/a/3300/selectTgcrStdg.do (Caused by NameResolutionError("HTTPSConnection(host='www.work24.go.kr', port=443): Failed to resolve 'www.work24.go.kr' ([Errno 11001] getaddrinfo failed)"))
[233/1196] AIG20220000366700 회차목록 실패: HTTPSConnectionPool(host='www.work24.go.kr', port=443): Max retries exceeded with url: /hr/a/a/3300/selectTgcrStdg.do (Caused by NameResolutionError("HTTPSConnection(host='www.work24.go.kr', port=443): Failed to resolve 'www.work24.go.kr' ([Errno 11001] getaddrinfo failed)"))
[234/1196] AIG20220000366703 회차목록 실패: HTTPSConnectionPool(host='www.work24.go.kr', port=443): Max retries exceeded with url: /hr/a/a/3300/selectTgcrStdg.do (Caused by NameResolutionError("HTTPSConnection(host='www.work24.go.kr', port=443): Failed to resolve 'www.work24.go.kr' ([Errno 11001] getaddrinfo failed)"))
[235/1196] AIG20220000366707 회차목록 실패: HTTPSConnectionPool(host='www.work24.go.kr', port=443): Max retries exceeded with url: /hr/a/a/3300/selectTgcrStdg.do (Caused by NameResolutionError("HTTPSConnection(host='www.work24.go.kr', port=443): Failed to resolve 'www.work24.go.kr' ([Errno 11001] getaddrinfo failed)"))
[236/1196] AIG20220000366708 회차목록 실패: HTTPSConnectionPool(host='www.work24.go.kr', port=443): Max retries exceeded with url: /hr/a/a/3300/selectTgcrStdg.do (Caused by NameResolutionError("HTTPSConnection(host='www.work24.go.kr', port=443): Failed to resolve 'www.work24.go.kr' ([Errno 11001] getaddrinfo failed)"))
[237/1196] AIG20220000366720 회차목록 실패: HTTPSConnectionPool(host='www.work24.go.kr', port=443): Max retries exceeded with url: /hr/a/a/3300/selectTgcrStdg.do (Caused by NameResolutionError("HTTPSConnection(host='www.work24.go.kr', port=443): Failed to resolve 'www.work24.go.kr' ([Errno 11001] getaddrinfo failed)"))
[238/1196] AIG20220000366721 회차목록 실패: HTTPSConnectionPool(host='www.work24.go.kr', port=443): Max retries exceeded with url: /hr/a/a/3300/selectTgcrStdg.do (Caused by NameResolutionError("HTTPSConnection(host='www.work24.go.kr', port=443): Failed to resolve 'www.work24.go.kr' ([Errno 11001] getaddrinfo failed)"))
[239/1196] AIG20220000366722 회차목록 실패: HTTPSConnectionPool(host='www.work24.go.kr', port=443): Max retries exceeded with url: /hr/a/a/3300/selectTgcrStdg.do (Caused by NameResolutionError("HTTPSConnection(host='www.work24.go.kr', port=443): Failed to resolve 'www.work24.go.kr' ([Errno 11001] getaddrinfo failed)"))
[240/1196] AIG20220000366724 회차목록 실패: HTTPSConnectionPool(host='www.work24.go.kr', port=443): Max retries exceeded with url: /hr/a/a/3300/selectTgcrStdg.do (Caused by NameResolutionError("HTTPSConnection(host='www.work24.go.kr', port=443): Failed to resolve 'www.work24.go.kr' ([Errno 11001] getaddrinfo failed)"))
[241/1196] AIG20220000366725 회차목록 실패: HTTPSConnectionPool(host='www.work24.go.kr', port=443): Max retries exceeded with url: /hr/a/a/3300/selectTgcrStdg.do (Caused by NameResolutionError("HTTPSConnection(host='www.work24.go.kr', port=443): Failed to resolve 'www.work24.go.kr' ([Errno 11001] getaddrinfo failed)"))
[242/1196] AIG20220000366726 회차목록 실패: HTTPSConnectionPool(host='www.work24.go.kr', port=443): Max retries exceeded with url: /hr/a/a/3300/selectTgcrStdg.do (Caused by NameResolutionError("HTTPSConnection(host='www.work24.go.kr', port=443): Failed to resolve 'www.work24.go.kr' ([Errno 11001] getaddrinfo failed)"))
[243/1196] AIG20220000366729 회차목록 실패: HTTPSConnectionPool(host='www.work24.go.kr', port=443): Max retries exceeded with url: /hr/a/a/3300/selectTgcrStdg.do (Caused by NameResolutionError("HTTPSConnection(host='www.work24.go.kr', port=443): Failed to resolve 'www.work24.go.kr' ([Errno 11001] getaddrinfo failed)"))
[244/1196] AIG20220000366732 회차목록 실패: HTTPSConnectionPool(host='www.work24.go.kr', port=443): Max retries exceeded with url: /hr/a/a/3300/selectTgcrStdg.do (Caused by NameResolutionError("HTTPSConnection(host='www.work24.go.kr', port=443): Failed to resolve 'www.work24.go.kr' ([Errno 11001] getaddrinfo failed)"))
[245/1196] AIG20220000366733 회차목록 실패: HTTPSConnectionPool(host='www.work24.go.kr', port=443): Max retries exceeded with url: /hr/a/a/3300/selectTgcrStdg.do (Caused by NameResolutionError("HTTPSConnection(host='www.work24.go.kr', port=443): Failed to resolve 'www.work24.go.kr' ([Errno 11001] getaddrinfo failed)"))
[246/1196] AIG20220000366736 회차목록 실패: HTTPSConnectionPool(host='www.work24.go.kr', port=443): Max retries exceeded with url: /hr/a/a/3300/selectTgcrStdg.do (Caused by NameResolutionError("HTTPSConnection(host='www.work24.go.kr', port=443): Failed to resolve 'www.work24.go.kr' ([Errno 11001] getaddrinfo failed)"))
[247/1196] AIG20220000366739 회차목록 실패: HTTPSConnectionPool(host='www.work24.go.kr', port=443): Max retries exceeded with url: /hr/a/a/3300/selectTgcrStdg.do (Caused by NameResolutionError("HTTPSConnection(host='www.work24.go.kr', port=443): Failed to resolve 'www.work24.go.kr' ([Errno 11001] getaddrinfo failed)"))
[248/1196] AIG20220000366743 회차목록 실패: HTTPSConnectionPool(host='www.work24.go.kr', port=443): Max retries exceeded with url: /hr/a/a/3300/selectTgcrStdg.do (Caused by NameResolutionError("HTTPSConnection(host='www.work24.go.kr', port=443): Failed to resolve 'www.work24.go.kr' ([Errno 11001] getaddrinfo failed)"))
[249/1196] AIG20220000366746 회차목록 실패: HTTPSConnectionPool(host='www.work24.go.kr', port=443): Max retries exceeded with url: /hr/a/a/3300/selectTgcrStdg.do (Caused by NameResolutionError("HTTPSConnection(host='www.work24.go.kr', port=443): Failed to resolve 'www.work24.go.kr' ([Errno 11001] getaddrinfo failed)"))
[250/1196] AIG20220000366748 회차목록 실패: HTTPSConnectionPool(host='www.work24.go.kr', port=443): Max retries exceeded with url: /hr/a/a/3300/selectTgcrStdg.do (Caused by NameResolutionError("HTTPSConnection(host='www.work24.go.kr', port=443): Failed to resolve 'www.work24.go.kr' ([Errno 11001] getaddrinfo failed)"))
[251/1196] AIG20220000366754 회차목록 실패: HTTPSConnectionPool(host='www.work24.go.kr', port=443): Max retries exceeded with url: /hr/a/a/3300/selectTgcrStdg.do (Caused by NameResolutionError("HTTPSConnection(host='www.work24.go.kr', port=443): Failed to resolve 'www.work24.go.kr' ([Errno 11001] getaddrinfo failed)"))
[253/1196] AIG20220000366759 회차목록 실패: HTTPSConnectionPool(host='www.work24.go.kr', port=443): Max retries exceeded with url: /hr/a/a/3300/selectTgcrStdg.do (Caused by NameResolutionError("HTTPSConnection(host='www.work24.go.kr', port=443): Failed to resolve 'www.work24.go.kr' ([Errno 11001] getaddrinfo failed)"))
[254/1196] AIG20220000366761 회차목록 실패: HTTPSConnectionPool(host='www.work24.go.kr', port=443): Max retries exceeded with url: /hr/a/a/3300/selectTgcrStdg.do (Caused by NameResolutionError("HTTPSConnection(host='www.work24.go.kr', port=443): Failed to resolve 'www.work24.go.kr' ([Errno 11001] getaddrinfo failed)"))
[255/1196] AIG20220000366767 회차목록 실패: HTTPSConnectionPool(host='www.work24.go.kr', port=443): Max retries exceeded with url: /hr/a/a/3300/selectTgcrStdg.do (Caused by NameResolutionError("HTTPSConnection(host='www.work24.go.kr', port=443): Failed to resolve 'www.work24.go.kr' ([Errno 11001] getaddrinfo failed)"))
[256/1196] AIG20220000366768 회차목록 실패: HTTPSConnectionPool(host='www.work24.go.kr', port=443): Max retries exceeded with url: /hr/a/a/3300/selectTgcrStdg.do (Caused by NameResolutionError("HTTPSConnection(host='www.work24.go.kr', port=443): Failed to resolve 'www.work24.go.kr' ([Errno 11001] getaddrinfo failed)"))
[257/1196] AIG20220000366771 회차목록 실패: HTTPSConnectionPool(host='www.work24.go.kr', port=443): Max retries exceeded with url: /hr/a/a/3300/selectTgcrStdg.do (Caused by NameResolutionError("HTTPSConnection(host='www.work24.go.kr', port=443): Failed to resolve 'www.work24.go.kr' ([Errno 11001] getaddrinfo failed)"))
[258/1196] AIG20220000366772 회차목록 실패: HTTPSConnectionPool(host='www.work24.go.kr', port=443): Max retries exceeded with url: /hr/a/a/3300/selectTgcrStdg.do (Caused by NameResolutionError("HTTPSConnection(host='www.work24.go.kr', port=443): Failed to resolve 'www.work24.go.kr' ([Errno 11001] getaddrinfo failed)"))
[259/1196] AIG20220000366774 회차목록 실패: HTTPSConnectionPool(host='www.work24.go.kr', port=443): Max retries exceeded with url: /hr/a/a/3300/selectTgcrStdg.do (Caused by NameResolutionError("HTTPSConnection(host='www.work24.go.kr', port=443): Failed to resolve 'www.work24.go.kr' ([Errno 11001] getaddrinfo failed)"))
[260/1196] AIG20220000366777 회차목록 실패: HTTPSConnectionPool(host='www.work24.go.kr', port=443): Max retries exceeded with url: /hr/a/a/3300/selectTgcrStdg.do (Caused by NameResolutionError("HTTPSConnection(host='www.work24.go.kr', port=443): Failed to resolve 'www.work24.go.kr' ([Errno 11001] getaddrinfo failed)"))
[261/1196] AIG20220000366784 회차목록 실패: HTTPSConnectionPool(host='www.work24.go.kr', port=443): Max retries exceeded with url: /hr/a/a/3300/selectTgcrStdg.do (Caused by NameResolutionError("HTTPSConnection(host='www.work24.go.kr', port=443): Failed to resolve 'www.work24.go.kr' ([Errno 11001] getaddrinfo failed)"))
[262/1196] AIG20220000366785 회차목록 실패: HTTPSConnectionPool(host='www.work24.go.kr', port=443): Max retries exceeded with url: /hr/a/a/3300/selectTgcrStdg.do (Caused by NameResolutionError("HTTPSConnection(host='www.work24.go.kr', port=443): Failed to resolve 'www.work24.go.kr' ([Errno 11001] getaddrinfo failed)"))
[263/1196] AIG20220000366787 회차목록 실패: HTTPSConnectionPool(host='www.work24.go.kr', port=443): Max retries exceeded with url: /hr/a/a/3300/selectTgcrStdg.do (Caused by NameResolutionError("HTTPSConnection(host='www.work24.go.kr', port=443): Failed to resolve 'www.work24.go.kr' ([Errno 11001] getaddrinfo failed)"))
[264/1196] AIG20220000366789 회차목록 실패: HTTPSConnectionPool(host='www.work24.go.kr', port=443): Max retries exceeded with url: /hr/a/a/3300/selectTgcrStdg.do (Caused by NameResolutionError("HTTPSConnection(host='www.work24.go.kr', port=443): Failed to resolve 'www.work24.go.kr' ([Errno 11001] getaddrinfo failed)"))
[265/1196] AIG20220000366793 회차목록 실패: HTTPSConnectionPool(host='www.work24.go.kr', port=443): Max retries exceeded with url: /hr/a/a/3300/selectTgcrStdg.do (Caused by NameResolutionError("HTTPSConnection(host='www.work24.go.kr', port=443): Failed to resolve 'www.work24.go.kr' ([Errno 11001] getaddrinfo failed)"))
[266/1196] AIG20220000366797 회차목록 실패: HTTPSConnectionPool(host='www.work24.go.kr', port=443): Max retries exceeded with url: /hr/a/a/3300/selectTgcrStdg.do (Caused by NameResolutionError("HTTPSConnection(host='www.work24.go.kr', port=443): Failed to resolve 'www.work24.go.kr' ([Errno 11001] getaddrinfo failed)"))
[267/1196] AIG20220000366799 회차목록 실패: HTTPSConnectionPool(host='www.work24.go.kr', port=443): Max retries exceeded with url: /hr/a/a/3300/selectTgcrStdg.do (Caused by NameResolutionError("HTTPSConnection(host='www.work24.go.kr', port=443): Failed to resolve 'www.work24.go.kr' ([Errno 11001] getaddrinfo failed)"))
[268/1196] AIG20220000366801 회차목록 실패: HTTPSConnectionPool(host='www.work24.go.kr', port=443): Max retries exceeded with url: /hr/a/a/3300/selectTgcrStdg.do (Caused by NameResolutionError("HTTPSConnection(host='www.work24.go.kr', port=443): Failed to resolve 'www.work24.go.kr' ([Errno 11001] getaddrinfo failed)"))
[269/1196] AIG20220000366803 회차목록 실패: HTTPSConnectionPool(host='www.work24.go.kr', port=443): Max retries exceeded with url: /hr/a/a/3300/selectTgcrStdg.do (Caused by NameResolutionError("HTTPSConnection(host='www.work24.go.kr', port=443): Failed to resolve 'www.work24.go.kr' ([Errno 11001] getaddrinfo failed)"))
[270/1196] AIG20220000366804 회차목록 실패: HTTPSConnectionPool(host='www.work24.go.kr', port=443): Max retries exceeded with url: /hr/a/a/3300/selectTgcrStdg.do (Caused by NameResolutionError("HTTPSConnection(host='www.work24.go.kr', port=443): Failed to resolve 'www.work24.go.kr' ([Errno 11001] getaddrinfo failed)"))
[271/1196] AIG20220000366806 회차목록 실패: HTTPSConnectionPool(host='www.work24.go.kr', port=443): Max retries exceeded with url: /hr/a/a/3300/selectTgcrStdg.do (Caused by NameResolutionError("HTTPSConnection(host='www.work24.go.kr', port=443): Failed to resolve 'www.work24.go.kr' ([Errno 11001] getaddrinfo failed)"))
[272/1196] AIG20220000366809 회차목록 실패: HTTPSConnectionPool(host='www.work24.go.kr', port=443): Max retries exceeded with url: /hr/a/a/3300/selectTgcrStdg.do (Caused by NameResolutionError("HTTPSConnection(host='www.work24.go.kr', port=443): Failed to resolve 'www.work24.go.kr' ([Errno 11001] getaddrinfo failed)"))
[273/1196] AIG20220000366816 회차목록 실패: HTTPSConnectionPool(host='www.work24.go.kr', port=443): Max retries exceeded with url: /hr/a/a/3300/selectTgcrStdg.do (Caused by NameResolutionError("HTTPSConnection(host='www.work24.go.kr', port=443): Failed to resolve 'www.work24.go.kr' ([Errno 11001] getaddrinfo failed)"))
[274/1196] AIG20220000366817 회차목록 실패: HTTPSConnectionPool(host='www.work24.go.kr', port=443): Max retries exceeded with url: /hr/a/a/3300/selectTgcrStdg.do (Caused by NameResolutionError("HTTPSConnection(host='www.work24.go.kr', port=443): Failed to resolve 'www.work24.go.kr' ([Errno 11001] getaddrinfo failed)"))
[275/1196] AIG20220000366818 회차목록 실패: HTTPSConnectionPool(host='www.work24.go.kr', port=443): Max retries exceeded with url: /hr/a/a/3300/selectTgcrStdg.do (Caused by NameResolutionError("HTTPSConnection(host='www.work24.go.kr', port=443): Failed to resolve 'www.work24.go.kr' ([Errno 11001] getaddrinfo failed)"))
[277/1196] AIG20220000366825 회차목록 실패: HTTPSConnectionPool(host='www.work24.go.kr', port=443): Max retries exceeded with url: /hr/a/a/3300/selectTgcrStdg.do (Caused by NameResolutionError("HTTPSConnection(host='www.work24.go.kr', port=443): Failed to resolve 'www.work24.go.kr' ([Errno 11001] getaddrinfo failed)"))
[278/1196] AIG20220000366826 회차목록 실패: HTTPSConnectionPool(host='www.work24.go.kr', port=443): Max retries exceeded with url: /hr/a/a/3300/selectTgcrStdg.do (Caused by NameResolutionError("HTTPSConnection(host='www.work24.go.kr', port=443): Failed to resolve 'www.work24.go.kr' ([Errno 11001] getaddrinfo failed)"))
[279/1196] AIG20220000366827 회차목록 실패: HTTPSConnectionPool(host='www.work24.go.kr', port=443): Max retries exceeded with url: /hr/a/a/3300/selectTgcrStdg.do (Caused by NameResolutionError("HTTPSConnection(host='www.work24.go.kr', port=443): Failed to resolve 'www.work24.go.kr' ([Errno 11001] getaddrinfo failed)"))
[280/1196] AIG20220000366834 회차목록 실패: HTTPSConnectionPool(host='www.work24.go.kr', port=443): Max retries exceeded with url: /hr/a/a/3300/selectTgcrStdg.do (Caused by NameResolutionError("HTTPSConnection(host='www.work24.go.kr', port=443): Failed to resolve 'www.work24.go.kr' ([Errno 11001] getaddrinfo failed)"))
[281/1196] AIG20220000366838 회차목록 실패: HTTPSConnectionPool(host='www.work24.go.kr', port=443): Max retries exceeded with url: /hr/a/a/3300/selectTgcrStdg.do (Caused by NameResolutionError("HTTPSConnection(host='www.work24.go.kr', port=443): Failed to resolve 'www.work24.go.kr' ([Errno 11001] getaddrinfo failed)"))
[282/1196] AIG20220000366843 회차목록 실패: HTTPSConnectionPool(host='www.work24.go.kr', port=443): Max retries exceeded with url: /hr/a/a/3300/selectTgcrStdg.do (Caused by NameResolutionError("HTTPSConnection(host='www.work24.go.kr', port=443): Failed to resolve 'www.work24.go.kr' ([Errno 11001] getaddrinfo failed)"))
[283/1196] AIG20220000366853 회차목록 실패: HTTPSConnectionPool(host='www.work24.go.kr', port=443): Max retries exceeded with url: /hr/a/a/3300/selectTgcrStdg.do (Caused by NameResolutionError("HTTPSConnection(host='www.work24.go.kr', port=443): Failed to resolve 'www.work24.go.kr' ([Errno 11001] getaddrinfo failed)"))
[284/1196] AIG20220000366854 회차목록 실패: HTTPSConnectionPool(host='www.work24.go.kr', port=443): Max retries exceeded with url: /hr/a/a/3300/selectTgcrStdg.do (Caused by NameResolutionError("HTTPSConnection(host='www.work24.go.kr', port=443): Failed to resolve 'www.work24.go.kr' ([Errno 11001] getaddrinfo failed)"))
[285/1196] AIG20220000366857 회차목록 실패: HTTPSConnectionPool(host='www.work24.go.kr', port=443): Max retries exceeded with url: /hr/a/a/3300/selectTgcrStdg.do (Caused by NameResolutionError("HTTPSConnection(host='www.work24.go.kr', port=443): Failed to resolve 'www.work24.go.kr' ([Errno 11001] getaddrinfo failed)"))
[286/1196] AIG20220000366858 회차목록 실패: HTTPSConnectionPool(host='www.work24.go.kr', port=443): Max retries exceeded with url: /hr/a/a/3300/selectTgcrStdg.do (Caused by NameResolutionError("HTTPSConnection(host='www.work24.go.kr', port=443): Failed to resolve 'www.work24.go.kr' ([Errno 11001] getaddrinfo failed)"))
[287/1196] AIG20220000366862 회차목록 실패: HTTPSConnectionPool(host='www.work24.go.kr', port=443): Max retries exceeded with url: /hr/a/a/3300/selectTgcrStdg.do (Caused by NameResolutionError("HTTPSConnection(host='www.work24.go.kr', port=443): Failed to resolve 'www.work24.go.kr' ([Errno 11001] getaddrinfo failed)"))
[288/1196] AIG20220000366871 회차목록 실패: HTTPSConnectionPool(host='www.work24.go.kr', port=443): Max retries exceeded with url: /hr/a/a/3300/selectTgcrStdg.do (Caused by NameResolutionError("HTTPSConnection(host='www.work24.go.kr', port=443): Failed to resolve 'www.work24.go.kr' ([Errno 11001] getaddrinfo failed)"))
[289/1196] AIG20220000366873 회차목록 실패: HTTPSConnectionPool(host='www.work24.go.kr', port=443): Max retries exceeded with url: /hr/a/a/3300/selectTgcrStdg.do (Caused by NameResolutionError("HTTPSConnection(host='www.work24.go.kr', port=443): Failed to resolve 'www.work24.go.kr' ([Errno 11001] getaddrinfo failed)"))
[290/1196] AIG20220000366877 회차목록 실패: HTTPSConnectionPool(host='www.work24.go.kr', port=443): Max retries exceeded with url: /hr/a/a/3300/selectTgcrStdg.do (Caused by NameResolutionError("HTTPSConnection(host='www.work24.go.kr', port=443): Failed to resolve 'www.work24.go.kr' ([Errno 11001] getaddrinfo failed)"))
[291/1196] AIG20220000366880 회차목록 실패: HTTPSConnectionPool(host='www.work24.go.kr', port=443): Max retries exceeded with url: /hr/a/a/3300/selectTgcrStdg.do (Caused by NameResolutionError("HTTPSConnection(host='www.work24.go.kr', port=443): Failed to resolve 'www.work24.go.kr' ([Errno 11001] getaddrinfo failed)"))
[292/1196] AIG20220000366892 회차목록 실패: HTTPSConnectionPool(host='www.work24.go.kr', port=443): Max retries exceeded with url: /hr/a/a/3300/selectTgcrStdg.do (Caused by NameResolutionError("HTTPSConnection(host='www.work24.go.kr', port=443): Failed to resolve 'www.work24.go.kr' ([Errno 11001] getaddrinfo failed)"))
[293/1196] AIG20220000366893 회차목록 실패: HTTPSConnectionPool(host='www.work24.go.kr', port=443): Max retries exceeded with url: /hr/a/a/3300/selectTgcrStdg.do (Caused by NameResolutionError("HTTPSConnection(host='www.work24.go.kr', port=443): Failed to resolve 'www.work24.go.kr' ([Errno 11001] getaddrinfo failed)"))
[294/1196] AIG20220000366894 회차목록 실패: HTTPSConnectionPool(host='www.work24.go.kr', port=443): Max retries exceeded with url: /hr/a/a/3300/selectTgcrStdg.do (Caused by NameResolutionError("HTTPSConnection(host='www.work24.go.kr', port=443): Failed to resolve 'www.work24.go.kr' ([Errno 11001] getaddrinfo failed)"))
[295/1196] AIG20220000366896 회차목록 실패: HTTPSConnectionPool(host='www.work24.go.kr', port=443): Max retries exceeded with url: /hr/a/a/3300/selectTgcrStdg.do (Caused by NameResolutionError("HTTPSConnection(host='www.work24.go.kr', port=443): Failed to resolve 'www.work24.go.kr' ([Errno 11001] getaddrinfo failed)"))
[296/1196] AIG20220000366909 회차목록 실패: HTTPSConnectionPool(host='www.work24.go.kr', port=443): Max retries exceeded with url: /hr/a/a/3300/selectTgcrStdg.do (Caused by NameResolutionError("HTTPSConnection(host='www.work24.go.kr', port=443): Failed to resolve 'www.work24.go.kr' ([Errno 11001] getaddrinfo failed)"))
[297/1196] AIG20220000366913 회차목록 실패: HTTPSConnectionPool(host='www.work24.go.kr', port=443): Max retries exceeded with url: /hr/a/a/3300/selectTgcrStdg.do (Caused by NameResolutionError("HTTPSConnection(host='www.work24.go.kr', port=443): Failed to resolve 'www.work24.go.kr' ([Errno 11001] getaddrinfo failed)"))
[298/1196] AIG20220000366914 회차목록 실패: HTTPSConnectionPool(host='www.work24.go.kr', port=443): Max retries exceeded with url: /hr/a/a/3300/selectTgcrStdg.do (Caused by NameResolutionError("HTTPSConnection(host='www.work24.go.kr', port=443): Failed to resolve 'www.work24.go.kr' ([Errno 11001] getaddrinfo failed)"))
[299/1196] AIG20220000366915 회차목록 실패: HTTPSConnectionPool(host='www.work24.go.kr', port=443): Max retries exceeded with url: /hr/a/a/3300/selectTgcrStdg.do (Caused by NameResolutionError("HTTPSConnection(host='www.work24.go.kr', port=443): Failed to resolve 'www.work24.go.kr' ([Errno 11001] getaddrinfo failed)"))
[300/1196] AIG20220000366918 회차목록 실패: HTTPSConnectionPool(host='www.work24.go.kr', port=443): Max retries exceeded with url: /hr/a/a/3300/selectTgcrStdg.do (Caused by NameResolutionError("HTTPSConnection(host='www.work24.go.kr', port=443): Failed to resolve 'www.work24.go.kr' ([Errno 11001] getaddrinfo failed)"))
[301/1196] AIG20220000366925 회차목록 실패: HTTPSConnectionPool(host='www.work24.go.kr', port=443): Max retries exceeded with url: /hr/a/a/3300/selectTgcrStdg.do (Caused by NameResolutionError("HTTPSConnection(host='www.work24.go.kr', port=443): Failed to resolve 'www.work24.go.kr' ([Errno 11001] getaddrinfo failed)"))
[302/1196] AIG20220000366987 회차목록 실패: HTTPSConnectionPool(host='www.work24.go.kr', port=443): Max retries exceeded with url: /hr/a/a/3300/selectTgcrStdg.do (Caused by NameResolutionError("HTTPSConnection(host='www.work24.go.kr', port=443): Failed to resolve 'www.work24.go.kr' ([Errno 11001] getaddrinfo failed)"))
[303/1196] AIG20220000409199 회차목록 실패: HTTPSConnectionPool(host='www.work24.go.kr', port=443): Max retries exceeded with url: /hr/a/a/3300/selectTgcrStdg.do (Caused by NameResolutionError("HTTPSConnection(host='www.work24.go.kr', port=443): Failed to resolve 'www.work24.go.kr' ([Errno 11001] getaddrinfo failed)"))
[305/1196] AIG20220000409202 회차목록 실패: HTTPSConnectionPool(host='www.work24.go.kr', port=443): Max retries exceeded with url: /hr/a/a/3300/selectTgcrStdg.do (Caused by NameResolutionError("HTTPSConnection(host='www.work24.go.kr', port=443): Failed to resolve 'www.work24.go.kr' ([Errno 11001] getaddrinfo failed)"))
[306/1196] AIG20220000409207 회차목록 실패: HTTPSConnectionPool(host='www.work24.go.kr', port=443): Max retries exceeded with url: /hr/a/a/3300/selectTgcrStdg.do (Caused by NameResolutionError("HTTPSConnection(host='www.work24.go.kr', port=443): Failed to resolve 'www.work24.go.kr' ([Errno 11001] getaddrinfo failed)"))
[307/1196] AIG20220000409213 회차목록 실패: HTTPSConnectionPool(host='www.work24.go.kr', port=443): Max retries exceeded with url: /hr/a/a/3300/selectTgcrStdg.do (Caused by NameResolutionError("HTTPSConnection(host='www.work24.go.kr', port=443): Failed to resolve 'www.work24.go.kr' ([Errno 11001] getaddrinfo failed)"))
[308/1196] AIG20220000409215 회차목록 실패: HTTPSConnectionPool(host='www.work24.go.kr', port=443): Max retries exceeded with url: /hr/a/a/3300/selectTgcrStdg.do (Caused by NameResolutionError("HTTPSConnection(host='www.work24.go.kr', port=443): Failed to resolve 'www.work24.go.kr' ([Errno 11001] getaddrinfo failed)"))
[310/1196] AIG20220000409222 회차목록 실패: HTTPSConnectionPool(host='www.work24.go.kr', port=443): Max retries exceeded with url: /hr/a/a/3300/selectTgcrStdg.do (Caused by NameResolutionError("HTTPSConnection(host='www.work24.go.kr', port=443): Failed to resolve 'www.work24.go.kr' ([Errno 11001] getaddrinfo failed)"))
[311/1196] AIG20220000409223 회차목록 실패: HTTPSConnectionPool(host='www.work24.go.kr', port=443): Max retries exceeded with url: /hr/a/a/3300/selectTgcrStdg.do (Caused by NameResolutionError("HTTPSConnection(host='www.work24.go.kr', port=443): Failed to resolve 'www.work24.go.kr' ([Errno 11001] getaddrinfo failed)"))
[312/1196] AIG20220000409224 회차목록 실패: HTTPSConnectionPool(host='www.work24.go.kr', port=443): Max retries exceeded with url: /hr/a/a/3300/selectTgcrStdg.do (Caused by NameResolutionError("HTTPSConnection(host='www.work24.go.kr', port=443): Failed to resolve 'www.work24.go.kr' ([Errno 11001] getaddrinfo failed)"))
[313/1196] AIG20220000409238 회차목록 실패: HTTPSConnectionPool(host='www.work24.go.kr', port=443): Max retries exceeded with url: /hr/a/a/3300/selectTgcrStdg.do (Caused by NameResolutionError("HTTPSConnection(host='www.work24.go.kr', port=443): Failed to resolve 'www.work24.go.kr' ([Errno 11001] getaddrinfo failed)"))
[314/1196] AIG20220000409240 회차목록 실패: HTTPSConnectionPool(host='www.work24.go.kr', port=443): Max retries exceeded with url: /hr/a/a/3300/selectTgcrStdg.do (Caused by NameResolutionError("HTTPSConnection(host='www.work24.go.kr', port=443): Failed to resolve 'www.work24.go.kr' ([Errno 11001] getaddrinfo failed)"))
[315/1196] AIG20220000409247 회차목록 실패: HTTPSConnectionPool(host='www.work24.go.kr', port=443): Max retries exceeded with url: /hr/a/a/3300/selectTgcrStdg.do (Caused by NameResolutionError("HTTPSConnection(host='www.work24.go.kr', port=443): Failed to resolve 'www.work24.go.kr' ([Errno 11001] getaddrinfo failed)"))
[316/1196] AIG20220000409252 회차목록 실패: HTTPSConnectionPool(host='www.work24.go.kr', port=443): Max retries exceeded with url: /hr/a/a/3300/selectTgcrStdg.do (Caused by NameResolutionError("HTTPSConnection(host='www.work24.go.kr', port=443): Failed to resolve 'www.work24.go.kr' ([Errno 11001] getaddrinfo failed)"))
[317/1196] AIG20220000409253 회차목록 실패: HTTPSConnectionPool(host='www.work24.go.kr', port=443): Max retries exceeded with url: /hr/a/a/3300/selectTgcrStdg.do (Caused by NameResolutionError("HTTPSConnection(host='www.work24.go.kr', port=443): Failed to resolve 'www.work24.go.kr' ([Errno 11001] getaddrinfo failed)"))
[318/1196] AIG20220000409255 회차목록 실패: HTTPSConnectionPool(host='www.work24.go.kr', port=443): Max retries exceeded with url: /hr/a/a/3300/selectTgcrStdg.do (Caused by NameResolutionError("HTTPSConnection(host='www.work24.go.kr', port=443): Failed to resolve 'www.work24.go.kr' ([Errno 11001] getaddrinfo failed)"))
[320/1196] AIG20220000409265 회차목록 실패: HTTPSConnectionPool(host='www.work24.go.kr', port=443): Max retries exceeded with url: /hr/a/a/3300/selectTgcrStdg.do (Caused by NameResolutionError("HTTPSConnection(host='www.work24.go.kr', port=443): Failed to resolve 'www.work24.go.kr' ([Errno 11001] getaddrinfo failed)"))
[321/1196] AIG20220000409270 회차목록 실패: HTTPSConnectionPool(host='www.work24.go.kr', port=443): Max retries exceeded with url: /hr/a/a/3300/selectTgcrStdg.do (Caused by NameResolutionError("HTTPSConnection(host='www.work24.go.kr', port=443): Failed to resolve 'www.work24.go.kr' ([Errno 11001] getaddrinfo failed)"))
[322/1196] AIG20220000409277 회차목록 실패: HTTPSConnectionPool(host='www.work24.go.kr', port=443): Max retries exceeded with url: /hr/a/a/3300/selectTgcrStdg.do (Caused by NameResolutionError("HTTPSConnection(host='www.work24.go.kr', port=443): Failed to resolve 'www.work24.go.kr' ([Errno 11001] getaddrinfo failed)"))
[323/1196] AIG20220000409278 회차목록 실패: HTTPSConnectionPool(host='www.work24.go.kr', port=443): Max retries exceeded with url: /hr/a/a/3300/selectTgcrStdg.do (Caused by NameResolutionError("HTTPSConnection(host='www.work24.go.kr', port=443): Failed to resolve 'www.work24.go.kr' ([Errno 11001] getaddrinfo failed)"))
[324/1196] AIG20220000409279 회차목록 실패: HTTPSConnectionPool(host='www.work24.go.kr', port=443): Max retries exceeded with url: /hr/a/a/3300/selectTgcrStdg.do (Caused by NameResolutionError("HTTPSConnection(host='www.work24.go.kr', port=443): Failed to resolve 'www.work24.go.kr' ([Errno 11001] getaddrinfo failed)"))
[325/1196] AIG20220000409283 회차목록 실패: HTTPSConnectionPool(host='www.work24.go.kr', port=443): Max retries exceeded with url: /hr/a/a/3300/selectTgcrStdg.do (Caused by NameResolutionError("HTTPSConnection(host='www.work24.go.kr', port=443): Failed to resolve 'www.work24.go.kr' ([Errno 11001] getaddrinfo failed)"))
[326/1196] AIG20220000409284 회차목록 실패: HTTPSConnectionPool(host='www.work24.go.kr', port=443): Max retries exceeded with url: /hr/a/a/3300/selectTgcrStdg.do (Caused by NameResolutionError("HTTPSConnection(host='www.work24.go.kr', port=443): Failed to resolve 'www.work24.go.kr' ([Errno 11001] getaddrinfo failed)"))
[327/1196] AIG20220000409285 회차목록 실패: HTTPSConnectionPool(host='www.work24.go.kr', port=443): Max retries exceeded with url: /hr/a/a/3300/selectTgcrStdg.do (Caused by NameResolutionError("HTTPSConnection(host='www.work24.go.kr', port=443): Failed to resolve 'www.work24.go.kr' ([Errno 11001] getaddrinfo failed)"))
[328/1196] AIG20220000409291 회차목록 실패: HTTPSConnectionPool(host='www.work24.go.kr', port=443): Max retries exceeded with url: /hr/a/a/3300/selectTgcrStdg.do (Caused by NameResolutionError("HTTPSConnection(host='www.work24.go.kr', port=443): Failed to resolve 'www.work24.go.kr' ([Errno 11001] getaddrinfo failed)"))
[329/1196] AIG20220000409295 회차목록 실패: HTTPSConnectionPool(host='www.work24.go.kr', port=443): Max retries exceeded with url: /hr/a/a/3300/selectTgcrStdg.do (Caused by NameResolutionError("HTTPSConnection(host='www.work24.go.kr', port=443): Failed to resolve 'www.work24.go.kr' ([Errno 11001] getaddrinfo failed)"))
[331/1196] AIG20220000409297 회차목록 실패: HTTPSConnectionPool(host='www.work24.go.kr', port=443): Max retries exceeded with url: /hr/a/a/3300/selectTgcrStdg.do (Caused by NameResolutionError("HTTPSConnection(host='www.work24.go.kr', port=443): Failed to resolve 'www.work24.go.kr' ([Errno 11001] getaddrinfo failed)"))
[332/1196] AIG20220000409298 회차목록 실패: HTTPSConnectionPool(host='www.work24.go.kr', port=443): Max retries exceeded with url: /hr/a/a/3300/selectTgcrStdg.do (Caused by NameResolutionError("HTTPSConnection(host='www.work24.go.kr', port=443): Failed to resolve 'www.work24.go.kr' ([Errno 11001] getaddrinfo failed)"))
[333/1196] AIG20220000409299 회차목록 실패: HTTPSConnectionPool(host='www.work24.go.kr', port=443): Max retries exceeded with url: /hr/a/a/3300/selectTgcrStdg.do (Caused by NameResolutionError("HTTPSConnection(host='www.work24.go.kr', port=443): Failed to resolve 'www.work24.go.kr' ([Errno 11001] getaddrinfo failed)"))
[334/1196] AIG20220000409304 회차목록 실패: HTTPSConnectionPool(host='www.work24.go.kr', port=443): Max retries exceeded with url: /hr/a/a/3300/selectTgcrStdg.do (Caused by NameResolutionError("HTTPSConnection(host='www.work24.go.kr', port=443): Failed to resolve 'www.work24.go.kr' ([Errno 11001] getaddrinfo failed)"))
[335/1196] AIG20220000409305 회차목록 실패: HTTPSConnectionPool(host='www.work24.go.kr', port=443): Max retries exceeded with url: /hr/a/a/3300/selectTgcrStdg.do (Caused by NameResolutionError("HTTPSConnection(host='www.work24.go.kr', port=443): Failed to resolve 'www.work24.go.kr' ([Errno 11001] getaddrinfo failed)"))
[336/1196] AIG20220000409306 회차목록 실패: HTTPSConnectionPool(host='www.work24.go.kr', port=443): Max retries exceeded with url: /hr/a/a/3300/selectTgcrStdg.do (Caused by NameResolutionError("HTTPSConnection(host='www.work24.go.kr', port=443): Failed to resolve 'www.work24.go.kr' ([Errno 11001] getaddrinfo failed)"))
[338/1196] AIG20220000409312 회차목록 실패: HTTPSConnectionPool(host='www.work24.go.kr', port=443): Max retries exceeded with url: /hr/a/a/3300/selectTgcrStdg.do (Caused by NameResolutionError("HTTPSConnection(host='www.work24.go.kr', port=443): Failed to resolve 'www.work24.go.kr' ([Errno 11001] getaddrinfo failed)"))
[339/1196] AIG20220000409317 회차목록 실패: HTTPSConnectionPool(host='www.work24.go.kr', port=443): Max retries exceeded with url: /hr/a/a/3300/selectTgcrStdg.do (Caused by NameResolutionError("HTTPSConnection(host='www.work24.go.kr', port=443): Failed to resolve 'www.work24.go.kr' ([Errno 11001] getaddrinfo failed)"))
[340/1196] AIG20220000409326 회차목록 실패: HTTPSConnectionPool(host='www.work24.go.kr', port=443): Max retries exceeded with url: /hr/a/a/3300/selectTgcrStdg.do (Caused by NameResolutionError("HTTPSConnection(host='www.work24.go.kr', port=443): Failed to resolve 'www.work24.go.kr' ([Errno 11001] getaddrinfo failed)"))
[341/1196] AIG20220000409328 회차목록 실패: HTTPSConnectionPool(host='www.work24.go.kr', port=443): Max retries exceeded with url: /hr/a/a/3300/selectTgcrStdg.do (Caused by NameResolutionError("HTTPSConnection(host='www.work24.go.kr', port=443): Failed to resolve 'www.work24.go.kr' ([Errno 11001] getaddrinfo failed)"))
[342/1196] AIG20220000409333 회차목록 실패: HTTPSConnectionPool(host='www.work24.go.kr', port=443): Max retries exceeded with url: /hr/a/a/3300/selectTgcrStdg.do (Caused by NameResolutionError("HTTPSConnection(host='www.work24.go.kr', port=443): Failed to resolve 'www.work24.go.kr' ([Errno 11001] getaddrinfo failed)"))
[343/1196] AIG20220000409335 회차목록 실패: HTTPSConnectionPool(host='www.work24.go.kr', port=443): Max retries exceeded with url: /hr/a/a/3300/selectTgcrStdg.do (Caused by NameResolutionError("HTTPSConnection(host='www.work24.go.kr', port=443): Failed to resolve 'www.work24.go.kr' ([Errno 11001] getaddrinfo failed)"))
[344/1196] AIG20220000409339 회차목록 실패: HTTPSConnectionPool(host='www.work24.go.kr', port=443): Max retries exceeded with url: /hr/a/a/3300/selectTgcrStdg.do (Caused by NameResolutionError("HTTPSConnection(host='www.work24.go.kr', port=443): Failed to resolve 'www.work24.go.kr' ([Errno 11001] getaddrinfo failed)"))
[346/1196] AIG20220000409343 회차목록 실패: HTTPSConnectionPool(host='www.work24.go.kr', port=443): Max retries exceeded with url: /hr/a/a/3300/selectTgcrStdg.do (Caused by NameResolutionError("HTTPSConnection(host='www.work24.go.kr', port=443): Failed to resolve 'www.work24.go.kr' ([Errno 11001] getaddrinfo failed)"))
[347/1196] AIG20220000409345 회차목록 실패: HTTPSConnectionPool(host='www.work24.go.kr', port=443): Max retries exceeded with url: /hr/a/a/3300/selectTgcrStdg.do (Caused by NameResolutionError("HTTPSConnection(host='www.work24.go.kr', port=443): Failed to resolve 'www.work24.go.kr' ([Errno 11001] getaddrinfo failed)"))
[348/1196] AIG20220000409349 회차목록 실패: HTTPSConnectionPool(host='www.work24.go.kr', port=443): Max retries exceeded with url: /hr/a/a/3300/selectTgcrStdg.do (Caused by NameResolutionError("HTTPSConnection(host='www.work24.go.kr', port=443): Failed to resolve 'www.work24.go.kr' ([Errno 11001] getaddrinfo failed)"))
[349/1196] AIG20220000409350 회차목록 실패: HTTPSConnectionPool(host='www.work24.go.kr', port=443): Max retries exceeded with url: /hr/a/a/3300/selectTgcrStdg.do (Caused by NameResolutionError("HTTPSConnection(host='www.work24.go.kr', port=443): Failed to resolve 'www.work24.go.kr' ([Errno 11001] getaddrinfo failed)"))
[350/1196] AIG20220000409355 회차목록 실패: HTTPSConnectionPool(host='www.work24.go.kr', port=443): Max retries exceeded with url: /hr/a/a/3300/selectTgcrStdg.do (Caused by NameResolutionError("HTTPSConnection(host='www.work24.go.kr', port=443): Failed to resolve 'www.work24.go.kr' ([Errno 11001] getaddrinfo failed)"))
[351/1196] AIG20220000409356 회차목록 실패: HTTPSConnectionPool(host='www.work24.go.kr', port=443): Max retries exceeded with url: /hr/a/a/3300/selectTgcrStdg.do (Caused by NameResolutionError("HTTPSConnection(host='www.work24.go.kr', port=443): Failed to resolve 'www.work24.go.kr' ([Errno 11001] getaddrinfo failed)"))
[352/1196] AIG20220000409357 회차목록 실패: HTTPSConnectionPool(host='www.work24.go.kr', port=443): Max retries exceeded with url: /hr/a/a/3300/selectTgcrStdg.do (Caused by NameResolutionError("HTTPSConnection(host='www.work24.go.kr', port=443): Failed to resolve 'www.work24.go.kr' ([Errno 11001] getaddrinfo failed)"))
[353/1196] AIG20220000409358 회차목록 실패: HTTPSConnectionPool(host='www.work24.go.kr', port=443): Max retries exceeded with url: /hr/a/a/3300/selectTgcrStdg.do (Caused by NameResolutionError("HTTPSConnection(host='www.work24.go.kr', port=443): Failed to resolve 'www.work24.go.kr' ([Errno 11001] getaddrinfo failed)"))
[355/1196] AIG20220000409368 회차목록 실패: HTTPSConnectionPool(host='www.work24.go.kr', port=443): Max retries exceeded with url: /hr/a/a/3300/selectTgcrStdg.do (Caused by NameResolutionError("HTTPSConnection(host='www.work24.go.kr', port=443): Failed to resolve 'www.work24.go.kr' ([Errno 11001] getaddrinfo failed)"))
[356/1196] AIG20220000409369 회차목록 실패: HTTPSConnectionPool(host='www.work24.go.kr', port=443): Max retries exceeded with url: /hr/a/a/3300/selectTgcrStdg.do (Caused by NameResolutionError("HTTPSConnection(host='www.work24.go.kr', port=443): Failed to resolve 'www.work24.go.kr' ([Errno 11001] getaddrinfo failed)"))
[357/1196] AIG20220000409373 회차목록 실패: HTTPSConnectionPool(host='www.work24.go.kr', port=443): Max retries exceeded with url: /hr/a/a/3300/selectTgcrStdg.do (Caused by NameResolutionError("HTTPSConnection(host='www.work24.go.kr', port=443): Failed to resolve 'www.work24.go.kr' ([Errno 11001] getaddrinfo failed)"))
[358/1196] AIG20220000409382 회차목록 실패: HTTPSConnectionPool(host='www.work24.go.kr', port=443): Max retries exceeded with url: /hr/a/a/3300/selectTgcrStdg.do (Caused by NameResolutionError("HTTPSConnection(host='www.work24.go.kr', port=443): Failed to resolve 'www.work24.go.kr' ([Errno 11001] getaddrinfo failed)"))
[359/1196] AIG20220000409385 회차목록 실패: HTTPSConnectionPool(host='www.work24.go.kr', port=443): Max retries exceeded with url: /hr/a/a/3300/selectTgcrStdg.do (Caused by NameResolutionError("HTTPSConnection(host='www.work24.go.kr', port=443): Failed to resolve 'www.work24.go.kr' ([Errno 11001] getaddrinfo failed)"))
[360/1196] AIG20220000409387 회차목록 실패: HTTPSConnectionPool(host='www.work24.go.kr', port=443): Max retries exceeded with url: /hr/a/a/3300/selectTgcrStdg.do (Caused by NameResolutionError("HTTPSConnection(host='www.work24.go.kr', port=443): Failed to resolve 'www.work24.go.kr' ([Errno 11001] getaddrinfo failed)"))
[361/1196] AIG20220000409390 회차목록 실패: HTTPSConnectionPool(host='www.work24.go.kr', port=443): Max retries exceeded with url: /hr/a/a/3300/selectTgcrStdg.do (Caused by NameResolutionError("HTTPSConnection(host='www.work24.go.kr', port=443): Failed to resolve 'www.work24.go.kr' ([Errno 11001] getaddrinfo failed)"))
[362/1196] AIG20220000409391 회차목록 실패: HTTPSConnectionPool(host='www.work24.go.kr', port=443): Max retries exceeded with url: /hr/a/a/3300/selectTgcrStdg.do (Caused by NameResolutionError("HTTPSConnection(host='www.work24.go.kr', port=443): Failed to resolve 'www.work24.go.kr' ([Errno 11001] getaddrinfo failed)"))
[363/1196] AIG20220000409392 회차목록 실패: HTTPSConnectionPool(host='www.work24.go.kr', port=443): Max retries exceeded with url: /hr/a/a/3300/selectTgcrStdg.do (Caused by NameResolutionError("HTTPSConnection(host='www.work24.go.kr', port=443): Failed to resolve 'www.work24.go.kr' ([Errno 11001] getaddrinfo failed)"))
[364/1196] AIG20220000409396 회차목록 실패: HTTPSConnectionPool(host='www.work24.go.kr', port=443): Max retries exceeded with url: /hr/a/a/3300/selectTgcrStdg.do (Caused by NameResolutionError("HTTPSConnection(host='www.work24.go.kr', port=443): Failed to resolve 'www.work24.go.kr' ([Errno 11001] getaddrinfo failed)"))
[365/1196] AIG20220000409398 회차목록 실패: HTTPSConnectionPool(host='www.work24.go.kr', port=443): Max retries exceeded with url: /hr/a/a/3300/selectTgcrStdg.do (Caused by NameResolutionError("HTTPSConnection(host='www.work24.go.kr', port=443): Failed to resolve 'www.work24.go.kr' ([Errno 11001] getaddrinfo failed)"))
[366/1196] AIG20220000409402 회차목록 실패: HTTPSConnectionPool(host='www.work24.go.kr', port=443): Max retries exceeded with url: /hr/a/a/3300/selectTgcrStdg.do (Caused by NameResolutionError("HTTPSConnection(host='www.work24.go.kr', port=443): Failed to resolve 'www.work24.go.kr' ([Errno 11001] getaddrinfo failed)"))
[367/1196] AIG20220000409408 회차목록 실패: HTTPSConnectionPool(host='www.work24.go.kr', port=443): Max retries exceeded with url: /hr/a/a/3300/selectTgcrStdg.do (Caused by NameResolutionError("HTTPSConnection(host='www.work24.go.kr', port=443): Failed to resolve 'www.work24.go.kr' ([Errno 11001] getaddrinfo failed)"))
[368/1196] AIG20220000409409 회차목록 실패: HTTPSConnectionPool(host='www.work24.go.kr', port=443): Max retries exceeded with url: /hr/a/a/3300/selectTgcrStdg.do (Caused by NameResolutionError("HTTPSConnection(host='www.work24.go.kr', port=443): Failed to resolve 'www.work24.go.kr' ([Errno 11001] getaddrinfo failed)"))
[369/1196] AIG20220000409413 회차목록 실패: HTTPSConnectionPool(host='www.work24.go.kr', port=443): Max retries exceeded with url: /hr/a/a/3300/selectTgcrStdg.do (Caused by NameResolutionError("HTTPSConnection(host='www.work24.go.kr', port=443): Failed to resolve 'www.work24.go.kr' ([Errno 11001] getaddrinfo failed)"))
[370/1196] AIG20220000409415 회차목록 실패: HTTPSConnectionPool(host='www.work24.go.kr', port=443): Max retries exceeded with url: /hr/a/a/3300/selectTgcrStdg.do (Caused by NameResolutionError("HTTPSConnection(host='www.work24.go.kr', port=443): Failed to resolve 'www.work24.go.kr' ([Errno 11001] getaddrinfo failed)"))
[371/1196] AIG20220000409416 회차목록 실패: HTTPSConnectionPool(host='www.work24.go.kr', port=443): Max retries exceeded with url: /hr/a/a/3300/selectTgcrStdg.do (Caused by NameResolutionError("HTTPSConnection(host='www.work24.go.kr', port=443): Failed to resolve 'www.work24.go.kr' ([Errno 11001] getaddrinfo failed)"))
[372/1196] AIG20220000409417 회차목록 실패: HTTPSConnectionPool(host='www.work24.go.kr', port=443): Max retries exceeded with url: /hr/a/a/3300/selectTgcrStdg.do (Caused by NameResolutionError("HTTPSConnection(host='www.work24.go.kr', port=443): Failed to resolve 'www.work24.go.kr' ([Errno 11001] getaddrinfo failed)"))
[373/1196] AIG20220000409418 회차목록 실패: HTTPSConnectionPool(host='www.work24.go.kr', port=443): Max retries exceeded with url: /hr/a/a/3300/selectTgcrStdg.do (Caused by NameResolutionError("HTTPSConnection(host='www.work24.go.kr', port=443): Failed to resolve 'www.work24.go.kr' ([Errno 11001] getaddrinfo failed)"))
[374/1196] AIG20220000409420 회차목록 실패: HTTPSConnectionPool(host='www.work24.go.kr', port=443): Max retries exceeded with url: /hr/a/a/3300/selectTgcrStdg.do (Caused by NameResolutionError("HTTPSConnection(host='www.work24.go.kr', port=443): Failed to resolve 'www.work24.go.kr' ([Errno 11001] getaddrinfo failed)"))
[375/1196] AIG20220000409421 회차목록 실패: HTTPSConnectionPool(host='www.work24.go.kr', port=443): Max retries exceeded with url: /hr/a/a/3300/selectTgcrStdg.do (Caused by NameResolutionError("HTTPSConnection(host='www.work24.go.kr', port=443): Failed to resolve 'www.work24.go.kr' ([Errno 11001] getaddrinfo failed)"))
[377/1196] AIG20220000409426 회차목록 실패: HTTPSConnectionPool(host='www.work24.go.kr', port=443): Max retries exceeded with url: /hr/a/a/3300/selectTgcrStdg.do (Caused by NameResolutionError("HTTPSConnection(host='www.work24.go.kr', port=443): Failed to resolve 'www.work24.go.kr' ([Errno 11001] getaddrinfo failed)"))
[378/1196] AIG20220000409430 회차목록 실패: HTTPSConnectionPool(host='www.work24.go.kr', port=443): Max retries exceeded with url: /hr/a/a/3300/selectTgcrStdg.do (Caused by NameResolutionError("HTTPSConnection(host='www.work24.go.kr', port=443): Failed to resolve 'www.work24.go.kr' ([Errno 11001] getaddrinfo failed)"))
[379/1196] AIG20220000409436 회차목록 실패: HTTPSConnectionPool(host='www.work24.go.kr', port=443): Max retries exceeded with url: /hr/a/a/3300/selectTgcrStdg.do (Caused by NameResolutionError("HTTPSConnection(host='www.work24.go.kr', port=443): Failed to resolve 'www.work24.go.kr' ([Errno 11001] getaddrinfo failed)"))
[380/1196] AIG20220000409437 회차목록 실패: HTTPSConnectionPool(host='www.work24.go.kr', port=443): Max retries exceeded with url: /hr/a/a/3300/selectTgcrStdg.do (Caused by NameResolutionError("HTTPSConnection(host='www.work24.go.kr', port=443): Failed to resolve 'www.work24.go.kr' ([Errno 11001] getaddrinfo failed)"))
[381/1196] AIG20220000409445 회차목록 실패: HTTPSConnectionPool(host='www.work24.go.kr', port=443): Max retries exceeded with url: /hr/a/a/3300/selectTgcrStdg.do (Caused by NameResolutionError("HTTPSConnection(host='www.work24.go.kr', port=443): Failed to resolve 'www.work24.go.kr' ([Errno 11001] getaddrinfo failed)"))
[382/1196] AIG20220000409455 회차목록 실패: HTTPSConnectionPool(host='www.work24.go.kr', port=443): Max retries exceeded with url: /hr/a/a/3300/selectTgcrStdg.do (Caused by NameResolutionError("HTTPSConnection(host='www.work24.go.kr', port=443): Failed to resolve 'www.work24.go.kr' ([Errno 11001] getaddrinfo failed)"))
[383/1196] AIG20220000412286 회차목록 실패: HTTPSConnectionPool(host='www.work24.go.kr', port=443): Max retries exceeded with url: /hr/a/a/3300/selectTgcrStdg.do (Caused by NameResolutionError("HTTPSConnection(host='www.work24.go.kr', port=443): Failed to resolve 'www.work24.go.kr' ([Errno 11001] getaddrinfo failed)"))
[387/1196] AIG20220000412363 회차목록 실패: HTTPSConnectionPool(host='www.work24.go.kr', port=443): Max retries exceeded with url: /hr/a/a/3300/selectTgcrStdg.do (Caused by NameResolutionError("HTTPSConnection(host='www.work24.go.kr', port=443): Failed to resolve 'www.work24.go.kr' ([Errno 11001] getaddrinfo failed)"))
[388/1196] AIG20220000412364 회차목록 실패: HTTPSConnectionPool(host='www.work24.go.kr', port=443): Max retries exceeded with url: /hr/a/a/3300/selectTgcrStdg.do (Caused by NameResolutionError("HTTPSConnection(host='www.work24.go.kr', port=443): Failed to resolve 'www.work24.go.kr' ([Errno 11001] getaddrinfo failed)"))
[389/1196] AIG20220000412366 회차목록 실패: HTTPSConnectionPool(host='www.work24.go.kr', port=443): Max retries exceeded with url: /hr/a/a/3300/selectTgcrStdg.do (Caused by NameResolutionError("HTTPSConnection(host='www.work24.go.kr', port=443): Failed to resolve 'www.work24.go.kr' ([Errno 11001] getaddrinfo failed)"))
[390/1196] AIG20220000412368 회차목록 실패: HTTPSConnectionPool(host='www.work24.go.kr', port=443): Max retries exceeded with url: /hr/a/a/3300/selectTgcrStdg.do (Caused by NameResolutionError("HTTPSConnection(host='www.work24.go.kr', port=443): Failed to resolve 'www.work24.go.kr' ([Errno 11001] getaddrinfo failed)"))
[391/1196] AIG20220000412369 회차목록 실패: HTTPSConnectionPool(host='www.work24.go.kr', port=443): Max retries exceeded with url: /hr/a/a/3300/selectTgcrStdg.do (Caused by NameResolutionError("HTTPSConnection(host='www.work24.go.kr', port=443): Failed to resolve 'www.work24.go.kr' ([Errno 11001] getaddrinfo failed)"))
[392/1196] AIG20220000412370 회차목록 실패: HTTPSConnectionPool(host='www.work24.go.kr', port=443): Max retries exceeded with url: /hr/a/a/3300/selectTgcrStdg.do (Caused by NameResolutionError("HTTPSConnection(host='www.work24.go.kr', port=443): Failed to resolve 'www.work24.go.kr' ([Errno 11001] getaddrinfo failed)"))
[393/1196] AIG20220000412371 회차목록 실패: HTTPSConnectionPool(host='www.work24.go.kr', port=443): Max retries exceeded with url: /hr/a/a/3300/selectTgcrStdg.do (Caused by NameResolutionError("HTTPSConnection(host='www.work24.go.kr', port=443): Failed to resolve 'www.work24.go.kr' ([Errno 11001] getaddrinfo failed)"))
[394/1196] AIG20230000412568 회차목록 실패: HTTPSConnectionPool(host='www.work24.go.kr', port=443): Max retries exceeded with url: /hr/a/a/3300/selectTgcrStdg.do (Caused by NameResolutionError("HTTPSConnection(host='www.work24.go.kr', port=443): Failed to resolve 'www.work24.go.kr' ([Errno 11001] getaddrinfo failed)"))
[395/1196] AIG20230000412569 회차목록 실패: HTTPSConnectionPool(host='www.work24.go.kr', port=443): Max retries exceeded with url: /hr/a/a/3300/selectTgcrStdg.do (Caused by NameResolutionError("HTTPSConnection(host='www.work24.go.kr', port=443): Failed to resolve 'www.work24.go.kr' ([Errno 11001] getaddrinfo failed)"))
[396/1196] AIG20230000412571 회차목록 실패: HTTPSConnectionPool(host='www.work24.go.kr', port=443): Max retries exceeded with url: /hr/a/a/3300/selectTgcrStdg.do (Caused by NameResolutionError("HTTPSConnection(host='www.work24.go.kr', port=443): Failed to resolve 'www.work24.go.kr' ([Errno 11001] getaddrinfo failed)"))
[397/1196] AIG20230000412572 회차목록 실패: HTTPSConnectionPool(host='www.work24.go.kr', port=443): Max retries exceeded with url: /hr/a/a/3300/selectTgcrStdg.do (Caused by NameResolutionError("HTTPSConnection(host='www.work24.go.kr', port=443): Failed to resolve 'www.work24.go.kr' ([Errno 11001] getaddrinfo failed)"))
[398/1196] AIG20230000412573 회차목록 실패: HTTPSConnectionPool(host='www.work24.go.kr', port=443): Max retries exceeded with url: /hr/a/a/3300/selectTgcrStdg.do (Caused by NameResolutionError("HTTPSConnection(host='www.work24.go.kr', port=443): Failed to resolve 'www.work24.go.kr' ([Errno 11001] getaddrinfo failed)"))
[399/1196] AIG20230000412578 회차목록 실패: HTTPSConnectionPool(host='www.work24.go.kr', port=443): Max retries exceeded with url: /hr/a/a/3300/selectTgcrStdg.do (Caused by NameResolutionError("HTTPSConnection(host='www.work24.go.kr', port=443): Failed to resolve 'www.work24.go.kr' ([Errno 11001] getaddrinfo failed)"))
[400/1196] AIG20230000412579 회차목록 실패: HTTPSConnectionPool(host='www.work24.go.kr', port=443): Max retries exceeded with url: /hr/a/a/3300/selectTgcrStdg.do (Caused by NameResolutionError("HTTPSConnection(host='www.work24.go.kr', port=443): Failed to resolve 'www.work24.go.kr' ([Errno 11001] getaddrinfo failed)"))
[401/1196] AIG20230000412580 회차목록 실패: HTTPSConnectionPool(host='www.work24.go.kr', port=443): Max retries exceeded with url: /hr/a/a/3300/selectTgcrStdg.do (Caused by NameResolutionError("HTTPSConnection(host='www.work24.go.kr', port=443): Failed to resolve 'www.work24.go.kr' ([Errno 11001] getaddrinfo failed)"))
[402/1196] AIG20230000412581 회차목록 실패: HTTPSConnectionPool(host='www.work24.go.kr', port=443): Max retries exceeded with url: /hr/a/a/3300/selectTgcrStdg.do (Caused by NameResolutionError("HTTPSConnection(host='www.work24.go.kr', port=443): Failed to resolve 'www.work24.go.kr' ([Errno 11001] getaddrinfo failed)"))
[403/1196] AIG20230000412586 회차목록 실패: HTTPSConnectionPool(host='www.work24.go.kr', port=443): Max retries exceeded with url: /hr/a/a/3300/selectTgcrStdg.do (Caused by NameResolutionError("HTTPSConnection(host='www.work24.go.kr', port=443): Failed to resolve 'www.work24.go.kr' ([Errno 11001] getaddrinfo failed)"))
[404/1196] AIG20230000412587 회차목록 실패: HTTPSConnectionPool(host='www.work24.go.kr', port=443): Max retries exceeded with url: /hr/a/a/3300/selectTgcrStdg.do (Caused by NameResolutionError("HTTPSConnection(host='www.work24.go.kr', port=443): Failed to resolve 'www.work24.go.kr' ([Errno 11001] getaddrinfo failed)"))
[405/1196] AIG20230000412591 회차목록 실패: HTTPSConnectionPool(host='www.work24.go.kr', port=443): Max retries exceeded with url: /hr/a/a/3300/selectTgcrStdg.do (Caused by NameResolutionError("HTTPSConnection(host='www.work24.go.kr', port=443): Failed to resolve 'www.work24.go.kr' ([Errno 11001] getaddrinfo failed)"))
[406/1196] AIG20230000412595 회차목록 실패: HTTPSConnectionPool(host='www.work24.go.kr', port=443): Max retries exceeded with url: /hr/a/a/3300/selectTgcrStdg.do (Caused by NameResolutionError("HTTPSConnection(host='www.work24.go.kr', port=443): Failed to resolve 'www.work24.go.kr' ([Errno 11001] getaddrinfo failed)"))
[407/1196] AIG20230000412600 회차목록 실패: HTTPSConnectionPool(host='www.work24.go.kr', port=443): Max retries exceeded with url: /hr/a/a/3300/selectTgcrStdg.do (Caused by NameResolutionError("HTTPSConnection(host='www.work24.go.kr', port=443): Failed to resolve 'www.work24.go.kr' ([Errno 11001] getaddrinfo failed)"))
[408/1196] AIG20230000412601 회차목록 실패: HTTPSConnectionPool(host='www.work24.go.kr', port=443): Max retries exceeded with url: /hr/a/a/3300/selectTgcrStdg.do (Caused by NameResolutionError("HTTPSConnection(host='www.work24.go.kr', port=443): Failed to resolve 'www.work24.go.kr' ([Errno 11001] getaddrinfo failed)"))
[409/1196] AIG20230000412602 회차목록 실패: HTTPSConnectionPool(host='www.work24.go.kr', port=443): Max retries exceeded with url: /hr/a/a/3300/selectTgcrStdg.do (Caused by NameResolutionError("HTTPSConnection(host='www.work24.go.kr', port=443): Failed to resolve 'www.work24.go.kr' ([Errno 11001] getaddrinfo failed)"))
[410/1196] AIG20230000412603 회차목록 실패: HTTPSConnectionPool(host='www.work24.go.kr', port=443): Max retries exceeded with url: /hr/a/a/3300/selectTgcrStdg.do (Caused by NameResolutionError("HTTPSConnection(host='www.work24.go.kr', port=443): Failed to resolve 'www.work24.go.kr' ([Errno 11001] getaddrinfo failed)"))
[411/1196] AIG20230000412606 회차목록 실패: HTTPSConnectionPool(host='www.work24.go.kr', port=443): Max retries exceeded with url: /hr/a/a/3300/selectTgcrStdg.do (Caused by NameResolutionError("HTTPSConnection(host='www.work24.go.kr', port=443): Failed to resolve 'www.work24.go.kr' ([Errno 11001] getaddrinfo failed)"))
[412/1196] AIG20230000412607 회차목록 실패: HTTPSConnectionPool(host='www.work24.go.kr', port=443): Max retries exceeded with url: /hr/a/a/3300/selectTgcrStdg.do (Caused by NameResolutionError("HTTPSConnection(host='www.work24.go.kr', port=443): Failed to resolve 'www.work24.go.kr' ([Errno 11001] getaddrinfo failed)"))
[413/1196] AIG20230000412610 회차목록 실패: HTTPSConnectionPool(host='www.work24.go.kr', port=443): Max retries exceeded with url: /hr/a/a/3300/selectTgcrStdg.do (Caused by NameResolutionError("HTTPSConnection(host='www.work24.go.kr', port=443): Failed to resolve 'www.work24.go.kr' ([Errno 11001] getaddrinfo failed)"))
[414/1196] AIG20230000412614 회차목록 실패: HTTPSConnectionPool(host='www.work24.go.kr', port=443): Max retries exceeded with url: /hr/a/a/3300/selectTgcrStdg.do (Caused by NameResolutionError("HTTPSConnection(host='www.work24.go.kr', port=443): Failed to resolve 'www.work24.go.kr' ([Errno 11001] getaddrinfo failed)"))
[415/1196] AIG20230000412615 회차목록 실패: HTTPSConnectionPool(host='www.work24.go.kr', port=443): Max retries exceeded with url: /hr/a/a/3300/selectTgcrStdg.do (Caused by NameResolutionError("HTTPSConnection(host='www.work24.go.kr', port=443): Failed to resolve 'www.work24.go.kr' ([Errno 11001] getaddrinfo failed)"))
[416/1196] AIG20230000412616 회차목록 실패: HTTPSConnectionPool(host='www.work24.go.kr', port=443): Max retries exceeded with url: /hr/a/a/3300/selectTgcrStdg.do (Caused by NameResolutionError("HTTPSConnection(host='www.work24.go.kr', port=443): Failed to resolve 'www.work24.go.kr' ([Errno 11001] getaddrinfo failed)"))
[417/1196] AIG20230000412622 회차목록 실패: HTTPSConnectionPool(host='www.work24.go.kr', port=443): Max retries exceeded with url: /hr/a/a/3300/selectTgcrStdg.do (Caused by NameResolutionError("HTTPSConnection(host='www.work24.go.kr', port=443): Failed to resolve 'www.work24.go.kr' ([Errno 11001] getaddrinfo failed)"))
[418/1196] AIG20230000412641 회차목록 실패: HTTPSConnectionPool(host='www.work24.go.kr', port=443): Max retries exceeded with url: /hr/a/a/3300/selectTgcrStdg.do (Caused by NameResolutionError("HTTPSConnection(host='www.work24.go.kr', port=443): Failed to resolve 'www.work24.go.kr' ([Errno 11001] getaddrinfo failed)"))
[419/1196] AIG20230000412645 회차목록 실패: HTTPSConnectionPool(host='www.work24.go.kr', port=443): Max retries exceeded with url: /hr/a/a/3300/selectTgcrStdg.do (Caused by NameResolutionError("HTTPSConnection(host='www.work24.go.kr', port=443): Failed to resolve 'www.work24.go.kr' ([Errno 11001] getaddrinfo failed)"))
[420/1196] AIG20230000412649 회차목록 실패: HTTPSConnectionPool(host='www.work24.go.kr', port=443): Max retries exceeded with url: /hr/a/a/3300/selectTgcrStdg.do (Caused by NameResolutionError("HTTPSConnection(host='www.work24.go.kr', port=443): Failed to resolve 'www.work24.go.kr' ([Errno 11001] getaddrinfo failed)"))
[421/1196] AIG20230000412652 회차목록 실패: HTTPSConnectionPool(host='www.work24.go.kr', port=443): Max retries exceeded with url: /hr/a/a/3300/selectTgcrStdg.do (Caused by NameResolutionError("HTTPSConnection(host='www.work24.go.kr', port=443): Failed to resolve 'www.work24.go.kr' ([Errno 11001] getaddrinfo failed)"))
[422/1196] AIG20230000412654 회차목록 실패: HTTPSConnectionPool(host='www.work24.go.kr', port=443): Max retries exceeded with url: /hr/a/a/3300/selectTgcrStdg.do (Caused by NameResolutionError("HTTPSConnection(host='www.work24.go.kr', port=443): Failed to resolve 'www.work24.go.kr' ([Errno 11001] getaddrinfo failed)"))
[423/1196] AIG20230000412656 회차목록 실패: HTTPSConnectionPool(host='www.work24.go.kr', port=443): Max retries exceeded with url: /hr/a/a/3300/selectTgcrStdg.do (Caused by NameResolutionError("HTTPSConnection(host='www.work24.go.kr', port=443): Failed to resolve 'www.work24.go.kr' ([Errno 11001] getaddrinfo failed)"))
[424/1196] AIG20230000412662 회차목록 실패: HTTPSConnectionPool(host='www.work24.go.kr', port=443): Max retries exceeded with url: /hr/a/a/3300/selectTgcrStdg.do (Caused by NameResolutionError("HTTPSConnection(host='www.work24.go.kr', port=443): Failed to resolve 'www.work24.go.kr' ([Errno 11001] getaddrinfo failed)"))
[425/1196] AIG20230000412663 회차목록 실패: HTTPSConnectionPool(host='www.work24.go.kr', port=443): Max retries exceeded with url: /hr/a/a/3300/selectTgcrStdg.do (Caused by NameResolutionError("HTTPSConnection(host='www.work24.go.kr', port=443): Failed to resolve 'www.work24.go.kr' ([Errno 11001] getaddrinfo failed)"))
[426/1196] AIG20230000412664 회차목록 실패: HTTPSConnectionPool(host='www.work24.go.kr', port=443): Max retries exceeded with url: /hr/a/a/3300/selectTgcrStdg.do (Caused by NameResolutionError("HTTPSConnection(host='www.work24.go.kr', port=443): Failed to resolve 'www.work24.go.kr' ([Errno 11001] getaddrinfo failed)"))
[427/1196] AIG20230000412667 회차목록 실패: HTTPSConnectionPool(host='www.work24.go.kr', port=443): Max retries exceeded with url: /hr/a/a/3300/selectTgcrStdg.do (Caused by NameResolutionError("HTTPSConnection(host='www.work24.go.kr', port=443): Failed to resolve 'www.work24.go.kr' ([Errno 11001] getaddrinfo failed)"))
[428/1196] AIG20230000412670 회차목록 실패: HTTPSConnectionPool(host='www.work24.go.kr', port=443): Max retries exceeded with url: /hr/a/a/3300/selectTgcrStdg.do (Caused by NameResolutionError("HTTPSConnection(host='www.work24.go.kr', port=443): Failed to resolve 'www.work24.go.kr' ([Errno 11001] getaddrinfo failed)"))
[429/1196] AIG20230000412672 회차목록 실패: HTTPSConnectionPool(host='www.work24.go.kr', port=443): Max retries exceeded with url: /hr/a/a/3300/selectTgcrStdg.do (Caused by NameResolutionError("HTTPSConnection(host='www.work24.go.kr', port=443): Failed to resolve 'www.work24.go.kr' ([Errno 11001] getaddrinfo failed)"))
[430/1196] AIG20230000412674 회차목록 실패: HTTPSConnectionPool(host='www.work24.go.kr', port=443): Max retries exceeded with url: /hr/a/a/3300/selectTgcrStdg.do (Caused by NameResolutionError("HTTPSConnection(host='www.work24.go.kr', port=443): Failed to resolve 'www.work24.go.kr' ([Errno 11001] getaddrinfo failed)"))
[431/1196] AIG20230000412678 회차목록 실패: HTTPSConnectionPool(host='www.work24.go.kr', port=443): Max retries exceeded with url: /hr/a/a/3300/selectTgcrStdg.do (Caused by NameResolutionError("HTTPSConnection(host='www.work24.go.kr', port=443): Failed to resolve 'www.work24.go.kr' ([Errno 11001] getaddrinfo failed)"))
[432/1196] AIG20230000412679 회차목록 실패: HTTPSConnectionPool(host='www.work24.go.kr', port=443): Max retries exceeded with url: /hr/a/a/3300/selectTgcrStdg.do (Caused by NameResolutionError("HTTPSConnection(host='www.work24.go.kr', port=443): Failed to resolve 'www.work24.go.kr' ([Errno 11001] getaddrinfo failed)"))
[433/1196] AIG20230000412682 회차목록 실패: HTTPSConnectionPool(host='www.work24.go.kr', port=443): Max retries exceeded with url: /hr/a/a/3300/selectTgcrStdg.do (Caused by NameResolutionError("HTTPSConnection(host='www.work24.go.kr', port=443): Failed to resolve 'www.work24.go.kr' ([Errno 11001] getaddrinfo failed)"))
[434/1196] AIG20230000412684 회차목록 실패: HTTPSConnectionPool(host='www.work24.go.kr', port=443): Max retries exceeded with url: /hr/a/a/3300/selectTgcrStdg.do (Caused by NameResolutionError("HTTPSConnection(host='www.work24.go.kr', port=443): Failed to resolve 'www.work24.go.kr' ([Errno 11001] getaddrinfo failed)"))
[435/1196] AIG20230000412685 회차목록 실패: HTTPSConnectionPool(host='www.work24.go.kr', port=443): Max retries exceeded with url: /hr/a/a/3300/selectTgcrStdg.do (Caused by NameResolutionError("HTTPSConnection(host='www.work24.go.kr', port=443): Failed to resolve 'www.work24.go.kr' ([Errno 11001] getaddrinfo failed)"))
[436/1196] AIG20230000412687 회차목록 실패: HTTPSConnectionPool(host='www.work24.go.kr', port=443): Max retries exceeded with url: /hr/a/a/3300/selectTgcrStdg.do (Caused by NameResolutionError("HTTPSConnection(host='www.work24.go.kr', port=443): Failed to resolve 'www.work24.go.kr' ([Errno 11001] getaddrinfo failed)"))
[437/1196] AIG20230000412688 회차목록 실패: HTTPSConnectionPool(host='www.work24.go.kr', port=443): Max retries exceeded with url: /hr/a/a/3300/selectTgcrStdg.do (Caused by NameResolutionError("HTTPSConnection(host='www.work24.go.kr', port=443): Failed to resolve 'www.work24.go.kr' ([Errno 11001] getaddrinfo failed)"))
[438/1196] AIG20230000412689 회차목록 실패: HTTPSConnectionPool(host='www.work24.go.kr', port=443): Max retries exceeded with url: /hr/a/a/3300/selectTgcrStdg.do (Caused by NameResolutionError("HTTPSConnection(host='www.work24.go.kr', port=443): Failed to resolve 'www.work24.go.kr' ([Errno 11001] getaddrinfo failed)"))
[439/1196] AIG20230000412692 회차목록 실패: HTTPSConnectionPool(host='www.work24.go.kr', port=443): Max retries exceeded with url: /hr/a/a/3300/selectTgcrStdg.do (Caused by NameResolutionError("HTTPSConnection(host='www.work24.go.kr', port=443): Failed to resolve 'www.work24.go.kr' ([Errno 11001] getaddrinfo failed)"))
[440/1196] AIG20230000412694 회차목록 실패: HTTPSConnectionPool(host='www.work24.go.kr', port=443): Max retries exceeded with url: /hr/a/a/3300/selectTgcrStdg.do (Caused by NameResolutionError("HTTPSConnection(host='www.work24.go.kr', port=443): Failed to resolve 'www.work24.go.kr' ([Errno 11001] getaddrinfo failed)"))
[441/1196] AIG20230000412697 회차목록 실패: HTTPSConnectionPool(host='www.work24.go.kr', port=443): Max retries exceeded with url: /hr/a/a/3300/selectTgcrStdg.do (Caused by NameResolutionError("HTTPSConnection(host='www.work24.go.kr', port=443): Failed to resolve 'www.work24.go.kr' ([Errno 11001] getaddrinfo failed)"))
[442/1196] AIG20230000412698 회차목록 실패: HTTPSConnectionPool(host='www.work24.go.kr', port=443): Max retries exceeded with url: /hr/a/a/3300/selectTgcrStdg.do (Caused by NameResolutionError("HTTPSConnection(host='www.work24.go.kr', port=443): Failed to resolve 'www.work24.go.kr' ([Errno 11001] getaddrinfo failed)"))
[443/1196] AIG20230000412699 회차목록 실패: HTTPSConnectionPool(host='www.work24.go.kr', port=443): Max retries exceeded with url: /hr/a/a/3300/selectTgcrStdg.do (Caused by NameResolutionError("HTTPSConnection(host='www.work24.go.kr', port=443): Failed to resolve 'www.work24.go.kr' ([Errno 11001] getaddrinfo failed)"))
[444/1196] AIG20230000412705 회차목록 실패: HTTPSConnectionPool(host='www.work24.go.kr', port=443): Max retries exceeded with url: /hr/a/a/3300/selectTgcrStdg.do (Caused by NameResolutionError("HTTPSConnection(host='www.work24.go.kr', port=443): Failed to resolve 'www.work24.go.kr' ([Errno 11001] getaddrinfo failed)"))
[445/1196] AIG20230000412712 회차목록 실패: HTTPSConnectionPool(host='www.work24.go.kr', port=443): Max retries exceeded with url: /hr/a/a/3300/selectTgcrStdg.do (Caused by NameResolutionError("HTTPSConnection(host='www.work24.go.kr', port=443): Failed to resolve 'www.work24.go.kr' ([Errno 11001] getaddrinfo failed)"))
[446/1196] AIG20230000412713 회차목록 실패: HTTPSConnectionPool(host='www.work24.go.kr', port=443): Max retries exceeded with url: /hr/a/a/3300/selectTgcrStdg.do (Caused by NameResolutionError("HTTPSConnection(host='www.work24.go.kr', port=443): Failed to resolve 'www.work24.go.kr' ([Errno 11001] getaddrinfo failed)"))
[447/1196] AIG20230000412718 회차목록 실패: HTTPSConnectionPool(host='www.work24.go.kr', port=443): Max retries exceeded with url: /hr/a/a/3300/selectTgcrStdg.do (Caused by NameResolutionError("HTTPSConnection(host='www.work24.go.kr', port=443): Failed to resolve 'www.work24.go.kr' ([Errno 11001] getaddrinfo failed)"))
[448/1196] AIG20230000412720 회차목록 실패: HTTPSConnectionPool(host='www.work24.go.kr', port=443): Max retries exceeded with url: /hr/a/a/3300/selectTgcrStdg.do (Caused by NameResolutionError("HTTPSConnection(host='www.work24.go.kr', port=443): Failed to resolve 'www.work24.go.kr' ([Errno 11001] getaddrinfo failed)"))
[449/1196] AIG20230000412730 회차목록 실패: HTTPSConnectionPool(host='www.work24.go.kr', port=443): Max retries exceeded with url: /hr/a/a/3300/selectTgcrStdg.do (Caused by NameResolutionError("HTTPSConnection(host='www.work24.go.kr', port=443): Failed to resolve 'www.work24.go.kr' ([Errno 11001] getaddrinfo failed)"))
[450/1196] AIG20230000412731 회차목록 실패: HTTPSConnectionPool(host='www.work24.go.kr', port=443): Max retries exceeded with url: /hr/a/a/3300/selectTgcrStdg.do (Caused by NameResolutionError("HTTPSConnection(host='www.work24.go.kr', port=443): Failed to resolve 'www.work24.go.kr' ([Errno 11001] getaddrinfo failed)"))
[451/1196] AIG20230000412733 회차목록 실패: HTTPSConnectionPool(host='www.work24.go.kr', port=443): Max retries exceeded with url: /hr/a/a/3300/selectTgcrStdg.do (Caused by NameResolutionError("HTTPSConnection(host='www.work24.go.kr', port=443): Failed to resolve 'www.work24.go.kr' ([Errno 11001] getaddrinfo failed)"))
[452/1196] AIG20230000412735 회차목록 실패: HTTPSConnectionPool(host='www.work24.go.kr', port=443): Max retries exceeded with url: /hr/a/a/3300/selectTgcrStdg.do (Caused by NameResolutionError("HTTPSConnection(host='www.work24.go.kr', port=443): Failed to resolve 'www.work24.go.kr' ([Errno 11001] getaddrinfo failed)"))
[453/1196] AIG20230000412736 회차목록 실패: HTTPSConnectionPool(host='www.work24.go.kr', port=443): Max retries exceeded with url: /hr/a/a/3300/selectTgcrStdg.do (Caused by NameResolutionError("HTTPSConnection(host='www.work24.go.kr', port=443): Failed to resolve 'www.work24.go.kr' ([Errno 11001] getaddrinfo failed)"))
[454/1196] AIG20230000412740 회차목록 실패: HTTPSConnectionPool(host='www.work24.go.kr', port=443): Max retries exceeded with url: /hr/a/a/3300/selectTgcrStdg.do (Caused by NameResolutionError("HTTPSConnection(host='www.work24.go.kr', port=443): Failed to resolve 'www.work24.go.kr' ([Errno 11001] getaddrinfo failed)"))
[455/1196] AIG20230000412742 회차목록 실패: HTTPSConnectionPool(host='www.work24.go.kr', port=443): Max retries exceeded with url: /hr/a/a/3300/selectTgcrStdg.do (Caused by NameResolutionError("HTTPSConnection(host='www.work24.go.kr', port=443): Failed to resolve 'www.work24.go.kr' ([Errno 11001] getaddrinfo failed)"))
[456/1196] AIG20230000412744 회차목록 실패: HTTPSConnectionPool(host='www.work24.go.kr', port=443): Max retries exceeded with url: /hr/a/a/3300/selectTgcrStdg.do (Caused by NameResolutionError("HTTPSConnection(host='www.work24.go.kr', port=443): Failed to resolve 'www.work24.go.kr' ([Errno 11001] getaddrinfo failed)"))
[457/1196] AIG20230000412747 회차목록 실패: HTTPSConnectionPool(host='www.work24.go.kr', port=443): Max retries exceeded with url: /hr/a/a/3300/selectTgcrStdg.do (Caused by NameResolutionError("HTTPSConnection(host='www.work24.go.kr', port=443): Failed to resolve 'www.work24.go.kr' ([Errno 11001] getaddrinfo failed)"))
[458/1196] AIG20230000412748 회차목록 실패: HTTPSConnectionPool(host='www.work24.go.kr', port=443): Max retries exceeded with url: /hr/a/a/3300/selectTgcrStdg.do (Caused by NameResolutionError("HTTPSConnection(host='www.work24.go.kr', port=443): Failed to resolve 'www.work24.go.kr' ([Errno 11001] getaddrinfo failed)"))
[459/1196] AIG20230000412750 회차목록 실패: HTTPSConnectionPool(host='www.work24.go.kr', port=443): Max retries exceeded with url: /hr/a/a/3300/selectTgcrStdg.do (Caused by NameResolutionError("HTTPSConnection(host='www.work24.go.kr', port=443): Failed to resolve 'www.work24.go.kr' ([Errno 11001] getaddrinfo failed)"))
[460/1196] AIG20230000412753 회차목록 실패: HTTPSConnectionPool(host='www.work24.go.kr', port=443): Max retries exceeded with url: /hr/a/a/3300/selectTgcrStdg.do (Caused by NameResolutionError("HTTPSConnection(host='www.work24.go.kr', port=443): Failed to resolve 'www.work24.go.kr' ([Errno 11001] getaddrinfo failed)"))
[461/1196] AIG20230000412755 회차목록 실패: HTTPSConnectionPool(host='www.work24.go.kr', port=443): Max retries exceeded with url: /hr/a/a/3300/selectTgcrStdg.do (Caused by NameResolutionError("HTTPSConnection(host='www.work24.go.kr', port=443): Failed to resolve 'www.work24.go.kr' ([Errno 11001] getaddrinfo failed)"))
[462/1196] AIG20230000412757 회차목록 실패: HTTPSConnectionPool(host='www.work24.go.kr', port=443): Max retries exceeded with url: /hr/a/a/3300/selectTgcrStdg.do (Caused by NameResolutionError("HTTPSConnection(host='www.work24.go.kr', port=443): Failed to resolve 'www.work24.go.kr' ([Errno 11001] getaddrinfo failed)"))
[463/1196] AIG20230000412764 회차목록 실패: HTTPSConnectionPool(host='www.work24.go.kr', port=443): Max retries exceeded with url: /hr/a/a/3300/selectTgcrStdg.do (Caused by NameResolutionError("HTTPSConnection(host='www.work24.go.kr', port=443): Failed to resolve 'www.work24.go.kr' ([Errno 11001] getaddrinfo failed)"))
[464/1196] AIG20230000412765 회차목록 실패: HTTPSConnectionPool(host='www.work24.go.kr', port=443): Max retries exceeded with url: /hr/a/a/3300/selectTgcrStdg.do (Caused by NameResolutionError("HTTPSConnection(host='www.work24.go.kr', port=443): Failed to resolve 'www.work24.go.kr' ([Errno 11001] getaddrinfo failed)"))
[465/1196] AIG20230000412766 회차목록 실패: HTTPSConnectionPool(host='www.work24.go.kr', port=443): Max retries exceeded with url: /hr/a/a/3300/selectTgcrStdg.do (Caused by NameResolutionError("HTTPSConnection(host='www.work24.go.kr', port=443): Failed to resolve 'www.work24.go.kr' ([Errno 11001] getaddrinfo failed)"))
[466/1196] AIG20230000412770 회차목록 실패: HTTPSConnectionPool(host='www.work24.go.kr', port=443): Max retries exceeded with url: /hr/a/a/3300/selectTgcrStdg.do (Caused by NameResolutionError("HTTPSConnection(host='www.work24.go.kr', port=443): Failed to resolve 'www.work24.go.kr' ([Errno 11001] getaddrinfo failed)"))
[467/1196] AIG20230000412780 회차목록 실패: HTTPSConnectionPool(host='www.work24.go.kr', port=443): Max retries exceeded with url: /hr/a/a/3300/selectTgcrStdg.do (Caused by NameResolutionError("HTTPSConnection(host='www.work24.go.kr', port=443): Failed to resolve 'www.work24.go.kr' ([Errno 11001] getaddrinfo failed)"))
[468/1196] AIG20230000412786 회차목록 실패: HTTPSConnectionPool(host='www.work24.go.kr', port=443): Max retries exceeded with url: /hr/a/a/3300/selectTgcrStdg.do (Caused by NameResolutionError("HTTPSConnection(host='www.work24.go.kr', port=443): Failed to resolve 'www.work24.go.kr' ([Errno 11001] getaddrinfo failed)"))
[469/1196] AIG20230000412790 회차목록 실패: HTTPSConnectionPool(host='www.work24.go.kr', port=443): Max retries exceeded with url: /hr/a/a/3300/selectTgcrStdg.do (Caused by NameResolutionError("HTTPSConnection(host='www.work24.go.kr', port=443): Failed to resolve 'www.work24.go.kr' ([Errno 11001] getaddrinfo failed)"))
[470/1196] AIG20230000412794 회차목록 실패: HTTPSConnectionPool(host='www.work24.go.kr', port=443): Max retries exceeded with url: /hr/a/a/3300/selectTgcrStdg.do (Caused by NameResolutionError("HTTPSConnection(host='www.work24.go.kr', port=443): Failed to resolve 'www.work24.go.kr' ([Errno 11001] getaddrinfo failed)"))
[471/1196] AIG20230000412795 회차목록 실패: HTTPSConnectionPool(host='www.work24.go.kr', port=443): Max retries exceeded with url: /hr/a/a/3300/selectTgcrStdg.do (Caused by NameResolutionError("HTTPSConnection(host='www.work24.go.kr', port=443): Failed to resolve 'www.work24.go.kr' ([Errno 11001] getaddrinfo failed)"))
[472/1196] AIG20230000412797 회차목록 실패: HTTPSConnectionPool(host='www.work24.go.kr', port=443): Max retries exceeded with url: /hr/a/a/3300/selectTgcrStdg.do (Caused by NameResolutionError("HTTPSConnection(host='www.work24.go.kr', port=443): Failed to resolve 'www.work24.go.kr' ([Errno 11001] getaddrinfo failed)"))
[473/1196] AIG20230000412798 회차목록 실패: HTTPSConnectionPool(host='www.work24.go.kr', port=443): Max retries exceeded with url: /hr/a/a/3300/selectTgcrStdg.do (Caused by NameResolutionError("HTTPSConnection(host='www.work24.go.kr', port=443): Failed to resolve 'www.work24.go.kr' ([Errno 11001] getaddrinfo failed)"))
[474/1196] AIG20230000412799 회차목록 실패: HTTPSConnectionPool(host='www.work24.go.kr', port=443): Max retries exceeded with url: /hr/a/a/3300/selectTgcrStdg.do (Caused by NameResolutionError("HTTPSConnection(host='www.work24.go.kr', port=443): Failed to resolve 'www.work24.go.kr' ([Errno 11001] getaddrinfo failed)"))
[475/1196] AIG20230000412800 회차목록 실패: HTTPSConnectionPool(host='www.work24.go.kr', port=443): Max retries exceeded with url: /hr/a/a/3300/selectTgcrStdg.do (Caused by NameResolutionError("HTTPSConnection(host='www.work24.go.kr', port=443): Failed to resolve 'www.work24.go.kr' ([Errno 11001] getaddrinfo failed)"))
[476/1196] AIG20230000412803 회차목록 실패: HTTPSConnectionPool(host='www.work24.go.kr', port=443): Max retries exceeded with url: /hr/a/a/3300/selectTgcrStdg.do (Caused by NameResolutionError("HTTPSConnection(host='www.work24.go.kr', port=443): Failed to resolve 'www.work24.go.kr' ([Errno 11001] getaddrinfo failed)"))
[477/1196] AIG20230000412804 회차목록 실패: HTTPSConnectionPool(host='www.work24.go.kr', port=443): Max retries exceeded with url: /hr/a/a/3300/selectTgcrStdg.do (Caused by NameResolutionError("HTTPSConnection(host='www.work24.go.kr', port=443): Failed to resolve 'www.work24.go.kr' ([Errno 11001] getaddrinfo failed)"))
[478/1196] AIG20230000412815 회차목록 실패: HTTPSConnectionPool(host='www.work24.go.kr', port=443): Max retries exceeded with url: /hr/a/a/3300/selectTgcrStdg.do (Caused by NameResolutionError("HTTPSConnection(host='www.work24.go.kr', port=443): Failed to resolve 'www.work24.go.kr' ([Errno 11001] getaddrinfo failed)"))
[479/1196] AIG20230000412816 회차목록 실패: HTTPSConnectionPool(host='www.work24.go.kr', port=443): Max retries exceeded with url: /hr/a/a/3300/selectTgcrStdg.do (Caused by NameResolutionError("HTTPSConnection(host='www.work24.go.kr', port=443): Failed to resolve 'www.work24.go.kr' ([Errno 11001] getaddrinfo failed)"))
[480/1196] AIG20230000412817 회차목록 실패: HTTPSConnectionPool(host='www.work24.go.kr', port=443): Max retries exceeded with url: /hr/a/a/3300/selectTgcrStdg.do (Caused by NameResolutionError("HTTPSConnection(host='www.work24.go.kr', port=443): Failed to resolve 'www.work24.go.kr' ([Errno 11001] getaddrinfo failed)"))
[481/1196] AIG20230000412819 회차목록 실패: HTTPSConnectionPool(host='www.work24.go.kr', port=443): Max retries exceeded with url: /hr/a/a/3300/selectTgcrStdg.do (Caused by NameResolutionError("HTTPSConnection(host='www.work24.go.kr', port=443): Failed to resolve 'www.work24.go.kr' ([Errno 11001] getaddrinfo failed)"))
[482/1196] AIG20230000412826 회차목록 실패: HTTPSConnectionPool(host='www.work24.go.kr', port=443): Max retries exceeded with url: /hr/a/a/3300/selectTgcrStdg.do (Caused by NameResolutionError("HTTPSConnection(host='www.work24.go.kr', port=443): Failed to resolve 'www.work24.go.kr' ([Errno 11001] getaddrinfo failed)"))
[483/1196] AIG20230000412830 회차목록 실패: HTTPSConnectionPool(host='www.work24.go.kr', port=443): Max retries exceeded with url: /hr/a/a/3300/selectTgcrStdg.do (Caused by NameResolutionError("HTTPSConnection(host='www.work24.go.kr', port=443): Failed to resolve 'www.work24.go.kr' ([Errno 11001] getaddrinfo failed)"))
[484/1196] AIG20230000412831 회차목록 실패: HTTPSConnectionPool(host='www.work24.go.kr', port=443): Max retries exceeded with url: /hr/a/a/3300/selectTgcrStdg.do (Caused by NameResolutionError("HTTPSConnection(host='www.work24.go.kr', port=443): Failed to resolve 'www.work24.go.kr' ([Errno 11001] getaddrinfo failed)"))
[485/1196] AIG20230000412832 회차목록 실패: HTTPSConnectionPool(host='www.work24.go.kr', port=443): Max retries exceeded with url: /hr/a/a/3300/selectTgcrStdg.do (Caused by NameResolutionError("HTTPSConnection(host='www.work24.go.kr', port=443): Failed to resolve 'www.work24.go.kr' ([Errno 11001] getaddrinfo failed)"))
[486/1196] AIG20230000412834 회차목록 실패: HTTPSConnectionPool(host='www.work24.go.kr', port=443): Max retries exceeded with url: /hr/a/a/3300/selectTgcrStdg.do (Caused by NameResolutionError("HTTPSConnection(host='www.work24.go.kr', port=443): Failed to resolve 'www.work24.go.kr' ([Errno 11001] getaddrinfo failed)"))
[487/1196] AIG20230000412839 회차목록 실패: HTTPSConnectionPool(host='www.work24.go.kr', port=443): Max retries exceeded with url: /hr/a/a/3300/selectTgcrStdg.do (Caused by NameResolutionError("HTTPSConnection(host='www.work24.go.kr', port=443): Failed to resolve 'www.work24.go.kr' ([Errno 11001] getaddrinfo failed)"))
[488/1196] AIG20230000412840 회차목록 실패: HTTPSConnectionPool(host='www.work24.go.kr', port=443): Max retries exceeded with url: /hr/a/a/3300/selectTgcrStdg.do (Caused by NameResolutionError("HTTPSConnection(host='www.work24.go.kr', port=443): Failed to resolve 'www.work24.go.kr' ([Errno 11001] getaddrinfo failed)"))
[489/1196] AIG20230000412842 회차목록 실패: HTTPSConnectionPool(host='www.work24.go.kr', port=443): Max retries exceeded with url: /hr/a/a/3300/selectTgcrStdg.do (Caused by NameResolutionError("HTTPSConnection(host='www.work24.go.kr', port=443): Failed to resolve 'www.work24.go.kr' ([Errno 11001] getaddrinfo failed)"))
[490/1196] AIG20230000412847 회차목록 실패: HTTPSConnectionPool(host='www.work24.go.kr', port=443): Max retries exceeded with url: /hr/a/a/3300/selectTgcrStdg.do (Caused by NameResolutionError("HTTPSConnection(host='www.work24.go.kr', port=443): Failed to resolve 'www.work24.go.kr' ([Errno 11001] getaddrinfo failed)"))
[491/1196] AIG20230000412849 회차목록 실패: HTTPSConnectionPool(host='www.work24.go.kr', port=443): Max retries exceeded with url: /hr/a/a/3300/selectTgcrStdg.do (Caused by NameResolutionError("HTTPSConnection(host='www.work24.go.kr', port=443): Failed to resolve 'www.work24.go.kr' ([Errno 11001] getaddrinfo failed)"))
[492/1196] AIG20230000412852 회차목록 실패: HTTPSConnectionPool(host='www.work24.go.kr', port=443): Max retries exceeded with url: /hr/a/a/3300/selectTgcrStdg.do (Caused by NameResolutionError("HTTPSConnection(host='www.work24.go.kr', port=443): Failed to resolve 'www.work24.go.kr' ([Errno 11001] getaddrinfo failed)"))
[493/1196] AIG20230000412856 회차목록 실패: HTTPSConnectionPool(host='www.work24.go.kr', port=443): Max retries exceeded with url: /hr/a/a/3300/selectTgcrStdg.do (Caused by NameResolutionError("HTTPSConnection(host='www.work24.go.kr', port=443): Failed to resolve 'www.work24.go.kr' ([Errno 11001] getaddrinfo failed)"))
[494/1196] AIG20230000412857 회차목록 실패: HTTPSConnectionPool(host='www.work24.go.kr', port=443): Max retries exceeded with url: /hr/a/a/3300/selectTgcrStdg.do (Caused by NameResolutionError("HTTPSConnection(host='www.work24.go.kr', port=443): Failed to resolve 'www.work24.go.kr' ([Errno 11001] getaddrinfo failed)"))
[495/1196] AIG20230000412863 회차목록 실패: HTTPSConnectionPool(host='www.work24.go.kr', port=443): Max retries exceeded with url: /hr/a/a/3300/selectTgcrStdg.do (Caused by NameResolutionError("HTTPSConnection(host='www.work24.go.kr', port=443): Failed to resolve 'www.work24.go.kr' ([Errno 11001] getaddrinfo failed)"))
[496/1196] AIG20230000412866 회차목록 실패: HTTPSConnectionPool(host='www.work24.go.kr', port=443): Max retries exceeded with url: /hr/a/a/3300/selectTgcrStdg.do (Caused by NameResolutionError("HTTPSConnection(host='www.work24.go.kr', port=443): Failed to resolve 'www.work24.go.kr' ([Errno 11001] getaddrinfo failed)"))
[497/1196] AIG20230000412868 회차목록 실패: HTTPSConnectionPool(host='www.work24.go.kr', port=443): Max retries exceeded with url: /hr/a/a/3300/selectTgcrStdg.do (Caused by NameResolutionError("HTTPSConnection(host='www.work24.go.kr', port=443): Failed to resolve 'www.work24.go.kr' ([Errno 11001] getaddrinfo failed)"))
[498/1196] AIG20230000412871 회차목록 실패: HTTPSConnectionPool(host='www.work24.go.kr', port=443): Max retries exceeded with url: /hr/a/a/3300/selectTgcrStdg.do (Caused by NameResolutionError("HTTPSConnection(host='www.work24.go.kr', port=443): Failed to resolve 'www.work24.go.kr' ([Errno 11001] getaddrinfo failed)"))
[499/1196] AIG20230000412875 회차목록 실패: HTTPSConnectionPool(host='www.work24.go.kr', port=443): Max retries exceeded with url: /hr/a/a/3300/selectTgcrStdg.do (Caused by NameResolutionError("HTTPSConnection(host='www.work24.go.kr', port=443): Failed to resolve 'www.work24.go.kr' ([Errno 11001] getaddrinfo failed)"))
[500/1196] AIG20230000412876 회차목록 실패: HTTPSConnectionPool(host='www.work24.go.kr', port=443): Max retries exceeded with url: /hr/a/a/3300/selectTgcrStdg.do (Caused by NameResolutionError("HTTPSConnection(host='www.work24.go.kr', port=443): Failed to resolve 'www.work24.go.kr' ([Errno 11001] getaddrinfo failed)"))
[501/1196] AIG20230000412880 회차목록 실패: HTTPSConnectionPool(host='www.work24.go.kr', port=443): Max retries exceeded with url: /hr/a/a/3300/selectTgcrStdg.do (Caused by NameResolutionError("HTTPSConnection(host='www.work24.go.kr', port=443): Failed to resolve 'www.work24.go.kr' ([Errno 11001] getaddrinfo failed)"))
[502/1196] AIG20230000412881 회차목록 실패: HTTPSConnectionPool(host='www.work24.go.kr', port=443): Max retries exceeded with url: /hr/a/a/3300/selectTgcrStdg.do (Caused by NameResolutionError("HTTPSConnection(host='www.work24.go.kr', port=443): Failed to resolve 'www.work24.go.kr' ([Errno 11001] getaddrinfo failed)"))
[503/1196] AIG20230000412883 회차목록 실패: HTTPSConnectionPool(host='www.work24.go.kr', port=443): Max retries exceeded with url: /hr/a/a/3300/selectTgcrStdg.do (Caused by NameResolutionError("HTTPSConnection(host='www.work24.go.kr', port=443): Failed to resolve 'www.work24.go.kr' ([Errno 11001] getaddrinfo failed)"))
[504/1196] AIG20230000412885 회차목록 실패: HTTPSConnectionPool(host='www.work24.go.kr', port=443): Max retries exceeded with url: /hr/a/a/3300/selectTgcrStdg.do (Caused by NameResolutionError("HTTPSConnection(host='www.work24.go.kr', port=443): Failed to resolve 'www.work24.go.kr' ([Errno 11001] getaddrinfo failed)"))
[505/1196] AIG20230000412892 회차목록 실패: HTTPSConnectionPool(host='www.work24.go.kr', port=443): Max retries exceeded with url: /hr/a/a/3300/selectTgcrStdg.do (Caused by NameResolutionError("HTTPSConnection(host='www.work24.go.kr', port=443): Failed to resolve 'www.work24.go.kr' ([Errno 11001] getaddrinfo failed)"))
[506/1196] AIG20230000412895 회차목록 실패: HTTPSConnectionPool(host='www.work24.go.kr', port=443): Max retries exceeded with url: /hr/a/a/3300/selectTgcrStdg.do (Caused by NameResolutionError("HTTPSConnection(host='www.work24.go.kr', port=443): Failed to resolve 'www.work24.go.kr' ([Errno 11001] getaddrinfo failed)"))
[507/1196] AIG20230000412897 회차목록 실패: HTTPSConnectionPool(host='www.work24.go.kr', port=443): Max retries exceeded with url: /hr/a/a/3300/selectTgcrStdg.do (Caused by NameResolutionError("HTTPSConnection(host='www.work24.go.kr', port=443): Failed to resolve 'www.work24.go.kr' ([Errno 11001] getaddrinfo failed)"))
[508/1196] AIG20230000412904 회차목록 실패: HTTPSConnectionPool(host='www.work24.go.kr', port=443): Max retries exceeded with url: /hr/a/a/3300/selectTgcrStdg.do (Caused by NameResolutionError("HTTPSConnection(host='www.work24.go.kr', port=443): Failed to resolve 'www.work24.go.kr' ([Errno 11001] getaddrinfo failed)"))
[509/1196] AIG20230000455437 회차목록 실패: HTTPSConnectionPool(host='www.work24.go.kr', port=443): Max retries exceeded with url: /hr/a/a/3300/selectTgcrStdg.do (Caused by NameResolutionError("HTTPSConnection(host='www.work24.go.kr', port=443): Failed to resolve 'www.work24.go.kr' ([Errno 11001] getaddrinfo failed)"))
[510/1196] AIG20230000455460 회차목록 실패: HTTPSConnectionPool(host='www.work24.go.kr', port=443): Max retries exceeded with url: /hr/a/a/3300/selectTgcrStdg.do (Caused by NameResolutionError("HTTPSConnection(host='www.work24.go.kr', port=443): Failed to resolve 'www.work24.go.kr' ([Errno 11001] getaddrinfo failed)"))
[511/1196] AIG20230000455498 회차목록 실패: HTTPSConnectionPool(host='www.work24.go.kr', port=443): Max retries exceeded with url: /hr/a/a/3300/selectTgcrStdg.do (Caused by NameResolutionError("HTTPSConnection(host='www.work24.go.kr', port=443): Failed to resolve 'www.work24.go.kr' ([Errno 11001] getaddrinfo failed)"))
[512/1196] AIG20230000455507 회차목록 실패: HTTPSConnectionPool(host='www.work24.go.kr', port=443): Max retries exceeded with url: /hr/a/a/3300/selectTgcrStdg.do (Caused by NameResolutionError("HTTPSConnection(host='www.work24.go.kr', port=443): Failed to resolve 'www.work24.go.kr' ([Errno 11001] getaddrinfo failed)"))
[513/1196] AIG20230000455522 회차목록 실패: HTTPSConnectionPool(host='www.work24.go.kr', port=443): Max retries exceeded with url: /hr/a/a/3300/selectTgcrStdg.do (Caused by NameResolutionError("HTTPSConnection(host='www.work24.go.kr', port=443): Failed to resolve 'www.work24.go.kr' ([Errno 11001] getaddrinfo failed)"))
[514/1196] AIG20230000455523 회차목록 실패: HTTPSConnectionPool(host='www.work24.go.kr', port=443): Max retries exceeded with url: /hr/a/a/3300/selectTgcrStdg.do (Caused by NameResolutionError("HTTPSConnection(host='www.work24.go.kr', port=443): Failed to resolve 'www.work24.go.kr' ([Errno 11001] getaddrinfo failed)"))
[515/1196] AIG20230000455530 회차목록 실패: HTTPSConnectionPool(host='www.work24.go.kr', port=443): Max retries exceeded with url: /hr/a/a/3300/selectTgcrStdg.do (Caused by NameResolutionError("HTTPSConnection(host='www.work24.go.kr', port=443): Failed to resolve 'www.work24.go.kr' ([Errno 11001] getaddrinfo failed)"))
[516/1196] AIG20230000455540 회차목록 실패: HTTPSConnectionPool(host='www.work24.go.kr', port=443): Max retries exceeded with url: /hr/a/a/3300/selectTgcrStdg.do (Caused by NameResolutionError("HTTPSConnection(host='www.work24.go.kr', port=443): Failed to resolve 'www.work24.go.kr' ([Errno 11001] getaddrinfo failed)"))
[517/1196] AIG20230000455548 회차목록 실패: HTTPSConnectionPool(host='www.work24.go.kr', port=443): Max retries exceeded with url: /hr/a/a/3300/selectTgcrStdg.do (Caused by NameResolutionError("HTTPSConnection(host='www.work24.go.kr', port=443): Failed to resolve 'www.work24.go.kr' ([Errno 11001] getaddrinfo failed)"))
[518/1196] AIG20230000455554 회차목록 실패: HTTPSConnectionPool(host='www.work24.go.kr', port=443): Max retries exceeded with url: /hr/a/a/3300/selectTgcrStdg.do (Caused by NameResolutionError("HTTPSConnection(host='www.work24.go.kr', port=443): Failed to resolve 'www.work24.go.kr' ([Errno 11001] getaddrinfo failed)"))
[519/1196] AIG20230000455555 회차목록 실패: HTTPSConnectionPool(host='www.work24.go.kr', port=443): Max retries exceeded with url: /hr/a/a/3300/selectTgcrStdg.do (Caused by NameResolutionError("HTTPSConnection(host='www.work24.go.kr', port=443): Failed to resolve 'www.work24.go.kr' ([Errno 11001] getaddrinfo failed)"))
[520/1196] AIG20230000455557 회차목록 실패: HTTPSConnectionPool(host='www.work24.go.kr', port=443): Max retries exceeded with url: /hr/a/a/3300/selectTgcrStdg.do (Caused by NameResolutionError("HTTPSConnection(host='www.work24.go.kr', port=443): Failed to resolve 'www.work24.go.kr' ([Errno 11001] getaddrinfo failed)"))
[521/1196] AIG20230000455560 회차목록 실패: HTTPSConnectionPool(host='www.work24.go.kr', port=443): Max retries exceeded with url: /hr/a/a/3300/selectTgcrStdg.do (Caused by NameResolutionError("HTTPSConnection(host='www.work24.go.kr', port=443): Failed to resolve 'www.work24.go.kr' ([Errno 11001] getaddrinfo failed)"))
[522/1196] AIG20230000455568 회차목록 실패: HTTPSConnectionPool(host='www.work24.go.kr', port=443): Max retries exceeded with url: /hr/a/a/3300/selectTgcrStdg.do (Caused by NameResolutionError("HTTPSConnection(host='www.work24.go.kr', port=443): Failed to resolve 'www.work24.go.kr' ([Errno 11001] getaddrinfo failed)"))
[523/1196] AIG20230000455573 회차목록 실패: HTTPSConnectionPool(host='www.work24.go.kr', port=443): Max retries exceeded with url: /hr/a/a/3300/selectTgcrStdg.do (Caused by NameResolutionError("HTTPSConnection(host='www.work24.go.kr', port=443): Failed to resolve 'www.work24.go.kr' ([Errno 11001] getaddrinfo failed)"))
[524/1196] AIG20230000455575 회차목록 실패: HTTPSConnectionPool(host='www.work24.go.kr', port=443): Max retries exceeded with url: /hr/a/a/3300/selectTgcrStdg.do (Caused by NameResolutionError("HTTPSConnection(host='www.work24.go.kr', port=443): Failed to resolve 'www.work24.go.kr' ([Errno 11001] getaddrinfo failed)"))
[525/1196] AIG20230000455576 회차목록 실패: HTTPSConnectionPool(host='www.work24.go.kr', port=443): Max retries exceeded with url: /hr/a/a/3300/selectTgcrStdg.do (Caused by NameResolutionError("HTTPSConnection(host='www.work24.go.kr', port=443): Failed to resolve 'www.work24.go.kr' ([Errno 11001] getaddrinfo failed)"))
[526/1196] AIG20230000455578 회차목록 실패: HTTPSConnectionPool(host='www.work24.go.kr', port=443): Max retries exceeded with url: /hr/a/a/3300/selectTgcrStdg.do (Caused by NameResolutionError("HTTPSConnection(host='www.work24.go.kr', port=443): Failed to resolve 'www.work24.go.kr' ([Errno 11001] getaddrinfo failed)"))
[527/1196] AIG20230000455581 회차목록 실패: HTTPSConnectionPool(host='www.work24.go.kr', port=443): Max retries exceeded with url: /hr/a/a/3300/selectTgcrStdg.do (Caused by NameResolutionError("HTTPSConnection(host='www.work24.go.kr', port=443): Failed to resolve 'www.work24.go.kr' ([Errno 11001] getaddrinfo failed)"))
[528/1196] AIG20230000455585 회차목록 실패: HTTPSConnectionPool(host='www.work24.go.kr', port=443): Max retries exceeded with url: /hr/a/a/3300/selectTgcrStdg.do (Caused by NameResolutionError("HTTPSConnection(host='www.work24.go.kr', port=443): Failed to resolve 'www.work24.go.kr' ([Errno 11001] getaddrinfo failed)"))
[529/1196] AIG20230000455586 회차목록 실패: HTTPSConnectionPool(host='www.work24.go.kr', port=443): Max retries exceeded with url: /hr/a/a/3300/selectTgcrStdg.do (Caused by NameResolutionError("HTTPSConnection(host='www.work24.go.kr', port=443): Failed to resolve 'www.work24.go.kr' ([Errno 11001] getaddrinfo failed)"))
[530/1196] AIG20230000455587 회차목록 실패: HTTPSConnectionPool(host='www.work24.go.kr', port=443): Max retries exceeded with url: /hr/a/a/3300/selectTgcrStdg.do (Caused by NameResolutionError("HTTPSConnection(host='www.work24.go.kr', port=443): Failed to resolve 'www.work24.go.kr' ([Errno 11001] getaddrinfo failed)"))
[531/1196] AIG20230000455588 회차목록 실패: HTTPSConnectionPool(host='www.work24.go.kr', port=443): Max retries exceeded with url: /hr/a/a/3300/selectTgcrStdg.do (Caused by NameResolutionError("HTTPSConnection(host='www.work24.go.kr', port=443): Failed to resolve 'www.work24.go.kr' ([Errno 11001] getaddrinfo failed)"))
[532/1196] AIG20230000455589 회차목록 실패: HTTPSConnectionPool(host='www.work24.go.kr', port=443): Max retries exceeded with url: /hr/a/a/3300/selectTgcrStdg.do (Caused by NameResolutionError("HTTPSConnection(host='www.work24.go.kr', port=443): Failed to resolve 'www.work24.go.kr' ([Errno 11001] getaddrinfo failed)"))
[533/1196] AIG20230000455590 회차목록 실패: HTTPSConnectionPool(host='www.work24.go.kr', port=443): Max retries exceeded with url: /hr/a/a/3300/selectTgcrStdg.do (Caused by NameResolutionError("HTTPSConnection(host='www.work24.go.kr', port=443): Failed to resolve 'www.work24.go.kr' ([Errno 11001] getaddrinfo failed)"))
[534/1196] AIG20230000455591 회차목록 실패: HTTPSConnectionPool(host='www.work24.go.kr', port=443): Max retries exceeded with url: /hr/a/a/3300/selectTgcrStdg.do (Caused by NameResolutionError("HTTPSConnection(host='www.work24.go.kr', port=443): Failed to resolve 'www.work24.go.kr' ([Errno 11001] getaddrinfo failed)"))
[535/1196] AIG20230000455592 회차목록 실패: HTTPSConnectionPool(host='www.work24.go.kr', port=443): Max retries exceeded with url: /hr/a/a/3300/selectTgcrStdg.do (Caused by NameResolutionError("HTTPSConnection(host='www.work24.go.kr', port=443): Failed to resolve 'www.work24.go.kr' ([Errno 11001] getaddrinfo failed)"))
[536/1196] AIG20230000455593 회차목록 실패: HTTPSConnectionPool(host='www.work24.go.kr', port=443): Max retries exceeded with url: /hr/a/a/3300/selectTgcrStdg.do (Caused by NameResolutionError("HTTPSConnection(host='www.work24.go.kr', port=443): Failed to resolve 'www.work24.go.kr' ([Errno 11001] getaddrinfo failed)"))
[537/1196] AIG20230000455594 회차목록 실패: HTTPSConnectionPool(host='www.work24.go.kr', port=443): Max retries exceeded with url: /hr/a/a/3300/selectTgcrStdg.do (Caused by NameResolutionError("HTTPSConnection(host='www.work24.go.kr', port=443): Failed to resolve 'www.work24.go.kr' ([Errno 11001] getaddrinfo failed)"))
[538/1196] AIG20230000455595 회차목록 실패: HTTPSConnectionPool(host='www.work24.go.kr', port=443): Max retries exceeded with url: /hr/a/a/3300/selectTgcrStdg.do (Caused by NameResolutionError("HTTPSConnection(host='www.work24.go.kr', port=443): Failed to resolve 'www.work24.go.kr' ([Errno 11001] getaddrinfo failed)"))
[539/1196] AIG20230000455596 회차목록 실패: HTTPSConnectionPool(host='www.work24.go.kr', port=443): Max retries exceeded with url: /hr/a/a/3300/selectTgcrStdg.do (Caused by NameResolutionError("HTTPSConnection(host='www.work24.go.kr', port=443): Failed to resolve 'www.work24.go.kr' ([Errno 11001] getaddrinfo failed)"))
[540/1196] AIG20230000455597 회차목록 실패: HTTPSConnectionPool(host='www.work24.go.kr', port=443): Max retries exceeded with url: /hr/a/a/3300/selectTgcrStdg.do (Caused by NameResolutionError("HTTPSConnection(host='www.work24.go.kr', port=443): Failed to resolve 'www.work24.go.kr' ([Errno 11001] getaddrinfo failed)"))
[541/1196] AIG20230000455598 회차목록 실패: HTTPSConnectionPool(host='www.work24.go.kr', port=443): Max retries exceeded with url: /hr/a/a/3300/selectTgcrStdg.do (Caused by NameResolutionError("HTTPSConnection(host='www.work24.go.kr', port=443): Failed to resolve 'www.work24.go.kr' ([Errno 11001] getaddrinfo failed)"))
[542/1196] AIG20230000455599 회차목록 실패: HTTPSConnectionPool(host='www.work24.go.kr', port=443): Max retries exceeded with url: /hr/a/a/3300/selectTgcrStdg.do (Caused by NameResolutionError("HTTPSConnection(host='www.work24.go.kr', port=443): Failed to resolve 'www.work24.go.kr' ([Errno 11001] getaddrinfo failed)"))
[543/1196] AIG20230000455601 회차목록 실패: HTTPSConnectionPool(host='www.work24.go.kr', port=443): Max retries exceeded with url: /hr/a/a/3300/selectTgcrStdg.do (Caused by NameResolutionError("HTTPSConnection(host='www.work24.go.kr', port=443): Failed to resolve 'www.work24.go.kr' ([Errno 11001] getaddrinfo failed)"))
[544/1196] AIG20230000455602 회차목록 실패: HTTPSConnectionPool(host='www.work24.go.kr', port=443): Max retries exceeded with url: /hr/a/a/3300/selectTgcrStdg.do (Caused by NameResolutionError("HTTPSConnection(host='www.work24.go.kr', port=443): Failed to resolve 'www.work24.go.kr' ([Errno 11001] getaddrinfo failed)"))
[545/1196] AIG20230000455604 회차목록 실패: HTTPSConnectionPool(host='www.work24.go.kr', port=443): Max retries exceeded with url: /hr/a/a/3300/selectTgcrStdg.do (Caused by NameResolutionError("HTTPSConnection(host='www.work24.go.kr', port=443): Failed to resolve 'www.work24.go.kr' ([Errno 11001] getaddrinfo failed)"))
[546/1196] AIG20230000455609 회차목록 실패: HTTPSConnectionPool(host='www.work24.go.kr', port=443): Max retries exceeded with url: /hr/a/a/3300/selectTgcrStdg.do (Caused by NameResolutionError("HTTPSConnection(host='www.work24.go.kr', port=443): Failed to resolve 'www.work24.go.kr' ([Errno 11001] getaddrinfo failed)"))
[547/1196] AIG20230000455610 회차목록 실패: HTTPSConnectionPool(host='www.work24.go.kr', port=443): Max retries exceeded with url: /hr/a/a/3300/selectTgcrStdg.do (Caused by NameResolutionError("HTTPSConnection(host='www.work24.go.kr', port=443): Failed to resolve 'www.work24.go.kr' ([Errno 11001] getaddrinfo failed)"))
[548/1196] AIG20230000455611 회차목록 실패: HTTPSConnectionPool(host='www.work24.go.kr', port=443): Max retries exceeded with url: /hr/a/a/3300/selectTgcrStdg.do (Caused by NameResolutionError("HTTPSConnection(host='www.work24.go.kr', port=443): Failed to resolve 'www.work24.go.kr' ([Errno 11001] getaddrinfo failed)"))
[549/1196] AIG20230000455612 회차목록 실패: HTTPSConnectionPool(host='www.work24.go.kr', port=443): Max retries exceeded with url: /hr/a/a/3300/selectTgcrStdg.do (Caused by NameResolutionError("HTTPSConnection(host='www.work24.go.kr', port=443): Failed to resolve 'www.work24.go.kr' ([Errno 11001] getaddrinfo failed)"))
[550/1196] AIG20230000455615 회차목록 실패: HTTPSConnectionPool(host='www.work24.go.kr', port=443): Max retries exceeded with url: /hr/a/a/3300/selectTgcrStdg.do (Caused by NameResolutionError("HTTPSConnection(host='www.work24.go.kr', port=443): Failed to resolve 'www.work24.go.kr' ([Errno 11001] getaddrinfo failed)"))
[551/1196] AIG20230000455616 회차목록 실패: HTTPSConnectionPool(host='www.work24.go.kr', port=443): Max retries exceeded with url: /hr/a/a/3300/selectTgcrStdg.do (Caused by NameResolutionError("HTTPSConnection(host='www.work24.go.kr', port=443): Failed to resolve 'www.work24.go.kr' ([Errno 11001] getaddrinfo failed)"))
[552/1196] AIG20230000455617 회차목록 실패: HTTPSConnectionPool(host='www.work24.go.kr', port=443): Max retries exceeded with url: /hr/a/a/3300/selectTgcrStdg.do (Caused by NameResolutionError("HTTPSConnection(host='www.work24.go.kr', port=443): Failed to resolve 'www.work24.go.kr' ([Errno 11001] getaddrinfo failed)"))
[553/1196] AIG20230000455618 회차목록 실패: HTTPSConnectionPool(host='www.work24.go.kr', port=443): Max retries exceeded with url: /hr/a/a/3300/selectTgcrStdg.do (Caused by NameResolutionError("HTTPSConnection(host='www.work24.go.kr', port=443): Failed to resolve 'www.work24.go.kr' ([Errno 11001] getaddrinfo failed)"))
[554/1196] AIG20230000455619 회차목록 실패: HTTPSConnectionPool(host='www.work24.go.kr', port=443): Max retries exceeded with url: /hr/a/a/3300/selectTgcrStdg.do (Caused by NameResolutionError("HTTPSConnection(host='www.work24.go.kr', port=443): Failed to resolve 'www.work24.go.kr' ([Errno 11001] getaddrinfo failed)"))
[555/1196] AIG20230000455622 회차목록 실패: HTTPSConnectionPool(host='www.work24.go.kr', port=443): Max retries exceeded with url: /hr/a/a/3300/selectTgcrStdg.do (Caused by NameResolutionError("HTTPSConnection(host='www.work24.go.kr', port=443): Failed to resolve 'www.work24.go.kr' ([Errno 11001] getaddrinfo failed)"))
[556/1196] AIG20230000455623 회차목록 실패: HTTPSConnectionPool(host='www.work24.go.kr', port=443): Max retries exceeded with url: /hr/a/a/3300/selectTgcrStdg.do (Caused by NameResolutionError("HTTPSConnection(host='www.work24.go.kr', port=443): Failed to resolve 'www.work24.go.kr' ([Errno 11001] getaddrinfo failed)"))
[557/1196] AIG20230000455628 회차목록 실패: HTTPSConnectionPool(host='www.work24.go.kr', port=443): Max retries exceeded with url: /hr/a/a/3300/selectTgcrStdg.do (Caused by NameResolutionError("HTTPSConnection(host='www.work24.go.kr', port=443): Failed to resolve 'www.work24.go.kr' ([Errno 11001] getaddrinfo failed)"))
[558/1196] AIG20230000455630 회차목록 실패: HTTPSConnectionPool(host='www.work24.go.kr', port=443): Max retries exceeded with url: /hr/a/a/3300/selectTgcrStdg.do (Caused by NameResolutionError("HTTPSConnection(host='www.work24.go.kr', port=443): Failed to resolve 'www.work24.go.kr' ([Errno 11001] getaddrinfo failed)"))
[559/1196] AIG20230000455631 회차목록 실패: HTTPSConnectionPool(host='www.work24.go.kr', port=443): Max retries exceeded with url: /hr/a/a/3300/selectTgcrStdg.do (Caused by NameResolutionError("HTTPSConnection(host='www.work24.go.kr', port=443): Failed to resolve 'www.work24.go.kr' ([Errno 11001] getaddrinfo failed)"))
[560/1196] AIG20230000455632 회차목록 실패: HTTPSConnectionPool(host='www.work24.go.kr', port=443): Max retries exceeded with url: /hr/a/a/3300/selectTgcrStdg.do (Caused by NameResolutionError("HTTPSConnection(host='www.work24.go.kr', port=443): Failed to resolve 'www.work24.go.kr' ([Errno 11001] getaddrinfo failed)"))
[561/1196] AIG20230000455633 회차목록 실패: HTTPSConnectionPool(host='www.work24.go.kr', port=443): Max retries exceeded with url: /hr/a/a/3300/selectTgcrStdg.do (Caused by NameResolutionError("HTTPSConnection(host='www.work24.go.kr', port=443): Failed to resolve 'www.work24.go.kr' ([Errno 11001] getaddrinfo failed)"))
[562/1196] AIG20230000455634 회차목록 실패: HTTPSConnectionPool(host='www.work24.go.kr', port=443): Max retries exceeded with url: /hr/a/a/3300/selectTgcrStdg.do (Caused by NameResolutionError("HTTPSConnection(host='www.work24.go.kr', port=443): Failed to resolve 'www.work24.go.kr' ([Errno 11001] getaddrinfo failed)"))
[563/1196] AIG20230000455635 회차목록 실패: HTTPSConnectionPool(host='www.work24.go.kr', port=443): Max retries exceeded with url: /hr/a/a/3300/selectTgcrStdg.do (Caused by NameResolutionError("HTTPSConnection(host='www.work24.go.kr', port=443): Failed to resolve 'www.work24.go.kr' ([Errno 11001] getaddrinfo failed)"))
[564/1196] AIG20230000455637 회차목록 실패: HTTPSConnectionPool(host='www.work24.go.kr', port=443): Max retries exceeded with url: /hr/a/a/3300/selectTgcrStdg.do (Caused by NameResolutionError("HTTPSConnection(host='www.work24.go.kr', port=443): Failed to resolve 'www.work24.go.kr' ([Errno 11001] getaddrinfo failed)"))
[565/1196] AIG20230000455640 회차목록 실패: HTTPSConnectionPool(host='www.work24.go.kr', port=443): Max retries exceeded with url: /hr/a/a/3300/selectTgcrStdg.do (Caused by NameResolutionError("HTTPSConnection(host='www.work24.go.kr', port=443): Failed to resolve 'www.work24.go.kr' ([Errno 11001] getaddrinfo failed)"))
[566/1196] AIG20230000455642 회차목록 실패: HTTPSConnectionPool(host='www.work24.go.kr', port=443): Max retries exceeded with url: /hr/a/a/3300/selectTgcrStdg.do (Caused by NameResolutionError("HTTPSConnection(host='www.work24.go.kr', port=443): Failed to resolve 'www.work24.go.kr' ([Errno 11001] getaddrinfo failed)"))
[567/1196] AIG20230000455646 회차목록 실패: HTTPSConnectionPool(host='www.work24.go.kr', port=443): Max retries exceeded with url: /hr/a/a/3300/selectTgcrStdg.do (Caused by NameResolutionError("HTTPSConnection(host='www.work24.go.kr', port=443): Failed to resolve 'www.work24.go.kr' ([Errno 11001] getaddrinfo failed)"))
[568/1196] AIG20230000455653 회차목록 실패: HTTPSConnectionPool(host='www.work24.go.kr', port=443): Max retries exceeded with url: /hr/a/a/3300/selectTgcrStdg.do (Caused by NameResolutionError("HTTPSConnection(host='www.work24.go.kr', port=443): Failed to resolve 'www.work24.go.kr' ([Errno 11001] getaddrinfo failed)"))
[569/1196] AIG20230000455655 회차목록 실패: HTTPSConnectionPool(host='www.work24.go.kr', port=443): Max retries exceeded with url: /hr/a/a/3300/selectTgcrStdg.do (Caused by NameResolutionError("HTTPSConnection(host='www.work24.go.kr', port=443): Failed to resolve 'www.work24.go.kr' ([Errno 11001] getaddrinfo failed)"))
[570/1196] AIG20230000455656 회차목록 실패: HTTPSConnectionPool(host='www.work24.go.kr', port=443): Max retries exceeded with url: /hr/a/a/3300/selectTgcrStdg.do (Caused by NameResolutionError("HTTPSConnection(host='www.work24.go.kr', port=443): Failed to resolve 'www.work24.go.kr' ([Errno 11001] getaddrinfo failed)"))
[571/1196] AIG20230000455658 회차목록 실패: HTTPSConnectionPool(host='www.work24.go.kr', port=443): Max retries exceeded with url: /hr/a/a/3300/selectTgcrStdg.do (Caused by NameResolutionError("HTTPSConnection(host='www.work24.go.kr', port=443): Failed to resolve 'www.work24.go.kr' ([Errno 11001] getaddrinfo failed)"))
[572/1196] AIG20230000455659 회차목록 실패: HTTPSConnectionPool(host='www.work24.go.kr', port=443): Max retries exceeded with url: /hr/a/a/3300/selectTgcrStdg.do (Caused by NameResolutionError("HTTPSConnection(host='www.work24.go.kr', port=443): Failed to resolve 'www.work24.go.kr' ([Errno 11001] getaddrinfo failed)"))
[573/1196] AIG20230000455661 회차목록 실패: HTTPSConnectionPool(host='www.work24.go.kr', port=443): Max retries exceeded with url: /hr/a/a/3300/selectTgcrStdg.do (Caused by NameResolutionError("HTTPSConnection(host='www.work24.go.kr', port=443): Failed to resolve 'www.work24.go.kr' ([Errno 11001] getaddrinfo failed)"))
[574/1196] AIG20230000455664 회차목록 실패: HTTPSConnectionPool(host='www.work24.go.kr', port=443): Max retries exceeded with url: /hr/a/a/3300/selectTgcrStdg.do (Caused by NameResolutionError("HTTPSConnection(host='www.work24.go.kr', port=443): Failed to resolve 'www.work24.go.kr' ([Errno 11001] getaddrinfo failed)"))
[575/1196] AIG20230000455665 회차목록 실패: HTTPSConnectionPool(host='www.work24.go.kr', port=443): Max retries exceeded with url: /hr/a/a/3300/selectTgcrStdg.do (Caused by NameResolutionError("HTTPSConnection(host='www.work24.go.kr', port=443): Failed to resolve 'www.work24.go.kr' ([Errno 11001] getaddrinfo failed)"))
[576/1196] AIG20230000455666 회차목록 실패: HTTPSConnectionPool(host='www.work24.go.kr', port=443): Max retries exceeded with url: /hr/a/a/3300/selectTgcrStdg.do (Caused by NameResolutionError("HTTPSConnection(host='www.work24.go.kr', port=443): Failed to resolve 'www.work24.go.kr' ([Errno 11001] getaddrinfo failed)"))
[577/1196] AIG20230000455669 회차목록 실패: HTTPSConnectionPool(host='www.work24.go.kr', port=443): Max retries exceeded with url: /hr/a/a/3300/selectTgcrStdg.do (Caused by NameResolutionError("HTTPSConnection(host='www.work24.go.kr', port=443): Failed to resolve 'www.work24.go.kr' ([Errno 11001] getaddrinfo failed)"))
[578/1196] AIG20230000455673 회차목록 실패: HTTPSConnectionPool(host='www.work24.go.kr', port=443): Max retries exceeded with url: /hr/a/a/3300/selectTgcrStdg.do (Caused by NameResolutionError("HTTPSConnection(host='www.work24.go.kr', port=443): Failed to resolve 'www.work24.go.kr' ([Errno 11001] getaddrinfo failed)"))
[579/1196] AIG20230000455675 회차목록 실패: HTTPSConnectionPool(host='www.work24.go.kr', port=443): Max retries exceeded with url: /hr/a/a/3300/selectTgcrStdg.do (Caused by NameResolutionError("HTTPSConnection(host='www.work24.go.kr', port=443): Failed to resolve 'www.work24.go.kr' ([Errno 11001] getaddrinfo failed)"))
[580/1196] AIG20230000455683 회차목록 실패: HTTPSConnectionPool(host='www.work24.go.kr', port=443): Max retries exceeded with url: /hr/a/a/3300/selectTgcrStdg.do (Caused by NameResolutionError("HTTPSConnection(host='www.work24.go.kr', port=443): Failed to resolve 'www.work24.go.kr' ([Errno 11001] getaddrinfo failed)"))
[581/1196] AIG20230000455687 회차목록 실패: HTTPSConnectionPool(host='www.work24.go.kr', port=443): Max retries exceeded with url: /hr/a/a/3300/selectTgcrStdg.do (Caused by NameResolutionError("HTTPSConnection(host='www.work24.go.kr', port=443): Failed to resolve 'www.work24.go.kr' ([Errno 11001] getaddrinfo failed)"))
[582/1196] AIG20230000455692 회차목록 실패: HTTPSConnectionPool(host='www.work24.go.kr', port=443): Max retries exceeded with url: /hr/a/a/3300/selectTgcrStdg.do (Caused by NameResolutionError("HTTPSConnection(host='www.work24.go.kr', port=443): Failed to resolve 'www.work24.go.kr' ([Errno 11001] getaddrinfo failed)"))
[583/1196] AIG20230000455694 회차목록 실패: HTTPSConnectionPool(host='www.work24.go.kr', port=443): Max retries exceeded with url: /hr/a/a/3300/selectTgcrStdg.do (Caused by NameResolutionError("HTTPSConnection(host='www.work24.go.kr', port=443): Failed to resolve 'www.work24.go.kr' ([Errno 11001] getaddrinfo failed)"))
[584/1196] AIG20230000455696 회차목록 실패: HTTPSConnectionPool(host='www.work24.go.kr', port=443): Max retries exceeded with url: /hr/a/a/3300/selectTgcrStdg.do (Caused by NameResolutionError("HTTPSConnection(host='www.work24.go.kr', port=443): Failed to resolve 'www.work24.go.kr' ([Errno 11001] getaddrinfo failed)"))
[585/1196] AIG20230000455698 회차목록 실패: HTTPSConnectionPool(host='www.work24.go.kr', port=443): Max retries exceeded with url: /hr/a/a/3300/selectTgcrStdg.do (Caused by NameResolutionError("HTTPSConnection(host='www.work24.go.kr', port=443): Failed to resolve 'www.work24.go.kr' ([Errno 11001] getaddrinfo failed)"))
[586/1196] AIG20230000455704 회차목록 실패: HTTPSConnectionPool(host='www.work24.go.kr', port=443): Max retries exceeded with url: /hr/a/a/3300/selectTgcrStdg.do (Caused by NameResolutionError("HTTPSConnection(host='www.work24.go.kr', port=443): Failed to resolve 'www.work24.go.kr' ([Errno 11001] getaddrinfo failed)"))
[587/1196] AIG20230000455708 회차목록 실패: HTTPSConnectionPool(host='www.work24.go.kr', port=443): Max retries exceeded with url: /hr/a/a/3300/selectTgcrStdg.do (Caused by NameResolutionError("HTTPSConnection(host='www.work24.go.kr', port=443): Failed to resolve 'www.work24.go.kr' ([Errno 11001] getaddrinfo failed)"))
[588/1196] AIG20230000455714 회차목록 실패: HTTPSConnectionPool(host='www.work24.go.kr', port=443): Max retries exceeded with url: /hr/a/a/3300/selectTgcrStdg.do (Caused by NameResolutionError("HTTPSConnection(host='www.work24.go.kr', port=443): Failed to resolve 'www.work24.go.kr' ([Errno 11001] getaddrinfo failed)"))
[589/1196] AIG20230000455715 회차목록 실패: HTTPSConnectionPool(host='www.work24.go.kr', port=443): Max retries exceeded with url: /hr/a/a/3300/selectTgcrStdg.do (Caused by NameResolutionError("HTTPSConnection(host='www.work24.go.kr', port=443): Failed to resolve 'www.work24.go.kr' ([Errno 11001] getaddrinfo failed)"))
[590/1196] AIG20230000455716 회차목록 실패: HTTPSConnectionPool(host='www.work24.go.kr', port=443): Max retries exceeded with url: /hr/a/a/3300/selectTgcrStdg.do (Caused by NameResolutionError("HTTPSConnection(host='www.work24.go.kr', port=443): Failed to resolve 'www.work24.go.kr' ([Errno 11001] getaddrinfo failed)"))
[591/1196] AIG20230000455717 회차목록 실패: HTTPSConnectionPool(host='www.work24.go.kr', port=443): Max retries exceeded with url: /hr/a/a/3300/selectTgcrStdg.do (Caused by NameResolutionError("HTTPSConnection(host='www.work24.go.kr', port=443): Failed to resolve 'www.work24.go.kr' ([Errno 11001] getaddrinfo failed)"))
[592/1196] AIG20230000455718 회차목록 실패: HTTPSConnectionPool(host='www.work24.go.kr', port=443): Max retries exceeded with url: /hr/a/a/3300/selectTgcrStdg.do (Caused by NameResolutionError("HTTPSConnection(host='www.work24.go.kr', port=443): Failed to resolve 'www.work24.go.kr' ([Errno 11001] getaddrinfo failed)"))
[593/1196] AIG20230000455719 회차목록 실패: HTTPSConnectionPool(host='www.work24.go.kr', port=443): Max retries exceeded with url: /hr/a/a/3300/selectTgcrStdg.do (Caused by NameResolutionError("HTTPSConnection(host='www.work24.go.kr', port=443): Failed to resolve 'www.work24.go.kr' ([Errno 11001] getaddrinfo failed)"))
[594/1196] AIG20230000455720 회차목록 실패: HTTPSConnectionPool(host='www.work24.go.kr', port=443): Max retries exceeded with url: /hr/a/a/3300/selectTgcrStdg.do (Caused by NameResolutionError("HTTPSConnection(host='www.work24.go.kr', port=443): Failed to resolve 'www.work24.go.kr' ([Errno 11001] getaddrinfo failed)"))
[595/1196] AIG20230000455722 회차목록 실패: HTTPSConnectionPool(host='www.work24.go.kr', port=443): Max retries exceeded with url: /hr/a/a/3300/selectTgcrStdg.do (Caused by NameResolutionError("HTTPSConnection(host='www.work24.go.kr', port=443): Failed to resolve 'www.work24.go.kr' ([Errno 11001] getaddrinfo failed)"))
[596/1196] AIG20230000455726 회차목록 실패: HTTPSConnectionPool(host='www.work24.go.kr', port=443): Max retries exceeded with url: /hr/a/a/3300/selectTgcrStdg.do (Caused by NameResolutionError("HTTPSConnection(host='www.work24.go.kr', port=443): Failed to resolve 'www.work24.go.kr' ([Errno 11001] getaddrinfo failed)"))
[597/1196] AIG20230000455728 회차목록 실패: HTTPSConnectionPool(host='www.work24.go.kr', port=443): Max retries exceeded with url: /hr/a/a/3300/selectTgcrStdg.do (Caused by NameResolutionError("HTTPSConnection(host='www.work24.go.kr', port=443): Failed to resolve 'www.work24.go.kr' ([Errno 11001] getaddrinfo failed)"))
[598/1196] AIG20230000455731 회차목록 실패: HTTPSConnectionPool(host='www.work24.go.kr', port=443): Max retries exceeded with url: /hr/a/a/3300/selectTgcrStdg.do (Caused by NameResolutionError("HTTPSConnection(host='www.work24.go.kr', port=443): Failed to resolve 'www.work24.go.kr' ([Errno 11001] getaddrinfo failed)"))
[599/1196] AIG20230000455732 회차목록 실패: HTTPSConnectionPool(host='www.work24.go.kr', port=443): Max retries exceeded with url: /hr/a/a/3300/selectTgcrStdg.do (Caused by NameResolutionError("HTTPSConnection(host='www.work24.go.kr', port=443): Failed to resolve 'www.work24.go.kr' ([Errno 11001] getaddrinfo failed)"))
[600/1196] AIG20230000455734 회차목록 실패: HTTPSConnectionPool(host='www.work24.go.kr', port=443): Max retries exceeded with url: /hr/a/a/3300/selectTgcrStdg.do (Caused by NameResolutionError("HTTPSConnection(host='www.work24.go.kr', port=443): Failed to resolve 'www.work24.go.kr' ([Errno 11001] getaddrinfo failed)"))
[601/1196] AIG20230000455736 회차목록 실패: HTTPSConnectionPool(host='www.work24.go.kr', port=443): Max retries exceeded with url: /hr/a/a/3300/selectTgcrStdg.do (Caused by NameResolutionError("HTTPSConnection(host='www.work24.go.kr', port=443): Failed to resolve 'www.work24.go.kr' ([Errno 11001] getaddrinfo failed)"))
[602/1196] AIG20230000455739 회차목록 실패: HTTPSConnectionPool(host='www.work24.go.kr', port=443): Max retries exceeded with url: /hr/a/a/3300/selectTgcrStdg.do (Caused by NameResolutionError("HTTPSConnection(host='www.work24.go.kr', port=443): Failed to resolve 'www.work24.go.kr' ([Errno 11001] getaddrinfo failed)"))
[603/1196] AIG20230000455741 회차목록 실패: HTTPSConnectionPool(host='www.work24.go.kr', port=443): Max retries exceeded with url: /hr/a/a/3300/selectTgcrStdg.do (Caused by NameResolutionError("HTTPSConnection(host='www.work24.go.kr', port=443): Failed to resolve 'www.work24.go.kr' ([Errno 11001] getaddrinfo failed)"))
[604/1196] AIG20230000455743 회차목록 실패: HTTPSConnectionPool(host='www.work24.go.kr', port=443): Max retries exceeded with url: /hr/a/a/3300/selectTgcrStdg.do (Caused by NameResolutionError("HTTPSConnection(host='www.work24.go.kr', port=443): Failed to resolve 'www.work24.go.kr' ([Errno 11001] getaddrinfo failed)"))
[605/1196] AIG20230000455744 회차목록 실패: HTTPSConnectionPool(host='www.work24.go.kr', port=443): Max retries exceeded with url: /hr/a/a/3300/selectTgcrStdg.do (Caused by NameResolutionError("HTTPSConnection(host='www.work24.go.kr', port=443): Failed to resolve 'www.work24.go.kr' ([Errno 11001] getaddrinfo failed)"))
[606/1196] AIG20230000455746 회차목록 실패: HTTPSConnectionPool(host='www.work24.go.kr', port=443): Max retries exceeded with url: /hr/a/a/3300/selectTgcrStdg.do (Caused by NameResolutionError("HTTPSConnection(host='www.work24.go.kr', port=443): Failed to resolve 'www.work24.go.kr' ([Errno 11001] getaddrinfo failed)"))
[607/1196] AIG20230000455747 회차목록 실패: HTTPSConnectionPool(host='www.work24.go.kr', port=443): Max retries exceeded with url: /hr/a/a/3300/selectTgcrStdg.do (Caused by NameResolutionError("HTTPSConnection(host='www.work24.go.kr', port=443): Failed to resolve 'www.work24.go.kr' ([Errno 11001] getaddrinfo failed)"))
[608/1196] AIG20230000455748 회차목록 실패: HTTPSConnectionPool(host='www.work24.go.kr', port=443): Max retries exceeded with url: /hr/a/a/3300/selectTgcrStdg.do (Caused by NameResolutionError("HTTPSConnection(host='www.work24.go.kr', port=443): Failed to resolve 'www.work24.go.kr' ([Errno 11001] getaddrinfo failed)"))
[609/1196] AIG20230000455749 회차목록 실패: HTTPSConnectionPool(host='www.work24.go.kr', port=443): Max retries exceeded with url: /hr/a/a/3300/selectTgcrStdg.do (Caused by NameResolutionError("HTTPSConnection(host='www.work24.go.kr', port=443): Failed to resolve 'www.work24.go.kr' ([Errno 11001] getaddrinfo failed)"))
[610/1196] AIG20230000455751 회차목록 실패: HTTPSConnectionPool(host='www.work24.go.kr', port=443): Max retries exceeded with url: /hr/a/a/3300/selectTgcrStdg.do (Caused by NameResolutionError("HTTPSConnection(host='www.work24.go.kr', port=443): Failed to resolve 'www.work24.go.kr' ([Errno 11001] getaddrinfo failed)"))
[611/1196] AIG20230000455752 회차목록 실패: HTTPSConnectionPool(host='www.work24.go.kr', port=443): Max retries exceeded with url: /hr/a/a/3300/selectTgcrStdg.do (Caused by NameResolutionError("HTTPSConnection(host='www.work24.go.kr', port=443): Failed to resolve 'www.work24.go.kr' ([Errno 11001] getaddrinfo failed)"))
[612/1196] AIG20230000455753 회차목록 실패: HTTPSConnectionPool(host='www.work24.go.kr', port=443): Max retries exceeded with url: /hr/a/a/3300/selectTgcrStdg.do (Caused by NameResolutionError("HTTPSConnection(host='www.work24.go.kr', port=443): Failed to resolve 'www.work24.go.kr' ([Errno 11001] getaddrinfo failed)"))
[613/1196] AIG20230000455754 회차목록 실패: HTTPSConnectionPool(host='www.work24.go.kr', port=443): Max retries exceeded with url: /hr/a/a/3300/selectTgcrStdg.do (Caused by NameResolutionError("HTTPSConnection(host='www.work24.go.kr', port=443): Failed to resolve 'www.work24.go.kr' ([Errno 11001] getaddrinfo failed)"))
[614/1196] AIG20230000455758 회차목록 실패: HTTPSConnectionPool(host='www.work24.go.kr', port=443): Max retries exceeded with url: /hr/a/a/3300/selectTgcrStdg.do (Caused by NameResolutionError("HTTPSConnection(host='www.work24.go.kr', port=443): Failed to resolve 'www.work24.go.kr' ([Errno 11001] getaddrinfo failed)"))
[615/1196] AIG20230000455759 회차목록 실패: HTTPSConnectionPool(host='www.work24.go.kr', port=443): Max retries exceeded with url: /hr/a/a/3300/selectTgcrStdg.do (Caused by NameResolutionError("HTTPSConnection(host='www.work24.go.kr', port=443): Failed to resolve 'www.work24.go.kr' ([Errno 11001] getaddrinfo failed)"))
[616/1196] AIG20230000455766 회차목록 실패: HTTPSConnectionPool(host='www.work24.go.kr', port=443): Max retries exceeded with url: /hr/a/a/3300/selectTgcrStdg.do (Caused by NameResolutionError("HTTPSConnection(host='www.work24.go.kr', port=443): Failed to resolve 'www.work24.go.kr' ([Errno 11001] getaddrinfo failed)"))
[617/1196] AIG20230000455769 회차목록 실패: HTTPSConnectionPool(host='www.work24.go.kr', port=443): Max retries exceeded with url: /hr/a/a/3300/selectTgcrStdg.do (Caused by NameResolutionError("HTTPSConnection(host='www.work24.go.kr', port=443): Failed to resolve 'www.work24.go.kr' ([Errno 11001] getaddrinfo failed)"))
[618/1196] AIG20230000455775 회차목록 실패: HTTPSConnectionPool(host='www.work24.go.kr', port=443): Max retries exceeded with url: /hr/a/a/3300/selectTgcrStdg.do (Caused by NameResolutionError("HTTPSConnection(host='www.work24.go.kr', port=443): Failed to resolve 'www.work24.go.kr' ([Errno 11001] getaddrinfo failed)"))
[619/1196] AIG20230000455779 회차목록 실패: HTTPSConnectionPool(host='www.work24.go.kr', port=443): Max retries exceeded with url: /hr/a/a/3300/selectTgcrStdg.do (Caused by NameResolutionError("HTTPSConnection(host='www.work24.go.kr', port=443): Failed to resolve 'www.work24.go.kr' ([Errno 11001] getaddrinfo failed)"))
[620/1196] AIG20230000455781 회차목록 실패: HTTPSConnectionPool(host='www.work24.go.kr', port=443): Max retries exceeded with url: /hr/a/a/3300/selectTgcrStdg.do (Caused by NameResolutionError("HTTPSConnection(host='www.work24.go.kr', port=443): Failed to resolve 'www.work24.go.kr' ([Errno 11001] getaddrinfo failed)"))
[621/1196] AIG20230000455783 회차목록 실패: HTTPSConnectionPool(host='www.work24.go.kr', port=443): Max retries exceeded with url: /hr/a/a/3300/selectTgcrStdg.do (Caused by NameResolutionError("HTTPSConnection(host='www.work24.go.kr', port=443): Failed to resolve 'www.work24.go.kr' ([Errno 11001] getaddrinfo failed)"))
[622/1196] AIG20230000455784 회차목록 실패: HTTPSConnectionPool(host='www.work24.go.kr', port=443): Max retries exceeded with url: /hr/a/a/3300/selectTgcrStdg.do (Caused by NameResolutionError("HTTPSConnection(host='www.work24.go.kr', port=443): Failed to resolve 'www.work24.go.kr' ([Errno 11001] getaddrinfo failed)"))
[623/1196] AIG20230000455791 회차목록 실패: HTTPSConnectionPool(host='www.work24.go.kr', port=443): Max retries exceeded with url: /hr/a/a/3300/selectTgcrStdg.do (Caused by NameResolutionError("HTTPSConnection(host='www.work24.go.kr', port=443): Failed to resolve 'www.work24.go.kr' ([Errno 11001] getaddrinfo failed)"))
[624/1196] AIG20240000458996 회차목록 실패: HTTPSConnectionPool(host='www.work24.go.kr', port=443): Max retries exceeded with url: /hr/a/a/3300/selectTgcrStdg.do (Caused by NameResolutionError("HTTPSConnection(host='www.work24.go.kr', port=443): Failed to resolve 'www.work24.go.kr' ([Errno 11001] getaddrinfo failed)"))
[625/1196] AIG20240000458997 회차목록 실패: HTTPSConnectionPool(host='www.work24.go.kr', port=443): Max retries exceeded with url: /hr/a/a/3300/selectTgcrStdg.do (Caused by NameResolutionError("HTTPSConnection(host='www.work24.go.kr', port=443): Failed to resolve 'www.work24.go.kr' ([Errno 11001] getaddrinfo failed)"))
[626/1196] AIG20240000458998 회차목록 실패: HTTPSConnectionPool(host='www.work24.go.kr', port=443): Max retries exceeded with url: /hr/a/a/3300/selectTgcrStdg.do (Caused by NameResolutionError("HTTPSConnection(host='www.work24.go.kr', port=443): Failed to resolve 'www.work24.go.kr' ([Errno 11001] getaddrinfo failed)"))
[627/1196] AIG20240000458999 회차목록 실패: HTTPSConnectionPool(host='www.work24.go.kr', port=443): Max retries exceeded with url: /hr/a/a/3300/selectTgcrStdg.do (Caused by NameResolutionError("HTTPSConnection(host='www.work24.go.kr', port=443): Failed to resolve 'www.work24.go.kr' ([Errno 11001] getaddrinfo failed)"))
[628/1196] AIG20240000459000 회차목록 실패: HTTPSConnectionPool(host='www.work24.go.kr', port=443): Max retries exceeded with url: /hr/a/a/3300/selectTgcrStdg.do (Caused by NameResolutionError("HTTPSConnection(host='www.work24.go.kr', port=443): Failed to resolve 'www.work24.go.kr' ([Errno 11001] getaddrinfo failed)"))
[629/1196] AIG20240000459005 회차목록 실패: HTTPSConnectionPool(host='www.work24.go.kr', port=443): Max retries exceeded with url: /hr/a/a/3300/selectTgcrStdg.do (Caused by NameResolutionError("HTTPSConnection(host='www.work24.go.kr', port=443): Failed to resolve 'www.work24.go.kr' ([Errno 11001] getaddrinfo failed)"))
[630/1196] AIG20240000459009 회차목록 실패: HTTPSConnectionPool(host='www.work24.go.kr', port=443): Max retries exceeded with url: /hr/a/a/3300/selectTgcrStdg.do (Caused by NameResolutionError("HTTPSConnection(host='www.work24.go.kr', port=443): Failed to resolve 'www.work24.go.kr' ([Errno 11001] getaddrinfo failed)"))
[631/1196] AIG20240000459010 회차목록 실패: HTTPSConnectionPool(host='www.work24.go.kr', port=443): Max retries exceeded with url: /hr/a/a/3300/selectTgcrStdg.do (Caused by NameResolutionError("HTTPSConnection(host='www.work24.go.kr', port=443): Failed to resolve 'www.work24.go.kr' ([Errno 11001] getaddrinfo failed)"))
[632/1196] AIG20240000459011 회차목록 실패: HTTPSConnectionPool(host='www.work24.go.kr', port=443): Max retries exceeded with url: /hr/a/a/3300/selectTgcrStdg.do (Caused by NameResolutionError("HTTPSConnection(host='www.work24.go.kr', port=443): Failed to resolve 'www.work24.go.kr' ([Errno 11001] getaddrinfo failed)"))
[633/1196] AIG20240000459012 회차목록 실패: HTTPSConnectionPool(host='www.work24.go.kr', port=443): Max retries exceeded with url: /hr/a/a/3300/selectTgcrStdg.do (Caused by NameResolutionError("HTTPSConnection(host='www.work24.go.kr', port=443): Failed to resolve 'www.work24.go.kr' ([Errno 11001] getaddrinfo failed)"))
[634/1196] AIG20240000459016 회차목록 실패: HTTPSConnectionPool(host='www.work24.go.kr', port=443): Max retries exceeded with url: /hr/a/a/3300/selectTgcrStdg.do (Caused by NameResolutionError("HTTPSConnection(host='www.work24.go.kr', port=443): Failed to resolve 'www.work24.go.kr' ([Errno 11001] getaddrinfo failed)"))
[635/1196] AIG20240000459017 회차목록 실패: HTTPSConnectionPool(host='www.work24.go.kr', port=443): Max retries exceeded with url: /hr/a/a/3300/selectTgcrStdg.do (Caused by NameResolutionError("HTTPSConnection(host='www.work24.go.kr', port=443): Failed to resolve 'www.work24.go.kr' ([Errno 11001] getaddrinfo failed)"))
[636/1196] AIG20240000459019 회차목록 실패: HTTPSConnectionPool(host='www.work24.go.kr', port=443): Max retries exceeded with url: /hr/a/a/3300/selectTgcrStdg.do (Caused by NameResolutionError("HTTPSConnection(host='www.work24.go.kr', port=443): Failed to resolve 'www.work24.go.kr' ([Errno 11001] getaddrinfo failed)"))
[637/1196] AIG20240000459021 회차목록 실패: HTTPSConnectionPool(host='www.work24.go.kr', port=443): Max retries exceeded with url: /hr/a/a/3300/selectTgcrStdg.do (Caused by NameResolutionError("HTTPSConnection(host='www.work24.go.kr', port=443): Failed to resolve 'www.work24.go.kr' ([Errno 11001] getaddrinfo failed)"))
[638/1196] AIG20240000459022 회차목록 실패: HTTPSConnectionPool(host='www.work24.go.kr', port=443): Max retries exceeded with url: /hr/a/a/3300/selectTgcrStdg.do (Caused by NameResolutionError("HTTPSConnection(host='www.work24.go.kr', port=443): Failed to resolve 'www.work24.go.kr' ([Errno 11001] getaddrinfo failed)"))
[639/1196] AIG20240000459023 회차목록 실패: HTTPSConnectionPool(host='www.work24.go.kr', port=443): Max retries exceeded with url: /hr/a/a/3300/selectTgcrStdg.do (Caused by NameResolutionError("HTTPSConnection(host='www.work24.go.kr', port=443): Failed to resolve 'www.work24.go.kr' ([Errno 11001] getaddrinfo failed)"))
[640/1196] AIG20240000459024 회차목록 실패: HTTPSConnectionPool(host='www.work24.go.kr', port=443): Max retries exceeded with url: /hr/a/a/3300/selectTgcrStdg.do (Caused by NameResolutionError("HTTPSConnection(host='www.work24.go.kr', port=443): Failed to resolve 'www.work24.go.kr' ([Errno 11001] getaddrinfo failed)"))
[641/1196] AIG20240000459026 회차목록 실패: HTTPSConnectionPool(host='www.work24.go.kr', port=443): Max retries exceeded with url: /hr/a/a/3300/selectTgcrStdg.do (Caused by NameResolutionError("HTTPSConnection(host='www.work24.go.kr', port=443): Failed to resolve 'www.work24.go.kr' ([Errno 11001] getaddrinfo failed)"))
[642/1196] AIG20240000459034 회차목록 실패: HTTPSConnectionPool(host='www.work24.go.kr', port=443): Max retries exceeded with url: /hr/a/a/3300/selectTgcrStdg.do (Caused by NameResolutionError("HTTPSConnection(host='www.work24.go.kr', port=443): Failed to resolve 'www.work24.go.kr' ([Errno 11001] getaddrinfo failed)"))
[643/1196] AIG20240000459036 회차목록 실패: HTTPSConnectionPool(host='www.work24.go.kr', port=443): Max retries exceeded with url: /hr/a/a/3300/selectTgcrStdg.do (Caused by NameResolutionError("HTTPSConnection(host='www.work24.go.kr', port=443): Failed to resolve 'www.work24.go.kr' ([Errno 11001] getaddrinfo failed)"))
[644/1196] AIG20240000459038 회차목록 실패: HTTPSConnectionPool(host='www.work24.go.kr', port=443): Max retries exceeded with url: /hr/a/a/3300/selectTgcrStdg.do (Caused by NameResolutionError("HTTPSConnection(host='www.work24.go.kr', port=443): Failed to resolve 'www.work24.go.kr' ([Errno 11001] getaddrinfo failed)"))
[645/1196] AIG20240000459039 회차목록 실패: HTTPSConnectionPool(host='www.work24.go.kr', port=443): Max retries exceeded with url: /hr/a/a/3300/selectTgcrStdg.do (Caused by NameResolutionError("HTTPSConnection(host='www.work24.go.kr', port=443): Failed to resolve 'www.work24.go.kr' ([Errno 11001] getaddrinfo failed)"))
[646/1196] AIG20240000459040 회차목록 실패: HTTPSConnectionPool(host='www.work24.go.kr', port=443): Max retries exceeded with url: /hr/a/a/3300/selectTgcrStdg.do (Caused by NameResolutionError("HTTPSConnection(host='www.work24.go.kr', port=443): Failed to resolve 'www.work24.go.kr' ([Errno 11001] getaddrinfo failed)"))
[647/1196] AIG20240000459041 회차목록 실패: HTTPSConnectionPool(host='www.work24.go.kr', port=443): Max retries exceeded with url: /hr/a/a/3300/selectTgcrStdg.do (Caused by NameResolutionError("HTTPSConnection(host='www.work24.go.kr', port=443): Failed to resolve 'www.work24.go.kr' ([Errno 11001] getaddrinfo failed)"))
[648/1196] AIG20240000459042 회차목록 실패: HTTPSConnectionPool(host='www.work24.go.kr', port=443): Max retries exceeded with url: /hr/a/a/3300/selectTgcrStdg.do (Caused by NameResolutionError("HTTPSConnection(host='www.work24.go.kr', port=443): Failed to resolve 'www.work24.go.kr' ([Errno 11001] getaddrinfo failed)"))
[649/1196] AIG20240000459044 회차목록 실패: HTTPSConnectionPool(host='www.work24.go.kr', port=443): Max retries exceeded with url: /hr/a/a/3300/selectTgcrStdg.do (Caused by NameResolutionError("HTTPSConnection(host='www.work24.go.kr', port=443): Failed to resolve 'www.work24.go.kr' ([Errno 11001] getaddrinfo failed)"))
[650/1196] AIG20240000459046 회차목록 실패: HTTPSConnectionPool(host='www.work24.go.kr', port=443): Max retries exceeded with url: /hr/a/a/3300/selectTgcrStdg.do (Caused by NameResolutionError("HTTPSConnection(host='www.work24.go.kr', port=443): Failed to resolve 'www.work24.go.kr' ([Errno 11001] getaddrinfo failed)"))
[651/1196] AIG20240000459049 회차목록 실패: HTTPSConnectionPool(host='www.work24.go.kr', port=443): Max retries exceeded with url: /hr/a/a/3300/selectTgcrStdg.do (Caused by NameResolutionError("HTTPSConnection(host='www.work24.go.kr', port=443): Failed to resolve 'www.work24.go.kr' ([Errno 11001] getaddrinfo failed)"))
[652/1196] AIG20240000459051 회차목록 실패: HTTPSConnectionPool(host='www.work24.go.kr', port=443): Max retries exceeded with url: /hr/a/a/3300/selectTgcrStdg.do (Caused by NameResolutionError("HTTPSConnection(host='www.work24.go.kr', port=443): Failed to resolve 'www.work24.go.kr' ([Errno 11001] getaddrinfo failed)"))
[653/1196] AIG20240000459053 회차목록 실패: HTTPSConnectionPool(host='www.work24.go.kr', port=443): Max retries exceeded with url: /hr/a/a/3300/selectTgcrStdg.do (Caused by NameResolutionError("HTTPSConnection(host='www.work24.go.kr', port=443): Failed to resolve 'www.work24.go.kr' ([Errno 11001] getaddrinfo failed)"))
[654/1196] AIG20240000459054 회차목록 실패: HTTPSConnectionPool(host='www.work24.go.kr', port=443): Max retries exceeded with url: /hr/a/a/3300/selectTgcrStdg.do (Caused by NameResolutionError("HTTPSConnection(host='www.work24.go.kr', port=443): Failed to resolve 'www.work24.go.kr' ([Errno 11001] getaddrinfo failed)"))
[655/1196] AIG20240000459058 회차목록 실패: HTTPSConnectionPool(host='www.work24.go.kr', port=443): Max retries exceeded with url: /hr/a/a/3300/selectTgcrStdg.do (Caused by NameResolutionError("HTTPSConnection(host='www.work24.go.kr', port=443): Failed to resolve 'www.work24.go.kr' ([Errno 11001] getaddrinfo failed)"))
[656/1196] AIG20240000459059 회차목록 실패: HTTPSConnectionPool(host='www.work24.go.kr', port=443): Max retries exceeded with url: /hr/a/a/3300/selectTgcrStdg.do (Caused by NameResolutionError("HTTPSConnection(host='www.work24.go.kr', port=443): Failed to resolve 'www.work24.go.kr' ([Errno 11001] getaddrinfo failed)"))
[657/1196] AIG20240000459062 회차목록 실패: HTTPSConnectionPool(host='www.work24.go.kr', port=443): Max retries exceeded with url: /hr/a/a/3300/selectTgcrStdg.do (Caused by NameResolutionError("HTTPSConnection(host='www.work24.go.kr', port=443): Failed to resolve 'www.work24.go.kr' ([Errno 11001] getaddrinfo failed)"))
[658/1196] AIG20240000459063 회차목록 실패: HTTPSConnectionPool(host='www.work24.go.kr', port=443): Max retries exceeded with url: /hr/a/a/3300/selectTgcrStdg.do (Caused by NameResolutionError("HTTPSConnection(host='www.work24.go.kr', port=443): Failed to resolve 'www.work24.go.kr' ([Errno 11001] getaddrinfo failed)"))
[659/1196] AIG20240000459064 회차목록 실패: HTTPSConnectionPool(host='www.work24.go.kr', port=443): Max retries exceeded with url: /hr/a/a/3300/selectTgcrStdg.do (Caused by NameResolutionError("HTTPSConnection(host='www.work24.go.kr', port=443): Failed to resolve 'www.work24.go.kr' ([Errno 11001] getaddrinfo failed)"))
[660/1196] AIG20240000459065 회차목록 실패: HTTPSConnectionPool(host='www.work24.go.kr', port=443): Max retries exceeded with url: /hr/a/a/3300/selectTgcrStdg.do (Caused by NameResolutionError("HTTPSConnection(host='www.work24.go.kr', port=443): Failed to resolve 'www.work24.go.kr' ([Errno 11001] getaddrinfo failed)"))
[661/1196] AIG20240000459066 회차목록 실패: HTTPSConnectionPool(host='www.work24.go.kr', port=443): Max retries exceeded with url: /hr/a/a/3300/selectTgcrStdg.do (Caused by NameResolutionError("HTTPSConnection(host='www.work24.go.kr', port=443): Failed to resolve 'www.work24.go.kr' ([Errno 11001] getaddrinfo failed)"))
[662/1196] AIG20240000459068 회차목록 실패: HTTPSConnectionPool(host='www.work24.go.kr', port=443): Max retries exceeded with url: /hr/a/a/3300/selectTgcrStdg.do (Caused by NameResolutionError("HTTPSConnection(host='www.work24.go.kr', port=443): Failed to resolve 'www.work24.go.kr' ([Errno 11001] getaddrinfo failed)"))
[663/1196] AIG20240000459077 회차목록 실패: HTTPSConnectionPool(host='www.work24.go.kr', port=443): Max retries exceeded with url: /hr/a/a/3300/selectTgcrStdg.do (Caused by NameResolutionError("HTTPSConnection(host='www.work24.go.kr', port=443): Failed to resolve 'www.work24.go.kr' ([Errno 11001] getaddrinfo failed)"))
[664/1196] AIG20240000459082 회차목록 실패: HTTPSConnectionPool(host='www.work24.go.kr', port=443): Max retries exceeded with url: /hr/a/a/3300/selectTgcrStdg.do (Caused by NameResolutionError("HTTPSConnection(host='www.work24.go.kr', port=443): Failed to resolve 'www.work24.go.kr' ([Errno 11001] getaddrinfo failed)"))
[665/1196] AIG20240000459083 회차목록 실패: HTTPSConnectionPool(host='www.work24.go.kr', port=443): Max retries exceeded with url: /hr/a/a/3300/selectTgcrStdg.do (Caused by NameResolutionError("HTTPSConnection(host='www.work24.go.kr', port=443): Failed to resolve 'www.work24.go.kr' ([Errno 11001] getaddrinfo failed)"))
[666/1196] AIG20240000459084 회차목록 실패: HTTPSConnectionPool(host='www.work24.go.kr', port=443): Max retries exceeded with url: /hr/a/a/3300/selectTgcrStdg.do (Caused by NameResolutionError("HTTPSConnection(host='www.work24.go.kr', port=443): Failed to resolve 'www.work24.go.kr' ([Errno 11001] getaddrinfo failed)"))
[667/1196] AIG20240000459085 회차목록 실패: HTTPSConnectionPool(host='www.work24.go.kr', port=443): Max retries exceeded with url: /hr/a/a/3300/selectTgcrStdg.do (Caused by NameResolutionError("HTTPSConnection(host='www.work24.go.kr', port=443): Failed to resolve 'www.work24.go.kr' ([Errno 11001] getaddrinfo failed)"))
[668/1196] AIG20240000459086 회차목록 실패: HTTPSConnectionPool(host='www.work24.go.kr', port=443): Max retries exceeded with url: /hr/a/a/3300/selectTgcrStdg.do (Caused by NameResolutionError("HTTPSConnection(host='www.work24.go.kr', port=443): Failed to resolve 'www.work24.go.kr' ([Errno 11001] getaddrinfo failed)"))
[669/1196] AIG20240000459088 회차목록 실패: HTTPSConnectionPool(host='www.work24.go.kr', port=443): Max retries exceeded with url: /hr/a/a/3300/selectTgcrStdg.do (Caused by NameResolutionError("HTTPSConnection(host='www.work24.go.kr', port=443): Failed to resolve 'www.work24.go.kr' ([Errno 11001] getaddrinfo failed)"))
[670/1196] AIG20240000459089 회차목록 실패: HTTPSConnectionPool(host='www.work24.go.kr', port=443): Max retries exceeded with url: /hr/a/a/3300/selectTgcrStdg.do (Caused by NameResolutionError("HTTPSConnection(host='www.work24.go.kr', port=443): Failed to resolve 'www.work24.go.kr' ([Errno 11001] getaddrinfo failed)"))
[671/1196] AIG20240000459090 회차목록 실패: HTTPSConnectionPool(host='www.work24.go.kr', port=443): Max retries exceeded with url: /hr/a/a/3300/selectTgcrStdg.do (Caused by NameResolutionError("HTTPSConnection(host='www.work24.go.kr', port=443): Failed to resolve 'www.work24.go.kr' ([Errno 11001] getaddrinfo failed)"))
[672/1196] AIG20240000459091 회차목록 실패: HTTPSConnectionPool(host='www.work24.go.kr', port=443): Max retries exceeded with url: /hr/a/a/3300/selectTgcrStdg.do (Caused by NameResolutionError("HTTPSConnection(host='www.work24.go.kr', port=443): Failed to resolve 'www.work24.go.kr' ([Errno 11001] getaddrinfo failed)"))
[673/1196] AIG20240000459095 회차목록 실패: HTTPSConnectionPool(host='www.work24.go.kr', port=443): Max retries exceeded with url: /hr/a/a/3300/selectTgcrStdg.do (Caused by NameResolutionError("HTTPSConnection(host='www.work24.go.kr', port=443): Failed to resolve 'www.work24.go.kr' ([Errno 11001] getaddrinfo failed)"))
[674/1196] AIG20240000459097 회차목록 실패: HTTPSConnectionPool(host='www.work24.go.kr', port=443): Max retries exceeded with url: /hr/a/a/3300/selectTgcrStdg.do (Caused by NameResolutionError("HTTPSConnection(host='www.work24.go.kr', port=443): Failed to resolve 'www.work24.go.kr' ([Errno 11001] getaddrinfo failed)"))
[675/1196] AIG20240000459099 회차목록 실패: HTTPSConnectionPool(host='www.work24.go.kr', port=443): Max retries exceeded with url: /hr/a/a/3300/selectTgcrStdg.do (Caused by NameResolutionError("HTTPSConnection(host='www.work24.go.kr', port=443): Failed to resolve 'www.work24.go.kr' ([Errno 11001] getaddrinfo failed)"))
[676/1196] AIG20240000459104 회차목록 실패: HTTPSConnectionPool(host='www.work24.go.kr', port=443): Max retries exceeded with url: /hr/a/a/3300/selectTgcrStdg.do (Caused by NameResolutionError("HTTPSConnection(host='www.work24.go.kr', port=443): Failed to resolve 'www.work24.go.kr' ([Errno 11001] getaddrinfo failed)"))
[677/1196] AIG20240000459105 회차목록 실패: HTTPSConnectionPool(host='www.work24.go.kr', port=443): Max retries exceeded with url: /hr/a/a/3300/selectTgcrStdg.do (Caused by NameResolutionError("HTTPSConnection(host='www.work24.go.kr', port=443): Failed to resolve 'www.work24.go.kr' ([Errno 11001] getaddrinfo failed)"))
[678/1196] AIG20240000459107 회차목록 실패: HTTPSConnectionPool(host='www.work24.go.kr', port=443): Max retries exceeded with url: /hr/a/a/3300/selectTgcrStdg.do (Caused by NameResolutionError("HTTPSConnection(host='www.work24.go.kr', port=443): Failed to resolve 'www.work24.go.kr' ([Errno 11001] getaddrinfo failed)"))
[679/1196] AIG20240000459108 회차목록 실패: HTTPSConnectionPool(host='www.work24.go.kr', port=443): Max retries exceeded with url: /hr/a/a/3300/selectTgcrStdg.do (Caused by NameResolutionError("HTTPSConnection(host='www.work24.go.kr', port=443): Failed to resolve 'www.work24.go.kr' ([Errno 11001] getaddrinfo failed)"))
[680/1196] AIG20240000459109 회차목록 실패: HTTPSConnectionPool(host='www.work24.go.kr', port=443): Max retries exceeded with url: /hr/a/a/3300/selectTgcrStdg.do (Caused by NameResolutionError("HTTPSConnection(host='www.work24.go.kr', port=443): Failed to resolve 'www.work24.go.kr' ([Errno 11001] getaddrinfo failed)"))
[681/1196] AIG20240000459111 회차목록 실패: HTTPSConnectionPool(host='www.work24.go.kr', port=443): Max retries exceeded with url: /hr/a/a/3300/selectTgcrStdg.do (Caused by NameResolutionError("HTTPSConnection(host='www.work24.go.kr', port=443): Failed to resolve 'www.work24.go.kr' ([Errno 11001] getaddrinfo failed)"))
[682/1196] AIG20240000459113 회차목록 실패: HTTPSConnectionPool(host='www.work24.go.kr', port=443): Max retries exceeded with url: /hr/a/a/3300/selectTgcrStdg.do (Caused by NameResolutionError("HTTPSConnection(host='www.work24.go.kr', port=443): Failed to resolve 'www.work24.go.kr' ([Errno 11001] getaddrinfo failed)"))
[683/1196] AIG20240000459114 회차목록 실패: HTTPSConnectionPool(host='www.work24.go.kr', port=443): Max retries exceeded with url: /hr/a/a/3300/selectTgcrStdg.do (Caused by NameResolutionError("HTTPSConnection(host='www.work24.go.kr', port=443): Failed to resolve 'www.work24.go.kr' ([Errno 11001] getaddrinfo failed)"))
[684/1196] AIG20240000459115 회차목록 실패: HTTPSConnectionPool(host='www.work24.go.kr', port=443): Max retries exceeded with url: /hr/a/a/3300/selectTgcrStdg.do (Caused by NameResolutionError("HTTPSConnection(host='www.work24.go.kr', port=443): Failed to resolve 'www.work24.go.kr' ([Errno 11001] getaddrinfo failed)"))
[685/1196] AIG20240000459116 회차목록 실패: HTTPSConnectionPool(host='www.work24.go.kr', port=443): Max retries exceeded with url: /hr/a/a/3300/selectTgcrStdg.do (Caused by NameResolutionError("HTTPSConnection(host='www.work24.go.kr', port=443): Failed to resolve 'www.work24.go.kr' ([Errno 11001] getaddrinfo failed)"))
[686/1196] AIG20240000459118 회차목록 실패: HTTPSConnectionPool(host='www.work24.go.kr', port=443): Max retries exceeded with url: /hr/a/a/3300/selectTgcrStdg.do (Caused by NameResolutionError("HTTPSConnection(host='www.work24.go.kr', port=443): Failed to resolve 'www.work24.go.kr' ([Errno 11001] getaddrinfo failed)"))
[687/1196] AIG20240000459119 회차목록 실패: HTTPSConnectionPool(host='www.work24.go.kr', port=443): Max retries exceeded with url: /hr/a/a/3300/selectTgcrStdg.do (Caused by NameResolutionError("HTTPSConnection(host='www.work24.go.kr', port=443): Failed to resolve 'www.work24.go.kr' ([Errno 11001] getaddrinfo failed)"))
[688/1196] AIG20240000459121 회차목록 실패: HTTPSConnectionPool(host='www.work24.go.kr', port=443): Max retries exceeded with url: /hr/a/a/3300/selectTgcrStdg.do (Caused by NameResolutionError("HTTPSConnection(host='www.work24.go.kr', port=443): Failed to resolve 'www.work24.go.kr' ([Errno 11001] getaddrinfo failed)"))
[689/1196] AIG20240000459122 회차목록 실패: HTTPSConnectionPool(host='www.work24.go.kr', port=443): Max retries exceeded with url: /hr/a/a/3300/selectTgcrStdg.do (Caused by NameResolutionError("HTTPSConnection(host='www.work24.go.kr', port=443): Failed to resolve 'www.work24.go.kr' ([Errno 11001] getaddrinfo failed)"))
[690/1196] AIG20240000459123 회차목록 실패: HTTPSConnectionPool(host='www.work24.go.kr', port=443): Max retries exceeded with url: /hr/a/a/3300/selectTgcrStdg.do (Caused by NameResolutionError("HTTPSConnection(host='www.work24.go.kr', port=443): Failed to resolve 'www.work24.go.kr' ([Errno 11001] getaddrinfo failed)"))
[691/1196] AIG20240000459124 회차목록 실패: HTTPSConnectionPool(host='www.work24.go.kr', port=443): Max retries exceeded with url: /hr/a/a/3300/selectTgcrStdg.do (Caused by NameResolutionError("HTTPSConnection(host='www.work24.go.kr', port=443): Failed to resolve 'www.work24.go.kr' ([Errno 11001] getaddrinfo failed)"))
[692/1196] AIG20240000459125 회차목록 실패: HTTPSConnectionPool(host='www.work24.go.kr', port=443): Max retries exceeded with url: /hr/a/a/3300/selectTgcrStdg.do (Caused by NameResolutionError("HTTPSConnection(host='www.work24.go.kr', port=443): Failed to resolve 'www.work24.go.kr' ([Errno 11001] getaddrinfo failed)"))
[693/1196] AIG20240000459129 회차목록 실패: HTTPSConnectionPool(host='www.work24.go.kr', port=443): Max retries exceeded with url: /hr/a/a/3300/selectTgcrStdg.do (Caused by NameResolutionError("HTTPSConnection(host='www.work24.go.kr', port=443): Failed to resolve 'www.work24.go.kr' ([Errno 11001] getaddrinfo failed)"))
[694/1196] AIG20240000459130 회차목록 실패: HTTPSConnectionPool(host='www.work24.go.kr', port=443): Max retries exceeded with url: /hr/a/a/3300/selectTgcrStdg.do (Caused by NameResolutionError("HTTPSConnection(host='www.work24.go.kr', port=443): Failed to resolve 'www.work24.go.kr' ([Errno 11001] getaddrinfo failed)"))
[695/1196] AIG20240000459132 회차목록 실패: HTTPSConnectionPool(host='www.work24.go.kr', port=443): Max retries exceeded with url: /hr/a/a/3300/selectTgcrStdg.do (Caused by NameResolutionError("HTTPSConnection(host='www.work24.go.kr', port=443): Failed to resolve 'www.work24.go.kr' ([Errno 11001] getaddrinfo failed)"))
[696/1196] AIG20240000459133 회차목록 실패: HTTPSConnectionPool(host='www.work24.go.kr', port=443): Max retries exceeded with url: /hr/a/a/3300/selectTgcrStdg.do (Caused by NameResolutionError("HTTPSConnection(host='www.work24.go.kr', port=443): Failed to resolve 'www.work24.go.kr' ([Errno 11001] getaddrinfo failed)"))
[697/1196] AIG20240000459138 회차목록 실패: HTTPSConnectionPool(host='www.work24.go.kr', port=443): Max retries exceeded with url: /hr/a/a/3300/selectTgcrStdg.do (Caused by NameResolutionError("HTTPSConnection(host='www.work24.go.kr', port=443): Failed to resolve 'www.work24.go.kr' ([Errno 11001] getaddrinfo failed)"))
[698/1196] AIG20240000459140 회차목록 실패: HTTPSConnectionPool(host='www.work24.go.kr', port=443): Max retries exceeded with url: /hr/a/a/3300/selectTgcrStdg.do (Caused by NameResolutionError("HTTPSConnection(host='www.work24.go.kr', port=443): Failed to resolve 'www.work24.go.kr' ([Errno 11001] getaddrinfo failed)"))
[699/1196] AIG20240000459141 회차목록 실패: HTTPSConnectionPool(host='www.work24.go.kr', port=443): Max retries exceeded with url: /hr/a/a/3300/selectTgcrStdg.do (Caused by NameResolutionError("HTTPSConnection(host='www.work24.go.kr', port=443): Failed to resolve 'www.work24.go.kr' ([Errno 11001] getaddrinfo failed)"))
[700/1196] AIG20240000459142 회차목록 실패: HTTPSConnectionPool(host='www.work24.go.kr', port=443): Max retries exceeded with url: /hr/a/a/3300/selectTgcrStdg.do (Caused by NameResolutionError("HTTPSConnection(host='www.work24.go.kr', port=443): Failed to resolve 'www.work24.go.kr' ([Errno 11001] getaddrinfo failed)"))
[701/1196] AIG20240000459143 회차목록 실패: HTTPSConnectionPool(host='www.work24.go.kr', port=443): Max retries exceeded with url: /hr/a/a/3300/selectTgcrStdg.do (Caused by NameResolutionError("HTTPSConnection(host='www.work24.go.kr', port=443): Failed to resolve 'www.work24.go.kr' ([Errno 11001] getaddrinfo failed)"))
[702/1196] AIG20240000459144 회차목록 실패: HTTPSConnectionPool(host='www.work24.go.kr', port=443): Max retries exceeded with url: /hr/a/a/3300/selectTgcrStdg.do (Caused by NameResolutionError("HTTPSConnection(host='www.work24.go.kr', port=443): Failed to resolve 'www.work24.go.kr' ([Errno 11001] getaddrinfo failed)"))
[703/1196] AIG20240000459151 회차목록 실패: HTTPSConnectionPool(host='www.work24.go.kr', port=443): Max retries exceeded with url: /hr/a/a/3300/selectTgcrStdg.do (Caused by NameResolutionError("HTTPSConnection(host='www.work24.go.kr', port=443): Failed to resolve 'www.work24.go.kr' ([Errno 11001] getaddrinfo failed)"))
[704/1196] AIG20240000459152 회차목록 실패: HTTPSConnectionPool(host='www.work24.go.kr', port=443): Max retries exceeded with url: /hr/a/a/3300/selectTgcrStdg.do (Caused by NameResolutionError("HTTPSConnection(host='www.work24.go.kr', port=443): Failed to resolve 'www.work24.go.kr' ([Errno 11001] getaddrinfo failed)"))
[705/1196] AIG20240000459153 회차목록 실패: HTTPSConnectionPool(host='www.work24.go.kr', port=443): Max retries exceeded with url: /hr/a/a/3300/selectTgcrStdg.do (Caused by NameResolutionError("HTTPSConnection(host='www.work24.go.kr', port=443): Failed to resolve 'www.work24.go.kr' ([Errno 11001] getaddrinfo failed)"))
[706/1196] AIG20240000459156 회차목록 실패: HTTPSConnectionPool(host='www.work24.go.kr', port=443): Max retries exceeded with url: /hr/a/a/3300/selectTgcrStdg.do (Caused by NameResolutionError("HTTPSConnection(host='www.work24.go.kr', port=443): Failed to resolve 'www.work24.go.kr' ([Errno 11001] getaddrinfo failed)"))
[707/1196] AIG20240000459157 회차목록 실패: HTTPSConnectionPool(host='www.work24.go.kr', port=443): Max retries exceeded with url: /hr/a/a/3300/selectTgcrStdg.do (Caused by NameResolutionError("HTTPSConnection(host='www.work24.go.kr', port=443): Failed to resolve 'www.work24.go.kr' ([Errno 11001] getaddrinfo failed)"))
[708/1196] AIG20240000459160 회차목록 실패: HTTPSConnectionPool(host='www.work24.go.kr', port=443): Max retries exceeded with url: /hr/a/a/3300/selectTgcrStdg.do (Caused by NameResolutionError("HTTPSConnection(host='www.work24.go.kr', port=443): Failed to resolve 'www.work24.go.kr' ([Errno 11001] getaddrinfo failed)"))
[709/1196] AIG20240000459163 회차목록 실패: HTTPSConnectionPool(host='www.work24.go.kr', port=443): Max retries exceeded with url: /hr/a/a/3300/selectTgcrStdg.do (Caused by NameResolutionError("HTTPSConnection(host='www.work24.go.kr', port=443): Failed to resolve 'www.work24.go.kr' ([Errno 11001] getaddrinfo failed)"))
[710/1196] AIG20240000459164 회차목록 실패: HTTPSConnectionPool(host='www.work24.go.kr', port=443): Max retries exceeded with url: /hr/a/a/3300/selectTgcrStdg.do (Caused by NameResolutionError("HTTPSConnection(host='www.work24.go.kr', port=443): Failed to resolve 'www.work24.go.kr' ([Errno 11001] getaddrinfo failed)"))
[711/1196] AIG20240000459166 회차목록 실패: HTTPSConnectionPool(host='www.work24.go.kr', port=443): Max retries exceeded with url: /hr/a/a/3300/selectTgcrStdg.do (Caused by NameResolutionError("HTTPSConnection(host='www.work24.go.kr', port=443): Failed to resolve 'www.work24.go.kr' ([Errno 11001] getaddrinfo failed)"))
[712/1196] AIG20240000459167 회차목록 실패: HTTPSConnectionPool(host='www.work24.go.kr', port=443): Max retries exceeded with url: /hr/a/a/3300/selectTgcrStdg.do (Caused by NameResolutionError("HTTPSConnection(host='www.work24.go.kr', port=443): Failed to resolve 'www.work24.go.kr' ([Errno 11001] getaddrinfo failed)"))
[713/1196] AIG20240000459168 회차목록 실패: HTTPSConnectionPool(host='www.work24.go.kr', port=443): Max retries exceeded with url: /hr/a/a/3300/selectTgcrStdg.do (Caused by NameResolutionError("HTTPSConnection(host='www.work24.go.kr', port=443): Failed to resolve 'www.work24.go.kr' ([Errno 11001] getaddrinfo failed)"))
[714/1196] AIG20240000459170 회차목록 실패: HTTPSConnectionPool(host='www.work24.go.kr', port=443): Max retries exceeded with url: /hr/a/a/3300/selectTgcrStdg.do (Caused by NameResolutionError("HTTPSConnection(host='www.work24.go.kr', port=443): Failed to resolve 'www.work24.go.kr' ([Errno 11001] getaddrinfo failed)"))
[715/1196] AIG20240000459173 회차목록 실패: HTTPSConnectionPool(host='www.work24.go.kr', port=443): Max retries exceeded with url: /hr/a/a/3300/selectTgcrStdg.do (Caused by NameResolutionError("HTTPSConnection(host='www.work24.go.kr', port=443): Failed to resolve 'www.work24.go.kr' ([Errno 11001] getaddrinfo failed)"))
[716/1196] AIG20240000459174 회차목록 실패: HTTPSConnectionPool(host='www.work24.go.kr', port=443): Max retries exceeded with url: /hr/a/a/3300/selectTgcrStdg.do (Caused by NameResolutionError("HTTPSConnection(host='www.work24.go.kr', port=443): Failed to resolve 'www.work24.go.kr' ([Errno 11001] getaddrinfo failed)"))
[717/1196] AIG20240000459179 회차목록 실패: HTTPSConnectionPool(host='www.work24.go.kr', port=443): Max retries exceeded with url: /hr/a/a/3300/selectTgcrStdg.do (Caused by NameResolutionError("HTTPSConnection(host='www.work24.go.kr', port=443): Failed to resolve 'www.work24.go.kr' ([Errno 11001] getaddrinfo failed)"))
[718/1196] AIG20240000459182 회차목록 실패: HTTPSConnectionPool(host='www.work24.go.kr', port=443): Max retries exceeded with url: /hr/a/a/3300/selectTgcrStdg.do (Caused by NameResolutionError("HTTPSConnection(host='www.work24.go.kr', port=443): Failed to resolve 'www.work24.go.kr' ([Errno 11001] getaddrinfo failed)"))
[719/1196] AIG20240000459183 회차목록 실패: HTTPSConnectionPool(host='www.work24.go.kr', port=443): Max retries exceeded with url: /hr/a/a/3300/selectTgcrStdg.do (Caused by NameResolutionError("HTTPSConnection(host='www.work24.go.kr', port=443): Failed to resolve 'www.work24.go.kr' ([Errno 11001] getaddrinfo failed)"))
[720/1196] AIG20240000459185 회차목록 실패: HTTPSConnectionPool(host='www.work24.go.kr', port=443): Max retries exceeded with url: /hr/a/a/3300/selectTgcrStdg.do (Caused by NameResolutionError("HTTPSConnection(host='www.work24.go.kr', port=443): Failed to resolve 'www.work24.go.kr' ([Errno 11001] getaddrinfo failed)"))
[721/1196] AIG20240000459186 회차목록 실패: HTTPSConnectionPool(host='www.work24.go.kr', port=443): Max retries exceeded with url: /hr/a/a/3300/selectTgcrStdg.do (Caused by NameResolutionError("HTTPSConnection(host='www.work24.go.kr', port=443): Failed to resolve 'www.work24.go.kr' ([Errno 11001] getaddrinfo failed)"))
[722/1196] AIG20240000459187 회차목록 실패: HTTPSConnectionPool(host='www.work24.go.kr', port=443): Max retries exceeded with url: /hr/a/a/3300/selectTgcrStdg.do (Caused by NameResolutionError("HTTPSConnection(host='www.work24.go.kr', port=443): Failed to resolve 'www.work24.go.kr' ([Errno 11001] getaddrinfo failed)"))
[723/1196] AIG20240000459189 회차목록 실패: HTTPSConnectionPool(host='www.work24.go.kr', port=443): Max retries exceeded with url: /hr/a/a/3300/selectTgcrStdg.do (Caused by NameResolutionError("HTTPSConnection(host='www.work24.go.kr', port=443): Failed to resolve 'www.work24.go.kr' ([Errno 11001] getaddrinfo failed)"))
[724/1196] AIG20240000459190 회차목록 실패: HTTPSConnectionPool(host='www.work24.go.kr', port=443): Max retries exceeded with url: /hr/a/a/3300/selectTgcrStdg.do (Caused by NameResolutionError("HTTPSConnection(host='www.work24.go.kr', port=443): Failed to resolve 'www.work24.go.kr' ([Errno 11001] getaddrinfo failed)"))
[725/1196] AIG20240000459191 회차목록 실패: HTTPSConnectionPool(host='www.work24.go.kr', port=443): Max retries exceeded with url: /hr/a/a/3300/selectTgcrStdg.do (Caused by NameResolutionError("HTTPSConnection(host='www.work24.go.kr', port=443): Failed to resolve 'www.work24.go.kr' ([Errno 11001] getaddrinfo failed)"))
[726/1196] AIG20240000459194 회차목록 실패: HTTPSConnectionPool(host='www.work24.go.kr', port=443): Max retries exceeded with url: /hr/a/a/3300/selectTgcrStdg.do (Caused by NameResolutionError("HTTPSConnection(host='www.work24.go.kr', port=443): Failed to resolve 'www.work24.go.kr' ([Errno 11001] getaddrinfo failed)"))
[727/1196] AIG20240000459195 회차목록 실패: HTTPSConnectionPool(host='www.work24.go.kr', port=443): Max retries exceeded with url: /hr/a/a/3300/selectTgcrStdg.do (Caused by NameResolutionError("HTTPSConnection(host='www.work24.go.kr', port=443): Failed to resolve 'www.work24.go.kr' ([Errno 11001] getaddrinfo failed)"))
[728/1196] AIG20240000459198 회차목록 실패: HTTPSConnectionPool(host='www.work24.go.kr', port=443): Max retries exceeded with url: /hr/a/a/3300/selectTgcrStdg.do (Caused by NameResolutionError("HTTPSConnection(host='www.work24.go.kr', port=443): Failed to resolve 'www.work24.go.kr' ([Errno 11001] getaddrinfo failed)"))
[729/1196] AIG20240000459201 회차목록 실패: HTTPSConnectionPool(host='www.work24.go.kr', port=443): Max retries exceeded with url: /hr/a/a/3300/selectTgcrStdg.do (Caused by NameResolutionError("HTTPSConnection(host='www.work24.go.kr', port=443): Failed to resolve 'www.work24.go.kr' ([Errno 11001] getaddrinfo failed)"))
[730/1196] AIG20240000459204 회차목록 실패: HTTPSConnectionPool(host='www.work24.go.kr', port=443): Max retries exceeded with url: /hr/a/a/3300/selectTgcrStdg.do (Caused by NameResolutionError("HTTPSConnection(host='www.work24.go.kr', port=443): Failed to resolve 'www.work24.go.kr' ([Errno 11001] getaddrinfo failed)"))
[731/1196] AIG20240000459207 회차목록 실패: HTTPSConnectionPool(host='www.work24.go.kr', port=443): Max retries exceeded with url: /hr/a/a/3300/selectTgcrStdg.do (Caused by NameResolutionError("HTTPSConnection(host='www.work24.go.kr', port=443): Failed to resolve 'www.work24.go.kr' ([Errno 11001] getaddrinfo failed)"))
[732/1196] AIG20240000459208 회차목록 실패: HTTPSConnectionPool(host='www.work24.go.kr', port=443): Max retries exceeded with url: /hr/a/a/3300/selectTgcrStdg.do (Caused by NameResolutionError("HTTPSConnection(host='www.work24.go.kr', port=443): Failed to resolve 'www.work24.go.kr' ([Errno 11001] getaddrinfo failed)"))
[733/1196] AIG20240000459209 회차목록 실패: HTTPSConnectionPool(host='www.work24.go.kr', port=443): Max retries exceeded with url: /hr/a/a/3300/selectTgcrStdg.do (Caused by NameResolutionError("HTTPSConnection(host='www.work24.go.kr', port=443): Failed to resolve 'www.work24.go.kr' ([Errno 11001] getaddrinfo failed)"))
[734/1196] AIG20240000459210 회차목록 실패: HTTPSConnectionPool(host='www.work24.go.kr', port=443): Max retries exceeded with url: /hr/a/a/3300/selectTgcrStdg.do (Caused by NameResolutionError("HTTPSConnection(host='www.work24.go.kr', port=443): Failed to resolve 'www.work24.go.kr' ([Errno 11001] getaddrinfo failed)"))
[735/1196] AIG20240000459211 회차목록 실패: HTTPSConnectionPool(host='www.work24.go.kr', port=443): Max retries exceeded with url: /hr/a/a/3300/selectTgcrStdg.do (Caused by NameResolutionError("HTTPSConnection(host='www.work24.go.kr', port=443): Failed to resolve 'www.work24.go.kr' ([Errno 11001] getaddrinfo failed)"))
[736/1196] AIG20240000459214 회차목록 실패: HTTPSConnectionPool(host='www.work24.go.kr', port=443): Max retries exceeded with url: /hr/a/a/3300/selectTgcrStdg.do (Caused by NameResolutionError("HTTPSConnection(host='www.work24.go.kr', port=443): Failed to resolve 'www.work24.go.kr' ([Errno 11001] getaddrinfo failed)"))
[737/1196] AIG20240000459217 회차목록 실패: HTTPSConnectionPool(host='www.work24.go.kr', port=443): Max retries exceeded with url: /hr/a/a/3300/selectTgcrStdg.do (Caused by NameResolutionError("HTTPSConnection(host='www.work24.go.kr', port=443): Failed to resolve 'www.work24.go.kr' ([Errno 11001] getaddrinfo failed)"))
[738/1196] AIG20240000459220 회차목록 실패: HTTPSConnectionPool(host='www.work24.go.kr', port=443): Max retries exceeded with url: /hr/a/a/3300/selectTgcrStdg.do (Caused by NameResolutionError("HTTPSConnection(host='www.work24.go.kr', port=443): Failed to resolve 'www.work24.go.kr' ([Errno 11001] getaddrinfo failed)"))
[739/1196] AIG20240000459225 회차목록 실패: HTTPSConnectionPool(host='www.work24.go.kr', port=443): Max retries exceeded with url: /hr/a/a/3300/selectTgcrStdg.do (Caused by NameResolutionError("HTTPSConnection(host='www.work24.go.kr', port=443): Failed to resolve 'www.work24.go.kr' ([Errno 11001] getaddrinfo failed)"))
[740/1196] AIG20240000459227 회차목록 실패: HTTPSConnectionPool(host='www.work24.go.kr', port=443): Max retries exceeded with url: /hr/a/a/3300/selectTgcrStdg.do (Caused by NameResolutionError("HTTPSConnection(host='www.work24.go.kr', port=443): Failed to resolve 'www.work24.go.kr' ([Errno 11001] getaddrinfo failed)"))
[741/1196] AIG20240000459228 회차목록 실패: HTTPSConnectionPool(host='www.work24.go.kr', port=443): Max retries exceeded with url: /hr/a/a/3300/selectTgcrStdg.do (Caused by NameResolutionError("HTTPSConnection(host='www.work24.go.kr', port=443): Failed to resolve 'www.work24.go.kr' ([Errno 11001] getaddrinfo failed)"))
[742/1196] AIG20240000459229 회차목록 실패: HTTPSConnectionPool(host='www.work24.go.kr', port=443): Max retries exceeded with url: /hr/a/a/3300/selectTgcrStdg.do (Caused by NameResolutionError("HTTPSConnection(host='www.work24.go.kr', port=443): Failed to resolve 'www.work24.go.kr' ([Errno 11001] getaddrinfo failed)"))
[743/1196] AIG20240000459232 회차목록 실패: HTTPSConnectionPool(host='www.work24.go.kr', port=443): Max retries exceeded with url: /hr/a/a/3300/selectTgcrStdg.do (Caused by NameResolutionError("HTTPSConnection(host='www.work24.go.kr', port=443): Failed to resolve 'www.work24.go.kr' ([Errno 11001] getaddrinfo failed)"))
[744/1196] AIG20240000459233 회차목록 실패: HTTPSConnectionPool(host='www.work24.go.kr', port=443): Max retries exceeded with url: /hr/a/a/3300/selectTgcrStdg.do (Caused by NameResolutionError("HTTPSConnection(host='www.work24.go.kr', port=443): Failed to resolve 'www.work24.go.kr' ([Errno 11001] getaddrinfo failed)"))
[745/1196] AIG20240000459234 회차목록 실패: HTTPSConnectionPool(host='www.work24.go.kr', port=443): Max retries exceeded with url: /hr/a/a/3300/selectTgcrStdg.do (Caused by NameResolutionError("HTTPSConnection(host='www.work24.go.kr', port=443): Failed to resolve 'www.work24.go.kr' ([Errno 11001] getaddrinfo failed)"))
[746/1196] AIG20240000459235 회차목록 실패: HTTPSConnectionPool(host='www.work24.go.kr', port=443): Max retries exceeded with url: /hr/a/a/3300/selectTgcrStdg.do (Caused by NameResolutionError("HTTPSConnection(host='www.work24.go.kr', port=443): Failed to resolve 'www.work24.go.kr' ([Errno 11001] getaddrinfo failed)"))
[747/1196] AIG20240000459236 회차목록 실패: HTTPSConnectionPool(host='www.work24.go.kr', port=443): Max retries exceeded with url: /hr/a/a/3300/selectTgcrStdg.do (Caused by NameResolutionError("HTTPSConnection(host='www.work24.go.kr', port=443): Failed to resolve 'www.work24.go.kr' ([Errno 11001] getaddrinfo failed)"))
[748/1196] AIG20240000459237 회차목록 실패: HTTPSConnectionPool(host='www.work24.go.kr', port=443): Max retries exceeded with url: /hr/a/a/3300/selectTgcrStdg.do (Caused by NameResolutionError("HTTPSConnection(host='www.work24.go.kr', port=443): Failed to resolve 'www.work24.go.kr' ([Errno 11001] getaddrinfo failed)"))
[749/1196] AIG20240000459241 회차목록 실패: HTTPSConnectionPool(host='www.work24.go.kr', port=443): Max retries exceeded with url: /hr/a/a/3300/selectTgcrStdg.do (Caused by NameResolutionError("HTTPSConnection(host='www.work24.go.kr', port=443): Failed to resolve 'www.work24.go.kr' ([Errno 11001] getaddrinfo failed)"))
[750/1196] AIG20240000459242 회차목록 실패: HTTPSConnectionPool(host='www.work24.go.kr', port=443): Max retries exceeded with url: /hr/a/a/3300/selectTgcrStdg.do (Caused by NameResolutionError("HTTPSConnection(host='www.work24.go.kr', port=443): Failed to resolve 'www.work24.go.kr' ([Errno 11001] getaddrinfo failed)"))
[751/1196] AIG20240000459245 회차목록 실패: HTTPSConnectionPool(host='www.work24.go.kr', port=443): Max retries exceeded with url: /hr/a/a/3300/selectTgcrStdg.do (Caused by NameResolutionError("HTTPSConnection(host='www.work24.go.kr', port=443): Failed to resolve 'www.work24.go.kr' ([Errno 11001] getaddrinfo failed)"))
[752/1196] AIG20240000459246 회차목록 실패: HTTPSConnectionPool(host='www.work24.go.kr', port=443): Max retries exceeded with url: /hr/a/a/3300/selectTgcrStdg.do (Caused by NameResolutionError("HTTPSConnection(host='www.work24.go.kr', port=443): Failed to resolve 'www.work24.go.kr' ([Errno 11001] getaddrinfo failed)"))
[753/1196] AIG20240000459249 회차목록 실패: HTTPSConnectionPool(host='www.work24.go.kr', port=443): Max retries exceeded with url: /hr/a/a/3300/selectTgcrStdg.do (Caused by NameResolutionError("HTTPSConnection(host='www.work24.go.kr', port=443): Failed to resolve 'www.work24.go.kr' ([Errno 11001] getaddrinfo failed)"))
[754/1196] AIG20240000459251 회차목록 실패: HTTPSConnectionPool(host='www.work24.go.kr', port=443): Max retries exceeded with url: /hr/a/a/3300/selectTgcrStdg.do (Caused by NameResolutionError("HTTPSConnection(host='www.work24.go.kr', port=443): Failed to resolve 'www.work24.go.kr' ([Errno 11001] getaddrinfo failed)"))
[755/1196] AIG20240000459253 회차목록 실패: HTTPSConnectionPool(host='www.work24.go.kr', port=443): Max retries exceeded with url: /hr/a/a/3300/selectTgcrStdg.do (Caused by NameResolutionError("HTTPSConnection(host='www.work24.go.kr', port=443): Failed to resolve 'www.work24.go.kr' ([Errno 11001] getaddrinfo failed)"))
[756/1196] AIG20240000459254 회차목록 실패: HTTPSConnectionPool(host='www.work24.go.kr', port=443): Max retries exceeded with url: /hr/a/a/3300/selectTgcrStdg.do (Caused by NameResolutionError("HTTPSConnection(host='www.work24.go.kr', port=443): Failed to resolve 'www.work24.go.kr' ([Errno 11001] getaddrinfo failed)"))
[757/1196] AIG20240000459258 회차목록 실패: HTTPSConnectionPool(host='www.work24.go.kr', port=443): Max retries exceeded with url: /hr/a/a/3300/selectTgcrStdg.do (Caused by NameResolutionError("HTTPSConnection(host='www.work24.go.kr', port=443): Failed to resolve 'www.work24.go.kr' ([Errno 11001] getaddrinfo failed)"))
[758/1196] AIG20240000459259 회차목록 실패: HTTPSConnectionPool(host='www.work24.go.kr', port=443): Max retries exceeded with url: /hr/a/a/3300/selectTgcrStdg.do (Caused by NameResolutionError("HTTPSConnection(host='www.work24.go.kr', port=443): Failed to resolve 'www.work24.go.kr' ([Errno 11001] getaddrinfo failed)"))
[759/1196] AIG20240000459261 회차목록 실패: HTTPSConnectionPool(host='www.work24.go.kr', port=443): Max retries exceeded with url: /hr/a/a/3300/selectTgcrStdg.do (Caused by NameResolutionError("HTTPSConnection(host='www.work24.go.kr', port=443): Failed to resolve 'www.work24.go.kr' ([Errno 11001] getaddrinfo failed)"))
[760/1196] AIG20240000459262 회차목록 실패: HTTPSConnectionPool(host='www.work24.go.kr', port=443): Max retries exceeded with url: /hr/a/a/3300/selectTgcrStdg.do (Caused by NameResolutionError("HTTPSConnection(host='www.work24.go.kr', port=443): Failed to resolve 'www.work24.go.kr' ([Errno 11001] getaddrinfo failed)"))
[761/1196] AIG20240000459263 회차목록 실패: HTTPSConnectionPool(host='www.work24.go.kr', port=443): Max retries exceeded with url: /hr/a/a/3300/selectTgcrStdg.do (Caused by NameResolutionError("HTTPSConnection(host='www.work24.go.kr', port=443): Failed to resolve 'www.work24.go.kr' ([Errno 11001] getaddrinfo failed)"))
[762/1196] AIG20240000459264 회차목록 실패: HTTPSConnectionPool(host='www.work24.go.kr', port=443): Max retries exceeded with url: /hr/a/a/3300/selectTgcrStdg.do (Caused by NameResolutionError("HTTPSConnection(host='www.work24.go.kr', port=443): Failed to resolve 'www.work24.go.kr' ([Errno 11001] getaddrinfo failed)"))
[763/1196] AIG20240000459267 회차목록 실패: HTTPSConnectionPool(host='www.work24.go.kr', port=443): Max retries exceeded with url: /hr/a/a/3300/selectTgcrStdg.do (Caused by NameResolutionError("HTTPSConnection(host='www.work24.go.kr', port=443): Failed to resolve 'www.work24.go.kr' ([Errno 11001] getaddrinfo failed)"))
[764/1196] AIG20240000459268 회차목록 실패: HTTPSConnectionPool(host='www.work24.go.kr', port=443): Max retries exceeded with url: /hr/a/a/3300/selectTgcrStdg.do (Caused by NameResolutionError("HTTPSConnection(host='www.work24.go.kr', port=443): Failed to resolve 'www.work24.go.kr' ([Errno 11001] getaddrinfo failed)"))
[765/1196] AIG20240000459269 회차목록 실패: HTTPSConnectionPool(host='www.work24.go.kr', port=443): Max retries exceeded with url: /hr/a/a/3300/selectTgcrStdg.do (Caused by NameResolutionError("HTTPSConnection(host='www.work24.go.kr', port=443): Failed to resolve 'www.work24.go.kr' ([Errno 11001] getaddrinfo failed)"))
[766/1196] AIG20240000459270 회차목록 실패: HTTPSConnectionPool(host='www.work24.go.kr', port=443): Max retries exceeded with url: /hr/a/a/3300/selectTgcrStdg.do (Caused by NameResolutionError("HTTPSConnection(host='www.work24.go.kr', port=443): Failed to resolve 'www.work24.go.kr' ([Errno 11001] getaddrinfo failed)"))
[767/1196] AIG20240000459271 회차목록 실패: HTTPSConnectionPool(host='www.work24.go.kr', port=443): Max retries exceeded with url: /hr/a/a/3300/selectTgcrStdg.do (Caused by NameResolutionError("HTTPSConnection(host='www.work24.go.kr', port=443): Failed to resolve 'www.work24.go.kr' ([Errno 11001] getaddrinfo failed)"))
[768/1196] AIG20240000459272 회차목록 실패: HTTPSConnectionPool(host='www.work24.go.kr', port=443): Max retries exceeded with url: /hr/a/a/3300/selectTgcrStdg.do (Caused by NameResolutionError("HTTPSConnection(host='www.work24.go.kr', port=443): Failed to resolve 'www.work24.go.kr' ([Errno 11001] getaddrinfo failed)"))
[769/1196] AIG20240000459278 회차목록 실패: HTTPSConnectionPool(host='www.work24.go.kr', port=443): Max retries exceeded with url: /hr/a/a/3300/selectTgcrStdg.do (Caused by NameResolutionError("HTTPSConnection(host='www.work24.go.kr', port=443): Failed to resolve 'www.work24.go.kr' ([Errno 11001] getaddrinfo failed)"))
[770/1196] AIG20240000459279 회차목록 실패: HTTPSConnectionPool(host='www.work24.go.kr', port=443): Max retries exceeded with url: /hr/a/a/3300/selectTgcrStdg.do (Caused by NameResolutionError("HTTPSConnection(host='www.work24.go.kr', port=443): Failed to resolve 'www.work24.go.kr' ([Errno 11001] getaddrinfo failed)"))
[771/1196] AIG20240000459283 회차목록 실패: HTTPSConnectionPool(host='www.work24.go.kr', port=443): Max retries exceeded with url: /hr/a/a/3300/selectTgcrStdg.do (Caused by NameResolutionError("HTTPSConnection(host='www.work24.go.kr', port=443): Failed to resolve 'www.work24.go.kr' ([Errno 11001] getaddrinfo failed)"))
[772/1196] AIG20240000459285 회차목록 실패: HTTPSConnectionPool(host='www.work24.go.kr', port=443): Max retries exceeded with url: /hr/a/a/3300/selectTgcrStdg.do (Caused by NameResolutionError("HTTPSConnection(host='www.work24.go.kr', port=443): Failed to resolve 'www.work24.go.kr' ([Errno 11001] getaddrinfo failed)"))
[773/1196] AIG20240000459286 회차목록 실패: HTTPSConnectionPool(host='www.work24.go.kr', port=443): Max retries exceeded with url: /hr/a/a/3300/selectTgcrStdg.do (Caused by NameResolutionError("HTTPSConnection(host='www.work24.go.kr', port=443): Failed to resolve 'www.work24.go.kr' ([Errno 11001] getaddrinfo failed)"))
[774/1196] AIG20240000459287 회차목록 실패: HTTPSConnectionPool(host='www.work24.go.kr', port=443): Max retries exceeded with url: /hr/a/a/3300/selectTgcrStdg.do (Caused by NameResolutionError("HTTPSConnection(host='www.work24.go.kr', port=443): Failed to resolve 'www.work24.go.kr' ([Errno 11001] getaddrinfo failed)"))
[775/1196] AIG20240000459288 회차목록 실패: HTTPSConnectionPool(host='www.work24.go.kr', port=443): Max retries exceeded with url: /hr/a/a/3300/selectTgcrStdg.do (Caused by NameResolutionError("HTTPSConnection(host='www.work24.go.kr', port=443): Failed to resolve 'www.work24.go.kr' ([Errno 11001] getaddrinfo failed)"))
[776/1196] AIG20240000459290 회차목록 실패: HTTPSConnectionPool(host='www.work24.go.kr', port=443): Max retries exceeded with url: /hr/a/a/3300/selectTgcrStdg.do (Caused by NameResolutionError("HTTPSConnection(host='www.work24.go.kr', port=443): Failed to resolve 'www.work24.go.kr' ([Errno 11001] getaddrinfo failed)"))
[777/1196] AIG20240000459291 회차목록 실패: HTTPSConnectionPool(host='www.work24.go.kr', port=443): Max retries exceeded with url: /hr/a/a/3300/selectTgcrStdg.do (Caused by NameResolutionError("HTTPSConnection(host='www.work24.go.kr', port=443): Failed to resolve 'www.work24.go.kr' ([Errno 11001] getaddrinfo failed)"))
[778/1196] AIG20240000459292 회차목록 실패: HTTPSConnectionPool(host='www.work24.go.kr', port=443): Max retries exceeded with url: /hr/a/a/3300/selectTgcrStdg.do (Caused by NameResolutionError("HTTPSConnection(host='www.work24.go.kr', port=443): Failed to resolve 'www.work24.go.kr' ([Errno 11001] getaddrinfo failed)"))
[779/1196] AIG20240000459293 회차목록 실패: HTTPSConnectionPool(host='www.work24.go.kr', port=443): Max retries exceeded with url: /hr/a/a/3300/selectTgcrStdg.do (Caused by NameResolutionError("HTTPSConnection(host='www.work24.go.kr', port=443): Failed to resolve 'www.work24.go.kr' ([Errno 11001] getaddrinfo failed)"))
[780/1196] AIG20240000459296 회차목록 실패: HTTPSConnectionPool(host='www.work24.go.kr', port=443): Max retries exceeded with url: /hr/a/a/3300/selectTgcrStdg.do (Caused by NameResolutionError("HTTPSConnection(host='www.work24.go.kr', port=443): Failed to resolve 'www.work24.go.kr' ([Errno 11001] getaddrinfo failed)"))
[781/1196] AIG20240000459298 회차목록 실패: HTTPSConnectionPool(host='www.work24.go.kr', port=443): Max retries exceeded with url: /hr/a/a/3300/selectTgcrStdg.do (Caused by NameResolutionError("HTTPSConnection(host='www.work24.go.kr', port=443): Failed to resolve 'www.work24.go.kr' ([Errno 11001] getaddrinfo failed)"))
[782/1196] AIG20240000459301 회차목록 실패: HTTPSConnectionPool(host='www.work24.go.kr', port=443): Max retries exceeded with url: /hr/a/a/3300/selectTgcrStdg.do (Caused by NameResolutionError("HTTPSConnection(host='www.work24.go.kr', port=443): Failed to resolve 'www.work24.go.kr' ([Errno 11001] getaddrinfo failed)"))
[783/1196] AIG20240000459302 회차목록 실패: HTTPSConnectionPool(host='www.work24.go.kr', port=443): Max retries exceeded with url: /hr/a/a/3300/selectTgcrStdg.do (Caused by NameResolutionError("HTTPSConnection(host='www.work24.go.kr', port=443): Failed to resolve 'www.work24.go.kr' ([Errno 11001] getaddrinfo failed)"))
[784/1196] AIG20240000459303 회차목록 실패: HTTPSConnectionPool(host='www.work24.go.kr', port=443): Max retries exceeded with url: /hr/a/a/3300/selectTgcrStdg.do (Caused by NameResolutionError("HTTPSConnection(host='www.work24.go.kr', port=443): Failed to resolve 'www.work24.go.kr' ([Errno 11001] getaddrinfo failed)"))
[785/1196] AIG20240000459304 회차목록 실패: HTTPSConnectionPool(host='www.work24.go.kr', port=443): Max retries exceeded with url: /hr/a/a/3300/selectTgcrStdg.do (Caused by NameResolutionError("HTTPSConnection(host='www.work24.go.kr', port=443): Failed to resolve 'www.work24.go.kr' ([Errno 11001] getaddrinfo failed)"))
[786/1196] AIG20240000459306 회차목록 실패: HTTPSConnectionPool(host='www.work24.go.kr', port=443): Max retries exceeded with url: /hr/a/a/3300/selectTgcrStdg.do (Caused by NameResolutionError("HTTPSConnection(host='www.work24.go.kr', port=443): Failed to resolve 'www.work24.go.kr' ([Errno 11001] getaddrinfo failed)"))
[787/1196] AIG20240000459307 회차목록 실패: HTTPSConnectionPool(host='www.work24.go.kr', port=443): Max retries exceeded with url: /hr/a/a/3300/selectTgcrStdg.do (Caused by NameResolutionError("HTTPSConnection(host='www.work24.go.kr', port=443): Failed to resolve 'www.work24.go.kr' ([Errno 11001] getaddrinfo failed)"))
[788/1196] AIG20240000459308 회차목록 실패: HTTPSConnectionPool(host='www.work24.go.kr', port=443): Max retries exceeded with url: /hr/a/a/3300/selectTgcrStdg.do (Caused by NameResolutionError("HTTPSConnection(host='www.work24.go.kr', port=443): Failed to resolve 'www.work24.go.kr' ([Errno 11001] getaddrinfo failed)"))
[789/1196] AIG20240000459310 회차목록 실패: HTTPSConnectionPool(host='www.work24.go.kr', port=443): Max retries exceeded with url: /hr/a/a/3300/selectTgcrStdg.do (Caused by NameResolutionError("HTTPSConnection(host='www.work24.go.kr', port=443): Failed to resolve 'www.work24.go.kr' ([Errno 11001] getaddrinfo failed)"))
[790/1196] AIG20240000459311 회차목록 실패: HTTPSConnectionPool(host='www.work24.go.kr', port=443): Max retries exceeded with url: /hr/a/a/3300/selectTgcrStdg.do (Caused by NameResolutionError("HTTPSConnection(host='www.work24.go.kr', port=443): Failed to resolve 'www.work24.go.kr' ([Errno 11001] getaddrinfo failed)"))
[791/1196] AIG20240000459312 회차목록 실패: HTTPSConnectionPool(host='www.work24.go.kr', port=443): Max retries exceeded with url: /hr/a/a/3300/selectTgcrStdg.do (Caused by NameResolutionError("HTTPSConnection(host='www.work24.go.kr', port=443): Failed to resolve 'www.work24.go.kr' ([Errno 11001] getaddrinfo failed)"))
[792/1196] AIG20240000459313 회차목록 실패: HTTPSConnectionPool(host='www.work24.go.kr', port=443): Max retries exceeded with url: /hr/a/a/3300/selectTgcrStdg.do (Caused by NameResolutionError("HTTPSConnection(host='www.work24.go.kr', port=443): Failed to resolve 'www.work24.go.kr' ([Errno 11001] getaddrinfo failed)"))
[793/1196] AIG20240000459315 회차목록 실패: HTTPSConnectionPool(host='www.work24.go.kr', port=443): Max retries exceeded with url: /hr/a/a/3300/selectTgcrStdg.do (Caused by NameResolutionError("HTTPSConnection(host='www.work24.go.kr', port=443): Failed to resolve 'www.work24.go.kr' ([Errno 11001] getaddrinfo failed)"))
[794/1196] AIG20240000459316 회차목록 실패: HTTPSConnectionPool(host='www.work24.go.kr', port=443): Max retries exceeded with url: /hr/a/a/3300/selectTgcrStdg.do (Caused by NameResolutionError("HTTPSConnection(host='www.work24.go.kr', port=443): Failed to resolve 'www.work24.go.kr' ([Errno 11001] getaddrinfo failed)"))
[795/1196] AIG20240000459317 회차목록 실패: HTTPSConnectionPool(host='www.work24.go.kr', port=443): Max retries exceeded with url: /hr/a/a/3300/selectTgcrStdg.do (Caused by NameResolutionError("HTTPSConnection(host='www.work24.go.kr', port=443): Failed to resolve 'www.work24.go.kr' ([Errno 11001] getaddrinfo failed)"))
[796/1196] AIG20240000459319 회차목록 실패: HTTPSConnectionPool(host='www.work24.go.kr', port=443): Max retries exceeded with url: /hr/a/a/3300/selectTgcrStdg.do (Caused by NameResolutionError("HTTPSConnection(host='www.work24.go.kr', port=443): Failed to resolve 'www.work24.go.kr' ([Errno 11001] getaddrinfo failed)"))
[797/1196] AIG20240000459320 회차목록 실패: HTTPSConnectionPool(host='www.work24.go.kr', port=443): Max retries exceeded with url: /hr/a/a/3300/selectTgcrStdg.do (Caused by NameResolutionError("HTTPSConnection(host='www.work24.go.kr', port=443): Failed to resolve 'www.work24.go.kr' ([Errno 11001] getaddrinfo failed)"))
[798/1196] AIG20240000459322 회차목록 실패: HTTPSConnectionPool(host='www.work24.go.kr', port=443): Max retries exceeded with url: /hr/a/a/3300/selectTgcrStdg.do (Caused by NameResolutionError("HTTPSConnection(host='www.work24.go.kr', port=443): Failed to resolve 'www.work24.go.kr' ([Errno 11001] getaddrinfo failed)"))
[799/1196] AIG20240000459323 회차목록 실패: HTTPSConnectionPool(host='www.work24.go.kr', port=443): Max retries exceeded with url: /hr/a/a/3300/selectTgcrStdg.do (Caused by NameResolutionError("HTTPSConnection(host='www.work24.go.kr', port=443): Failed to resolve 'www.work24.go.kr' ([Errno 11001] getaddrinfo failed)"))
[800/1196] AIG20240000459325 회차목록 실패: HTTPSConnectionPool(host='www.work24.go.kr', port=443): Max retries exceeded with url: /hr/a/a/3300/selectTgcrStdg.do (Caused by NameResolutionError("HTTPSConnection(host='www.work24.go.kr', port=443): Failed to resolve 'www.work24.go.kr' ([Errno 11001] getaddrinfo failed)"))
[801/1196] AIG20240000459326 회차목록 실패: HTTPSConnectionPool(host='www.work24.go.kr', port=443): Max retries exceeded with url: /hr/a/a/3300/selectTgcrStdg.do (Caused by NameResolutionError("HTTPSConnection(host='www.work24.go.kr', port=443): Failed to resolve 'www.work24.go.kr' ([Errno 11001] getaddrinfo failed)"))
[802/1196] AIG20240000459328 회차목록 실패: HTTPSConnectionPool(host='www.work24.go.kr', port=443): Max retries exceeded with url: /hr/a/a/3300/selectTgcrStdg.do (Caused by NameResolutionError("HTTPSConnection(host='www.work24.go.kr', port=443): Failed to resolve 'www.work24.go.kr' ([Errno 11001] getaddrinfo failed)"))
[803/1196] AIG20240000459329 회차목록 실패: HTTPSConnectionPool(host='www.work24.go.kr', port=443): Max retries exceeded with url: /hr/a/a/3300/selectTgcrStdg.do (Caused by NameResolutionError("HTTPSConnection(host='www.work24.go.kr', port=443): Failed to resolve 'www.work24.go.kr' ([Errno 11001] getaddrinfo failed)"))
[804/1196] AIG20240000459331 회차목록 실패: HTTPSConnectionPool(host='www.work24.go.kr', port=443): Max retries exceeded with url: /hr/a/a/3300/selectTgcrStdg.do (Caused by NameResolutionError("HTTPSConnection(host='www.work24.go.kr', port=443): Failed to resolve 'www.work24.go.kr' ([Errno 11001] getaddrinfo failed)"))
[805/1196] AIG20240000459333 회차목록 실패: HTTPSConnectionPool(host='www.work24.go.kr', port=443): Max retries exceeded with url: /hr/a/a/3300/selectTgcrStdg.do (Caused by NameResolutionError("HTTPSConnection(host='www.work24.go.kr', port=443): Failed to resolve 'www.work24.go.kr' ([Errno 11001] getaddrinfo failed)"))
[806/1196] AIG20240000459335  유효회차 15개  누적 3099행
[807/1196] AIG20240000459336  유효회차 3개  누적 3102행
[808/1196] AIG20240000459339  유효회차 6개  누적 3108행
[809/1196] AIG20240000459345  유효회차 1개  누적 3109행
[810/1196] AIG20240000459347  유효회차 2개  누적 3111행
[811/1196] AIG20240000459351  유효회차 5개  누적 3116행
[812/1196] AIG20240000459352  유효회차 6개  누적 3122행
[813/1196] AIG20240000459356  유효회차 6개  누적 3128행
[814/1196] AIG20240000459357  유효회차 8개  누적 3136행
[815/1196] AIG20240000459358  유효회차 7개  누적 3143행
[816/1196] AIG20240000459359  유효회차 2개  누적 3145행
[817/1196] AIG20240000459360  유효회차 8개  누적 3153행
[818/1196] AIG20240000459363  유효회차 1개  누적 3154행
[819/1196] AIG20240000459365  유효회차 1개  누적 3155행
[820/1196] AIG20240000459366  유효회차 7개  누적 3162행
[821/1196] AIG20240000459368  유효회차 9개  누적 3171행
[822/1196] AIG20240000459369  유효회차 1개  누적 3172행
[823/1196] AIG20240000459370  유효회차 4개  누적 3176행
[824/1196] AIG20240000459371  유효회차 2개  누적 3178행
[825/1196] AIG20240000459374  유효회차 9개  누적 3187행
[826/1196] AIG20240000459381  유효회차 4개  누적 3191행
[827/1196] AIG20240000459386  유효회차 3개  누적 3194행
[828/1196] AIG20240000459389  유효회차 15개  누적 3209행
[829/1196] AIG20240000459390  유효회차 11개  누적 3220행
[830/1196] AIG20240000459391  유효회차 7개  누적 3227행
[831/1196] AIG20240000459392  유효회차 2개  누적 3229행
[832/1196] AIG20240000459393  유효회차 1개  누적 3230행
[833/1196] AIG20240000459397  유효회차 8개  누적 3238행
[834/1196] AIG20240000459399  유효회차 1개  누적 3239행
[835/1196] AIG20240000459400  유효회차 0개  누적 3239행
[836/1196] AIG20240000459402  유효회차 6개  누적 3245행
[837/1196] AIG20240000459403  유효회차 1개  누적 3246행
[838/1196] AIG20240000459404  유효회차 1개  누적 3247행
[839/1196] AIG20240000459406  유효회차 5개  누적 3252행
[840/1196] AIG20240000459408  유효회차 10개  누적 3262행
[841/1196] AIG20240000459409  유효회차 2개  누적 3264행
[842/1196] AIG20240000459410  유효회차 1개  누적 3265행
[843/1196] AIG20240000459411  유효회차 2개  누적 3267행
[844/1196] AIG20240000459412  유효회차 9개  누적 3276행
[845/1196] AIG20240000459414  유효회차 5개  누적 3281행
[846/1196] AIG20240000459415  유효회차 6개  누적 3287행
[847/1196] AIG20240000459422  유효회차 49개  누적 3336행
[848/1196] AIG20240000459423  유효회차 3개  누적 3339행
[849/1196] AIG20240000459426  유효회차 5개  누적 3344행
[850/1196] AIG20240000459427  유효회차 4개  누적 3348행
[851/1196] AIG20240000459432  유효회차 3개  누적 3351행
[852/1196] AIG20240000459434  유효회차 21개  누적 3372행
[853/1196] AIG20240000459441  유효회차 4개  누적 3376행
[854/1196] AIG20240000498058  유효회차 9개  누적 3385행
[855/1196] AIG20240000498064  유효회차 1개  누적 3386행
[856/1196] AIG20240000498065  유효회차 3개  누적 3389행
[857/1196] AIG20240000498066  유효회차 8개  누적 3397행
[858/1196] AIG20240000498068  유효회차 2개  누적 3399행
[859/1196] AIG20240000498069  유효회차 4개  누적 3403행
[860/1196] AIG20240000498071  유효회차 1개  누적 3404행
[861/1196] AIG20240000498072  유효회차 11개  누적 3415행
[862/1196] AIG20240000498073  유효회차 3개  누적 3418행
[863/1196] AIG20240000498076  유효회차 6개  누적 3424행
[864/1196] AIG20240000498079  유효회차 4개  누적 3428행
[865/1196] AIG20240000498081  유효회차 6개  누적 3434행
[866/1196] AIG20240000498084  유효회차 6개  누적 3440행
[867/1196] AIG20240000498088  유효회차 4개  누적 3444행
[868/1196] AIG20240000498089  유효회차 4개  누적 3448행
[869/1196] AIG20240000498090  유효회차 6개  누적 3454행
[870/1196] AIG20240000498095  유효회차 4개  누적 3458행
[871/1196] AIG20240000498097  유효회차 1개  누적 3459행
[872/1196] AIG20240000498099  유효회차 1개  누적 3460행
[873/1196] AIG20240000498100  유효회차 5개  누적 3465행
[874/1196] AIG20240000498101  유효회차 5개  누적 3470행
[875/1196] AIG20240000498102  유효회차 2개  누적 3472행
[876/1196] AIG20240000498103  유효회차 2개  누적 3474행
[877/1196] AIG20240000498104  유효회차 3개  누적 3477행
[878/1196] AIG20240000498106  유효회차 6개  누적 3483행
[879/1196] AIG20240000498107  유효회차 2개  누적 3485행
[880/1196] AIG20240000498108  유효회차 13개  누적 3498행
[881/1196] AIG20240000498115  유효회차 10개  누적 3508행
[882/1196] AIG20240000498119  유효회차 3개  누적 3511행
[883/1196] AIG20240000498122  유효회차 0개  누적 3511행
[884/1196] AIG20240000498123  유효회차 8개  누적 3519행
[885/1196] AIG20240000498126  유효회차 6개  누적 3525행
[886/1196] AIG20240000498127  유효회차 3개  누적 3528행
[887/1196] AIG20240000498128  유효회차 5개  누적 3533행
[888/1196] AIG20240000498130  유효회차 7개  누적 3540행
[889/1196] AIG20240000498141  유효회차 3개  누적 3543행
[890/1196] AIG20240000498142  유효회차 11개  누적 3554행
[891/1196] AIG20240000498146  유효회차 1개  누적 3555행
[892/1196] AIG20240000498148  유효회차 2개  누적 3557행
[893/1196] AIG20240000498149  유효회차 3개  누적 3560행
[894/1196] AIG20240000498151  유효회차 5개  누적 3565행
[895/1196] AIG20240000498156  유효회차 6개  누적 3571행
[896/1196] AIG20240000498158  유효회차 7개  누적 3578행
[897/1196] AIG20240000498159  유효회차 5개  누적 3583행
[898/1196] AIG20240000498160  유효회차 4개  누적 3587행
[899/1196] AIG20240000498167  유효회차 1개  누적 3588행
[900/1196] AIG20240000498172  유효회차 6개  누적 3594행
[901/1196] AIG20240000498178  유효회차 4개  누적 3598행
[902/1196] AIG20240000498180  유효회차 2개  누적 3600행
[903/1196] AIG20240000498182  유효회차 5개  누적 3605행
[904/1196] AIG20240000498183  유효회차 4개  누적 3609행
[905/1196] AIG20240000498184  유효회차 7개  누적 3616행
[906/1196] AIG20240000498185  유효회차 6개  누적 3622행
[907/1196] AIG20240000498190  유효회차 1개  누적 3623행
[908/1196] AIG20240000498192  유효회차 1개  누적 3624행
[909/1196] AIG20240000498198  유효회차 3개  누적 3627행
[910/1196] AIG20240000498204  유효회차 5개  누적 3632행
[911/1196] AIG20240000498205  유효회차 5개  누적 3637행
[912/1196] AIG20240000498209  유효회차 5개  누적 3642행
[913/1196] AIG20240000498211  유효회차 3개  누적 3645행
[914/1196] AIG20240000498213  유효회차 4개  누적 3649행
[915/1196] AIG20240000498223  유효회차 7개  누적 3656행
[916/1196] AIG20240000498225  유효회차 9개  누적 3665행
[917/1196] AIG20240000498226  유효회차 1개  누적 3666행
[918/1196] AIG20240000498227  유효회차 1개  누적 3667행
[919/1196] AIG20240000498232  유효회차 2개  누적 3669행
[920/1196] AIG20240000498236  유효회차 0개  누적 3669행
[921/1196] AIG20240000498244  유효회차 6개  누적 3675행
[922/1196] AIG20240000498245  유효회차 3개  누적 3678행
[923/1196] AIG20240000498248  유효회차 12개  누적 3690행
[924/1196] AIG20240000498253  유효회차 7개  누적 3697행
[925/1196] AIG20240000498257  유효회차 1개  누적 3698행
[926/1196] AIG20240000498258  유효회차 6개  누적 3704행
[927/1196] AIG20240000498259  유효회차 3개  누적 3707행
[928/1196] AIG20240000498260  유효회차 14개  누적 3721행
[929/1196] AIG20240000498261  유효회차 4개  누적 3725행
[930/1196] AIG20240000498262  유효회차 3개  누적 3728행
[931/1196] AIG20240000498265  유효회차 5개  누적 3733행
[932/1196] AIG20240000498267  유효회차 8개  누적 3741행
[933/1196] AIG20240000498268  유효회차 2개  누적 3743행
[934/1196] AIG20240000498272  유효회차 1개  누적 3744행
[935/1196] AIG20240000498276  유효회차 3개  누적 3747행
[936/1196] AIG20240000498278  유효회차 7개  누적 3754행
[937/1196] AIG20240000498279  유효회차 5개  누적 3759행
[938/1196] AIG20240000498281  유효회차 0개  누적 3759행
[939/1196] AIG20240000498282  유효회차 1개  누적 3760행
[940/1196] AIG20240000498287  유효회차 5개  누적 3765행
[941/1196] AIG20240000498288  유효회차 6개  누적 3771행
[942/1196] AIG20240000498289  유효회차 2개  누적 3773행
[943/1196] AIG20240000498290  유효회차 1개  누적 3774행
[944/1196] AIG20240000498292  유효회차 1개  누적 3775행
[945/1196] AIG20240000498293  유효회차 1개  누적 3776행
[946/1196] AIG20240000498295  유효회차 3개  누적 3779행
[947/1196] AIG20240000498302  유효회차 3개  누적 3782행
[948/1196] AIG20240000498303  유효회차 5개  누적 3787행
[949/1196] AIG20240000498305  유효회차 1개  누적 3788행
[950/1196] AIG20240000498314  유효회차 9개  누적 3797행
[951/1196] AIG20240000498323  유효회차 1개  누적 3798행
[952/1196] AIG20240000498328  유효회차 1개  누적 3799행
[953/1196] AIG20240000498331  유효회차 3개  누적 3802행
[954/1196] AIG20240000498335  유효회차 4개  누적 3806행
[955/1196] AIG20240000498336  유효회차 1개  누적 3807행
[956/1196] AIG20240000498338  유효회차 5개  누적 3812행
[957/1196] AIG20240000498339  유효회차 2개  누적 3814행
[958/1196] AIG20240000498340  유효회차 3개  누적 3817행
[959/1196] AIG20240000498342  유효회차 10개  누적 3827행
[960/1196] AIG20240000498343  유효회차 3개  누적 3830행
[961/1196] AIG20240000498350  유효회차 4개  누적 3834행
[962/1196] AIG20240000498353  유효회차 6개  누적 3840행
[963/1196] AIG20240000498362  유효회차 3개  누적 3843행
[964/1196] AIG20240000498363  유효회차 6개  누적 3849행
[965/1196] AIG20240000498366  유효회차 9개  누적 3858행
[966/1196] AIG20240000498368  유효회차 3개  누적 3861행
[967/1196] AIG20240000498374  유효회차 6개  누적 3867행
[968/1196] AIG20240000498380  유효회차 2개  누적 3869행
[969/1196] AIG20240000498382  유효회차 1개  누적 3870행
[970/1196] AIG20240000498384  유효회차 5개  누적 3875행
[971/1196] AIG20240000498389  유효회차 7개  누적 3882행
[972/1196] AIG20240000498395  유효회차 5개  누적 3887행
[973/1196] AIG20240000498396  유효회차 2개  누적 3889행
[974/1196] AIG20240000498402  유효회차 4개  누적 3893행
[975/1196] AIG20240000498405  유효회차 1개  누적 3894행
[976/1196] AIG20240000501182  유효회차 2개  누적 3896행
[977/1196] AIG20240000501186  유효회차 3개  누적 3899행
[978/1196] AIG20240000501189  유효회차 41개  누적 3940행
[979/1196] AIG20240000501190  유효회차 41개  누적 3981행
[980/1196] AIG20240000501191  유효회차 15개  누적 3996행
[981/1196] AIG20240000501192  유효회차 12개  누적 4008행
[982/1196] AIG20240000501193  유효회차 7개  누적 4015행
[983/1196] AIG20240000501194  유효회차 3개  누적 4018행
[984/1196] AIG20240000501195  유효회차 4개  누적 4022행
[985/1196] AIG20240000501196  유효회차 2개  누적 4024행
[986/1196] AIG20240000501197  유효회차 5개  누적 4029행
[987/1196] AIG20240000501198  유효회차 6개  누적 4035행
[988/1196] AIG20240000501200  유효회차 10개  누적 4045행
[989/1196] AIG20240000501204  유효회차 3개  누적 4048행
[990/1196] AIG20240000501208  유효회차 2개  누적 4050행
[991/1196] AIG20240000501209  유효회차 3개  누적 4053행
[992/1196] AIG20240000501210  유효회차 2개  누적 4055행
[993/1196] AIG20240000501213  유효회차 4개  누적 4059행
[994/1196] AIG20240000501214  유효회차 3개  누적 4062행
[995/1196] AIG20240000501217  유효회차 1개  누적 4063행
[996/1196] AIG20240000501219  유효회차 5개  누적 4068행
[997/1196] AIG20240000501221  유효회차 1개  누적 4069행
[998/1196] AIG20240000501222  유효회차 2개  누적 4071행
[999/1196] AIG20240000501224  유효회차 3개  누적 4074행
[1000/1196] AIG20240000501225  유효회차 2개  누적 4076행
[1001/1196] AIG20240000501226  유효회차 2개  누적 4078행
[1002/1196] AIG20240000501227  유효회차 3개  누적 4081행
[1003/1196] AIG20240000501230  유효회차 4개  누적 4085행
[1004/1196] AIG20240000501233  유효회차 2개  누적 4087행
[1005/1196] AIG20240000501236  유효회차 5개  누적 4092행
[1006/1196] AIG20240000501238  유효회차 6개  누적 4098행
[1007/1196] AIG20240000501239  유효회차 3개  누적 4101행
[1008/1196] AIG20240000501242  유효회차 1개  누적 4102행
[1009/1196] AIG20240000501250  유효회차 2개  누적 4104행
[1010/1196] AIG20240000501251  유효회차 3개  누적 4107행
[1011/1196] AIG20240000501252  유효회차 3개  누적 4110행
[1012/1196] AIG20240000501254  유효회차 3개  누적 4113행
[1013/1196] AIG20240000501255  유효회차 2개  누적 4115행
[1014/1196] AIG20240000501257  유효회차 6개  누적 4121행
[1015/1196] AIG20240000501258  유효회차 11개  누적 4132행
[1016/1196] AIG20250000501335  유효회차 2개  누적 4134행
[1017/1196] AIG20250000501341  유효회차 6개  누적 4140행
[1018/1196] AIG20250000501345  유효회차 1개  누적 4141행
[1019/1196] AIG20250000501352  유효회차 2개  누적 4143행
[1020/1196] AIG20250000501355  유효회차 5개  누적 4148행
[1021/1196] AIG20250000501362  유효회차 1개  누적 4149행
[1022/1196] AIG20250000501364  유효회차 5개  누적 4154행
[1023/1196] AIG20250000501370  유효회차 2개  누적 4156행
[1024/1196] AIG20250000501373  유효회차 3개  누적 4159행
[1025/1196] AIG20250000501374  유효회차 3개  누적 4162행
[1026/1196] AIG20250000501379  유효회차 2개  누적 4164행
[1027/1196] AIG20250000501381  유효회차 1개  누적 4165행
[1028/1196] AIG20250000501387  유효회차 2개  누적 4167행
[1029/1196] AIG20250000501392  유효회차 2개  누적 4169행
[1030/1196] AIG20250000501393  유효회차 5개  누적 4174행
[1031/1196] AIG20250000501396  유효회차 1개  누적 4175행
[1032/1196] AIG20250000501399  유효회차 1개  누적 4176행
[1033/1196] AIG20250000501400  유효회차 3개  누적 4179행
[1034/1196] AIG20250000501415  유효회차 1개  누적 4180행
[1035/1196] AIG20250000501427  유효회차 4개  누적 4184행
[1036/1196] AIG20250000501428  유효회차 2개  누적 4186행
[1037/1196] AIG20250000501434  유효회차 1개  누적 4187행
[1038/1196] AIG20250000501436  유효회차 3개  누적 4190행
[1039/1196] AIG20250000501439  유효회차 1개  누적 4191행
[1040/1196] AIG20250000501443  유효회차 2개  누적 4193행
[1041/1196] AIG20250000501445  유효회차 3개  누적 4196행
[1042/1196] AIG20250000501446  유효회차 1개  누적 4197행
[1043/1196] AIG20250000501447  유효회차 3개  누적 4200행
[1044/1196] AIG20250000501454  유효회차 1개  누적 4201행
[1045/1196] AIG20250000501456  유효회차 3개  누적 4204행
[1046/1196] AIG20250000501459  유효회차 1개  누적 4205행
[1047/1196] AIG20250000501460  유효회차 5개  누적 4210행
[1048/1196] AIG20250000501462  유효회차 1개  누적 4211행
[1049/1196] AIG20250000501472  유효회차 1개  누적 4212행
[1050/1196] AIG20250000501473  유효회차 3개  누적 4215행
[1051/1196] AIG20250000501475  유효회차 1개  누적 4216행
[1052/1196] AIG20250000501476  유효회차 1개  누적 4217행
[1053/1196] AIG20250000501478  유효회차 2개  누적 4219행
[1054/1196] AIG20250000501479  유효회차 2개  누적 4221행
[1055/1196] AIG20250000501481  유효회차 2개  누적 4223행
[1056/1196] AIG20250000501484  유효회차 2개  누적 4225행
[1057/1196] AIG20250000501486  유효회차 3개  누적 4228행
[1058/1196] AIG20250000501488  유효회차 1개  누적 4229행
[1059/1196] AIG20250000501497  유효회차 1개  누적 4230행
[1060/1196] AIG20250000501503  유효회차 4개  누적 4234행
[1061/1196] AIG20250000501509  유효회차 4개  누적 4238행
[1062/1196] AIG20250000501512  유효회차 4개  누적 4242행
[1063/1196] AIG20250000501515  유효회차 4개  누적 4246행
[1064/1196] AIG20250000501516  유효회차 1개  누적 4247행
[1065/1196] AIG20250000501520  유효회차 2개  누적 4249행
[1066/1196] AIG20250000501522  유효회차 6개  누적 4255행
[1067/1196] AIG20250000501527  유효회차 2개  누적 4257행
[1068/1196] AIG20250000501529  유효회차 3개  누적 4260행
[1069/1196] AIG20250000501533  유효회차 0개  누적 4260행
[1070/1196] AIG20250000501545  유효회차 6개  누적 4266행
[1071/1196] AIG20250000501559  유효회차 3개  누적 4269행
[1072/1196] AIG20250000501562  유효회차 1개  누적 4270행
[1073/1196] AIG20250000501571  유효회차 0개  누적 4270행
[1074/1196] AIG20250000501572  유효회차 5개  누적 4275행
[1075/1196] AIG20250000501576  유효회차 1개  누적 4276행
[1076/1196] AIG20250000501578  유효회차 1개  누적 4277행
[1077/1196] AIG20250000501586  유효회차 2개  누적 4279행
[1078/1196] AIG20250000501588  유효회차 1개  누적 4280행
[1079/1196] AIG20250000501596  유효회차 1개  누적 4281행
[1080/1196] AIG20250000501602  유효회차 4개  누적 4285행
[1081/1196] AIG20250000501607  유효회차 0개  누적 4285행
[1082/1196] AIG20250000501613  유효회차 2개  누적 4287행
[1083/1196] AIG20250000501622  유효회차 1개  누적 4288행
[1084/1196] AIG20250000501638  유효회차 1개  누적 4289행
[1085/1196] AIG20250000501639  유효회차 6개  누적 4295행
[1086/1196] AIG20250000501640  유효회차 7개  누적 4302행
[1087/1196] AIG20250000501645  유효회차 3개  누적 4305행
[1088/1196] AIG20250000501646  유효회차 1개  누적 4306행
[1089/1196] AIG20250000501652  유효회차 2개  누적 4308행
[1090/1196] AIG20250000501655  유효회차 5개  누적 4313행
[1091/1196] AIG20250000501656  유효회차 1개  누적 4314행
[1092/1196] AIG20250000501657  유효회차 2개  누적 4316행
[1093/1196] AIG20250000501663  유효회차 2개  누적 4318행
[1094/1196] AIG20250000501665  유효회차 1개  누적 4319행
[1095/1196] AIG20250000501666  유효회차 1개  누적 4320행
[1096/1196] AIG20250000501668  유효회차 1개  누적 4321행
[1097/1196] AIG20250000501669  유효회차 1개  누적 4322행
[1098/1196] AIG20250000501670  유효회차 2개  누적 4324행
[1099/1196] AIG20250000501671  유효회차 1개  누적 4325행
[1100/1196] AIG20250000501674  유효회차 1개  누적 4326행
[1101/1196] AIG20250000501677  유효회차 1개  누적 4327행
[1102/1196] AIG20250000501678  유효회차 2개  누적 4329행
[1103/1196] AIG20250000501679  유효회차 1개  누적 4330행
[1104/1196] AIG20250000501684  유효회차 1개  누적 4331행
[1105/1196] AIG20250000501686  유효회차 3개  누적 4334행
[1106/1196] AIG20250000501694  유효회차 5개  누적 4339행
[1107/1196] AIG20250000501703  유효회차 1개  누적 4340행
[1108/1196] AIG20250000501714  유효회차 3개  누적 4343행
[1109/1196] AIG20250000501715  유효회차 3개  누적 4346행
[1110/1196] AIG20250000501719  유효회차 4개  누적 4350행
[1111/1196] AIG20250000501721  유효회차 1개  누적 4351행
[1112/1196] AIG20250000501722  유효회차 1개  누적 4352행
[1113/1196] AIG20250000501724  유효회차 4개  누적 4356행
[1114/1196] AIG20250000501725  유효회차 3개  누적 4359행
[1115/1196] AIG20250000501733  유효회차 6개  누적 4365행
[1116/1196] AIG20250000501734  유효회차 1개  누적 4366행
[1117/1196] AIG20250000501735  유효회차 1개  누적 4367행
[1118/1196] AIG20250000501743  유효회차 1개  누적 4368행
[1119/1196] AIG20250000501746  유효회차 2개  누적 4370행
[1120/1196] AIG20250000501752  유효회차 0개  누적 4370행
[1121/1196] AIG20250000501754  유효회차 2개  누적 4372행
[1122/1196] AIG20250000501757  유효회차 1개  누적 4373행
[1123/1196] AIG20250000501762  유효회차 0개  누적 4373행
[1124/1196] AIG20250000501775  유효회차 1개  누적 4374행
[1125/1196] AIG20250000501779  유효회차 7개  누적 4381행
[1126/1196] AIG20250000501781  유효회차 3개  누적 4384행
[1127/1196] AIG20250000540031  유효회차 1개  누적 4385행
[1128/1196] AIG20250000541106  유효회차 1개  누적 4386행
[1129/1196] AIG20250000541108  유효회차 1개  누적 4387행
[1130/1196] AIG20250000541110  유효회차 0개  누적 4387행
[1131/1196] AIG20250000543069  유효회차 1개  누적 4388행
[1132/1196] AIG20250000543071  유효회차 2개  누적 4390행
[1133/1196] AIG20250000543075  유효회차 2개  누적 4392행
[1134/1196] AIG20250000543076  유효회차 0개  누적 4392행
[1135/1196] AIG20250000543077  유효회차 1개  누적 4393행
[1136/1196] AIG20250000543086  유효회차 1개  누적 4394행
[1137/1196] AIG20250000543095  유효회차 1개  누적 4395행
[1138/1196] AIG20250000543105  유효회차 4개  누적 4399행
[1139/1196] AIG20250000543107  유효회차 2개  누적 4401행
[1140/1196] AIG20250000543108  유효회차 3개  누적 4403행
[1141/1196] AIG20250000543125  유효회차 2개  누적 4405행
[1142/1196] AIG20250000543139  유효회차 1개  누적 4406행
[1143/1196] AIG20250000543140  유효회차 1개  누적 4407행
[1144/1196] AIG20250000543143  유효회차 2개  누적 4408행
[1145/1196] AIG20250000543145  유효회차 3개  누적 4410행
[1146/1196] AIG20250000543149  유효회차 1개  누적 4411행
[1147/1196] AIG20250000543150  유효회차 1개  누적 4412행
[1148/1196] AIG20250000543151  유효회차 1개  누적 4412행
[1149/1196] AIG20260000562604  유효회차 0개  누적 4412행
[1150/1196] AIG20260000562927  유효회차 0개  누적 4412행
[1151/1196] AIG20260000562937  유효회차 0개  누적 4412행
[1152/1196] AIG20260000562948  유효회차 0개  누적 4412행
[1153/1196] AIG20260000562962  유효회차 0개  누적 4412행
[1154/1196] AIG20260000562976  유효회차 0개  누적 4412행
[1155/1196] AIG20260000562984  유효회차 0개  누적 4412행
[1156/1196] AIG20260000563052  유효회차 0개  누적 4412행
[1157/1196] AIG20260000564118  유효회차 0개  누적 4412행
[1158/1196] AIG20260000564474  유효회차 0개  누적 4412행
[1159/1196] AIG20260000564692  유효회차 0개  누적 4412행
[1160/1196] AIG20260000566386  유효회차 0개  누적 4412행
[1161/1196] AIG20260000566395  유효회차 0개  누적 4412행
[1162/1196] AIG20260000566958  유효회차 0개  누적 4412행
[1163/1196] AIG20260000567175  유효회차 0개  누적 4412행
[1164/1196] AIG20260000571062  유효회차 0개  누적 4412행
[1165/1196] AIG20260000572833  유효회차 0개  누적 4412행
[1166/1196] AIG20260000574544  유효회차 0개  누적 4412행
[1167/1196] AIG20260000577067  유효회차 0개  누적 4412행
[1168/1196] AIG20260000577070  유효회차 0개  누적 4412행
[1169/1196] AIG20260000577348  유효회차 0개  누적 4412행
[1170/1196] AIG20260000578340  유효회차 0개  누적 4412행
[1171/1196] AIG20260000578382  유효회차 0개  누적 4412행
[1172/1196] AIG20260000578396  유효회차 0개  누적 4412행
[1173/1196] AIG20260000580405  유효회차 0개  누적 4412행
[1174/1196] AIG20260000580423  유효회차 0개  누적 4412행
[1175/1196] AIG20260000580424  유효회차 0개  누적 4412행
[1176/1196] AIG20260000580426  유효회차 0개  누적 4412행
[1177/1196] AIG20260000580427  유효회차 0개  누적 4412행
[1178/1196] AIG20260000580430  유효회차 0개  누적 4412행
[1179/1196] AIG20260000580431  유효회차 0개  누적 4412행
[1180/1196] AIG20260000581127  유효회차 0개  누적 4412행
[1181/1196] AIG20260000581129  유효회차 0개  누적 4412행
[1182/1196] AIG20260000581131  유효회차 0개  누적 4412행
[1183/1196] AIG20260000581134  유효회차 0개  누적 4412행
[1184/1196] AIG20260000581135  유효회차 0개  누적 4412행
[1185/1196] AIG20260000581141  유효회차 1개  누적 4413행
[1186/1196] AIG20260000581143  유효회차 0개  누적 4413행
[1187/1196] AIG20260000581146  유효회차 0개  누적 4413행
[1188/1196] AIG20260000581157  유효회차 0개  누적 4413행
[1189/1196] AIG20260000581158  유효회차 0개  누적 4413행
[1190/1196] AIG20260000581159  유효회차 1개  누적 4414행
[1191/1196] AIG20260000581162  유효회차 1개  누적 4415행
[1192/1196] AIG20260000581163  유효회차 1개  누적 4416행
[1193/1196] AIG20260000581202  유효회차 0개  누적 4416행
[1194/1196] AIG20260000581204  유효회차 0개  누적 4416행
[1195/1196] AIG20260000581207  유효회차 0개  누적 4416행
[1196/1196] AIG20260000581208  유효회차 0개  누적 4416행
중복 644행 제거

완료: 3772행 -> satisfaction_by_round.csv
  과정 1196개 중 회차목록 실패 569개
  유효 목록에 없어 건너뛴 회차 490개 (폴백값 방지)
