훈련과정 ID,회차,만족도(5점),대표값출처,수강인원,평가인원,평가참여율,추천인원,추천응답인원,전반적 만족도,경력개발지원,과제 및 피드백,교강사,프로젝트 학습,훈련과정 편성 및 운영,훈련과정 현장지향성,훈련환경 및 장비,개인성과,과정성과,훈련과정 실무연계성,평가 및 피드백
AIG20200000286570,7,4.2,전반적 만족도,11,9,81.8,8,9,4.2,4.6,4.4,4.6,4.2,4.4,4.1,4.3,4.2,4.0,,
AIG20200000286570,8,4.4,전반적 만족도,9,7,77.8,7,7,4.4,4.8,4.3,4.5,4.5,4.4,4.4,4.6,4.23,4.0,4.3,
AIG20200000286570,9,4.9,전반적 만족도,11,9,81.8,9,9,4.9,5.0,5.0,4.9,5.0,4.9,4.8,5.0,4.43,4.9,,
AIG20200000286592,14,4.4,전반적 만족도,29,26,89.7,24,26,4.4,4.3,4.5,4.7,4.5,4.5,4.6,4.4,4.17,4.3,4.6,
AIG20200000286592,15,4.9,전반적 만족도,30,28,93.3,28,28,4.9,4.9,4.9,4.9,4.9,4.9,4.9,4.8,4.87,4.9,5.0,
AIG20200000286592,16,4.4,전반적 만족도,30,26,86.7,26,26,4.4,4.2,4.3,4.5,4.3,4.4,4.5,4.2,4.37,4.5,4.3,
AIG20200000286592,17,4.7,전반적 만족도,28,23,82.1,23,23,4.7,4.7,4.7,5.0,4.6,4.7,4.8,4.7,4.47,4.7,4.3,
AIG20200000286592,18,4.6,전반적 만족도,21,15,71.4,14,15,4.6,4.4,4.5,4.5,4.5,4.5,4.5,4.5,4.4,4.5,5.0,
AIG20200000286592,19,4.9,전반적 만족도,23,19,82.6,18,19,4.9,4.8,4.9,4.9,5.0,4.9,4.9,4.8,4.83,4.9,,
AIG20200000286525,9,4.8,전반적 만족도,17,9,52.9,7,9,4.8,4.8,4.9,4.8,4.9,4.9,4.7,4.8,4.97,4.8,5.0,
AIG20200000286525,10,4.5,전반적 만족도,14,12,85.7,12,12,4.5,4.5,4.6,4.6,4.5,4.4,4.4,4.6,4.33,4.4,4.6,
AIG20200000286525,11,4.3,전반적 만족도,14,12,85.7,10,12,4.3,4.2,4.6,4.7,4.4,4.4,4.3,4.3,4.03,4.1,4.6,
AIG20200000286525,12,2.9,전반적 만족도,14,11,78.6,5,11,2.9,2.9,3.3,3.4,3.1,3.2,3.0,3.1,3.03,2.8,,
AIG20200000286525,13,4.7,전반적 만족도,10,7,70,7,7,4.7,4.4,4.6,4.4,4.7,4.8,4.7,4.4,4.47,4.3,,
AIG20200000286531,6,4.2,전반적 만족도,18,14,77.8,10,14,4.2,4.3,4.2,4.6,4.3,4.3,4.2,4.2,4.5,4.2,4.6,
AIG20200000286532,3,4.9,전반적 만족도,25,25,100,25,25,4.9,4.8,4.9,4.9,4.9,4.9,4.9,4.6,4.7,5.0,,
AIG20200000286545,5,3.1,전반적 만족도,18,14,77.8,8,14,3.1,3.4,3.8,2.9,3.9,3.1,3.8,2.9,3.67,3.2,,
AIG20200000286562,6,5.0,전반적 만족도,8,6,75,6,6,5.0,5.0,5.0,5.0,5.0,5.0,5.0,5.0,5.0,5.0,5.0,
AIG20200000286562,7,4.7,전반적 만족도,9,8,88.9,8,8,4.7,5.0,5.0,5.0,5.0,4.8,4.7,5.0,4.8,4.8,,
AIG20200000286563,3,3.9,전반적 만족도,15,8,53.3,8,8,3.9,3.6,3.8,4.1,4.1,3.8,3.9,4.3,3.9,3.9,,
AIG20200000286563,4,4.4,전반적 만족도,10,10,100,10,10,4.4,3.4,4.8,4.9,4.7,4.7,4.6,4.7,4.33,4.6,,
AIG20200000286594,3,4.7,전반적 만족도,11,11,100,11,11,4.7,4.7,4.8,4.8,4.9,4.7,4.8,4.6,4.43,4.6,5.0,
AIG20200000286594,4,4.8,전반적 만족도,6,6,100,6,6,4.8,4.5,4.8,4.8,4.8,4.6,4.7,4.8,4.67,4.8,5.0,
AIG20200000286597,5,4.5,전반적 만족도,14,6,42.9,5,6,4.5,3.8,4.5,4.9,4.3,4.5,3.7,4.8,4.7,3.6,,
AIG20200000286598,7,4.5,전반적 만족도,13,9,69.2,7,9,4.5,4.2,4.2,4.7,4.3,4.4,4.6,4.4,4.33,4.3,2.9,
AIG20200000286598,8,4.7,전반적 만족도,21,11,52.4,10,11,4.7,4.6,4.7,4.7,4.8,4.7,4.8,4.7,4.47,4.4,4.6,
AIG20200000286600,7,4.4,전반적 만족도,24,16,66.7,13,16,4.4,3.9,4.4,4.5,4.4,4.3,4.3,4.4,4.47,4.0,4.3,
AIG20200000286600,8,3.9,전반적 만족도,19,17,89.5,13,17,3.9,3.9,4.2,4.1,4.3,3.9,3.7,4.5,3.77,3.6,4.3,
AIG20200000286602,14,3.9,전반적 만족도,17,13,76.5,7,13,3.9,4.2,3.9,4.1,3.8,4.0,3.8,4.2,3.67,3.6,2.5,
AIG20200000286602,15,3.6,전반적 만족도,12,12,100,8,12,3.6,3.8,3.8,3.7,3.5,3.8,3.9,4.0,3.67,3.8,,
AIG20200000286603,5,3.7,전반적 만족도,16,10,62.5,9,10,3.7,3.9,3.8,4.3,4.3,3.9,4.1,3.7,4.0,4.0,5.0,
AIG20200000286603,6,4.1,전반적 만족도,16,10,62.5,8,10,4.1,4.5,4.4,4.4,4.5,4.1,4.6,4.7,4.13,4.1,5.0,
AIG20200000286610,3,4.6,전반적 만족도,16,14,87.5,13,14,4.6,4.7,4.6,4.8,4.8,4.5,4.5,4.7,4.63,4.3,,
AIG20200000286610,4,4.8,전반적 만족도,12,8,66.7,8,8,4.8,4.9,4.9,4.9,4.9,4.9,4.9,4.9,4.9,4.9,,
AIG20200000286611,8,3.9,전반적 만족도,14,14,100,9,14,3.9,3.6,3.6,3.7,3.8,3.8,4.0,4.0,3.87,3.5,,
AIG20200000286611,9,3.6,전반적 만족도,11,10,90.9,5,10,3.6,3.5,3.8,3.5,3.6,3.7,4.0,3.9,3.87,3.5,3.6,
AIG20200000286638,3,4.6,전반적 만족도,25,22,88,21,22,4.6,4.6,4.6,4.7,4.6,4.6,4.5,4.6,4.47,4.6,,
AIG20200000286640,3,4.3,전반적 만족도,18,17,94.4,14,17,4.3,4.3,4.0,4.4,4.3,4.3,4.5,4.6,4.37,4.1,,
AIG20200000286642,4,4.3,전반적 만족도,19,11,57.9,10,11,4.3,4.0,4.3,3.8,4.3,4.1,4.1,4.3,4.1,4.2,4.6,
AIG20200000286642,5,4.5,전반적 만족도,18,15,83.3,13,15,4.5,4.0,4.4,4.5,4.5,4.3,4.5,4.4,4.43,4.5,3.9,
AIG20200000286642,6,5.0,전반적 만족도,12,7,58.3,7,7,5.0,5.0,5.0,5.0,5.0,5.0,5.0,5.0,5.0,5.0,,
AIG20200000286644,11,4.5,전반적 만족도,16,11,68.8,9,11,4.5,4.3,4.4,4.4,4.4,4.3,4.2,4.4,4.2,4.2,,
AIG20200000286644,12,4.6,전반적 만족도,16,12,75,12,12,4.6,4.5,4.6,4.5,4.5,4.5,4.6,4.4,4.53,4.4,4.3,
AIG20200000286644,13,4.0,전반적 만족도,23,18,78.3,14,18,4.0,3.7,4.1,3.9,4.0,4.1,3.9,4.1,4.03,3.8,4.3,
AIG20200000286644,14,4.8,전반적 만족도,18,15,83.3,15,15,4.8,4.9,4.8,4.8,4.8,4.8,4.8,4.8,4.67,4.8,,
AIG20200000286644,15,4.6,전반적 만족도,22,12,54.5,11,12,4.6,4.6,4.7,4.7,4.7,4.7,4.6,4.7,4.73,4.5,,
AIG20200000286644,16,3.8,전반적 만족도,18,16,88.9,13,16,3.8,3.8,3.9,3.8,3.9,3.8,4.1,3.9,3.8,3.8,2.9,
AIG20200000286647,7,2.9,전반적 만족도,9,6,66.7,4,6,2.9,2.4,2.7,3.0,2.7,2.9,3.3,3.1,3.17,2.4,2.9,
AIG20200000286648,15,4.7,전반적 만족도,18,15,83.3,14,15,4.7,4.8,4.8,4.9,4.9,4.7,4.8,4.9,4.93,4.5,3.6,
AIG20200000286648,16,4.7,전반적 만족도,16,13,81.3,13,13,4.7,4.6,4.7,4.8,4.7,4.6,4.3,4.8,4.63,4.6,4.6,
AIG20200000286648,17,4.4,전반적 만족도,25,21,84,19,21,4.4,4.2,4.4,4.3,4.5,4.4,4.4,4.1,4.37,4.3,,
AIG20200000286648,18,4.6,전반적 만족도,25,20,80,19,20,4.6,4.4,4.6,4.7,4.6,4.5,4.5,4.2,4.43,4.5,5.0,
AIG20200000286653,4,4.9,전반적 만족도,22,17,77.3,17,17,4.9,4.9,4.9,4.9,4.9,4.9,4.9,4.9,4.8,4.9,4.6,
AIG20200000286660,18,4.0,전반적 만족도,25,24,96,21,24,4.0,4.1,4.1,4.1,4.1,4.2,4.1,4.3,4.0,3.9,,
AIG20200000286660,19,3.8,전반적 만족도,15,13,86.7,8,13,3.8,3.8,3.9,3.9,3.9,3.9,4.0,3.9,3.77,3.7,,
AIG20200000286660,20,4.2,전반적 만족도,14,10,71.4,8,10,4.2,4.5,4.4,4.3,4.5,4.1,4.5,3.9,4.4,4.2,4.3,
AIG20200000286660,21,3.6,전반적 만족도,15,14,93.3,9,14,3.6,3.7,3.4,3.7,3.6,3.7,3.9,4.0,3.93,3.5,3.6,
AIG20200000286660,22,3.7,전반적 만족도,23,18,78.3,8,18,3.7,3.8,4.1,4.2,4.2,3.9,3.8,4.3,3.73,3.8,3.9,
AIG20200000286660,23,4.1,전반적 만족도,20,19,95,14,19,4.1,4.0,4.0,4.1,4.2,4.2,4.1,4.2,4.2,4.0,3.6,
AIG20200000286660,24,4.7,전반적 만족도,20,15,75,15,15,4.7,4.8,4.9,4.9,4.8,4.7,4.7,4.9,4.83,5.0,5.0,
AIG20200000286660,25,4.7,전반적 만족도,24,20,83.3,20,20,4.7,4.7,4.8,4.7,4.7,4.7,4.7,4.8,4.63,4.7,5.0,
AIG20200000286660,26,3.8,전반적 만족도,20,19,95,15,19,3.8,3.9,3.8,3.9,3.9,4.0,3.7,3.9,3.7,3.9,4.0,
AIG20200000286660,27,4.0,전반적 만족도,18,17,94.4,13,17,4.0,4.1,4.0,4.2,4.1,4.0,4.0,4.1,3.93,3.9,,
AIG20200000286660,28,4.2,전반적 만족도,15,14,93.3,12,14,4.2,4.3,4.4,4.5,4.5,4.2,4.1,4.6,4.13,4.2,5.0,
AIG20200000286660,29,4.6,전반적 만족도,17,15,88.2,15,15,4.6,4.8,4.8,4.7,4.6,4.7,4.6,4.8,4.6,4.7,5.0,
AIG20200000286660,30,4.9,전반적 만족도,19,18,94.7,18,18,4.9,4.8,4.8,4.9,4.8,4.8,4.8,4.9,4.7,4.8,5.0,
AIG20200000286660,31,4.6,전반적 만족도,14,11,78.6,11,11,4.6,4.7,4.6,4.8,4.8,4.7,4.5,4.6,4.5,4.6,,
AIG20200000286660,32,4.5,전반적 만족도,24,22,91.7,21,22,4.5,4.5,4.5,4.6,4.7,4.5,4.6,4.5,4.4,4.5,4.3,
AIG20200000286666,11,4.0,전반적 만족도,16,11,68.8,8,11,4.0,3.6,3.9,4.1,3.9,4.0,4.1,4.1,3.7,3.8,3.6,
AIG20200000286666,12,4.2,전반적 만족도,19,16,84.2,12,16,4.2,4.2,4.3,4.8,4.5,4.2,4.3,4.1,4.1,3.9,4.3,
AIG20200000286670,5,4.6,전반적 만족도,23,20,87,19,20,4.6,4.4,4.5,4.6,4.7,4.5,4.4,4.4,4.27,4.3,5.0,
AIG20200000286675,10,4.1,전반적 만족도,18,16,88.9,12,16,4.1,4.2,4.1,4.2,4.2,4.1,4.1,4.3,4.07,4.0,,
AIG20200000286678,6,4.0,전반적 만족도,10,9,90,8,9,4.0,3.9,4.0,3.9,4.0,3.9,4.2,4.1,4.0,4.0,3.6,
AIG20200000286678,7,4.5,전반적 만족도,18,16,88.9,13,16,4.5,4.3,4.4,4.6,4.4,4.4,4.3,4.6,4.23,4.2,3.6,
AIG20200000286678,8,4.5,전반적 만족도,6,4,66.7,3,4,4.5,4.5,4.4,4.4,4.6,4.4,4.5,4.5,4.43,4.3,,
AIG20200000286681,4,4.3,전반적 만족도,20,13,65,11,13,4.3,4.3,4.4,4.3,4.4,4.2,4.6,4.1,4.0,4.0,,
AIG20200000286683,4,4.7,전반적 만족도,20,13,65,13,13,4.7,4.0,4.5,4.5,4.5,4.4,4.4,4.6,4.27,4.6,,
AIG20200000286683,5,4.4,전반적 만족도,16,9,56.3,9,9,4.4,3.9,4.5,4.5,4.6,4.4,4.4,4.6,4.27,4.4,4.3,
AIG20200000286683,6,4.6,전반적 만족도,10,7,70,7,7,4.6,4.7,4.8,4.9,4.8,4.7,4.7,4.9,4.67,4.7,,
AIG20200000286683,7,4.6,전반적 만족도,12,8,66.7,7,8,4.6,3.9,4.6,4.7,4.7,4.7,4.9,4.6,4.73,4.5,5.0,
AIG20200000286683,8,3.7,전반적 만족도,20,14,70,12,14,3.7,3.4,3.8,4.0,4.1,3.8,3.8,4.1,3.93,3.8,,
AIG20200000286683,9,4.2,전반적 만족도,12,10,83.3,10,10,4.2,4.0,4.4,4.6,4.4,4.2,4.2,4.4,4.1,4.3,4.3,
AIG20200000286683,10,4.4,전반적 만족도,5,5,100,5,5,4.4,4.6,4.5,4.5,4.6,4.5,4.3,4.6,4.43,4.6,5.0,
AIG20200000286689,12,4.2,전반적 만족도,24,18,75,17,18,4.2,3.7,3.8,4.7,4.1,3.9,4.4,4.3,3.67,3.9,3.8,
AIG20200000286689,13,4.0,전반적 만족도,17,15,88.2,11,15,4.0,3.8,3.9,4.2,4.2,3.8,4.1,4.0,4.03,3.8,5.0,
AIG20200000286689,14,3.7,전반적 만족도,20,12,60,6,12,3.7,3.9,3.5,3.7,3.7,3.6,3.6,3.9,3.57,3.3,,
AIG20200000286689,15,3.6,전반적 만족도,18,12,66.7,9,12,3.6,3.3,3.9,3.9,4.0,3.3,3.5,3.8,3.73,3.3,4.3,
AIG20200000286689,16,5.0,전반적 만족도,20,10,50,10,10,5.0,5.0,5.0,5.0,5.0,5.0,5.0,5.0,4.37,4.8,,
AIG20200000286689,17,4.4,전반적 만족도,15,15,100,14,15,4.4,4.1,4.3,4.4,4.2,4.1,4.1,4.3,4.0,4.1,,
AIG20200000286689,18,2.6,전반적 만족도,21,17,81,5,17,2.6,3.0,3.0,3.4,3.1,2.8,3.0,3.4,2.9,2.5,1.4,
AIG20200000286689,20,4.2,전반적 만족도,16,12,75,10,12,4.2,4.0,4.3,4.3,4.3,4.2,4.2,4.6,4.03,4.1,5.0,
AIG20200000286692,9,4.7,전반적 만족도,20,15,75,14,15,4.7,4.5,4.7,4.8,4.8,4.7,4.7,4.5,4.67,4.5,4.5,
AIG20200000286692,10,3.9,전반적 만족도,13,7,53.8,4,7,3.9,3.7,3.9,4.0,3.8,4.1,4.3,4.0,4.33,3.9,,
AIG20200000286692,11,4.5,전반적 만족도,7,4,57.1,3,4,4.5,4.3,4.4,4.2,4.5,4.5,5.0,4.2,4.6,4.1,2.9,
AIG20200000286692,12,4.8,전반적 만족도,8,6,75,5,6,4.8,4.9,4.6,4.8,4.8,4.8,4.8,4.9,4.4,4.8,4.8,
AIG20200000286696,3,4.1,전반적 만족도,40,27,67.5,21,27,4.1,3.6,4.1,4.3,4.0,4.0,4.0,4.4,4.13,3.7,3.6,
AIG20200000286696,4,4.0,전반적 만족도,33,23,69.7,20,23,4.0,3.4,3.8,4.0,4.0,3.9,4.2,4.3,3.97,3.9,4.3,
AIG20200000286696,5,4.7,전반적 만족도,40,29,72.5,28,29,4.7,4.0,4.5,4.7,4.6,4.5,4.6,4.5,4.53,4.7,5.0,
AIG20200000288889,8,4.3,전반적 만족도,27,20,74.1,19,20,4.3,3.9,4.2,4.3,4.3,4.1,4.3,4.2,4.2,3.5,3.6,
AIG20200000288889,9,4.1,전반적 만족도,29,26,89.7,20,26,4.1,3.8,4.1,3.9,4.1,4.0,4.2,4.1,4.07,3.8,3.8,
AIG20200000288889,10,3.8,전반적 만족도,20,16,80,13,16,3.8,4.1,4.2,4.2,4.4,4.0,4.0,4.2,3.83,3.6,4.3,
AIG20200000288889,11,3.9,전반적 만족도,20,13,65,11,13,3.9,4.1,4.3,4.4,4.5,4.1,4.2,3.8,3.87,3.6,3.8,
AIG20200000288890,5,4.3,전반적 만족도,24,17,70.8,16,17,4.3,4.1,4.0,4.5,4.4,4.2,4.6,4.3,4.4,4.0,4.3,
AIG20200000288890,6,4.7,전반적 만족도,18,13,72.2,13,13,4.7,4.4,4.7,4.7,4.8,4.6,4.8,4.6,4.57,4.6,,
AIG20200000288892,18,3.8,전반적 만족도,43,32,74.4,30,32,3.8,4.1,4.0,4.3,4.3,3.9,4.1,3.9,3.93,3.8,4.0,
AIG20200000288892,19,3.8,전반적 만족도,35,25,71.4,17,25,3.8,3.7,3.9,4.0,4.1,4.0,3.9,3.8,3.73,3.4,4.5,
AIG20200000288895,11,4.0,전반적 만족도,63,40,63.5,34,40,4.0,4.0,4.2,4.2,4.3,4.1,4.1,4.3,3.87,3.7,4.6,
AIG20200000288895,12,4.3,전반적 만족도,23,20,87,20,20,4.3,3.9,4.4,4.3,4.4,4.2,4.2,4.3,3.97,4.0,4.9,
AIG20200000288895,13,4.2,전반적 만족도,18,16,88.9,16,16,4.2,3.9,4.5,4.5,4.5,4.3,4.0,4.3,4.2,3.9,5.0,
AIG20200000313010,18,3.8,전반적 만족도,83,56,67.5,41,56,3.8,3.8,3.7,3.8,3.8,3.7,4.0,3.6,3.67,3.2,3.8,
AIG20200000313409,5,4.5,전반적 만족도,22,13,59.1,12,13,4.5,4.3,4.6,4.5,4.5,4.5,4.5,4.5,4.57,4.5,5.0,
AIG20200000313409,6,4.5,전반적 만족도,30,20,66.7,19,20,4.5,4.4,4.4,4.3,4.4,4.4,4.5,4.5,4.43,4.2,4.5,
AIG20200000313528,41,4.7,전반적 만족도,22,21,95.5,19,21,4.7,4.7,4.8,4.7,4.8,4.7,4.7,4.7,4.57,4.3,5.0,
AIG20200000313528,42,4.8,전반적 만족도,22,20,90.9,20,20,4.8,4.7,4.8,4.9,4.9,4.8,4.9,4.7,4.6,4.5,3.6,
AIG20200000313528,43,4.7,전반적 만족도,22,21,95.5,21,21,4.7,4.7,4.7,4.8,4.8,4.7,4.8,4.6,4.6,4.3,,
AIG20200000313528,44,5.0,전반적 만족도,20,19,95,19,19,5.0,4.7,4.8,4.9,4.9,4.8,5.0,4.9,4.8,4.8,5.0,
AIG20200000313528,45,4.7,전반적 만족도,21,19,90.5,18,19,4.7,4.7,4.8,4.8,4.8,4.7,4.7,4.7,4.67,4.5,,
AIG20200000313528,46,4.8,전반적 만족도,20,18,90,18,18,4.8,4.5,4.7,4.7,4.6,4.7,4.7,4.5,4.63,4.6,3.9,
AIG20200000313528,47,4.8,전반적 만족도,21,18,85.7,18,18,4.8,4.6,4.7,4.8,4.8,4.8,4.9,4.6,4.77,4.6,5.0,
AIG20200000313528,48,4.6,전반적 만족도,21,20,95.2,20,20,4.6,4.6,4.6,4.7,4.7,4.7,4.8,4.6,4.5,4.5,,
AIG20200000313528,49,4.3,전반적 만족도,20,17,85,16,17,4.3,4.1,4.3,4.3,4.2,4.2,4.4,4.2,4.13,3.8,3.2,
AIG20200000313528,50,4.8,전반적 만족도,20,19,95,19,19,4.8,4.7,4.8,4.8,4.8,4.7,4.8,4.7,4.73,4.7,,
AIG20200000313528,51,4.8,전반적 만족도,18,15,83.3,15,15,4.8,4.8,4.7,4.8,4.9,4.6,4.7,4.8,4.57,4.6,,
AIG20200000313528,52,4.6,전반적 만족도,16,16,100,16,16,4.6,4.5,4.6,4.6,4.6,4.5,4.6,4.4,4.33,4.3,5.0,
AIG20200000313528,53,4.6,전반적 만족도,18,16,88.9,15,16,4.6,4.6,4.7,4.8,4.7,4.5,4.7,4.6,4.23,4.5,,
AIG20200000313528,54,4.7,전반적 만족도,18,17,94.4,17,17,4.7,4.4,4.6,4.7,4.8,4.6,4.8,4.5,4.53,4.5,,
AIG20200000313528,55,4.6,전반적 만족도,18,14,77.8,13,14,4.6,4.6,4.6,4.6,4.7,4.6,4.7,4.6,4.67,4.6,4.3,
AIG20200000313528,56,4.6,전반적 만족도,22,21,95.5,20,21,4.6,4.5,4.6,4.7,4.7,4.6,4.7,4.4,4.57,4.2,,
AIG20200000313528,57,4.7,전반적 만족도,21,19,90.5,17,19,4.7,4.4,4.5,4.6,4.6,4.5,4.8,4.7,4.53,3.8,3.3,
AIG20200000313528,58,4.6,전반적 만족도,17,14,82.4,14,14,4.6,4.5,4.8,4.8,4.8,4.7,4.8,4.7,4.47,4.5,4.3,
AIG20200000313528,59,4.6,전반적 만족도,17,13,76.5,12,13,4.6,4.6,4.7,4.7,4.7,4.6,4.8,4.5,4.5,4.3,,
AIG20200000313528,60,4.7,전반적 만족도,17,15,88.2,15,15,4.7,4.6,4.8,4.8,4.8,4.7,4.7,4.7,4.7,4.6,5.0,
AIG20200000313547,25,4.5,전반적 만족도,25,22,88,19,22,4.5,4.4,4.4,4.5,4.4,4.5,4.3,4.4,4.33,4.2,4.3,
AIG20200000313547,26,4.3,전반적 만족도,24,20,83.3,20,20,4.3,4.3,4.4,4.5,4.4,4.5,4.5,4.4,4.2,4.3,,
AIG20200000313547,27,4.4,전반적 만족도,19,18,94.7,17,18,4.4,4.5,4.5,3.7,4.5,4.3,4.4,4.7,4.1,4.0,4.8,
AIG20200000313547,28,3.8,전반적 만족도,12,9,75,4,9,3.8,3.9,3.7,3.7,3.7,3.7,3.5,4.0,3.67,2.7,4.3,
AIG20200000313559,3,4.9,전반적 만족도,85,75,88.2,75,75,4.9,4.8,4.8,4.9,4.8,4.9,4.9,4.9,4.9,4.9,5.0,
AIG20210000313571,4,4.6,전반적 만족도,25,23,92,22,23,4.6,4.4,4.4,4.5,4.6,4.6,4.5,4.7,4.4,4.5,4.0,
AIG20210000313580,8,4.7,전반적 만족도,14,14,100,13,14,4.7,4.4,4.7,4.7,4.6,4.5,4.8,4.7,4.6,4.6,4.3,
AIG20210000313580,9,4.3,전반적 만족도,9,7,77.8,7,7,4.3,4.3,4.2,4.2,4.0,4.1,4.4,4.3,4.3,4.4,3.6,
AIG20210000313580,10,3.9,전반적 만족도,25,20,80,15,20,3.9,3.5,3.9,4.1,3.9,3.8,3.9,3.7,3.7,3.5,,
AIG20210000313590,5,4.4,전반적 만족도,28,22,78.6,19,22,4.4,4.4,4.5,4.5,4.5,4.4,4.4,4.4,4.33,4.3,5.0,
AIG20210000313590,6,3.6,전반적 만족도,30,27,90,19,27,3.6,3.8,3.6,3.4,3.9,3.6,3.7,3.7,3.7,3.3,3.9,
AIG20210000313590,7,3.1,전반적 만족도,25,14,56,11,14,3.1,2.9,3.4,3.3,3.4,3.4,3.6,3.3,3.4,3.2,1.4,
AIG20210000313590,8,4.5,전반적 만족도,24,15,62.5,15,15,4.5,4.7,4.5,4.8,4.6,4.5,4.6,4.5,4.6,4.7,5.0,
AIG20210000313599,3,4.5,전반적 만족도,17,9,52.9,7,9,4.5,4.3,4.3,4.4,4.4,4.2,4.5,4.3,4.33,4.4,,
AIG20210000313603,7,4.6,전반적 만족도,16,12,75,11,12,4.6,4.6,4.6,4.6,4.6,4.6,4.4,4.2,4.6,4.5,5.0,
AIG20210000313610,5,4.7,전반적 만족도,15,13,86.7,13,13,4.7,4.7,4.7,4.8,4.8,4.7,4.7,5.0,4.5,4.6,,
AIG20210000313610,6,4.8,전반적 만족도,11,10,90.9,10,10,4.8,4.9,5.0,5.0,4.7,5.0,5.0,5.0,4.83,4.9,,
AIG20210000313612,7,4.1,전반적 만족도,30,26,86.7,22,26,4.1,3.8,4.2,4.4,4.2,4.0,4.1,3.7,3.77,3.7,5.0,
AIG20210000313612,8,4.5,전반적 만족도,29,26,89.7,26,26,4.5,4.5,4.6,4.7,4.5,4.5,4.6,4.4,4.47,4.3,4.0,
AIG20210000313612,9,4.8,전반적 만족도,29,26,89.7,26,26,4.8,4.6,4.8,4.8,4.8,4.7,4.7,4.6,4.67,4.7,5.0,
AIG20210000313612,10,4.0,전반적 만족도,19,15,78.9,15,15,4.0,4.1,4.3,4.3,4.3,4.1,4.0,3.6,4.07,4.2,4.3,
AIG20210000313613,3,3.9,전반적 만족도,15,15,100,13,15,3.9,4.0,3.8,4.1,4.0,3.9,3.9,4.0,3.8,3.9,3.6,
AIG20210000313622,4,4.5,전반적 만족도,30,21,70,20,20,4.5,4.5,4.5,4.6,4.6,4.5,4.5,4.5,4.13,4.2,3.6,
AIG20210000313622,5,4.2,전반적 만족도,28,19,67.9,15,19,4.2,4.2,4.3,4.3,4.4,4.2,4.1,4.2,3.87,4.1,,
AIG20210000313623,5,4.3,전반적 만족도,17,13,76.5,11,13,4.3,3.9,4.3,4.6,4.1,4.2,4.3,4.3,4.13,4.5,3.8,
AIG20210000313652,8,4.5,전반적 만족도,14,13,92.9,12,13,4.5,4.6,4.5,3.6,4.6,4.4,4.4,4.8,4.27,4.3,5.0,
AIG20210000313652,9,4.8,전반적 만족도,22,21,95.5,21,21,4.8,4.6,4.9,4.9,4.9,4.7,4.8,4.9,4.83,4.8,,
AIG20210000313652,10,4.6,전반적 만족도,15,12,80,9,12,4.6,4.3,4.5,4.7,4.4,4.6,4.6,4.6,4.43,4.1,2.9,
AIG20210000313652,12,4.6,전반적 만족도,24,20,83.3,19,20,4.6,4.6,4.5,4.8,4.8,4.7,4.7,4.7,4.53,4.5,,
AIG20210000313656,3,4.9,전반적 만족도,11,10,90.9,10,10,4.9,4.9,4.8,4.8,4.9,4.8,4.7,4.9,4.43,4.5,5.0,
AIG20210000313657,4,4.3,전반적 만족도,8,5,62.5,4,5,4.3,4.6,4.6,4.6,4.6,4.6,4.5,4.6,3.97,4.3,5.0,
AIG20210000313661,5,4.5,전반적 만족도,23,21,91.3,21,21,4.5,4.3,4.5,4.7,4.5,4.4,4.5,4.6,4.23,4.4,4.3,
AIG20210000313664,5,4.5,전반적 만족도,16,12,75,11,12,4.5,4.5,4.6,4.8,4.7,4.5,4.5,4.9,4.03,4.6,,
AIG20210000313664,6,4.0,전반적 만족도,10,5,50,4,5,4.0,4.3,4.1,4.4,4.1,4.4,4.3,4.4,4.37,4.4,,
AIG20210000313664,7,4.4,전반적 만족도,11,5,45.5,4,5,4.4,4.1,4.4,4.6,4.4,4.4,4.4,4.4,4.47,4.3,,
AIG20210000313664,8,4.5,전반적 만족도,5,3,60,3,3,4.5,4.3,4.5,5.0,4.6,4.8,4.5,5.0,4.77,4.8,,
AIG20210000313678,8,4.2,전반적 만족도,50,44,88,39,44,4.2,4.3,4.2,4.1,4.3,4.2,4.2,4.2,4.17,4.1,4.3,
AIG20210000313687,4,3.3,전반적 만족도,50,38,76,20,38,3.3,3.5,3.5,3.7,3.7,3.4,3.7,3.5,3.57,3.1,3.7,
AIG20210000313687,5,3.7,전반적 만족도,20,8,40,4,8,3.7,3.9,4.0,4.2,4.3,3.7,3.9,3.6,3.9,3.7,5.0,
AIG20210000313688,4,4.0,전반적 만족도,49,38,77.6,28,38,4.0,4.0,3.8,4.1,4.2,3.9,4.2,4.3,4.1,3.9,3.9,
AIG20210000313691,7,3.7,전반적 만족도,16,15,93.8,12,15,3.7,3.3,3.9,4.2,3.7,3.6,3.9,4.0,3.8,3.7,0.7,
AIG20210000313691,8,4.8,전반적 만족도,19,16,84.2,15,16,4.8,4.6,4.5,4.6,4.5,4.6,4.7,4.5,4.5,4.5,5.0,
AIG20210000313694,4,3.6,전반적 만족도,2,1,50,1,1,3.6,2.9,4.3,4.3,4.3,4.1,4.3,3.2,3.83,2.9,,
AIG20210000314411,11,4.0,전반적 만족도,17,13,76.5,11,13,4.0,2.7,4.1,4.3,4.0,3.9,4.1,4.3,3.6,3.5,,
AIG20210000314412,7,4.4,전반적 만족도,17,16,94.1,14,16,4.4,4.2,4.2,4.5,4.0,4.4,4.3,4.4,4.13,4.2,5.0,
AIG20210000314412,8,3.7,전반적 만족도,28,22,78.6,16,22,3.7,3.7,3.8,3.9,3.5,3.8,3.8,3.2,3.93,3.6,3.6,
AIG20210000314412,9,4.7,전반적 만족도,30,27,90,27,27,4.7,4.6,4.7,4.8,4.7,4.7,4.7,4.7,4.57,4.7,,
AIG20210000314412,10,4.2,전반적 만족도,29,21,72.4,18,21,4.2,4.3,4.3,4.5,4.4,4.3,4.4,4.3,4.3,4.2,,
AIG20210000314412,11,5.0,전반적 만족도,28,24,85.7,24,24,5.0,4.9,5.0,5.0,5.0,5.0,5.0,4.9,4.9,5.0,,
AIG20210000314413,7,4.4,전반적 만족도,16,11,68.8,9,11,4.4,4.4,4.4,4.3,4.3,4.4,4.4,4.1,4.43,4.3,,
AIG20210000314413,8,4.5,전반적 만족도,18,13,72.2,13,13,4.5,4.1,4.3,4.6,4.3,4.5,4.7,4.1,4.3,4.3,2.9,
AIG20210000314413,9,4.7,전반적 만족도,24,18,75,18,18,4.7,4.5,4.7,4.8,4.6,4.6,4.6,4.4,4.6,4.7,5.0,
AIG20210000314413,10,3.4,전반적 만족도,23,23,100,22,23,3.4,3.1,3.6,3.6,3.6,3.3,3.6,3.1,3.53,3.5,,
AIG20210000314413,11,4.5,전반적 만족도,19,11,57.9,11,11,4.5,4.4,4.3,4.5,4.3,4.4,4.2,4.3,4.43,4.5,5.0,
AIG20210000314414,3,4.6,전반적 만족도,11,5,45.5,5,5,4.6,4.3,4.9,4.9,4.6,4.6,4.6,4.7,4.6,4.7,,
AIG20210000314417,3,5.0,전반적 만족도,14,7,50,7,7,5.0,4.8,5.0,5.0,4.9,5.0,5.0,5.0,4.73,4.8,5.0,
AIG20210000314418,3,5.0,전반적 만족도,9,8,88.9,8,8,5.0,5.0,5.0,5.0,5.0,5.0,5.0,5.0,5.0,5.0,,
AIG20210000314418,4,5.0,전반적 만족도,10,9,90,9,9,5.0,5.0,5.0,5.0,5.0,5.0,5.0,5.0,5.0,5.0,5.0,
AIG20210000314421,5,4.5,전반적 만족도,11,10,90.9,9,10,4.5,4.2,4.3,4.4,4.0,4.1,4.2,3.0,4.13,4.0,5.0,
AIG20210000314421,6,4.7,전반적 만족도,9,8,88.9,7,8,4.7,4.6,4.7,4.7,4.5,4.7,4.6,4.0,4.63,4.7,5.0,
AIG20210000314421,8,3.6,전반적 만족도,8,6,75,5,6,3.6,3.8,3.8,3.9,3.8,4.0,3.9,3.6,3.63,3.3,,
AIG20210000314421,10,5.0,전반적 만족도,6,3,50,3,3,5.0,5.0,5.0,5.0,4.8,4.9,5.0,4.5,4.53,4.3,,
AIG20210000314423,4,3.9,전반적 만족도,6,5,83.3,3,5,3.9,3.7,4.1,3.9,4.0,4.0,4.3,4.1,3.97,3.4,,
AIG20210000314424,6,4.1,전반적 만족도,11,8,72.7,7,8,4.1,4.5,4.3,4.6,4.2,4.4,4.4,4.6,4.53,4.6,4.3,
AIG20210000314425,6,4.0,전반적 만족도,7,5,71.4,5,5,4.0,4.4,3.7,4.0,3.9,3.7,4.1,4.0,3.77,3.7,,
AIG20210000314430,3,3.7,전반적 만족도,12,8,66.7,4,8,3.7,3.9,3.8,4.1,4.0,3.6,3.8,3.9,3.07,3.5,,
AIG20210000314432,3,4.3,전반적 만족도,19,16,84.2,16,16,4.3,3.9,4.1,4.2,4.1,4.0,4.3,4.4,4.07,4.3,3.6,
AIG20210000314436,3,3.4,전반적 만족도,24,11,45.8,6,11,3.4,3.2,3.5,3.4,3.5,3.2,3.4,2.9,3.33,3.1,,
AIG20210000314437,3,4.6,전반적 만족도,21,15,71.4,15,15,4.6,4.6,4.6,4.6,4.5,4.6,4.7,4.6,4.43,4.6,4.6,
AIG20210000314440,5,4.6,전반적 만족도,22,21,95.5,21,21,4.6,4.4,4.7,4.7,4.7,4.5,4.6,4.4,4.57,4.5,5.0,
AIG20210000314440,6,4.7,전반적 만족도,14,11,78.6,11,11,4.7,4.0,4.5,4.6,4.5,4.5,4.5,4.4,4.27,4.1,,
AIG20210000314445,5,4.1,전반적 만족도,21,17,81,14,17,4.1,3.9,4.3,4.6,4.2,4.1,4.0,3.9,4.2,4.1,3.9,
AIG20210000314446,5,3.6,전반적 만족도,19,14,73.7,10,14,3.6,3.4,3.9,3.8,3.8,3.7,3.7,3.8,3.9,3.4,,
AIG20210000314447,4,4.1,전반적 만족도,18,16,88.9,12,16,4.1,4.1,4.1,4.3,4.3,4.2,4.2,4.2,4.03,4.0,3.9,
AIG20210000314466,24,4.6,전반적 만족도,23,16,69.6,16,16,4.6,4.5,4.6,4.5,4.7,4.5,4.6,4.5,4.47,4.2,4.3,
AIG20210000314466,25,3.1,전반적 만족도,23,18,78.3,10,18,3.1,3.8,3.2,3.4,3.7,3.6,3.6,3.7,3.47,3.0,2.9,
AIG20210000314466,26,3.5,전반적 만족도,23,19,82.6,12,19,3.5,3.9,3.6,3.3,3.9,3.5,3.6,3.9,3.6,3.1,3.6,
AIG20210000314466,27,3.7,전반적 만족도,20,14,70,9,14,3.7,3.9,3.6,3.5,3.9,3.7,3.6,4.0,3.37,3.1,4.3,
AIG20210000314466,28,3.8,전반적 만족도,27,19,70.4,14,19,3.8,3.8,4.0,4.0,4.0,3.9,4.0,4.0,3.53,3.4,3.9,
AIG20210000314466,29,4.2,전반적 만족도,22,16,72.7,14,16,4.2,3.8,4.1,4.1,4.2,4.2,4.3,4.2,4.07,3.8,3.6,
AIG20210000314466,30,4.2,전반적 만족도,22,19,86.4,14,19,4.2,4.0,4.0,4.1,4.1,4.0,4.1,4.0,3.83,3.8,4.3,
AIG20210000314466,31,3.2,전반적 만족도,18,14,77.8,4,14,3.2,3.0,3.1,3.0,3.4,3.1,3.5,2.9,3.2,2.4,2.5,
AIG20210000314466,32,4.3,전반적 만족도,27,22,81.5,19,22,4.3,4.4,4.4,4.7,4.5,4.3,4.3,4.2,4.2,4.0,4.6,
AIG20210000314466,33,3.4,전반적 만족도,19,13,68.4,7,13,3.4,3.2,3.5,3.4,3.6,3.3,3.7,3.7,3.13,3.1,3.3,
AIG20210000314466,34,4.5,전반적 만족도,27,21,77.8,19,21,4.5,4.4,4.3,4.5,4.5,4.5,4.5,4.5,4.33,4.3,4.3,
AIG20210000314472,21,3.9,전반적 만족도,32,21,65.6,17,21,3.9,3.9,3.7,3.7,3.8,3.8,4.1,3.7,4.0,3.4,4.0,
AIG20210000314472,22,4.6,전반적 만족도,16,11,68.8,11,11,4.6,4.5,4.4,4.6,4.6,4.6,4.6,4.6,4.53,4.5,4.6,
AIG20210000314472,23,4.1,전반적 만족도,17,10,58.8,9,10,4.1,4.0,4.3,4.0,4.3,4.2,4.1,4.0,4.17,4.1,4.5,
AIG20210000314479,6,4.8,전반적 만족도,60,54,90,54,54,4.8,4.7,4.9,4.9,4.9,4.8,4.9,4.8,4.73,4.7,4.5,
AIG20210000314479,7,4.7,전반적 만족도,30,27,90,27,27,4.7,4.3,4.7,4.6,4.7,4.6,4.6,4.4,4.7,4.5,5.0,
AIG20210000314480,6,4.7,전반적 만족도,60,51,85,51,51,4.7,4.6,4.7,4.8,4.8,4.7,4.7,4.7,4.57,4.3,4.7,
AIG20210000314480,7,4.8,전반적 만족도,27,26,96.3,26,26,4.8,4.7,4.8,4.9,4.9,4.7,4.9,4.7,4.8,4.8,3.9,
AIG20210000314480,8,4.5,전반적 만족도,28,26,92.9,23,26,4.5,4.4,4.5,4.6,4.6,4.4,4.5,4.3,4.43,4.2,,
AIG20210000320474,5,4.1,전반적 만족도,32,25,78.1,21,25,4.1,3.8,4.4,4.3,4.5,4.1,4.1,4.4,4.03,3.7,4.1,
AIG20210000320474,6,4.3,전반적 만족도,20,11,55,8,11,4.3,2.9,3.6,3.9,3.6,3.6,3.6,3.6,3.47,3.4,,
AIG20210000320882,5,3.9,전반적 만족도,28,25,89.3,23,25,3.9,3.8,4.0,4.0,3.9,3.8,3.9,4.0,3.73,3.7,4.0,
AIG20210000320882,6,3.9,전반적 만족도,14,12,85.7,10,12,3.9,3.8,4.0,4.0,3.9,3.9,3.8,4.0,3.83,3.9,4.3,
AIG20210000320939,5,4.3,전반적 만족도,19,15,78.9,13,15,4.3,4.0,4.1,4.1,4.2,4.0,3.8,4.0,4.1,3.7,3.6,
AIG20210000320939,6,3.52,항목평균(전반적 만족도 없음),14,11,78.6,10,11,,,,,,,,,3.57,3.4,,
AIG20210000328538,3,4.0,전반적 만족도,19,15,78.9,11,15,4.0,4.7,4.0,4.4,4.0,4.0,3.7,4.1,4.13,3.9,3.9,
AIG20210000328538,4,4.1,전반적 만족도,19,14,73.7,9,14,4.1,4.0,4.0,4.4,4.3,4.2,4.1,3.9,4.17,3.6,4.3,
AIG20210000328538,5,4.8,전반적 만족도,13,10,76.9,10,10,4.8,4.7,4.7,4.9,4.8,4.8,4.8,4.7,4.73,4.9,5.0,
AIG20210000328542,5,4.2,전반적 만족도,22,18,81.8,15,18,4.2,4.0,4.2,4.1,4.3,4.0,4.4,3.5,4.07,3.9,3.9,
AIG20210000328542,6,3.2,전반적 만족도,21,15,71.4,12,15,3.2,3.3,3.3,3.4,3.5,3.5,3.5,3.7,3.37,3.2,,
AIG20210000328544,3,4.1,전반적 만족도,15,12,80,11,12,4.1,4.0,4.2,4.8,4.2,4.0,4.1,4.0,3.67,4.1,5.0,
AIG20210000328549,4,4.5,전반적 만족도,21,10,47.6,9,10,4.5,4.4,4.5,4.6,4.5,4.6,4.6,4.6,4.47,4.6,,
AIG20210000328549,5,4.5,전반적 만족도,14,11,78.6,11,11,4.5,4.6,4.5,4.5,4.5,4.4,4.6,4.5,4.6,4.7,,
AIG20210000328549,6,4.0,전반적 만족도,13,10,76.9,8,10,4.0,4.0,4.3,4.3,4.1,3.9,4.0,4.1,4.13,3.9,4.3,
AIG20210000328549,7,3.6,전반적 만족도,13,5,38.5,4,5,3.6,2.1,3.3,3.6,3.2,3.7,3.4,3.8,2.77,2.9,,
AIG20210000328550,5,4.7,전반적 만족도,31,28,90.3,26,28,4.7,4.2,4.8,4.9,4.7,4.7,4.8,4.7,4.57,4.7,4.8,
AIG20210000328550,6,3.8,전반적 만족도,11,8,72.7,7,8,3.8,3.9,3.6,3.5,3.5,3.7,3.7,4.1,4.03,4.0,3.6,
AIG20210000328550,7,4.6,전반적 만족도,14,13,92.9,12,13,4.6,4.6,4.5,4.6,4.5,4.6,4.4,4.6,4.47,4.5,5.0,
AIG20210000328550,8,2.8,전반적 만족도,22,19,86.4,15,19,2.8,3.2,3.4,2.5,3.0,3.0,2.7,3.7,3.23,2.9,2.9,
AIG20210000328550,9,3.3,전반적 만족도,20,18,90,11,18,3.3,3.7,3.4,3.5,3.3,3.4,3.4,3.8,3.33,3.2,2.1,
AIG20210000328550,10,4.0,전반적 만족도,16,13,81.3,11,13,4.0,4.1,3.9,4.1,3.9,3.9,4.0,3.8,4.1,3.7,,
AIG20210000328550,11,4.7,전반적 만족도,24,23,95.8,22,23,4.7,4.5,4.5,4.8,4.5,4.5,4.7,4.7,4.6,4.6,5.0,
AIG20210000328552,3,3.8,전반적 만족도,16,14,87.5,9,14,3.8,3.4,3.8,4.2,3.9,3.5,3.8,3.5,3.57,3.4,5.0,
AIG20210000328552,4,4.8,전반적 만족도,14,11,78.6,11,11,4.8,4.7,4.7,4.7,4.6,4.7,5.0,4.6,4.57,4.7,4.3,
AIG20210000328553,4,4.8,전반적 만족도,20,17,85,16,17,4.8,4.7,4.9,4.9,4.9,4.8,4.9,4.7,4.77,4.8,5.0,
AIG20210000328553,5,4.1,전반적 만족도,19,13,68.4,11,13,4.1,3.9,4.2,4.2,4.1,4.0,3.9,4.1,4.03,4.1,5.0,
AIG20210000328553,6,4.7,전반적 만족도,23,17,73.9,17,17,4.7,4.5,4.9,4.8,4.8,4.7,4.9,4.6,4.7,4.9,,
AIG20210000328553,7,3.2,전반적 만족도,12,8,66.7,5,8,3.2,4.0,3.4,3.6,2.9,3.5,3.5,3.9,3.43,3.3,,
AIG20210000328555,6,3.7,전반적 만족도,12,8,66.7,5,8,3.7,3.3,3.8,4.0,3.8,3.8,3.8,4.0,3.57,3.3,,
AIG20210000328557,9,4.6,전반적 만족도,20,15,75,14,15,4.6,4.6,4.6,4.6,4.6,4.5,4.7,4.4,4.47,4.2,4.3,
AIG20210000328564,4,4.4,전반적 만족도,7,6,85.7,6,6,4.4,4.3,4.5,4.5,4.5,4.5,4.4,4.5,4.13,4.2,,
AIG20210000328565,8,4.3,전반적 만족도,34,28,82.4,25,28,4.3,4.3,4.2,4.5,4.5,4.4,4.2,4.1,4.43,4.0,4.2,
AIG20210000328565,9,4.3,전반적 만족도,39,29,74.4,27,29,4.3,4.4,4.4,4.5,4.5,4.4,4.6,4.5,4.43,4.3,4.0,
AIG20210000328565,10,4.3,전반적 만족도,28,25,89.3,21,25,4.3,4.3,4.2,4.5,4.4,4.2,3.9,4.3,4.3,3.8,4.0,
AIG20210000328565,11,4.4,전반적 만족도,24,16,66.7,15,16,4.4,4.0,4.3,4.5,4.4,4.2,4.0,4.4,4.3,4.1,5.0,
AIG20210000328565,12,4.6,전반적 만족도,33,29,87.9,28,29,4.6,4.6,4.6,4.6,4.6,4.5,4.4,4.6,4.5,4.6,4.4,
AIG20210000328565,13,3.9,전반적 만족도,22,12,54.5,10,12,3.9,3.3,3.8,4.2,4.1,3.9,4.1,2.8,4.17,3.9,3.9,
AIG20210000328571,10,3.9,전반적 만족도,49,43,87.8,29,43,3.9,3.8,3.8,4.2,4.0,3.9,4.1,3.9,3.93,3.2,3.7,
AIG20210000328571,11,4.0,전반적 만족도,96,76,79.2,66,76,4.0,3.9,4.0,4.2,4.2,4.0,4.1,3.8,4.0,3.4,3.9,
AIG20210000328572,9,4.1,전반적 만족도,81,62,76.5,58,62,4.1,4.2,4.2,4.2,4.3,4.2,4.1,4.2,4.2,3.5,4.3,
AIG20210000328592,4,3.0,전반적 만족도,22,20,90.9,9,20,3.0,3.0,3.0,2.8,3.1,3.1,3.6,3.2,3.03,3.0,2.9,
AIG20210000328592,6,3.8,전반적 만족도,16,13,81.3,9,13,3.8,3.6,3.9,4.0,4.0,4.0,4.0,4.1,3.87,3.9,4.3,
AIG20210000328592,7,4.5,전반적 만족도,13,6,46.2,5,6,4.5,3.8,4.0,4.0,4.2,4.1,4.5,3.8,4.37,4.3,,
AIG20210000328592,8,4.3,전반적 만족도,12,11,91.7,10,11,4.3,4.2,4.2,4.4,4.2,4.1,4.4,4.1,3.9,4.1,,
AIG20210000328592,9,4.4,전반적 만족도,15,6,40,5,6,4.4,4.0,4.7,5.0,4.9,4.7,4.8,4.0,4.67,4.4,,
AIG20210000328592,10,4.8,전반적 만족도,12,8,66.7,8,8,4.8,4.8,4.9,5.0,4.9,4.9,4.8,4.8,4.83,4.8,,
AIG20210000328593,7,4.7,전반적 만족도,16,14,87.5,14,14,4.7,4.6,4.8,4.9,4.8,4.7,4.7,4.8,4.37,4.5,,
AIG20210000328598,4,4.1,전반적 만족도,14,10,71.4,7,10,4.1,4.1,4.2,4.6,4.3,4.0,3.9,3.4,4.1,4.1,,
AIG20210000328599,3,4.5,전반적 만족도,10,10,100,9,10,4.5,4.8,4.8,4.8,4.8,4.7,4.6,4.5,4.37,4.4,,
AIG20210000328599,4,4.8,전반적 만족도,8,7,87.5,7,7,4.8,4.6,4.8,4.8,4.8,4.8,4.6,4.7,4.9,4.6,5.0,
AIG20210000328599,5,5.0,전반적 만족도,17,17,100,17,17,5.0,4.8,4.9,4.9,5.0,4.9,5.0,4.7,4.9,4.9,5.0,
AIG20210000328599,6,4.8,전반적 만족도,13,12,92.3,11,12,4.8,4.8,5.0,4.9,4.9,4.7,4.9,4.3,4.9,4.9,5.0,
AIG20210000328610,5,4.2,전반적 만족도,12,12,100,11,12,4.2,3.8,4.5,4.6,4.5,4.4,4.3,4.5,3.7,3.9,,
AIG20210000328610,6,4.4,전반적 만족도,10,9,90,9,9,4.4,4.2,4.2,4.3,4.0,4.2,4.2,4.4,4.3,4.4,5.0,
AIG20210000328610,7,4.3,전반적 만족도,22,13,59.1,13,13,4.3,4.1,4.0,4.1,4.1,4.2,3.9,4.5,3.67,4.0,4.3,
AIG20210000328610,8,4.6,전반적 만족도,10,7,70,7,7,4.6,4.6,4.6,4.6,4.6,4.6,4.5,4.6,4.43,4.6,5.0,
AIG20210000328612,7,4.5,전반적 만족도,24,14,58.3,13,14,4.5,4.3,4.7,4.6,4.6,4.6,4.7,4.8,4.5,4.4,4.6,
AIG20210000328612,8,4.6,전반적 만족도,17,10,58.8,8,10,4.6,4.3,4.4,4.5,4.4,4.4,4.6,4.4,4.33,4.4,5.0,
AIG20210000328612,9,4.4,전반적 만족도,23,18,78.3,15,18,4.4,3.5,4.4,4.4,4.0,4.3,4.4,4.5,4.13,4.1,5.0,
AIG20210000328612,10,3.5,전반적 만족도,23,15,65.2,10,15,3.5,4.1,3.8,3.6,3.7,3.7,3.8,4.6,3.47,3.4,2.9,
AIG20210000328661,3,4.6,전반적 만족도,18,17,94.4,17,17,4.6,4.0,4.5,4.8,4.5,4.3,4.6,4.2,4.3,4.6,5.0,
AIG20210000328661,4,1.9,전반적 만족도,12,8,66.7,3,8,1.9,3.5,2.5,2.3,2.8,2.6,3.0,3.9,2.13,2.2,2.9,
AIG20210000328661,5,4.8,전반적 만족도,17,15,88.2,14,15,4.8,4.7,4.8,4.8,4.7,4.6,4.7,4.6,4.5,4.7,5.0,
AIG20210000328661,6,2.5,전반적 만족도,11,9,81.8,3,9,2.5,3.1,2.4,2.3,2.3,2.6,2.3,2.9,2.67,2.2,3.1,
AIG20210000328661,7,4.8,전반적 만족도,23,15,65.2,15,15,4.8,4.8,4.8,4.9,4.9,4.8,4.8,4.7,4.87,5.0,4.3,
AIG20210000328661,8,5.0,전반적 만족도,28,22,78.6,22,22,5.0,5.0,5.0,5.0,5.0,5.0,5.0,5.0,5.0,5.0,5.0,
AIG20210000328661,9,4.3,전반적 만족도,20,16,80,13,16,4.3,4.2,4.2,4.4,4.2,4.2,4.5,4.0,4.17,4.2,3.9,
AIG20210000328661,10,5.0,전반적 만족도,18,14,77.8,14,14,5.0,5.0,5.0,5.0,5.0,5.0,5.0,5.0,4.9,5.0,5.0,
AIG20210000328686,5,4.3,전반적 만족도,30,26,86.7,24,26,4.3,4.0,4.3,4.6,4.4,4.4,4.4,4.5,4.0,4.1,4.6,
AIG20210000328686,6,2.3,전반적 만족도,29,21,72.4,8,21,2.3,3.4,2.7,2.9,2.8,2.5,2.8,3.4,2.43,2.4,3.8,
AIG20210000328686,7,3.1,전반적 만족도,21,14,66.7,9,14,3.1,3.4,3.5,3.8,3.2,3.4,3.4,4.1,3.23,2.9,2.5,
AIG20210000328686,8,4.4,전반적 만족도,25,25,100,22,25,4.4,4.5,4.5,4.6,4.5,4.4,4.6,4.5,4.33,4.3,3.6,
AIG20210000328686,9,5.0,전반적 만족도,30,23,76.7,23,23,5.0,5.0,5.0,5.0,5.0,5.0,5.0,5.0,4.93,5.0,5.0,
AIG20210000328686,10,4.1,전반적 만족도,16,13,81.3,11,13,4.1,4.5,4.3,4.3,4.3,4.2,4.1,4.5,4.2,4.2,4.3,
AIG20210000328686,11,4.6,전반적 만족도,18,18,100,18,18,4.6,4.2,4.6,4.9,4.8,4.6,4.6,4.5,4.37,4.5,4.6,
AIG20210000328686,12,4.1,전반적 만족도,22,21,95.5,19,21,4.1,4.4,4.1,4.4,4.2,4.2,4.2,4.3,4.17,4.1,3.6,
AIG20210000328731,8,3.7,전반적 만족도,29,29,100,20,29,3.7,3.7,3.7,4.1,4.0,3.7,3.7,3.5,3.7,3.4,,
AIG20210000328731,9,4.2,전반적 만족도,19,14,73.7,13,14,4.2,4.3,4.3,4.4,4.4,4.2,4.2,4.2,4.17,4.1,3.9,
AIG20210000328731,10,4.6,전반적 만족도,16,15,93.8,14,15,4.6,4.5,4.5,4.6,4.7,4.4,4.6,4.0,4.63,4.5,5.0,
AIG20210000328737,7,4.0,전반적 만족도,19,16,84.2,15,16,4.0,4.4,4.3,3.9,4.0,4.3,4.3,4.2,4.47,4.2,,
AIG20210000328737,8,4.0,전반적 만족도,16,11,68.8,9,11,4.0,3.9,4.0,4.3,4.0,4.1,3.9,4.1,4.1,4.1,4.3,
AIG20210000328737,9,4.6,전반적 만족도,15,12,80,10,12,4.6,4.7,4.7,4.7,4.5,4.7,4.7,4.6,4.67,4.6,,
AIG20210000328737,10,4.2,전반적 만족도,9,7,77.8,7,7,4.2,3.9,3.9,4.2,3.7,4.0,4.1,3.7,4.07,3.9,,
AIG20210000328737,11,4.8,전반적 만족도,17,9,52.9,8,9,4.8,4.6,4.7,4.7,4.7,4.7,4.7,4.6,4.6,4.6,5.0,
AIG20210000328737,12,4.4,전반적 만족도,22,20,90.9,19,20,4.4,4.4,4.4,4.6,4.4,4.4,4.5,4.3,4.27,4.4,5.0,
AIG20210000328737,13,3.2,전반적 만족도,15,13,86.7,7,13,3.2,3.5,3.5,3.3,3.4,3.5,3.6,3.2,3.53,3.4,,
AIG20210000328738,3,4.6,전반적 만족도,18,15,83.3,12,15,4.6,4.6,4.6,4.6,4.7,4.7,4.8,4.6,4.7,4.5,3.2,
AIG20210000328738,4,4.5,전반적 만족도,12,11,91.7,9,11,4.5,4.6,4.4,4.9,4.9,4.4,4.5,4.8,4.47,4.4,,
AIG20210000328738,5,4.4,전반적 만족도,14,6,42.9,5,6,4.4,4.0,4.4,4.4,4.3,4.2,4.3,3.8,3.9,4.0,5.0,
AIG20210000328738,6,5.0,전반적 만족도,13,6,46.2,6,6,5.0,5.0,5.0,5.0,5.0,4.9,4.9,4.9,4.93,4.9,5.0,
AIG20210000328759,3,5.0,전반적 만족도,29,22,75.9,22,22,5.0,5.0,5.0,5.0,5.0,5.0,5.0,5.0,5.0,5.0,5.0,
AIG20210000328759,4,4.7,전반적 만족도,30,27,90,22,27,4.7,4.7,4.7,4.9,4.8,4.7,4.8,4.7,4.63,4.7,4.8,
AIG20210000328759,5,4.8,전반적 만족도,30,26,86.7,25,26,4.8,4.6,4.8,4.8,4.8,4.8,4.9,4.8,4.8,4.8,4.1,
AIG20210000328759,6,5.0,전반적 만족도,16,16,100,16,16,5.0,4.8,4.9,4.9,4.9,4.7,4.8,4.9,4.7,4.9,5.0,
AIG20210000328759,10,3.8,전반적 만족도,21,16,76.2,10,16,3.8,4.0,3.8,3.9,3.9,3.8,3.6,4.0,3.83,3.8,5.0,
AIG20210000328760,2,3.2,전반적 만족도,8,7,87.5,3,7,3.2,2.9,3.3,3.4,3.0,3.2,3.5,3.8,3.17,2.4,2.9,
AIG20210000328770,2,4.5,전반적 만족도,17,14,82.4,14,14,4.5,4.3,4.5,4.5,4.7,4.3,4.6,4.4,4.4,4.5,,
AIG20210000328770,5,5.0,전반적 만족도,7,2,28.6,2,2,5.0,5.0,5.0,5.0,5.0,5.0,5.0,5.0,5.0,5.0,,
AIG20210000328771,2,4.4,전반적 만족도,13,7,53.8,6,7,4.4,4.5,4.4,4.3,4.4,4.4,4.4,4.5,4.7,4.5,,
AIG20210000328771,3,3.8,전반적 만족도,15,10,66.7,8,10,3.8,3.4,3.5,4.2,3.4,3.6,3.5,3.0,3.7,3.2,2.9,
AIG20210000328802,4,4.5,전반적 만족도,24,17,70.8,16,17,4.5,4.3,4.5,4.7,4.4,4.6,4.3,4.4,4.4,4.3,5.0,
AIG20210000328802,5,4.4,전반적 만족도,13,11,84.6,11,11,4.4,4.4,4.4,4.5,4.4,4.3,4.6,4.2,4.47,4.4,2.1,
AIG20210000328802,6,4.2,전반적 만족도,20,15,75,15,15,4.2,3.9,4.1,4.3,4.0,4.4,4.3,4.2,3.97,4.1,,
AIG20210000328802,7,4.8,전반적 만족도,19,17,89.5,16,16,4.8,4.7,4.8,4.9,4.9,4.7,4.8,4.6,4.57,4.5,,
AIG20210000328802,8,3.8,전반적 만족도,28,24,85.7,21,24,3.8,3.6,3.5,3.8,3.8,3.8,4.0,4.0,3.8,3.8,5.0,
AIG20210000328802,9,4.6,전반적 만족도,29,26,89.7,24,26,4.6,4.0,4.8,4.8,4.6,4.7,4.7,4.6,4.4,4.6,,
AIG20210000328802,10,3.6,전반적 만족도,19,16,84.2,10,16,3.6,3.3,3.5,3.5,3.4,3.6,3.5,3.5,3.3,3.3,5.0,
AIG20210000328805,8,4.6,전반적 만족도,30,30,100,28,30,4.6,4.7,4.8,4.9,4.8,4.6,4.7,4.6,4.57,4.5,,
AIG20210000328805,9,4.6,전반적 만족도,29,28,96.6,27,28,4.6,4.4,4.5,4.6,4.6,4.5,4.5,4.5,4.37,4.3,5.0,
AIG20210000328805,10,4.9,전반적 만족도,30,24,80,22,24,4.9,4.9,4.9,4.9,4.9,4.9,4.9,4.9,4.83,4.8,4.6,
AIG20210000328805,11,4.3,전반적 만족도,25,22,88,20,22,4.3,4.4,4.3,4.3,4.4,4.4,4.4,4.4,4.4,4.3,4.3,
AIG20210000328805,12,3.8,전반적 만족도,30,24,80,16,24,3.8,4.2,3.9,4.0,4.1,3.9,3.8,4.4,4.17,3.8,4.3,
AIG20210000328805,13,4.1,전반적 만족도,12,7,58.3,6,7,4.1,4.2,4.1,4.1,4.2,4.1,4.2,4.2,4.2,4.1,,
AIG20210000328827,3,4.7,전반적 만족도,24,23,95.8,23,23,4.7,4.4,4.5,4.8,4.6,4.5,4.6,4.3,4.37,4.7,,
AIG20210000328827,4,4.8,전반적 만족도,21,15,71.4,15,15,4.8,4.6,4.9,4.9,4.7,4.8,4.8,4.7,4.8,4.8,,
AIG20210000328827,5,3.5,전반적 만족도,14,10,71.4,9,10,3.5,3.5,3.6,3.9,3.7,3.6,3.6,3.4,3.23,3.6,,
AIG20210000328828,7,4.6,전반적 만족도,25,23,92,23,23,4.6,4.6,4.7,4.9,4.6,4.7,4.6,4.6,4.6,4.7,5.0,
AIG20210000328828,8,4.3,전반적 만족도,23,17,73.9,14,17,4.3,4.3,4.3,4.4,4.2,4.2,4.5,3.9,4.23,4.4,,
AIG20210000328828,9,4.3,전반적 만족도,20,13,65,12,13,4.3,4.3,4.5,4.5,4.5,4.3,4.5,4.5,4.43,4.1,,
AIG20210000328828,10,4.4,전반적 만족도,16,11,68.8,11,11,4.4,4.2,4.8,4.8,4.7,4.4,4.3,4.1,4.43,4.5,4.3,
AIG20210000328834,4,4.6,전반적 만족도,9,8,88.9,8,8,4.6,4.6,4.6,4.6,4.6,4.5,4.4,4.6,4.3,4.7,5.0,
AIG20210000328835,3,3.8,전반적 만족도,19,17,89.5,13,17,3.8,3.7,3.7,3.9,3.9,3.8,3.7,4.0,3.9,3.3,5.0,
AIG20210000328835,4,2.5,전반적 만족도,27,19,70.4,11,19,2.5,2.3,2.3,2.8,2.6,2.6,2.4,2.6,2.63,2.3,,
AIG20210000328839,12,3.6,전반적 만족도,10,4,40,1,4,3.6,3.2,3.7,3.4,3.7,3.5,3.6,3.4,3.4,2.7,,
AIG20210000328839,13,3.6,전반적 만족도,18,11,61.1,5,11,3.6,3.6,3.9,3.9,4.2,3.6,4.0,3.9,3.53,2.9,,
AIG20210000328839,14,3.5,전반적 만족도,16,9,56.3,7,9,3.5,3.6,3.2,3.5,3.6,3.5,3.6,3.4,3.37,3.0,4.6,
AIG20210000328839,15,3.7,전반적 만족도,11,8,72.7,5,8,3.7,3.9,4.1,4.3,4.2,3.9,4.0,4.1,3.97,3.7,,
AIG20210000328839,16,3.4,전반적 만족도,8,4,50,2,4,3.4,3.8,3.6,3.8,3.8,3.5,3.8,3.9,3.77,3.6,,
AIG20210000328839,17,4.3,전반적 만족도,7,6,85.7,4,6,4.3,4.3,4.3,4.0,4.2,4.2,4.4,4.3,4.27,3.5,,
AIG20210000328839,18,3.9,전반적 만족도,21,13,61.9,9,13,3.9,3.6,3.9,3.7,4.0,3.6,4.1,3.8,3.63,3.2,3.6,
AIG20210000328847,3,4.1,전반적 만족도,29,28,96.6,25,28,4.1,3.9,4.0,4.2,4.1,4.1,4.2,3.9,3.97,3.9,3.5,
AIG20210000328853,5,2.7,전반적 만족도,27,22,81.5,6,22,2.7,3.4,2.9,3.2,2.8,2.8,3.2,3.7,2.93,2.3,2.1,
AIG20210000328853,6,4.1,전반적 만족도,16,12,75,9,12,4.1,4.3,4.1,4.3,4.0,3.9,4.0,4.5,3.87,3.8,4.3,
AIG20210000328853,7,4.3,전반적 만족도,28,18,64.3,18,18,4.3,4.7,4.5,4.2,4.3,4.3,4.2,4.7,4.2,4.2,,
AIG20210000328853,8,4.8,전반적 만족도,16,13,81.3,12,13,4.8,4.7,4.9,4.7,4.8,4.8,4.6,4.9,4.57,4.7,5.0,
AIG20210000328853,9,4.3,전반적 만족도,21,19,90.5,18,19,4.3,4.3,4.2,4.5,4.3,4.2,4.4,4.3,4.23,4.1,5.0,
AIG20210000328860,12,4.2,전반적 만족도,53,38,71.7,32,38,4.2,4.1,4.3,4.4,4.1,4.3,4.3,4.2,4.17,3.7,,
AIG20210000328860,13,4.1,전반적 만족도,45,35,77.8,28,35,4.1,3.8,4.1,4.1,4.0,4.0,3.9,4.0,3.93,3.8,3.7,
AIG20210000328860,14,4.5,전반적 만족도,42,25,59.5,23,25,4.5,4.6,4.7,4.8,4.8,4.6,4.6,4.6,4.37,4.3,4.1,
AIG20210000328860,15,4.0,전반적 만족도,25,19,76,12,19,4.0,3.6,3.8,4.1,3.8,4.0,3.8,3.9,3.73,3.0,4.6,
AIG20210000328860,16,4.0,전반적 만족도,56,40,71.4,34,40,4.0,4.0,4.2,4.2,4.2,4.1,4.0,4.2,3.97,3.6,4.3,
AIG20210000328860,17,4.4,전반적 만족도,20,19,95,17,19,4.4,3.9,4.4,4.3,4.4,4.2,4.5,4.2,4.03,3.5,4.6,
AIG20210000328860,18,4.7,전반적 만족도,17,14,82.4,14,14,4.7,4.3,4.7,4.7,4.7,4.7,4.6,4.7,4.57,4.2,5.0,
AIG20210000328860,19,4.1,전반적 만족도,27,20,74.1,16,20,4.1,4.0,4.3,4.5,4.2,4.1,3.9,4.1,3.97,3.8,4.5,
AIG20210000328860,21,4.1,전반적 만족도,20,16,80,13,16,4.1,4.0,4.2,4.2,4.2,4.2,4.1,4.2,4.03,3.8,4.3,
AIG20210000328860,22,3.2,전반적 만족도,26,16,61.5,12,16,3.2,3.1,3.3,3.6,3.1,3.4,3.2,3.2,3.17,2.9,3.9,
AIG20210000328860,23,3.4,전반적 만족도,16,12,75,9,12,3.4,3.8,3.4,3.6,3.3,3.4,3.6,3.4,3.6,3.2,,
AIG20210000328860,24,3.6,전반적 만족도,25,14,56,11,14,3.6,3.7,3.9,4.2,3.8,3.7,3.5,3.6,3.57,3.3,4.3,
AIG20210000328860,25,4.4,전반적 만족도,42,37,88.1,34,37,4.4,4.2,4.4,4.4,4.4,4.4,4.3,4.4,4.3,4.2,5.0,
AIG20210000328860,26,3.9,전반적 만족도,13,8,61.5,7,8,3.9,3.7,4.2,4.3,4.0,4.2,3.7,3.8,3.47,3.8,5.0,
AIG20210000328860,27,4.4,전반적 만족도,15,12,80,11,12,4.4,3.6,4.4,4.6,4.4,4.5,4.8,4.4,4.07,4.3,3.9,
AIG20210000328860,28,3.2,전반적 만족도,12,9,75,4,9,3.2,3.5,3.8,3.7,3.7,3.5,3.4,3.5,3.4,3.2,,
AIG20210000328865,6,4.8,전반적 만족도,99,97,98,96,97,4.8,4.7,4.7,4.8,4.8,4.7,4.8,4.8,4.63,4.5,4.6,
AIG20210000328865,7,4.5,전반적 만족도,71,64,90.1,60,64,4.5,4.2,4.5,4.7,4.6,4.4,4.6,4.5,4.27,4.2,4.2,
AIG20210000328865,8,4.4,전반적 만족도,88,86,97.7,82,86,4.4,4.2,4.3,4.5,4.5,4.4,4.5,4.4,4.13,4.1,4.4,
AIG20210000328865,9,4.7,전반적 만족도,44,44,100,43,44,4.7,4.5,4.7,4.8,4.8,4.7,4.8,4.7,4.5,4.5,4.8,
AIG20210000328865,10,4.6,전반적 만족도,40,37,92.5,36,37,4.6,4.2,4.6,4.7,4.7,4.6,4.7,4.6,4.23,4.3,3.9,
AIG20210000328865,11,4.3,전반적 만족도,60,48,80,46,48,4.3,4.1,4.4,4.6,4.5,4.3,4.4,4.3,4.03,4.3,4.8,
AIG20210000328868,6,4.2,전반적 만족도,140,120,85.7,105,120,4.2,4.3,4.4,4.4,4.5,4.2,4.4,4.4,4.23,3.9,3.9,
AIG20210000328868,7,3.9,전반적 만족도,101,81,80.2,66,81,3.9,3.9,4.1,4.3,4.3,4.0,4.1,4.3,3.9,3.5,4.2,
AIG20210000328868,8,4.2,전반적 만족도,64,55,85.9,48,55,4.2,4.0,4.2,4.3,4.2,4.2,4.2,4.3,4.03,3.8,3.8,
AIG20210000328868,9,4.2,전반적 만족도,60,53,88.3,49,53,4.2,4.1,4.4,4.5,4.5,4.2,4.2,4.5,4.1,3.8,3.9,
AIG20210000328868,10,4.1,전반적 만족도,54,49,90.7,40,49,4.1,3.8,4.2,4.3,4.4,4.1,4.0,4.2,4.1,3.7,4.6,
AIG20210000328868,11,3.4,전반적 만족도,31,16,51.6,12,16,3.4,2.9,4.0,3.7,3.7,3.5,3.6,3.5,3.03,2.9,2.9,
AIG20210000328870,7,5.0,전반적 만족도,5,4,80,4,4,5.0,5.0,5.0,5.0,5.0,5.0,5.0,4.6,4.73,5.0,4.3,
AIG20210000328870,8,4.3,전반적 만족도,10,8,80,8,8,4.3,4.3,4.2,4.3,4.3,4.3,4.2,4.2,4.23,4.2,5.0,
AIG20210000328870,9,5.0,전반적 만족도,2,2,100,2,2,5.0,4.6,4.8,5.0,5.0,4.9,5.0,4.8,5.0,4.6,,
AIG20210000328873,11,3.4,전반적 만족도,15,11,73.3,3,11,3.4,3.5,4.0,4.1,4.3,3.6,3.6,3.7,3.5,2.9,3.8,
AIG20210000328873,12,4.1,전반적 만족도,12,8,66.7,7,8,4.1,4.1,4.1,4.1,4.2,4.0,4.2,4.1,4.2,3.8,4.3,
AIG20210000328873,13,3.8,전반적 만족도,18,12,66.7,10,12,3.8,3.9,4.1,4.3,4.4,3.9,4.2,4.3,3.97,3.5,3.6,
AIG20210000328873,14,4.4,전반적 만족도,7,6,85.7,6,6,4.4,3.7,3.8,4.3,4.3,4.1,4.3,4.5,3.8,3.9,3.6,
AIG20210000328873,15,4.4,전반적 만족도,7,6,85.7,6,6,4.4,4.2,4.4,4.6,4.4,4.5,4.4,4.5,4.2,4.3,4.3,
AIG20210000328873,16,4.6,전반적 만족도,10,5,50,5,5,4.6,4.4,4.6,4.5,4.6,4.5,4.8,4.6,4.5,4.1,4.3,
AIG20210000328873,17,4.4,전반적 만족도,16,13,81.3,12,13,4.4,4.2,4.5,4.4,4.5,4.4,4.0,4.3,4.13,4.1,4.8,
AIG20210000328907,2,4.8,전반적 만족도,25,18,72,17,18,4.8,4.7,4.8,4.8,4.8,4.7,4.6,4.7,4.5,4.6,5.0,
AIG20210000328907,3,4.2,전반적 만족도,20,15,75,12,15,4.2,4.1,4.1,4.3,4.3,4.2,4.1,4.0,4.0,3.9,,
AIG20210000328907,4,4.8,전반적 만족도,15,9,60,8,9,4.8,4.5,4.7,4.8,4.8,4.7,4.6,4.8,4.63,4.7,5.0,
AIG20210000328907,5,4.8,전반적 만족도,13,8,61.5,8,8,4.8,4.9,4.9,4.9,4.9,4.9,4.9,4.7,4.47,4.9,,
AIG20210000328922,4,4.9,전반적 만족도,21,21,100,21,21,4.9,4.8,4.8,4.9,4.7,4.8,4.8,4.9,4.83,4.9,5.0,
AIG20210000328922,5,4.7,전반적 만족도,20,19,95,18,19,4.7,4.7,4.7,4.8,4.8,4.6,4.7,4.7,4.5,4.8,4.6,
AIG20210000328922,6,4.5,전반적 만족도,32,29,90.6,26,29,4.5,4.3,4.5,4.8,4.5,4.4,4.5,4.0,4.3,4.5,,
AIG20210000328924,3,2.0,전반적 만족도,21,4,19,0,4,2.0,1.8,2.1,2.1,2.1,1.8,2.7,2.1,2.23,1.3,,
AIG20210000328926,4,4.3,전반적 만족도,14,12,85.7,9,12,4.3,4.3,4.3,4.5,4.2,4.3,4.1,4.3,4.23,4.3,,
AIG20210000328926,5,4.2,전반적 만족도,20,13,65,11,13,4.2,4.0,4.5,4.5,4.2,4.3,4.3,4.3,4.3,4.3,5.0,
AIG20210000328926,6,4.1,전반적 만족도,24,14,58.3,9,14,4.1,3.9,4.2,4.3,4.3,4.3,4.2,4.4,3.97,4.0,,
AIG20210000328926,7,4.6,전반적 만족도,21,14,66.7,14,14,4.6,4.5,4.8,4.8,4.7,4.8,4.8,4.8,4.6,4.6,,
AIG20210000328926,8,3.6,전반적 만족도,20,13,65,9,13,3.6,3.8,3.8,4.0,3.9,3.8,3.9,3.9,3.77,3.6,,
AIG20210000328927,2,4.0,전반적 만족도,10,8,80,6,8,4.0,4.5,4.1,3.9,4.0,4.1,4.5,4.5,4.3,4.0,,
AIG20210000328927,3,4.7,전반적 만족도,9,8,88.9,7,8,4.7,4.5,4.8,4.8,4.7,4.6,4.6,4.8,4.47,4.7,5.0,
AIG20210000328928,4,4.6,전반적 만족도,10,5,50,5,5,4.6,4.7,4.8,4.9,4.7,4.7,4.8,4.9,4.53,5.0,5.0,
AIG20210000328928,5,4.6,전반적 만족도,15,13,86.7,13,13,4.6,4.3,4.5,4.6,4.6,4.5,4.7,4.5,4.47,4.6,,
AIG20210000328928,6,4.6,전반적 만족도,13,9,69.2,8,9,4.6,4.7,4.8,4.8,4.8,4.7,4.8,4.5,4.5,4.7,,
AIG20210000328939,2,4.4,전반적 만족도,23,22,95.7,19,22,4.4,4.2,4.4,4.6,4.5,4.4,4.2,4.6,4.07,4.4,4.6,
AIG20210000328939,3,3.9,전반적 만족도,23,19,82.6,16,19,3.9,3.8,4.1,4.1,4.0,3.9,3.7,4.2,3.87,3.9,3.6,
AIG20210000328968,5,4.3,전반적 만족도,10,7,70,5,7,4.3,2.9,4.3,4.6,3.2,4.1,4.3,1.8,4.33,3.9,,
AIG20210000328971,11,4.1,전반적 만족도,35,21,60,19,21,4.1,4.0,4.1,4.2,4.2,4.0,4.1,4.1,3.77,3.6,5.0,
AIG20210000328971,12,4.5,전반적 만족도,33,25,75.8,25,25,4.5,4.6,4.5,4.6,4.6,4.6,4.6,4.4,4.5,4.5,,
AIG20210000328971,13,4.7,전반적 만족도,28,22,78.6,19,22,4.7,4.6,4.6,4.6,4.6,4.6,4.7,4.4,4.33,4.4,4.3,
AIG20210000328971,14,4.0,전반적 만족도,12,5,41.7,4,5,4.0,4.1,4.3,4.3,4.3,4.1,4.4,4.4,3.97,3.9,,
AIG20210000328971,15,4.4,전반적 만족도,29,20,69,18,20,4.4,4.4,4.5,4.7,4.6,4.5,4.4,4.3,4.33,4.5,,
AIG20210000328971,16,4.2,전반적 만족도,21,17,81,17,17,4.2,4.2,4.2,4.3,4.4,4.3,4.2,4.1,3.97,4.1,4.3,
AIG20210000328971,17,4.5,전반적 만족도,18,11,61.1,11,11,4.5,4.6,4.4,4.5,4.6,4.4,4.5,4.0,4.3,4.1,,
AIG20210000328971,19,4.3,전반적 만족도,13,8,61.5,7,8,4.3,4.3,4.1,4.1,4.5,4.4,4.1,4.0,4.4,3.8,5.0,
AIG20210000328983,4,4.6,전반적 만족도,43,39,90.7,37,39,4.6,4.3,4.5,4.5,4.5,4.5,4.7,4.6,4.4,4.3,4.6,
AIG20210000328992,8,4.8,전반적 만족도,17,12,70.6,12,12,4.8,4.7,4.8,4.8,4.8,4.8,4.8,4.8,4.7,4.8,4.6,
AIG20210000328992,9,3.4,전반적 만족도,15,10,66.7,8,10,3.4,3.6,3.4,3.2,3.8,3.6,3.6,3.8,3.13,2.9,5.0,
AIG20210000328992,10,4.0,전반적 만족도,16,13,81.3,11,13,4.0,4.3,4.0,4.0,4.0,4.0,4.3,4.1,3.9,3.7,,
AIG20210000328992,11,3.5,전반적 만족도,19,13,68.4,8,13,3.5,3.7,3.5,3.5,3.7,3.5,3.4,3.7,3.7,3.0,4.1,
AIG20210000328992,12,4.4,전반적 만족도,16,12,75,10,12,4.4,3.8,4.0,4.3,4.3,4.2,4.3,4.2,3.73,4.0,4.6,
AIG20210000328992,13,4.3,전반적 만족도,16,14,87.5,12,14,4.3,4.3,4.2,4.2,4.3,4.3,4.3,4.2,4.1,4.2,4.3,
AIG20210000328992,14,4.3,전반적 만족도,20,15,75,12,15,4.3,4.3,4.3,4.3,4.4,4.4,4.4,4.2,4.17,4.3,5.0,
AIG20210000328992,15,4.1,전반적 만족도,27,18,66.7,13,18,4.1,4.2,4.3,4.2,4.5,4.1,4.3,4.3,4.03,3.8,4.3,
AIG20210000328992,16,4.8,전반적 만족도,12,9,75,8,9,4.8,4.8,4.8,4.8,4.8,4.8,4.8,4.8,4.7,4.8,5.0,
AIG20210000328992,17,4.8,전반적 만족도,16,12,75,12,12,4.8,4.8,4.7,4.7,4.8,4.7,4.8,4.8,4.53,4.5,,
AIG20210000328992,18,4.3,전반적 만족도,32,23,71.9,20,23,4.3,4.1,4.2,4.4,4.5,4.4,4.1,4.3,3.93,4.3,4.6,
AIG20210000329027,13,4.3,전반적 만족도,24,24,100,22,24,4.3,4.3,4.1,4.4,4.4,4.2,4.4,4.0,4.17,4.3,3.6,
AIG20210000329027,14,4.5,전반적 만족도,24,23,95.8,22,23,4.5,4.1,4.4,4.4,4.5,4.3,4.4,4.0,4.27,4.2,,
AIG20210000329027,15,4.5,전반적 만족도,22,21,95.5,20,21,4.5,4.4,4.5,4.5,4.6,4.4,4.7,4.2,4.53,4.6,,
AIG20210000329027,16,4.4,전반적 만족도,24,22,91.7,20,22,4.4,4.4,4.3,4.5,4.4,4.2,4.5,4.6,4.17,4.2,5.0,
AIG20210000329027,17,4.3,전반적 만족도,24,22,91.7,22,22,4.3,4.3,4.0,4.5,4.3,4.2,4.3,4.6,4.3,4.3,,
AIG20210000329027,18,4.5,전반적 만족도,25,24,96,24,24,4.5,4.1,4.5,4.5,4.5,4.3,4.4,4.5,4.33,4.5,,
AIG20210000329027,19,4.7,전반적 만족도,25,24,96,24,24,4.7,4.7,4.7,4.8,4.7,4.6,4.8,4.8,4.63,4.7,,
AIG20210000329027,20,4.7,전반적 만족도,25,22,88,21,22,4.7,4.5,4.6,4.7,4.8,4.6,4.8,4.8,4.57,4.8,,
AIG20210000329027,21,4.8,전반적 만족도,25,17,68,17,17,4.8,4.6,4.7,4.7,4.7,4.6,4.7,4.9,4.6,4.5,,
AIG20210000329027,22,4.5,전반적 만족도,24,24,100,23,24,4.5,4.2,4.1,4.3,4.3,4.1,4.4,4.2,4.27,4.3,,
AIG20210000329027,23,4.8,전반적 만족도,24,23,95.8,23,23,4.8,4.6,4.7,4.7,4.7,4.5,4.6,4.8,4.67,4.8,5.0,
AIG20210000329027,24,4.8,전반적 만족도,24,23,95.8,23,23,4.8,4.6,4.6,4.7,4.7,4.6,4.8,4.7,4.63,4.7,,
AIG20210000329027,25,4.8,전반적 만족도,25,24,96,24,24,4.8,4.6,4.6,4.7,4.7,4.6,4.7,4.8,4.67,4.6,4.3,
AIG20210000329027,26,4.4,전반적 만족도,25,25,100,23,25,4.4,4.3,4.4,4.5,4.4,4.4,4.5,4.7,4.4,4.3,,
AIG20210000329027,27,4.7,전반적 만족도,25,23,92,21,23,4.7,4.6,4.6,4.7,4.8,4.6,4.8,4.7,4.57,4.6,,
AIG20210000329027,28,4.8,전반적 만족도,22,20,90.9,20,20,4.8,4.8,4.8,4.9,4.8,4.6,4.7,4.9,4.73,4.8,4.3,
AIG20210000329027,29,4.5,전반적 만족도,23,22,95.7,21,22,4.5,4.5,4.6,4.5,4.7,4.4,4.4,4.8,4.53,4.5,,
AIG20210000329027,30,4.5,전반적 만족도,23,22,95.7,21,22,4.5,4.4,4.4,4.5,4.5,4.3,4.3,4.7,4.37,4.6,4.3,
AIG20210000329027,31,4.9,전반적 만족도,25,24,96,24,24,4.9,4.8,4.7,4.9,4.8,4.7,4.9,4.9,4.83,4.9,5.0,
AIG20210000329027,32,4.5,전반적 만족도,23,21,91.3,21,21,4.5,4.5,4.3,4.5,4.4,4.4,4.4,4.7,4.47,4.6,,
AIG20210000329027,33,4.3,전반적 만족도,24,23,95.8,22,23,4.3,4.2,4.4,4.3,4.4,4.3,4.4,4.4,4.3,4.4,4.3,
AIG20210000329027,34,4.3,전반적 만족도,22,21,95.5,18,21,4.3,4.2,4.0,4.2,4.2,4.0,4.3,4.4,4.17,4.2,,
AIG20210000329027,35,4.4,전반적 만족도,22,19,86.4,16,19,4.4,4.4,4.3,4.5,4.5,4.3,4.4,4.6,4.43,4.6,,
AIG20210000329027,36,4.2,전반적 만족도,20,20,100,18,20,4.2,4.4,4.2,4.3,4.3,4.2,4.3,4.3,4.1,4.3,,
AIG20210000329030,19,4.3,전반적 만족도,32,25,78.1,23,25,4.3,4.1,4.2,4.5,4.4,4.4,4.5,4.6,4.17,4.3,,
AIG20210000329030,20,4.4,전반적 만족도,32,27,84.4,26,27,4.4,3.9,4.4,4.5,4.5,4.3,4.4,4.5,4.3,4.3,,
AIG20210000329030,21,4.2,전반적 만족도,32,28,87.5,26,28,4.2,4.1,4.2,4.4,4.4,4.2,4.2,4.0,4.17,4.4,3.9,
AIG20210000329030,22,4.3,전반적 만족도,34,26,76.5,21,26,4.3,4.0,4.2,4.5,4.3,4.2,4.3,4.1,3.97,4.1,4.3,
AIG20210000329030,23,4.5,전반적 만족도,29,26,89.7,23,26,4.5,4.4,4.6,4.7,4.6,4.5,4.5,4.6,4.57,4.6,4.3,
AIG20210000329030,24,4.1,전반적 만족도,30,25,83.3,20,25,4.1,4.0,4.4,4.4,4.4,4.3,4.0,4.0,4.2,4.0,3.9,
AIG20210000329030,25,4.2,전반적 만족도,17,15,88.2,14,15,4.2,4.2,4.5,4.7,4.6,4.5,4.4,4.6,4.23,4.1,3.6,
AIG20210000329030,26,4.3,전반적 만족도,18,14,77.8,13,14,4.3,4.4,4.5,4.5,4.5,4.3,4.4,4.4,4.3,4.4,,
AIG20210000329030,27,4.6,전반적 만족도,22,20,90.9,19,20,4.6,4.2,4.6,4.7,4.7,4.5,4.6,4.3,4.47,4.6,5.0,
AIG20210000329030,28,4.6,전반적 만족도,29,26,89.7,24,26,4.6,4.3,4.6,4.7,4.6,4.4,4.5,4.6,4.4,4.6,4.3,
AIG20210000329030,29,4.1,전반적 만족도,22,19,86.4,16,19,4.1,3.8,4.2,4.5,4.4,4.2,4.2,4.2,3.87,4.0,,
AIG20210000329030,30,4.0,전반적 만족도,21,18,85.7,13,18,4.0,4.0,4.2,4.4,4.3,4.3,4.0,4.4,3.87,3.9,,
AIG20210000329030,31,4.3,전반적 만족도,22,21,95.5,20,21,4.3,3.9,4.2,4.5,4.4,4.2,4.2,4.3,4.0,4.0,4.3,
AIG20210000329030,32,4.6,전반적 만족도,21,17,81,17,17,4.6,4.4,4.5,4.8,4.6,4.6,4.6,4.7,4.47,4.5,,
AIG20210000329030,33,4.4,전반적 만족도,23,19,82.6,18,19,4.4,4.1,4.3,4.5,4.4,4.5,4.1,4.3,4.4,4.4,,
AIG20210000329030,34,4.4,전반적 만족도,23,19,82.6,18,19,4.4,4.5,4.5,4.6,4.5,4.5,4.4,4.5,4.47,4.4,,
AIG20210000329030,35,4.6,전반적 만족도,24,21,87.5,20,21,4.6,4.7,4.7,4.8,4.7,4.6,4.6,4.8,4.67,4.6,,
AIG20210000329030,36,4.0,전반적 만족도,25,19,76,16,19,4.0,4.1,4.0,4.5,4.2,4.1,3.9,4.0,4.07,3.9,4.3,
AIG20210000329030,37,4.1,전반적 만족도,27,25,92.6,22,25,4.1,3.9,4.2,4.4,4.4,4.2,4.1,4.1,4.1,4.1,3.6,
AIG20210000329030,38,4.5,전반적 만족도,21,18,85.7,17,18,4.5,4.3,4.6,4.8,4.8,4.5,4.4,4.4,4.47,4.4,,
AIG20210000329030,39,4.7,전반적 만족도,23,17,73.9,17,17,4.7,4.5,4.7,4.8,4.8,4.8,4.7,4.6,4.57,4.6,,
AIG20210000329030,40,4.3,전반적 만족도,24,23,95.8,20,23,4.3,4.1,4.3,4.5,4.5,4.2,4.4,4.3,4.23,4.4,4.3,
AIG20210000329030,41,4.5,전반적 만족도,22,19,86.4,19,19,4.5,4.4,4.5,4.6,4.6,4.5,4.5,4.5,4.43,4.6,,
AIG20210000329030,42,4.2,전반적 만족도,23,20,87,19,20,4.2,4.1,4.1,4.3,4.3,4.1,4.2,4.2,4.23,4.2,4.3,
AIG20210000329030,43,4.6,전반적 만족도,21,20,95.2,19,20,4.6,4.4,4.4,4.7,4.5,4.4,4.5,4.7,4.27,4.3,,
AIG20210000329030,44,4.4,전반적 만족도,33,22,66.7,21,22,4.4,4.4,4.4,4.6,4.5,4.4,4.5,4.5,4.23,4.5,5.0,
AIG20210000329030,45,4.5,전반적 만족도,20,16,80,15,16,4.5,4.4,4.6,4.6,4.7,4.6,4.5,4.6,4.37,4.5,,
AIG20210000329030,46,4.5,전반적 만족도,17,14,82.4,13,14,4.5,4.2,4.5,4.7,4.5,4.4,4.6,4.7,4.4,4.5,2.9,
AIG20210000329030,47,4.5,전반적 만족도,16,16,100,13,16,4.5,4.1,4.4,4.6,4.5,4.4,4.3,4.4,4.1,4.2,,
AIG20210000329030,48,4.6,전반적 만족도,22,21,95.5,21,21,4.6,4.5,4.6,4.7,4.7,4.5,4.7,4.7,4.53,4.7,,
AIG20210000329030,49,4.5,전반적 만족도,32,28,87.5,27,28,4.5,4.2,4.3,4.6,4.4,4.4,4.6,4.5,4.33,4.4,3.2,
AIG20210000329030,50,4.6,전반적 만족도,20,16,80,16,16,4.6,4.5,4.7,4.6,4.7,4.5,4.6,4.6,4.6,4.7,,
AIG20210000329030,51,4.4,전반적 만족도,17,17,100,14,17,4.4,4.2,4.4,4.6,4.5,4.4,4.5,4.3,4.33,4.3,5.0,
AIG20210000329030,52,4.5,전반적 만족도,29,26,89.7,25,26,4.5,4.1,4.5,4.7,4.4,4.5,4.6,4.5,4.27,4.4,,
AIG20210000329030,53,4.4,전반적 만족도,26,19,73.1,17,19,4.4,3.9,4.4,4.5,4.4,4.4,4.4,4.2,4.03,4.3,4.3,
AIG20210000329030,54,4.0,전반적 만족도,32,30,93.8,22,30,4.0,3.5,4.0,4.4,4.3,4.2,4.1,3.9,3.9,3.8,,
AIG20210000329030,55,4.3,전반적 만족도,28,25,89.3,20,24,4.3,4.0,4.3,4.6,4.5,4.3,4.3,4.2,4.13,4.1,5.0,
AIG20210000329030,56,4.1,전반적 만족도,21,17,81,15,17,4.1,3.8,3.9,4.0,4.2,4.1,4.3,4.3,3.93,3.9,4.6,
AIG20210000329030,57,4.1,전반적 만족도,28,25,89.3,23,25,4.1,3.8,3.9,4.2,4.0,4.2,4.1,4.0,4.07,4.0,,
AIG20210000329030,58,4.2,전반적 만족도,26,22,84.6,19,22,4.2,4.0,4.2,4.5,4.4,4.3,4.2,4.5,4.0,4.2,2.1,
AIG20210000329030,59,4.4,전반적 만족도,25,21,84,19,21,4.4,4.3,4.4,4.7,4.5,4.5,4.4,4.7,4.33,4.4,,
AIG20210000329030,60,4.4,전반적 만족도,29,25,86.2,23,25,4.4,4.1,4.5,4.6,4.6,4.4,4.5,4.3,4.33,4.3,,
AIG20210000329030,61,4.3,전반적 만족도,27,21,77.8,20,21,4.3,3.8,4.1,4.3,4.3,4.2,4.3,4.0,3.87,4.0,3.6,
AIG20210000329030,62,4.4,전반적 만족도,28,25,89.3,23,25,4.4,4.1,4.4,4.5,4.5,4.3,4.2,4.2,4.13,4.1,,
AIG20210000329030,63,4.0,전반적 만족도,27,22,81.5,18,22,4.0,3.5,4.1,4.3,4.3,4.1,4.2,4.0,4.07,3.7,3.6,
AIG20210000329030,64,4.5,전반적 만족도,27,25,92.6,25,25,4.5,4.5,4.6,4.7,4.6,4.6,4.5,4.6,4.47,4.7,3.6,
AIG20210000329030,65,4.5,전반적 만족도,29,22,75.9,22,22,4.5,4.0,4.5,4.6,4.7,4.6,4.6,4.6,4.23,4.3,,
AIG20210000329030,66,4.5,전반적 만족도,29,25,86.2,24,25,4.5,4.4,4.4,4.5,4.6,4.5,4.5,4.5,4.57,4.5,,
AIG20210000329030,67,4.7,전반적 만족도,27,25,92.6,25,25,4.7,4.3,4.7,4.8,4.8,4.7,4.8,4.8,4.47,4.5,5.0,
AIG20210000329030,68,4.3,전반적 만족도,26,26,100,25,26,4.3,4.2,4.2,4.3,4.4,4.3,4.3,4.2,4.13,4.2,,
AIG20210000329030,69,4.4,전반적 만족도,27,25,92.6,23,25,4.4,4.2,4.3,4.5,4.4,4.5,4.6,4.1,4.3,4.2,2.9,
AIG20210000329030,70,4.7,전반적 만족도,34,29,85.3,27,29,4.7,4.5,4.7,4.9,4.8,4.7,4.7,4.7,4.63,4.7,,
AIG20210000329030,71,4.1,전반적 만족도,28,22,78.6,16,22,4.1,3.8,3.9,4.5,4.2,4.3,4.0,4.4,3.93,4.0,,
AIG20210000329030,72,4.2,전반적 만족도,20,19,95,18,19,4.2,4.2,4.4,4.6,4.5,4.3,4.3,4.6,4.13,4.1,5.0,
AIG20210000329030,73,4.7,전반적 만족도,25,23,92,22,23,4.7,4.8,4.6,4.7,4.7,4.6,4.7,4.8,4.6,4.7,4.5,
AIG20210000329030,74,4.5,전반적 만족도,25,21,84,19,21,4.5,4.4,4.6,4.7,4.6,4.4,4.4,4.2,4.37,4.3,4.7,
AIG20210000329030,75,4.5,전반적 만족도,24,23,95.8,21,23,4.5,4.1,4.3,4.4,4.4,4.4,4.4,4.1,4.3,4.3,,
AIG20210000329030,76,3.9,전반적 만족도,23,21,91.3,16,21,3.9,4.0,3.9,4.1,4.2,4.1,3.8,4.0,3.83,3.8,5.0,
AIG20210000329030,77,4.1,전반적 만족도,23,20,87,19,20,4.1,4.1,4.3,4.5,4.3,4.2,4.3,4.3,4.03,4.1,,
AIG20210000329030,78,4.4,전반적 만족도,24,23,95.8,22,23,4.4,4.1,4.2,4.6,4.4,4.5,4.7,4.5,4.03,4.3,2.9,
AIG20210000329030,79,4.3,전반적 만족도,21,19,90.5,18,19,4.3,4.1,4.0,4.5,4.3,4.3,4.4,4.2,4.0,4.2,5.0,
AIG20210000329030,80,4.3,전반적 만족도,24,20,83.3,19,20,4.3,4.1,4.2,4.5,4.2,4.3,4.4,4.3,4.13,4.1,,
AIG20210000329030,81,4.6,전반적 만족도,22,17,77.3,17,17,4.6,4.4,4.6,4.8,4.7,4.6,4.6,4.4,4.37,4.5,5.0,
AIG20210000329030,82,4.2,전반적 만족도,25,19,76,15,19,4.2,4.1,4.1,4.2,4.2,4.1,4.1,3.9,4.13,4.1,5.0,
AIG20210000329030,83,4.3,전반적 만족도,21,18,85.7,17,18,4.3,4.3,4.3,4.5,4.5,4.3,4.3,4.4,4.0,4.2,,
AIG20210000329030,84,4.6,전반적 만족도,20,14,70,14,14,4.6,4.4,4.6,4.6,4.6,4.5,4.5,4.6,4.47,4.6,,
AIG20210000329030,85,4.6,전반적 만족도,29,24,82.8,24,24,4.6,4.6,4.6,4.8,4.7,4.6,4.4,4.6,4.43,4.6,5.0,
AIG20210000329030,86,4.0,전반적 만족도,11,11,100,10,11,4.0,4.4,4.3,4.3,4.4,4.2,4.1,4.5,4.23,4.2,,
AIG20210000329030,87,4.5,전반적 만족도,29,26,89.7,23,26,4.5,4.3,4.5,4.7,4.7,4.6,4.5,4.5,4.3,4.4,,
AIG20210000329030,88,4.3,전반적 만족도,16,15,93.8,13,15,4.3,4.1,4.3,4.5,4.4,4.5,4.5,4.3,3.9,4.2,,
AIG20210000329030,89,4.5,전반적 만족도,32,31,96.9,28,31,4.5,4.5,4.6,4.7,4.7,4.6,4.5,4.5,4.4,4.4,5.0,
AIG20210000329030,90,4.5,전반적 만족도,22,19,86.4,18,19,4.5,4.5,4.7,4.7,4.7,4.7,4.5,4.4,4.4,4.5,5.0,
AIG20210000329030,91,4.2,전반적 만족도,27,20,74.1,18,20,4.2,4.3,4.4,4.5,4.6,4.4,4.5,4.3,4.2,4.3,,
AIG20210000329031,16,4.5,전반적 만족도,31,30,96.8,28,30,4.5,4.1,4.6,4.8,4.7,4.5,4.5,4.6,4.43,4.3,5.0,
AIG20210000329031,17,4.4,전반적 만족도,28,21,75,21,21,4.4,4.0,4.6,4.7,4.7,4.4,4.5,4.7,4.23,4.4,4.5,
AIG20210000329031,18,4.2,전반적 만족도,28,24,85.7,22,24,4.2,3.9,4.3,4.5,4.4,4.2,4.1,4.0,4.13,4.0,4.0,
AIG20210000329031,19,4.2,전반적 만족도,29,27,93.1,24,27,4.2,3.9,4.0,4.4,4.3,4.2,4.2,4.0,4.03,4.1,,
AIG20210000329031,20,4.2,전반적 만족도,29,21,72.4,19,21,4.2,3.6,4.3,4.4,4.3,4.2,4.2,3.9,3.9,4.0,,
AIG20210000329031,21,4.3,전반적 만족도,33,27,81.8,25,27,4.3,3.8,4.4,4.5,4.5,4.3,4.3,4.0,4.3,4.3,4.5,
AIG20210000329031,22,4.3,전반적 만족도,19,15,78.9,14,15,4.3,4.1,4.5,4.8,4.6,4.7,4.6,4.6,4.27,4.6,,
AIG20210000329031,23,4.8,전반적 만족도,18,15,83.3,15,15,4.8,4.4,4.6,4.7,4.8,4.7,4.8,4.5,4.57,4.7,,
AIG20210000329031,24,4.6,전반적 만족도,28,25,89.3,22,25,4.6,4.3,4.7,4.7,4.7,4.6,4.7,4.5,4.37,4.5,,
AIG20210000329031,25,4.5,전반적 만족도,34,28,82.4,26,28,4.5,4.2,4.5,4.6,4.6,4.4,4.5,4.4,4.37,4.6,5.0,
AIG20210000329031,26,4.5,전반적 만족도,23,19,82.6,18,19,4.5,4.2,4.4,4.7,4.6,4.5,4.5,4.5,4.27,4.4,,
AIG20210000329031,27,4.1,전반적 만족도,25,20,80,18,20,4.1,4.0,4.4,4.4,4.4,4.3,4.3,4.3,4.13,4.1,,
AIG20210000329032,31,4.6,전반적 만족도,18,17,94.4,17,17,4.6,4.6,4.6,4.7,4.6,4.5,4.6,4.6,4.57,4.5,,
AIG20210000329032,32,4.7,전반적 만족도,19,17,89.5,17,17,4.7,4.7,4.7,4.8,4.7,4.7,4.7,4.6,4.77,4.6,,
AIG20210000329032,33,4.7,전반적 만족도,17,16,94.1,16,16,4.7,4.6,4.5,4.7,4.7,4.6,4.7,4.6,4.6,4.4,,
AIG20210000329032,34,4.7,전반적 만족도,21,21,100,21,21,4.7,4.7,4.5,4.8,4.6,4.7,4.7,4.4,4.57,4.4,5.0,
AIG20210000329032,35,4.5,전반적 만족도,20,19,95,18,19,4.5,4.5,4.3,4.5,4.4,4.4,4.3,4.5,4.5,4.1,4.3,
AIG20210000329032,36,4.6,전반적 만족도,20,20,100,20,20,4.6,4.7,4.6,4.7,4.6,4.5,4.6,4.6,4.57,4.5,4.3,
AIG20210000329032,37,4.7,전반적 만족도,20,19,95,19,19,4.7,4.5,4.5,4.7,4.7,4.6,4.8,4.5,4.7,4.4,4.3,
AIG20210000329032,38,4.6,전반적 만족도,18,17,94.4,17,17,4.6,4.5,4.4,4.7,4.6,4.5,4.6,4.5,4.67,4.7,,
AIG20210000329032,39,4.7,전반적 만족도,20,19,95,17,19,4.7,4.7,4.6,4.8,4.7,4.7,4.7,4.7,4.67,4.4,5.0,
AIG20210000329032,40,4.7,전반적 만족도,21,20,95.2,20,20,4.7,4.7,4.6,4.8,4.7,4.7,4.8,4.5,4.67,4.6,3.6,
AIG20210000329032,41,4.6,전반적 만족도,19,18,94.7,18,18,4.6,4.5,4.6,4.6,4.6,4.6,4.6,4.5,4.53,4.3,,
AIG20210000329032,42,4.5,전반적 만족도,18,18,100,18,18,4.5,4.7,4.6,4.8,4.8,4.6,4.7,4.6,4.63,4.4,,
AIG20210000329032,43,4.6,전반적 만족도,19,19,100,19,19,4.6,4.7,4.5,4.8,4.6,4.7,4.6,4.7,4.67,4.5,4.3,
AIG20210000329032,44,4.8,전반적 만족도,21,18,85.7,17,18,4.8,4.6,4.6,4.8,4.6,4.7,4.7,4.6,4.57,4.7,,
AIG20210000329032,45,4.5,전반적 만족도,19,19,100,19,19,4.5,4.5,4.3,4.6,4.5,4.5,4.5,4.5,4.43,4.4,,
AIG20210000329032,46,4.5,전반적 만족도,22,20,90.9,20,20,4.5,4.4,4.4,4.5,4.4,4.3,4.4,4.3,4.4,4.5,,
AIG20210000329032,47,4.7,전반적 만족도,22,22,100,22,22,4.7,4.6,4.5,4.7,4.6,4.6,4.6,4.7,4.63,4.4,5.0,
AIG20210000329032,48,4.5,전반적 만족도,22,22,100,22,22,4.5,4.4,4.4,4.5,4.6,4.5,4.5,4.4,4.5,4.2,5.0,
AIG20210000329032,49,4.7,전반적 만족도,22,22,100,22,22,4.7,4.7,4.6,4.8,4.8,4.7,4.8,4.6,4.73,4.6,5.0,
AIG20210000329032,50,4.4,전반적 만족도,20,20,100,20,20,4.4,4.4,4.5,4.5,4.5,4.3,4.4,4.4,4.23,4.0,,
AIG20210000329032,51,4.8,전반적 만족도,20,20,100,20,20,4.8,4.8,4.7,4.8,4.8,4.7,4.8,4.7,4.6,4.5,,
AIG20210000329032,52,4.4,전반적 만족도,20,20,100,20,20,4.4,4.2,4.3,4.5,4.4,4.4,4.4,4.3,4.37,4.3,,
AIG20210000329032,53,4.8,전반적 만족도,20,19,95,19,19,4.8,4.6,4.7,4.8,4.8,4.7,4.8,4.7,4.7,4.7,,
AIG20210000329032,54,4.4,전반적 만족도,21,20,95.2,20,20,4.4,4.5,4.4,4.5,4.4,4.5,4.5,4.4,4.4,4.1,,
AIG20210000329032,55,4.6,전반적 만족도,21,21,100,20,21,4.6,4.5,4.8,4.7,4.7,4.7,4.7,4.6,4.6,4.3,3.9,
AIG20210000329032,56,4.3,전반적 만족도,21,20,95.2,20,20,4.3,4.3,4.3,4.4,4.4,4.4,4.4,4.3,4.33,4.1,4.6,
AIG20210000329032,57,4.8,전반적 만족도,22,22,100,21,22,4.8,4.7,4.7,4.8,4.8,4.7,4.8,4.6,4.7,4.7,3.9,
AIG20210000329032,58,4.4,전반적 만족도,20,19,95,19,19,4.4,4.3,4.5,4.6,4.5,4.4,4.5,4.4,4.47,4.4,,
AIG20210000329032,59,4.8,전반적 만족도,23,21,91.3,21,21,4.8,4.8,4.7,4.8,4.8,4.7,4.8,4.7,4.77,4.5,3.6,
AIG20210000329032,60,4.6,전반적 만족도,15,14,93.3,14,14,4.6,4.8,4.6,4.7,4.7,4.5,4.8,4.7,4.7,4.7,,
AIG20210000329032,61,4.6,전반적 만족도,16,16,100,16,16,4.6,4.6,4.7,4.7,4.6,4.6,4.7,4.6,4.73,4.6,3.6,
AIG20210000329032,62,4.9,전반적 만족도,17,17,100,17,17,4.9,4.8,4.8,4.9,4.8,4.7,4.9,4.8,4.77,4.6,4.3,
AIG20210000329032,63,4.8,전반적 만족도,17,17,100,17,17,4.8,4.6,4.5,4.8,4.7,4.6,4.8,4.5,4.67,4.5,,
AIG20210000329032,64,4.7,전반적 만족도,16,16,100,16,16,4.7,4.5,4.6,4.6,4.6,4.5,4.7,4.6,4.63,4.5,,
AIG20210000329032,65,4.5,전반적 만족도,17,17,100,17,17,4.5,4.4,4.4,4.5,4.4,4.4,4.5,4.3,4.5,4.5,,
AIG20210000329032,66,4.7,전반적 만족도,16,16,100,16,16,4.7,4.6,4.8,4.6,4.8,4.7,4.7,4.6,4.73,4.5,5.0,
AIG20210000329032,67,4.6,전반적 만족도,15,15,100,15,15,4.6,4.6,4.7,4.7,4.7,4.6,4.6,4.7,4.63,4.7,4.6,
AIG20210000329032,68,4.6,전반적 만족도,17,16,94.1,16,16,4.6,4.7,4.5,4.7,4.6,4.6,4.7,4.4,4.57,4.5,,
AIG20210000329032,69,4.9,전반적 만족도,17,17,100,17,17,4.9,4.7,4.7,4.8,4.7,4.8,4.8,4.7,4.9,4.8,,
AIG20210000329032,70,4.6,전반적 만족도,17,17,100,16,17,4.6,4.3,4.5,4.6,4.6,4.4,4.3,4.4,4.53,4.5,5.0,
AIG20210000329032,71,4.6,전반적 만족도,15,15,100,15,15,4.6,4.5,4.6,4.7,4.6,4.6,4.7,4.5,4.57,4.5,,
AIG20210000329032,72,4.6,전반적 만족도,17,16,94.1,16,16,4.6,4.7,4.7,4.7,4.7,4.7,4.8,4.6,4.73,4.7,3.6,
AIG20210000329032,73,4.7,전반적 만족도,14,14,100,14,14,4.7,4.4,4.6,4.8,4.6,4.6,4.7,4.5,4.57,4.5,5.0,
AIG20210000329032,74,4.3,전반적 만족도,16,15,93.8,13,15,4.3,4.1,4.2,4.5,4.3,4.4,4.3,4.3,4.2,4.1,4.3,
AIG20210000329032,75,4.7,전반적 만족도,16,16,100,16,16,4.7,4.5,4.6,4.8,4.7,4.6,4.6,4.5,4.63,4.7,,
AIG20210000329032,76,4.6,전반적 만족도,14,13,92.9,13,13,4.6,4.4,4.4,4.8,4.5,4.5,4.7,4.4,4.67,4.3,,
AIG20210000329032,77,4.6,전반적 만족도,16,16,100,16,16,4.6,4.5,4.5,4.6,4.6,4.5,4.6,4.5,4.67,4.6,4.6,
AIG20210000329032,78,4.6,전반적 만족도,23,22,95.7,21,22,4.6,4.4,4.5,4.7,4.7,4.5,4.5,4.6,4.6,4.5,5.0,
AIG20210000329032,79,4.7,전반적 만족도,25,24,96,24,24,4.7,4.6,4.7,4.7,4.7,4.6,4.8,4.7,4.67,4.7,5.0,
AIG20210000329032,80,4.6,전반적 만족도,25,25,100,25,25,4.6,4.6,4.5,4.6,4.7,4.5,4.7,4.6,4.7,4.6,4.3,
AIG20210000329032,81,4.6,전반적 만족도,25,25,100,25,25,4.6,4.6,4.5,4.7,4.6,4.6,4.6,4.6,4.6,4.5,4.3,
AIG20210000329032,82,4.3,전반적 만족도,24,23,95.8,22,23,4.3,4.2,4.2,4.5,4.3,4.3,4.4,4.3,4.27,4.2,5.0,
AIG20210000329032,83,4.7,전반적 만족도,26,26,100,26,26,4.7,4.7,4.7,4.7,4.7,4.7,4.7,4.7,4.63,4.5,4.3,
AIG20210000329032,84,4.6,전반적 만족도,24,21,87.5,21,21,4.6,4.6,4.7,4.7,4.6,4.6,4.5,4.5,4.57,4.5,,
AIG20210000329032,85,4.7,전반적 만족도,25,23,92,23,23,4.7,4.6,4.6,4.8,4.6,4.7,4.8,4.6,4.7,4.6,4.3,
AIG20210000329032,86,4.7,전반적 만족도,24,24,100,24,24,4.7,4.6,4.6,4.7,4.7,4.7,4.6,4.6,4.7,4.6,,
AIG20210000329032,87,4.5,전반적 만족도,25,23,92,23,23,4.5,4.2,4.3,4.5,4.5,4.5,4.5,4.3,4.4,4.4,5.0,
AIG20210000329032,88,4.6,전반적 만족도,25,24,96,23,24,4.6,4.5,4.5,4.8,4.6,4.5,4.7,4.5,4.5,4.4,4.6,
AIG20210000329032,89,4.8,전반적 만족도,26,26,100,26,26,4.8,4.7,4.8,4.8,4.8,4.8,4.8,4.7,4.8,4.7,3.9,
AIG20210000329033,49,4.9,전반적 만족도,23,19,82.6,19,19,4.9,5.0,4.9,4.9,4.9,4.9,4.9,5.0,4.8,5.0,5.0,
AIG20210000329033,50,4.8,전반적 만족도,23,21,91.3,21,21,4.8,4.9,4.7,4.9,4.9,4.7,4.7,4.8,4.8,4.9,5.0,
AIG20210000329033,51,4.9,전반적 만족도,22,21,95.5,21,21,4.9,4.8,4.8,4.9,4.9,4.8,4.9,4.9,4.8,4.9,5.0,
AIG20210000329033,52,5.0,전반적 만족도,20,17,85,17,17,5.0,4.9,5.0,5.0,5.0,4.9,4.9,5.0,4.9,5.0,,
AIG20210000329033,53,4.8,전반적 만족도,21,18,85.7,18,18,4.8,4.7,4.7,4.8,4.8,4.8,4.8,4.8,4.73,4.8,,
AIG20210000329033,54,5.0,전반적 만족도,25,22,88,22,22,5.0,5.0,5.0,5.0,5.0,4.9,5.0,5.0,4.9,4.9,,
AIG20210000329033,55,5.0,전반적 만족도,25,21,84,21,21,5.0,5.0,5.0,5.0,5.0,5.0,5.0,5.0,4.97,4.9,5.0,
AIG20210000329033,56,4.8,전반적 만족도,22,19,86.4,19,19,4.8,4.8,4.9,4.9,4.9,4.8,4.8,4.9,4.7,4.8,,
AIG20210000329033,57,4.9,전반적 만족도,20,17,85,17,17,4.9,4.9,4.8,4.8,4.9,4.8,4.8,5.0,4.67,4.9,,
AIG20210000329033,58,4.7,전반적 만족도,19,18,94.7,18,18,4.7,4.6,4.7,4.7,4.8,4.7,4.7,4.8,4.6,4.8,,
AIG20210000329033,59,4.9,전반적 만족도,19,17,89.5,17,17,4.9,4.6,4.8,4.9,4.9,4.9,4.9,4.8,4.77,4.9,,
AIG20210000329033,60,4.7,전반적 만족도,25,19,76,19,19,4.7,4.7,4.7,4.7,4.7,4.7,4.7,4.8,4.63,4.8,,
AIG20210000329033,61,4.8,전반적 만족도,28,25,89.3,25,25,4.8,4.8,4.8,4.8,4.8,4.8,4.8,4.8,4.77,4.9,,
AIG20210000329033,62,4.9,전반적 만족도,22,16,72.7,16,16,4.9,4.9,4.9,5.0,5.0,4.8,4.9,4.8,4.7,4.8,,
AIG20210000329033,63,4.7,전반적 만족도,20,17,85,17,17,4.7,4.7,4.7,4.7,4.7,4.8,4.7,4.8,4.67,4.9,,
AIG20210000329033,64,4.9,전반적 만족도,21,17,81,17,17,4.9,4.8,4.8,4.8,4.9,4.9,4.9,4.9,4.8,4.9,,
AIG20210000329033,65,4.6,전반적 만족도,22,20,90.9,20,20,4.6,4.6,4.7,4.7,4.7,4.6,4.6,4.6,4.47,4.7,,
AIG20210000329033,66,4.8,전반적 만족도,26,20,76.9,20,20,4.8,4.8,4.8,4.8,4.8,4.8,4.8,4.9,4.8,4.8,,
AIG20210000329033,67,5.0,전반적 만족도,26,15,57.7,15,15,5.0,5.0,4.9,5.0,5.0,5.0,5.0,5.0,4.97,5.0,,
AIG20210000329033,68,4.9,전반적 만족도,25,12,48,12,12,4.9,4.9,4.9,4.9,4.9,4.9,4.9,4.9,4.9,4.9,,
AIG20210000329033,69,4.9,전반적 만족도,24,22,91.7,22,22,4.9,4.7,4.8,4.9,4.9,4.9,4.9,4.8,4.87,4.8,,
AIG20210000329033,70,4.7,전반적 만족도,24,24,100,24,24,4.7,4.2,4.5,4.6,4.6,4.6,4.6,4.5,4.63,4.8,,
AIG20210000329033,71,4.8,전반적 만족도,24,17,70.8,17,17,4.8,4.8,4.8,4.9,4.8,4.8,4.8,4.8,4.83,4.9,,
AIG20210000329033,72,4.9,전반적 만족도,21,14,66.7,14,14,4.9,4.7,4.8,4.9,4.9,4.8,4.8,4.9,4.73,4.9,,
AIG20210000329033,73,4.5,전반적 만족도,23,18,78.3,16,18,4.5,4.5,4.4,4.5,4.5,4.5,4.5,4.6,4.27,4.6,,
AIG20210000329033,74,4.6,전반적 만족도,24,22,91.7,22,22,4.6,4.6,4.4,4.7,4.7,4.6,4.7,4.6,4.47,4.8,,
AIG20210000329033,75,4.9,전반적 만족도,25,24,96,24,24,4.9,4.9,4.9,4.9,4.9,4.9,4.9,4.9,4.73,4.9,,
AIG20210000329033,76,4.8,전반적 만족도,25,24,96,24,24,4.8,4.6,4.4,4.7,4.8,4.6,4.6,4.8,4.67,4.8,,
AIG20210000329033,77,4.9,전반적 만족도,22,18,81.8,18,18,4.9,4.9,4.9,4.9,4.9,4.9,4.9,4.9,4.8,4.9,,
AIG20210000329033,78,5.0,전반적 만족도,26,23,88.5,23,23,5.0,5.0,5.0,5.0,5.0,5.0,5.0,5.0,4.9,5.0,,
AIG20210000329033,79,4.9,전반적 만족도,19,17,89.5,17,17,4.9,5.0,4.9,5.0,5.0,5.0,5.0,5.0,4.9,5.0,,
AIG20210000329033,80,5.0,전반적 만족도,23,20,87,20,20,5.0,5.0,4.9,5.0,5.0,5.0,5.0,5.0,4.93,4.9,,
AIG20210000329033,81,4.7,전반적 만족도,21,17,81,16,17,4.7,4.7,4.7,4.8,4.7,4.7,4.7,4.6,4.7,4.7,,
AIG20210000329033,82,4.8,전반적 만족도,21,19,90.5,19,19,4.8,4.7,4.8,4.9,4.9,4.8,4.8,4.8,4.63,4.7,,
AIG20210000329033,83,4.8,전반적 만족도,20,19,95,19,19,4.8,4.8,4.7,4.8,4.8,4.7,4.7,4.8,4.53,4.7,,
AIG20210000329033,84,4.8,전반적 만족도,26,25,96.2,25,25,4.8,4.6,4.8,4.8,4.9,4.8,4.9,4.8,4.73,4.8,,
AIG20210000329033,85,4.9,전반적 만족도,27,23,85.2,23,23,4.9,4.9,4.9,5.0,4.9,4.9,4.9,4.9,4.8,5.0,,
AIG20210000329033,86,5.0,전반적 만족도,24,13,54.2,13,13,5.0,4.9,4.9,4.9,4.9,4.9,4.9,5.0,4.83,4.9,,
AIG20210000329033,87,4.8,전반적 만족도,23,20,87,20,20,4.8,4.7,4.6,4.8,4.8,4.7,4.7,4.9,4.43,4.8,5.0,
AIG20210000329033,88,4.8,전반적 만족도,23,22,95.7,22,22,4.8,4.8,4.8,4.9,4.9,4.8,4.8,4.9,4.73,4.8,,
AIG20210000329033,89,4.9,전반적 만족도,21,20,95.2,20,20,4.9,4.9,4.8,4.9,4.9,4.9,4.9,4.9,4.77,4.8,4.6,
AIG20210000329033,90,4.9,전반적 만족도,28,28,100,27,28,4.9,4.8,4.9,4.9,4.9,4.9,4.9,4.9,4.8,4.9,,
AIG20210000329033,91,4.9,전반적 만족도,26,24,92.3,24,24,4.9,4.9,4.9,4.8,4.9,4.8,4.9,4.9,4.87,4.9,,
AIG20210000329033,92,4.9,전반적 만족도,23,18,78.3,18,18,4.9,4.9,4.9,4.9,4.8,4.8,4.9,4.9,4.77,4.9,,
AIG20210000329033,93,4.8,전반적 만족도,24,19,79.2,19,19,4.8,4.8,4.8,4.9,4.9,4.8,4.9,4.7,4.67,4.9,,
AIG20210000329033,94,4.8,전반적 만족도,24,22,91.7,22,22,4.8,4.7,4.8,4.9,4.9,4.8,4.8,4.7,4.67,4.8,4.3,
AIG20210000329033,95,4.9,전반적 만족도,25,24,96,24,24,4.9,5.0,4.9,5.0,5.0,5.0,5.0,4.9,4.97,4.9,,
AIG20210000329033,96,4.9,전반적 만족도,20,17,85,17,17,4.9,4.8,4.8,4.8,4.9,4.8,4.9,4.9,4.8,4.8,,
AIG20210000329033,97,4.8,전반적 만족도,25,20,80,19,20,4.8,4.5,4.6,4.7,4.8,4.7,4.8,4.8,4.53,4.7,,
AIG20210000329033,98,4.7,전반적 만족도,24,22,91.7,21,22,4.7,4.5,4.7,4.8,4.8,4.8,4.9,4.7,4.67,4.8,1.4,
AIG20210000329033,99,4.8,전반적 만족도,26,17,65.4,17,17,4.8,4.7,4.8,4.6,4.7,4.7,4.7,4.9,4.77,4.8,,
AIG20210000329033,100,4.9,전반적 만족도,23,20,87,20,20,4.9,4.8,4.8,4.8,4.8,4.8,4.8,4.9,4.63,4.9,,
AIG20210000329033,101,5.0,전반적 만족도,21,12,57.1,12,12,5.0,4.9,4.9,4.9,4.9,4.8,4.9,4.9,4.83,4.9,,
AIG20210000329033,102,4.9,전반적 만족도,22,17,77.3,16,17,4.9,4.8,4.8,4.9,4.9,4.8,4.9,4.9,4.8,4.9,5.0,
AIG20210000329033,103,4.8,전반적 만족도,19,13,68.4,13,13,4.8,4.9,4.8,4.9,4.9,4.8,4.8,4.9,4.83,4.9,,
AIG20210000329033,104,5.0,전반적 만족도,22,19,86.4,19,19,5.0,5.0,5.0,5.0,5.0,5.0,5.0,5.0,5.0,5.0,,
AIG20210000329033,105,4.5,전반적 만족도,24,18,75,18,18,4.5,4.5,4.5,4.7,4.6,4.5,4.5,4.4,4.47,4.7,,
AIG20210000329033,106,4.2,전반적 만족도,21,16,76.2,14,16,4.2,4.3,4.4,4.6,4.5,4.2,4.2,4.5,3.9,4.3,,
AIG20210000329033,107,4.4,전반적 만족도,21,16,76.2,16,16,4.4,4.6,4.4,4.5,4.7,4.5,4.5,4.5,4.3,4.5,,
AIG20210000329033,108,5.0,전반적 만족도,30,21,70,21,21,5.0,5.0,5.0,5.0,4.9,5.0,5.0,5.0,4.93,4.9,,
AIG20210000329033,109,5.0,전반적 만족도,30,25,83.3,25,25,5.0,5.0,5.0,5.0,5.0,5.0,5.0,5.0,4.83,4.8,,
AIG20210000329033,110,4.9,전반적 만족도,21,13,61.9,13,13,4.9,4.9,4.9,4.9,4.9,4.9,4.8,4.8,4.83,4.8,,
AIG20210000329033,111,4.9,전반적 만족도,22,16,72.7,16,16,4.9,4.7,4.8,4.9,4.9,4.7,5.0,4.9,4.77,4.8,,
AIG20210000329033,112,4.8,전반적 만족도,23,20,87,20,20,4.8,4.9,4.8,4.7,4.8,4.7,4.8,4.9,4.6,4.8,,
AIG20210000329033,113,4.8,전반적 만족도,20,15,75,15,15,4.8,4.8,4.7,4.8,4.8,4.8,4.8,4.7,4.67,4.8,,
AIG20210000329033,114,4.9,전반적 만족도,29,27,93.1,27,27,4.9,4.9,4.9,4.9,4.9,4.9,4.9,4.9,4.87,4.9,,
AIG20210000329033,115,4.9,전반적 만족도,28,24,85.7,24,24,4.9,5.0,4.9,4.9,5.0,4.9,4.9,5.0,4.9,4.9,,
AIG20210000329033,116,4.7,전반적 만족도,24,21,87.5,20,21,4.7,4.9,4.8,4.9,4.8,4.8,4.8,4.9,4.77,4.8,,
AIG20210000329033,117,4.7,전반적 만족도,23,21,91.3,21,21,4.7,4.5,4.7,4.7,4.7,4.7,4.8,4.5,4.6,4.8,,
AIG20210000329033,118,5.0,전반적 만족도,22,20,90.9,20,20,5.0,4.9,4.9,4.9,4.9,4.9,5.0,4.8,4.83,4.9,,
AIG20210000329033,119,4.8,전반적 만족도,27,20,74.1,20,20,4.8,4.8,4.7,4.7,4.7,4.7,4.7,4.7,4.57,4.6,,
AIG20210000329033,120,4.8,전반적 만족도,26,21,80.8,20,21,4.8,4.9,4.9,4.9,4.9,4.9,4.9,4.8,4.77,4.7,,
AIG20210000329033,121,4.5,전반적 만족도,22,15,68.2,12,15,4.5,4.6,4.5,4.6,4.6,4.6,4.6,4.6,4.57,4.5,,
AIG20210000329033,122,4.4,전반적 만족도,20,14,70,13,14,4.4,4.2,4.4,4.6,4.5,4.5,4.5,4.4,4.5,4.6,,
AIG20210000329033,123,4.4,전반적 만족도,20,18,90,17,18,4.4,4.6,4.6,4.7,4.7,4.6,4.4,4.7,4.33,4.4,,
AIG20210000329033,124,4.6,전반적 만족도,21,18,85.7,17,18,4.6,4.3,4.6,4.6,4.6,4.6,4.6,4.6,4.43,4.6,5.0,
AIG20210000329033,125,4.8,전반적 만족도,20,17,85,16,17,4.8,4.8,4.9,4.7,4.9,4.8,4.9,4.9,4.7,4.8,,
AIG20210000329033,126,4.8,전반적 만족도,19,15,78.9,15,15,4.8,4.5,4.6,4.8,4.7,4.7,4.7,4.8,4.6,4.8,,
AIG20210000329033,127,4.4,전반적 만족도,26,20,76.9,18,20,4.4,4.4,4.5,4.4,4.6,4.3,4.5,4.5,4.27,4.5,,
AIG20210000329033,128,4.8,전반적 만족도,23,18,78.3,18,18,4.8,4.5,4.6,4.7,4.7,4.7,4.7,4.8,4.47,4.8,5.0,
AIG20210000329033,129,4.8,전반적 만족도,18,16,88.9,15,16,4.8,4.6,4.7,4.7,4.8,4.7,4.7,4.6,4.63,4.6,,
AIG20210000329033,130,4.8,전반적 만족도,21,15,71.4,15,15,4.8,4.9,4.7,4.8,4.9,4.8,4.7,4.9,4.77,4.8,,
AIG20210000329033,131,5.0,전반적 만족도,20,15,75,15,15,5.0,5.0,5.0,4.9,5.0,4.9,4.9,5.0,4.93,5.0,,
AIG20210000329033,132,4.8,전반적 만족도,21,19,90.5,19,19,4.8,4.8,4.8,4.8,4.8,4.8,4.8,4.9,4.7,4.8,,
AIG20210000329033,133,4.3,전반적 만족도,25,13,52,12,13,4.3,4.3,4.3,4.5,4.4,4.4,4.5,4.3,4.27,4.4,,
AIG20210000329033,134,4.7,전반적 만족도,25,23,92,23,23,4.7,4.7,4.7,4.7,4.7,4.7,4.7,4.8,4.57,4.7,,
AIG20210000329033,135,4.8,전반적 만족도,26,25,96.2,25,25,4.8,4.7,4.7,4.9,4.8,4.6,4.7,4.8,4.57,4.8,5.0,
AIG20210000329033,136,4.9,전반적 만족도,23,17,73.9,17,17,4.9,4.9,4.9,4.9,4.9,4.8,4.9,4.9,4.8,4.8,,
AIG20210000329033,137,4.8,전반적 만족도,31,27,87.1,26,27,4.8,4.8,4.8,4.8,4.9,4.8,4.8,4.8,4.77,4.8,,
AIG20210000329033,138,4.8,전반적 만족도,19,13,68.4,13,13,4.8,4.8,4.8,4.8,4.8,4.8,4.8,4.7,4.77,4.8,,
AIG20210000329033,139,4.8,전반적 만족도,19,16,84.2,16,16,4.8,4.8,4.8,4.6,4.8,4.7,4.7,4.7,4.77,4.8,,
AIG20210000329033,140,4.9,전반적 만족도,21,20,95.2,20,20,4.9,4.8,4.9,4.9,4.9,4.9,4.9,4.8,4.7,4.8,,
AIG20210000329033,141,4.7,전반적 만족도,22,20,90.9,18,20,4.7,4.7,4.7,4.7,4.7,4.6,4.7,4.6,4.57,4.7,,
AIG20210000329033,142,4.8,전반적 만족도,24,19,79.2,18,19,4.8,4.7,4.5,4.7,4.7,4.7,4.8,4.6,4.6,4.7,,
AIG20210000329033,143,4.9,전반적 만족도,25,20,80,19,20,4.9,4.9,4.8,4.9,4.9,4.9,4.9,4.9,4.9,4.9,,
AIG20210000350106,4,4.3,전반적 만족도,91,83,91.2,69,83,4.3,4.4,4.4,4.5,4.5,4.3,4.3,4.4,4.2,3.9,4.5,
AIG20210000350106,5,3.7,전반적 만족도,39,31,79.5,19,31,3.7,3.9,3.8,4.0,4.1,3.7,3.9,3.8,3.67,3.3,4.1,
AIG20210000350106,6,4.2,전반적 만족도,90,78,86.7,67,78,4.2,4.2,4.3,4.4,4.4,4.3,4.3,4.3,4.07,3.8,4.9,
AIG20210000350106,7,4.1,전반적 만족도,65,50,76.9,40,50,4.1,4.1,4.3,4.3,4.3,4.1,4.1,4.2,3.73,3.9,4.4,
AIG20210000350106,8,4.2,전반적 만족도,65,50,76.9,43,50,4.2,4.3,4.3,4.5,4.5,4.2,4.3,4.4,4.03,4.1,4.4,
AIG20210000350106,9,3.8,전반적 만족도,50,40,80,30,40,3.8,4.0,4.1,4.2,4.1,3.9,4.0,4.2,3.9,3.7,3.8,
AIG20210000365837,6,3.9,전반적 만족도,19,16,84.2,9,16,3.9,4.1,3.8,4.2,3.9,3.9,3.7,3.4,3.57,3.1,4.8,
AIG20210000365837,7,4.6,전반적 만족도,14,10,71.4,10,10,4.6,4.8,4.7,4.6,4.6,4.6,4.5,4.7,4.67,4.3,,
AIG20210000365837,8,4.0,전반적 만족도,13,9,69.2,8,9,4.0,3.7,4.0,4.0,4.0,4.0,4.1,3.8,3.97,3.6,,
AIG20210000365837,9,4.2,전반적 만족도,17,12,70.6,11,12,4.2,4.1,4.3,4.5,4.2,4.2,4.4,3.5,4.3,4.0,3.2,
AIG20210000365837,10,4.0,전반적 만족도,15,9,60,9,9,4.0,4.0,4.3,4.2,4.0,4.1,4.4,3.8,3.87,4.0,2.9,
AIG20210000365837,11,4.8,전반적 만족도,8,4,50,4,4,4.8,4.8,4.7,4.8,4.8,4.8,4.5,4.6,4.63,5.0,5.0,
AIG20220000366671,3,4.6,전반적 만족도,21,15,71.4,14,15,4.6,4.7,4.6,4.6,4.7,4.6,4.6,4.6,4.77,4.6,,
AIG20220000366677,2,4.4,전반적 만족도,17,12,70.6,12,12,4.4,4.2,4.4,4.6,4.5,4.3,4.5,4.4,4.4,4.3,3.6,
AIG20220000366677,3,4.7,전반적 만족도,10,9,90,8,9,4.7,4.5,4.7,4.8,4.8,4.7,4.8,4.7,4.3,4.5,5.0,
AIG20220000366679,3,4.9,전반적 만족도,16,5,31.3,5,5,4.9,4.7,4.7,4.6,4.8,4.9,4.6,4.9,4.8,4.9,,
AIG20220000366679,4,3.6,전반적 만족도,14,12,85.7,10,12,3.6,3.9,4.0,4.0,4.0,3.8,4.3,4.1,3.7,3.8,2.9,
AIG20220000366679,5,5.0,전반적 만족도,10,8,80,8,8,5.0,4.7,4.8,4.9,4.9,4.9,5.0,4.9,4.9,4.8,4.6,
AIG20220000366679,6,4.5,전반적 만족도,15,13,86.7,13,13,4.5,4.5,4.6,4.6,4.7,4.5,4.6,4.6,4.4,4.6,5.0,
AIG20220000366681,2,4.6,전반적 만족도,20,20,100,18,20,4.6,4.5,4.5,4.5,4.5,4.5,4.5,4.4,4.43,4.4,5.0,
AIG20220000366681,3,4.6,전반적 만족도,13,11,84.6,11,11,4.6,4.2,4.3,4.3,4.4,4.3,4.5,4.5,4.3,4.7,4.3,
AIG20220000366681,4,4.9,전반적 만족도,8,6,75,6,6,4.9,5.0,5.0,5.0,4.9,5.0,4.9,4.9,4.63,5.0,,
AIG20220000366682,3,4.4,전반적 만족도,28,27,96.4,25,27,4.4,4.3,4.5,4.9,4.5,4.4,4.3,3.7,4.47,4.2,4.3,
AIG20220000366682,4,4.9,전반적 만족도,25,22,88,22,22,4.9,5.0,4.9,5.0,4.9,4.8,4.8,4.4,4.77,4.5,4.6,
AIG20220000366682,5,4.9,전반적 만족도,30,27,90,26,27,4.9,4.9,4.9,4.9,4.9,4.9,4.9,4.9,4.93,4.9,4.8,
AIG20220000366682,6,4.8,전반적 만족도,30,30,100,30,30,4.8,4.6,4.7,4.9,4.8,4.7,4.7,4.2,4.63,4.7,4.7,
AIG20220000366682,7,4.6,전반적 만족도,29,26,89.7,26,26,4.6,4.7,4.8,4.9,4.7,4.7,4.7,4.5,4.6,4.8,,
AIG20220000366682,8,4.0,전반적 만족도,27,15,55.6,13,15,4.0,4.4,4.2,4.3,4.4,4.4,4.5,4.2,4.07,4.2,3.2,
AIG20220000366682,9,4.6,전반적 만족도,22,20,90.9,20,20,4.6,4.5,4.7,4.8,4.7,4.6,4.8,4.0,4.53,4.6,4.4,
AIG20220000366682,10,4.6,전반적 만족도,30,27,90,27,27,4.6,4.6,4.6,4.8,4.7,4.6,4.3,4.5,4.3,4.6,5.0,
AIG20220000366692,3,4.5,전반적 만족도,30,28,93.3,27,28,4.5,4.3,4.5,4.6,4.6,4.5,4.6,4.7,4.2,4.4,4.3,
AIG20220000366692,4,4.6,전반적 만족도,30,24,80,23,24,4.6,4.7,4.7,4.8,4.9,4.7,4.7,4.9,4.47,4.7,4.8,
AIG20220000366692,5,4.4,전반적 만족도,16,11,68.8,11,11,4.4,4.3,4.4,4.7,4.5,4.5,4.4,4.5,4.4,4.5,,
AIG20220000366692,6,3.9,전반적 만족도,22,19,86.4,18,19,3.9,3.5,4.0,4.5,4.0,3.9,3.9,3.9,3.43,3.7,4.3,
AIG20220000366697,5,4.4,전반적 만족도,15,15,100,14,15,4.4,4.2,4.4,4.6,4.5,4.5,4.6,4.5,4.37,4.4,4.2,
AIG20220000366697,6,4.5,전반적 만족도,23,21,91.3,20,21,4.5,4.4,4.4,4.6,4.5,4.4,4.4,4.5,4.3,4.4,3.6,
AIG20220000366697,7,4.4,전반적 만족도,20,19,95,19,19,4.4,4.2,4.6,4.7,4.4,4.4,4.4,4.3,4.5,4.4,4.3,
AIG20220000366697,8,3.9,전반적 만족도,14,14,100,12,14,3.9,4.1,3.9,4.4,4.2,4.0,4.0,4.3,4.07,3.9,3.9,
AIG20220000366700,6,4.6,전반적 만족도,30,28,93.3,28,28,4.6,4.6,4.6,4.9,4.5,4.6,4.6,4.6,4.47,4.4,4.3,
AIG20220000366700,7,4.7,전반적 만족도,30,28,93.3,28,28,4.7,4.4,4.5,4.7,4.5,4.5,4.6,4.7,4.47,4.6,5.0,
AIG20220000366700,8,4.5,전반적 만족도,30,25,83.3,23,25,4.5,4.7,4.4,4.7,4.4,4.5,4.3,4.7,4.47,4.1,,
AIG20220000366700,9,4.6,전반적 만족도,30,30,100,28,30,4.6,4.6,4.6,4.7,4.6,4.6,4.6,4.7,4.53,4.6,5.0,
AIG20220000366700,10,4.0,전반적 만족도,30,27,90,21,27,4.0,4.3,4.3,4.5,4.3,4.1,4.3,4.0,4.03,3.9,5.0,
AIG20220000366700,11,4.0,전반적 만족도,25,25,100,19,25,4.0,4.3,4.3,4.2,4.3,4.1,4.3,3.9,4.23,3.9,3.2,
AIG20220000366700,12,4.5,전반적 만족도,28,26,92.9,26,26,4.5,4.5,4.6,4.7,4.6,4.6,4.6,4.5,4.53,4.4,4.3,
AIG20220000366700,13,4.5,전반적 만족도,27,21,77.8,21,21,4.5,4.6,4.6,4.7,4.7,4.4,4.6,4.6,4.3,4.4,5.0,
AIG20220000366700,14,4.4,전반적 만족도,11,5,45.5,5,5,4.4,4.7,4.6,4.5,4.9,4.6,4.6,4.8,4.73,4.4,,
AIG20220000366700,15,3.6,전반적 만족도,12,10,83.3,7,10,3.6,3.8,3.9,4.0,4.0,3.7,3.7,3.9,3.37,3.5,4.6,
AIG20220000366703,4,4.8,전반적 만족도,25,12,48,12,12,4.8,4.4,4.6,4.8,4.6,4.6,4.7,4.3,4.37,4.4,5.0,
AIG20220000366703,5,4.4,전반적 만족도,18,11,61.1,10,11,4.4,4.4,4.5,4.7,4.5,4.4,4.3,4.5,4.0,4.2,,
AIG20220000366703,6,4.7,전반적 만족도,20,16,80,16,16,4.7,4.7,4.8,4.8,4.7,4.7,4.6,4.9,4.3,4.7,,
AIG20220000366707,2,4.0,전반적 만족도,15,8,53.3,7,8,4.0,4.3,4.2,4.2,4.3,4.1,3.9,4.2,3.87,3.9,,
AIG20220000366708,2,4.3,전반적 만족도,19,13,68.4,10,13,4.3,4.6,4.5,4.2,4.3,4.4,4.1,4.3,4.27,4.3,4.8,
AIG20220000366708,3,4.6,전반적 만족도,19,18,94.7,17,18,4.6,4.9,4.8,4.8,4.6,4.6,4.6,4.8,4.73,4.7,,
AIG20220000366708,4,4.0,전반적 만족도,15,9,60,8,9,4.0,4.1,4.2,4.3,4.3,4.3,4.0,4.1,3.8,4.0,5.0,
AIG20220000366720,6,4.5,전반적 만족도,140,112,80,104,112,4.5,4.6,4.5,4.6,4.7,4.4,4.6,4.5,4.47,3.8,4.6,
AIG20220000366720,7,3.8,전반적 만족도,140,107,76.4,68,107,3.8,3.9,4.0,3.9,4.2,3.8,4.1,3.9,3.87,3.0,4.1,
AIG20220000366721,6,4.2,전반적 만족도,135,112,83,95,112,4.2,4.3,4.3,4.3,4.4,4.2,4.3,4.2,4.23,3.6,4.2,
AIG20220000366721,7,3.9,전반적 만족도,139,110,79.1,76,110,3.9,4.0,4.0,4.1,4.2,3.9,4.1,4.0,3.87,3.2,3.9,
AIG20220000366722,3,3.4,전반적 만족도,26,21,80.8,13,21,3.4,3.0,3.6,3.6,3.5,3.6,3.5,3.6,3.43,3.4,3.6,
AIG20220000366724,3,4.9,전반적 만족도,15,11,73.3,11,11,4.9,4.8,4.9,4.9,4.9,4.9,4.9,4.9,4.63,4.8,5.0,
AIG20220000366725,3,3.5,전반적 만족도,13,12,92.3,9,12,3.5,4.1,3.4,3.2,3.3,3.5,3.6,4.1,3.77,3.3,2.9,
AIG20220000366725,4,4.1,전반적 만족도,20,19,95,12,19,4.1,4.4,4.3,4.2,4.1,4.3,4.1,4.2,4.2,3.9,4.6,
AIG20220000366725,5,3.8,전반적 만족도,12,8,66.7,8,8,3.8,4.4,3.6,3.0,3.6,3.7,4.0,4.3,3.67,3.7,,
AIG20220000366725,6,4.9,전반적 만족도,18,7,38.9,7,7,4.9,5.0,4.9,4.7,4.8,4.7,5.0,4.8,4.37,4.8,4.3,
AIG20220000366726,2,4.3,전반적 만족도,20,17,85,17,17,4.3,4.6,4.5,4.4,4.3,4.4,4.4,4.7,4.5,4.5,5.0,
AIG20220000366732,3,4.6,전반적 만족도,28,25,89.3,25,25,4.6,3.9,4.4,4.7,4.6,4.5,4.6,4.4,4.43,4.3,4.8,
AIG20220000366732,4,4.0,전반적 만족도,27,23,85.2,19,23,4.0,4.2,4.3,4.6,4.5,4.4,4.4,3.9,4.3,4.1,4.3,
AIG20220000366732,5,4.4,전반적 만족도,51,43,84.3,37,43,4.4,4.0,4.4,4.6,4.7,4.3,4.5,4.4,4.33,4.2,4.3,
AIG20220000366733,4,4.5,전반적 만족도,25,25,100,22,25,4.5,4.5,4.6,4.6,4.6,4.4,4.5,4.5,4.37,4.4,5.0,
AIG20220000366733,5,4.9,전반적 만족도,30,27,90,27,27,4.9,4.8,4.9,4.9,4.9,4.9,4.9,4.9,4.83,4.8,4.8,
AIG20220000366733,6,4.6,전반적 만족도,23,18,78.3,16,18,4.6,4.4,4.4,4.6,4.4,4.5,4.5,4.5,4.43,4.4,5.0,
AIG20220000366733,7,4.6,전반적 만족도,29,22,75.9,20,22,4.6,4.4,4.7,4.8,4.7,4.5,4.7,4.5,4.47,4.5,5.0,
AIG20220000366733,8,4.7,전반적 만족도,23,22,95.7,20,22,4.7,4.5,4.5,4.7,4.5,4.6,4.4,4.5,4.47,4.5,5.0,
AIG20220000366736,5,2.0,전반적 만족도,18,12,66.7,2,12,2.0,2.7,1.9,1.8,2.1,2.0,2.4,3.0,2.13,1.5,,
AIG20220000366736,6,4.4,전반적 만족도,17,11,64.7,8,11,4.4,4.4,4.6,4.7,4.6,4.4,4.5,4.5,4.3,4.4,,
AIG20220000366739,3,4.1,전반적 만족도,11,10,90.9,7,10,4.1,4.3,4.7,4.9,4.6,4.5,4.4,4.3,4.43,4.2,4.3,
AIG20220000366739,4,4.8,전반적 만족도,21,18,85.7,18,18,4.8,4.8,4.9,4.9,4.9,4.8,4.8,4.8,4.77,4.8,5.0,
AIG20220000366739,5,4.3,전반적 만족도,14,10,71.4,9,10,4.3,3.9,4.5,4.8,4.5,4.2,4.2,3.9,3.97,4.2,,
AIG20220000366739,6,4.6,전반적 만족도,14,12,85.7,12,12,4.6,4.3,4.7,4.8,4.8,4.7,4.6,4.3,4.5,4.6,,
AIG20220000366739,7,5.0,전반적 만족도,7,7,100,7,7,5.0,4.9,4.8,5.0,4.9,4.9,4.9,4.9,4.6,5.0,,
AIG20220000366743,4,4.4,전반적 만족도,16,13,81.3,11,13,4.4,4.2,4.5,4.6,4.4,4.4,4.2,4.4,4.17,3.9,5.0,
AIG20220000366743,5,4.2,전반적 만족도,21,15,71.4,12,15,4.2,4.0,4.1,4.2,4.3,4.2,4.2,4.1,3.9,3.8,,
AIG20220000366743,6,4.6,전반적 만족도,11,8,72.7,8,8,4.6,4.5,4.8,4.9,4.8,4.8,4.6,4.7,4.47,4.6,4.3,
AIG20220000366743,7,3.8,전반적 만족도,16,12,75,10,12,3.8,3.6,4.0,4.0,3.9,4.0,4.0,3.8,3.87,3.8,,
AIG20220000366743,8,4.6,전반적 만족도,21,15,71.4,15,15,4.6,4.0,4.7,4.4,4.5,4.4,4.7,4.3,4.43,4.5,5.0,
AIG20220000366743,9,4.5,전반적 만족도,20,15,75,13,15,4.5,4.5,4.7,4.8,4.8,4.7,4.6,4.5,4.3,4.2,5.0,
AIG20220000366748,6,3.9,전반적 만족도,25,23,92,15,23,3.9,4.0,3.8,3.9,3.9,3.9,4.1,3.6,4.03,3.8,,
AIG20220000366748,7,4.6,전반적 만족도,18,16,88.9,15,16,4.6,4.5,4.7,4.7,4.6,4.6,4.7,4.4,4.67,4.8,3.6,
AIG20220000366748,8,4.2,전반적 만족도,20,20,100,18,20,4.2,4.0,4.2,4.3,4.3,4.2,4.0,4.3,4.23,4.1,4.3,
AIG20220000366748,9,4.6,전반적 만족도,13,12,92.3,11,12,4.6,4.5,4.6,4.8,4.7,4.7,4.4,4.5,4.33,4.3,5.0,
AIG20220000366748,10,4.6,전반적 만족도,17,14,82.4,14,14,4.6,4.9,4.8,4.9,4.8,4.7,4.5,4.8,4.63,4.7,4.5,
AIG20220000366748,11,4.6,전반적 만족도,15,13,86.7,13,13,4.6,4.8,4.8,4.8,4.7,4.5,4.6,4.7,4.3,4.6,,
AIG20220000366748,12,4.8,전반적 만족도,13,13,100,13,13,4.8,4.8,4.9,4.9,4.8,4.8,4.9,4.9,4.53,4.8,,
AIG20220000366748,13,4.5,전반적 만족도,17,16,94.1,16,16,4.5,4.7,4.7,4.8,4.8,4.6,4.5,4.8,4.53,4.7,4.5,
AIG20220000366748,14,4.4,전반적 만족도,11,10,90.9,10,10,4.4,4.4,4.6,4.8,4.8,4.7,4.6,4.8,4.07,4.6,5.0,
AIG20220000366748,15,4.9,전반적 만족도,16,14,87.5,14,14,4.9,4.9,4.9,4.9,4.9,4.8,4.8,4.7,4.6,4.8,5.0,
AIG20220000366748,16,4.8,전반적 만족도,19,16,84.2,16,16,4.8,5.0,4.9,4.9,4.9,4.8,4.8,4.9,4.87,4.9,5.0,
AIG20220000366754,2,5.0,전반적 만족도,38,37,97.4,37,37,5.0,4.8,4.9,4.9,4.9,4.9,5.0,4.9,4.8,4.9,5.0,
AIG20220000366754,3,4.9,전반적 만족도,32,29,90.6,29,29,4.9,4.7,4.8,4.8,4.8,4.8,4.9,4.9,4.7,4.8,4.8,
AIG20220000366757,1,3.4,전반적 만족도,7,7,100,6,7,3.4,3.1,3.5,3.6,3.6,3.4,3.7,3.3,3.77,3.1,2.1,
AIG20220000366759,1,4.0,전반적 만족도,15,8,53.3,7,8,4.0,3.8,4.2,4.2,4.1,4.1,4.1,4.1,4.13,4.2,,
AIG20220000366761,2,4.2,전반적 만족도,20,18,90,16,18,4.2,4.2,4.3,4.2,4.4,4.2,4.3,4.0,4.2,4.1,4.3,
AIG20220000366761,3,4.7,전반적 만족도,14,10,71.4,9,10,4.7,4.8,4.8,4.8,4.7,4.7,4.5,4.8,4.63,4.7,5.0,
AIG20220000366761,4,5.0,전반적 만족도,13,8,61.5,8,8,5.0,4.8,5.0,5.0,5.0,5.0,4.6,4.8,5.0,5.0,,
AIG20220000366767,3,4.9,전반적 만족도,20,15,75,15,15,4.9,4.8,4.9,4.9,4.9,4.8,4.9,4.8,4.83,4.9,,
AIG20220000366767,4,4.7,전반적 만족도,19,18,94.7,18,18,4.7,4.8,4.8,4.7,4.8,4.7,4.5,4.7,4.5,4.5,5.0,
AIG20220000366768,2,5.0,전반적 만족도,8,2,25,2,2,5.0,5.0,5.0,5.0,5.0,5.0,5.0,5.0,5.0,5.0,,
AIG20220000366771,2,4.2,전반적 만족도,16,12,75,11,12,4.2,3.9,4.8,4.8,4.8,4.6,3.9,4.6,3.83,3.9,4.8,
AIG20220000366772,4,4.9,전반적 만족도,26,20,76.9,20,20,4.9,4.7,4.8,4.9,4.8,4.7,4.8,4.7,4.67,4.8,,
AIG20220000366772,5,4.9,전반적 만족도,13,11,84.6,11,11,4.9,4.9,5.0,5.0,4.8,4.9,4.9,4.9,4.9,4.9,,
AIG20220000366772,6,4.9,전반적 만족도,12,10,83.3,10,10,4.9,4.9,4.9,4.9,4.9,4.9,4.9,4.9,4.83,4.9,,
AIG20220000366772,7,4.5,전반적 만족도,13,7,53.8,6,7,4.5,4.4,4.8,4.7,4.6,4.8,4.7,4.8,4.23,4.2,,
AIG20220000366774,3,4.9,전반적 만족도,25,23,92,23,23,4.9,4.8,4.9,4.9,4.9,4.8,4.8,4.9,4.8,4.9,,
AIG20220000366774,4,4.9,전반적 만족도,20,19,95,19,19,4.9,4.8,4.9,5.0,4.9,4.8,4.9,4.8,4.8,4.9,,
AIG20220000366777,2,4.8,전반적 만족도,24,21,87.5,21,21,4.8,4.8,4.9,4.9,4.9,4.9,4.9,4.9,4.7,4.9,5.0,
AIG20220000366777,3,4.6,전반적 만족도,22,18,81.8,16,18,4.6,4.6,4.6,4.7,4.6,4.5,4.6,4.7,4.27,4.3,,
AIG20220000366785,4,4.3,전반적 만족도,27,26,96.3,24,26,4.3,4.4,4.3,4.5,4.5,4.3,4.4,4.6,4.33,4.4,3.2,
AIG20220000366785,5,4.5,전반적 만족도,26,25,96.2,23,25,4.5,4.5,4.5,4.5,4.7,4.4,4.4,4.7,4.43,4.4,5.0,
AIG20220000366785,6,4.3,전반적 만족도,28,23,82.1,23,23,4.3,4.5,4.2,4.5,4.5,4.3,4.4,4.5,4.2,4.3,,
AIG20220000366785,7,4.5,전반적 만족도,24,23,95.8,22,23,4.5,4.2,4.1,4.5,4.4,4.4,4.4,4.4,4.2,4.5,2.9,
AIG20220000366785,8,4.6,전반적 만족도,22,22,100,22,22,4.6,4.3,4.7,4.9,4.7,4.6,4.5,4.7,4.5,4.5,4.6,
AIG20220000366785,9,4.1,전반적 만족도,25,22,88,19,22,4.1,4.3,4.3,4.4,4.4,4.1,4.2,4.5,4.1,4.2,,
AIG20220000366785,10,4.2,전반적 만족도,24,19,79.2,16,19,4.2,4.4,4.3,4.5,4.6,4.3,4.4,4.7,4.53,4.2,4.1,
AIG20220000366785,11,4.8,전반적 만족도,19,13,68.4,13,13,4.8,4.9,4.9,4.9,4.9,4.9,4.9,4.9,4.77,4.8,,
AIG20220000366785,12,4.8,전반적 만족도,28,27,96.4,27,27,4.8,4.6,4.7,4.8,4.7,4.7,4.6,4.7,4.53,4.7,5.0,
AIG20220000366785,13,4.4,전반적 만족도,27,27,100,27,27,4.4,4.3,4.4,4.3,4.4,4.2,4.3,4.7,4.2,4.3,2.9,
AIG20220000366785,14,4.7,전반적 만족도,27,24,88.9,23,24,4.7,4.7,4.7,4.8,4.8,4.7,4.7,4.7,4.73,4.7,5.0,
AIG20220000366785,15,4.7,전반적 만족도,26,21,80.8,21,21,4.7,4.8,4.6,4.8,4.7,4.5,4.7,4.7,4.57,4.7,,
AIG20220000366785,16,4.1,전반적 만족도,27,24,88.9,23,24,4.1,4.4,4.0,4.0,4.3,4.0,4.0,4.6,4.27,4.0,,
AIG20220000366785,17,3.8,전반적 만족도,25,18,72,18,18,3.8,3.7,3.9,4.0,4.2,3.9,4.0,4.0,3.7,3.9,3.6,
AIG20220000366785,18,4.1,전반적 만족도,27,25,92.6,24,25,4.1,4.1,4.1,4.3,4.2,4.0,4.1,4.5,3.93,4.1,,
AIG20220000366785,19,4.0,전반적 만족도,14,10,71.4,8,10,4.0,4.5,4.0,4.0,4.0,4.1,4.3,4.8,4.13,3.8,,
AIG20220000366785,20,4.8,전반적 만족도,27,18,66.7,18,18,4.8,4.6,4.9,5.0,4.9,4.8,4.8,4.9,4.63,4.8,,
AIG20220000366785,21,4.4,전반적 만족도,17,14,82.4,13,14,4.4,4.2,4.2,4.5,4.3,4.4,4.5,4.4,4.2,4.2,2.9,
AIG20220000366785,22,4.1,전반적 만족도,17,15,88.2,14,15,4.1,4.0,4.0,4.0,4.2,4.1,4.0,4.4,4.03,4.1,5.0,
AIG20220000366785,23,4.9,전반적 만족도,11,8,72.7,8,8,4.9,5.0,5.0,5.0,5.0,4.9,5.0,5.0,4.9,5.0,5.0,
AIG20220000366785,24,4.9,전반적 만족도,14,13,92.9,13,13,4.9,4.9,4.9,4.9,4.9,4.9,4.9,4.9,4.8,4.9,5.0,
AIG20220000366787,4,4.7,전반적 만족도,20,14,70,14,14,4.7,4.6,4.8,4.9,4.8,4.8,4.7,4.5,4.4,4.4,5.0,
AIG20220000366787,5,4.5,전반적 만족도,30,24,80,23,24,4.5,4.3,4.4,4.6,4.5,4.6,4.6,4.6,4.37,4.4,,
AIG20220000366787,6,4.1,전반적 만족도,27,19,70.4,16,19,4.1,3.9,4.3,4.5,4.1,4.0,3.8,3.8,4.03,3.7,,
AIG20220000366787,7,3.9,전반적 만족도,30,26,86.7,21,26,3.9,3.9,4.1,4.3,4.1,4.1,3.9,4.0,3.93,3.8,3.9,
AIG20220000366787,8,4.8,전반적 만족도,26,24,92.3,24,24,4.8,4.9,4.8,4.9,4.8,4.8,4.8,4.7,4.8,4.9,5.0,
AIG20220000366787,9,4.7,전반적 만족도,17,13,76.5,13,13,4.7,4.5,4.6,4.8,4.7,4.5,4.6,4.5,4.3,4.6,,
AIG20220000366787,10,4.8,전반적 만족도,18,14,77.8,14,14,4.8,4.9,4.8,4.9,4.9,4.8,4.9,4.9,4.77,4.8,,
AIG20220000366787,11,4.7,전반적 만족도,22,19,86.4,19,19,4.7,4.6,4.7,4.8,4.7,4.6,4.5,4.5,4.57,4.7,,
AIG20220000366787,12,4.7,전반적 만족도,17,12,70.6,11,12,4.7,4.6,4.9,4.9,4.9,4.8,4.8,4.6,4.87,4.8,,
AIG20220000366787,13,4.6,전반적 만족도,10,7,70,7,7,4.6,4.5,4.7,4.8,4.8,4.6,4.4,4.5,4.37,4.5,,
AIG20220000366787,14,4.7,전반적 만족도,13,10,76.9,10,10,4.7,4.6,4.8,4.9,4.9,4.8,4.9,4.7,4.6,4.8,,
AIG20220000366787,15,4.6,전반적 만족도,18,13,72.2,13,13,4.6,4.5,4.6,4.6,4.6,4.5,4.3,4.3,4.23,4.5,5.0,
AIG20220000366787,16,3.6,전반적 만족도,21,21,100,14,21,3.6,3.8,3.8,3.6,3.8,3.7,3.9,3.8,3.93,3.5,4.3,
AIG20220000366787,17,4.5,전반적 만족도,20,14,70,13,14,4.5,4.1,4.7,4.8,4.7,4.4,4.5,4.4,4.43,4.6,,
AIG20220000366787,18,4.8,전반적 만족도,21,19,90.5,18,19,4.8,4.7,4.8,4.8,4.7,4.7,4.8,4.7,4.63,4.7,,
AIG20220000366789,13,4.8,전반적 만족도,25,24,96,22,24,4.8,4.5,4.6,4.8,4.7,4.7,4.8,4.6,4.57,4.7,4.3,
AIG20220000366789,14,4.5,전반적 만족도,25,23,92,23,23,4.5,4.3,4.5,4.6,4.5,4.4,4.5,4.3,4.37,4.5,,
AIG20220000366789,15,4.8,전반적 만족도,25,23,92,23,23,4.8,4.7,4.7,4.9,4.7,4.8,4.8,4.7,4.7,4.8,5.0,
AIG20220000366789,16,4.6,전반적 만족도,24,21,87.5,21,21,4.6,4.4,4.3,4.4,4.3,4.4,4.6,4.5,4.4,4.5,5.0,
AIG20220000366789,17,4.8,전반적 만족도,25,23,92,22,23,4.8,4.7,4.7,4.9,4.8,4.7,4.8,4.6,4.63,4.6,,
AIG20220000366789,18,4.9,전반적 만족도,25,25,100,25,25,4.9,4.8,4.8,4.9,4.8,4.8,4.9,4.8,4.83,4.9,,
AIG20220000366789,19,4.6,전반적 만족도,20,18,90,17,18,4.6,4.3,4.6,4.6,4.6,4.4,4.7,3.6,4.3,4.6,4.3,
AIG20220000366789,20,4.4,전반적 만족도,25,24,96,22,24,4.4,4.3,4.3,4.4,4.4,4.3,4.3,4.0,4.3,4.5,5.0,
AIG20220000366789,21,4.4,전반적 만족도,25,22,88,21,22,4.4,4.3,4.3,4.3,4.3,4.3,4.4,4.2,4.33,4.4,,
AIG20220000366789,22,4.5,전반적 만족도,25,24,96,22,24,4.5,4.4,4.4,4.3,4.3,4.5,4.5,4.3,4.4,4.6,,
AIG20220000366789,23,4.5,전반적 만족도,25,24,96,24,24,4.5,4.6,4.4,4.7,4.6,4.6,4.5,4.6,4.47,4.7,5.0,
AIG20220000366789,24,4.7,전반적 만족도,25,23,92,22,23,4.7,4.4,4.5,4.8,4.6,4.4,4.5,4.5,4.37,4.7,5.0,
AIG20220000366789,25,4.6,전반적 만족도,25,24,96,24,24,4.6,4.6,4.5,4.6,4.5,4.6,4.7,4.7,4.53,4.6,,
AIG20220000366789,26,4.5,전반적 만족도,25,22,88,19,22,4.5,4.1,4.3,4.6,4.5,4.4,4.4,4.4,4.33,4.3,,
AIG20220000366789,27,3.8,전반적 만족도,25,21,84,18,21,3.8,3.8,3.6,3.1,3.6,3.8,3.9,3.9,3.63,3.8,3.6,
AIG20220000366789,28,4.3,전반적 만족도,25,22,88,22,22,4.3,4.1,4.2,4.3,4.2,4.2,4.4,4.0,4.27,4.3,,
AIG20220000366789,29,4.6,전반적 만족도,25,24,96,24,24,4.6,4.3,4.5,4.5,4.5,4.5,4.5,4.3,4.4,4.6,,
AIG20220000366789,30,4.5,전반적 만족도,25,22,88,22,22,4.5,4.4,4.5,4.7,4.6,4.5,4.6,4.3,4.47,4.6,,
AIG20220000366789,31,4.8,전반적 만족도,25,25,100,25,25,4.8,4.5,4.6,5.0,4.8,4.7,4.8,4.8,4.57,4.8,5.0,
AIG20220000366789,32,4.8,전반적 만족도,25,25,100,25,25,4.8,4.5,4.8,4.9,4.8,4.7,4.8,4.4,4.63,4.8,,
AIG20220000366789,33,4.3,전반적 만족도,25,20,80,17,20,4.3,3.8,4.3,4.8,4.5,4.4,4.5,3.7,4.1,4.3,5.0,
AIG20220000366789,34,4.5,전반적 만족도,25,25,100,25,25,4.5,4.1,4.4,4.8,4.6,4.4,4.6,4.2,4.27,4.4,,
AIG20220000366789,35,4.6,전반적 만족도,25,21,84,21,21,4.6,4.5,4.6,4.8,4.7,4.7,4.6,4.7,4.6,4.7,,
AIG20220000366789,36,4.5,전반적 만족도,25,21,84,18,21,4.5,4.3,4.5,4.6,4.6,4.5,4.5,4.5,4.23,4.5,5.0,
AIG20220000366789,37,4.5,전반적 만족도,25,24,96,23,24,4.5,4.7,4.5,4.6,4.7,4.6,4.6,4.6,4.57,4.7,,
AIG20220000366797,3,4.4,전반적 만족도,16,9,56.3,8,9,4.4,4.3,4.5,4.4,4.5,4.5,4.8,4.2,4.7,4.4,4.0,
AIG20220000366797,4,3.6,전반적 만족도,28,24,85.7,18,24,3.6,3.9,3.8,3.8,3.9,3.6,3.8,3.5,3.63,3.4,3.6,
AIG20220000366797,5,3.9,전반적 만족도,22,15,68.2,10,15,3.9,3.8,4.0,4.2,4.0,4.0,4.2,4.2,3.9,3.8,,
AIG20220000366797,6,4.7,전반적 만족도,13,10,76.9,10,10,4.7,4.8,4.7,4.6,4.8,4.6,4.7,4.5,4.2,4.6,,
AIG20220000366797,7,3.4,전반적 만족도,16,5,31.3,1,5,3.4,2.6,3.1,3.2,3.6,3.0,3.9,4.1,3.37,2.6,,
AIG20220000366797,8,2.9,전반적 만족도,13,11,84.6,9,11,2.9,3.2,3.1,3.1,2.9,3.2,3.3,2.9,3.5,2.9,2.9,
AIG20220000366797,9,3.8,전반적 만족도,13,4,30.8,4,4,3.8,3.4,3.4,3.5,3.6,3.8,3.4,3.4,3.4,3.4,,
AIG20220000366799,4,4.0,전반적 만족도,54,50,92.6,38,50,4.0,4.0,4.1,4.2,4.2,4.2,4.0,4.1,4.13,3.9,4.1,
AIG20220000366799,5,4.4,전반적 만족도,53,42,79.2,38,42,4.4,4.4,4.6,4.5,4.6,4.4,4.5,4.4,4.5,4.2,4.4,
AIG20220000366799,6,4.5,전반적 만족도,49,43,87.8,41,43,4.5,4.5,4.7,4.7,4.7,4.6,4.7,4.6,4.6,4.5,4.0,
AIG20220000366799,7,4.6,전반적 만족도,49,46,93.9,45,46,4.6,4.5,4.8,4.8,4.8,4.6,4.7,4.6,4.73,4.7,,
AIG20220000366799,8,4.5,전반적 만족도,43,35,81.4,32,35,4.5,4.6,4.7,4.7,4.7,4.5,4.6,4.4,4.57,4.2,4.5,
AIG20220000366799,9,4.4,전반적 만족도,52,43,82.7,39,43,4.4,4.2,4.6,4.6,4.7,4.5,4.5,4.5,4.33,4.2,4.3,
AIG20220000366799,10,4.7,전반적 만족도,50,42,84,41,42,4.7,4.5,4.7,4.7,4.8,4.6,4.7,4.5,4.63,4.7,4.9,
AIG20220000366799,11,4.6,전반적 만족도,46,37,80.4,37,37,4.6,4.5,4.7,4.7,4.7,4.6,4.7,4.7,4.57,4.7,4.5,
AIG20220000366799,12,4.7,전반적 만족도,55,46,83.6,44,46,4.7,4.5,4.8,4.8,4.8,4.7,4.8,4.6,4.73,4.6,4.6,
AIG20220000366799,13,4.6,전반적 만족도,54,40,74.1,38,40,4.6,4.3,4.6,4.7,4.7,4.5,4.6,4.4,4.47,4.5,5.0,
AIG20220000366799,14,4.7,전반적 만족도,54,47,87,45,47,4.7,4.5,4.7,4.8,4.8,4.7,4.7,4.7,4.63,4.8,4.9,
AIG20220000366799,15,4.4,전반적 만족도,47,39,83,34,39,4.4,4.1,4.5,4.5,4.5,4.3,4.5,4.3,4.27,4.4,4.5,
AIG20220000366801,3,3.9,전반적 만족도,15,10,66.7,8,10,3.9,3.8,3.5,4.2,3.8,3.8,3.9,3.6,3.6,3.6,,
AIG20220000366803,2,4.8,전반적 만족도,26,23,88.5,23,23,4.8,4.6,4.6,4.9,4.7,4.8,4.6,4.7,4.6,4.9,5.0,
AIG20220000366803,3,4.8,전반적 만족도,10,9,90,9,9,4.8,4.8,4.8,4.9,4.8,4.8,4.7,4.8,4.67,4.7,,
AIG20220000366804,3,4.5,전반적 만족도,12,12,100,11,12,4.5,4.8,4.7,4.8,4.8,4.8,4.8,4.8,4.7,4.6,3.9,
AIG20220000366804,4,4.0,전반적 만족도,13,11,84.6,8,11,4.0,4.0,4.2,3.9,4.1,4.0,4.3,4.0,4.37,3.8,4.3,
AIG20220000366804,5,4.8,전반적 만족도,24,17,70.8,16,17,4.8,5.0,4.9,4.9,4.9,4.8,4.8,4.8,4.8,4.8,,
AIG20220000366806,5,3.6,전반적 만족도,33,18,54.5,15,18,3.6,3.5,3.9,4.3,3.7,3.8,3.7,3.8,3.77,3.5,2.5,
AIG20220000366806,6,3.9,전반적 만족도,15,11,73.3,10,11,3.9,4.0,4.0,4.3,4.0,3.9,3.8,4.0,3.9,3.9,5.0,
AIG20220000366806,7,4.3,전반적 만족도,15,3,20,2,3,4.3,3.8,4.3,4.2,4.0,4.3,4.3,4.4,3.57,3.3,,
AIG20220000366806,8,3.4,전반적 만족도,20,18,90,13,18,3.4,3.7,3.7,3.9,3.9,3.6,3.4,3.8,3.57,3.5,4.0,
AIG20220000366809,2,4.8,전반적 만족도,19,15,78.9,14,15,4.8,4.8,4.8,4.8,4.9,4.8,5.0,4.8,4.77,4.7,3.6,
AIG20220000366809,3,4.6,전반적 만족도,16,14,87.5,14,14,4.6,4.4,4.7,4.8,4.7,4.6,4.6,4.4,4.2,4.4,,
AIG20220000366809,4,5.0,전반적 만족도,13,6,46.2,6,6,5.0,4.9,4.8,4.7,4.6,4.7,5.0,4.8,4.7,4.8,,
AIG20220000366809,5,4.7,전반적 만족도,17,14,82.4,13,14,4.7,4.8,4.8,4.8,4.8,4.8,4.6,4.7,4.7,4.8,5.0,
AIG20220000366816,3,4.6,전반적 만족도,20,17,85,16,17,4.6,4.3,4.5,4.5,4.3,4.4,4.7,4.2,4.37,4.5,2.9,
AIG20220000366816,4,4.7,전반적 만족도,20,14,70,14,14,4.7,4.5,4.6,4.8,4.7,4.6,4.7,4.3,4.57,4.6,,
AIG20220000366816,5,4.4,전반적 만족도,25,19,76,19,19,4.4,4.2,4.3,4.5,4.4,4.3,4.3,4.2,4.33,4.6,4.3,
AIG20220000366817,4,4.9,전반적 만족도,20,19,95,19,19,4.9,4.6,4.8,4.9,4.8,4.8,4.7,4.6,4.73,4.8,4.3,
AIG20220000366817,5,4.9,전반적 만족도,18,14,77.8,13,14,4.9,4.8,4.9,4.8,4.8,4.9,4.8,4.8,4.8,4.8,,
AIG20220000366817,6,5.0,전반적 만족도,20,18,90,18,18,5.0,5.0,5.0,5.0,5.0,5.0,5.0,5.0,4.93,5.0,5.0,
AIG20220000366817,7,5.0,전반적 만족도,14,14,100,14,14,5.0,5.0,5.0,5.0,5.0,5.0,5.0,5.0,5.0,5.0,5.0,
AIG20220000366817,8,5.0,전반적 만족도,25,25,100,25,25,5.0,5.0,5.0,5.0,5.0,5.0,5.0,5.0,5.0,5.0,5.0,
AIG20220000366817,9,5.0,전반적 만족도,14,13,92.9,13,13,5.0,4.8,4.9,4.9,4.8,4.9,4.9,5.0,4.9,4.9,5.0,
AIG20220000366817,10,5.0,전반적 만족도,17,17,100,17,17,5.0,5.0,5.0,5.0,5.0,5.0,5.0,4.8,4.93,5.0,5.0,
AIG20220000366822,1,4.2,전반적 만족도,18,11,61.1,7,11,4.2,4.0,4.1,4.0,4.2,3.7,4.1,3.9,3.93,3.2,2.9,
AIG20220000366822,2,4.3,전반적 만족도,5,5,100,5,5,4.3,4.7,3.6,3.4,3.9,4.0,4.3,4.6,4.3,4.4,,
AIG20220000366826,3,4.2,전반적 만족도,18,15,83.3,13,15,4.2,4.3,4.3,4.2,3.9,4.2,3.9,4.0,4.03,3.9,4.3,
AIG20220000366826,4,4.6,전반적 만족도,20,12,60,12,12,4.6,4.4,4.6,4.7,4.4,4.7,4.5,4.6,4.23,4.2,,
AIG20220000366827,3,4.6,전반적 만족도,16,13,81.3,10,13,4.6,4.7,4.7,4.8,4.8,4.6,4.7,4.7,4.57,4.6,,
AIG20220000366827,4,4.4,전반적 만족도,21,18,85.7,17,18,4.4,4.2,4.6,4.7,4.6,4.5,4.4,4.6,4.47,4.3,,
AIG20220000366827,5,4.2,전반적 만족도,13,11,84.6,9,11,4.2,4.2,4.3,4.5,4.3,4.1,4.2,4.3,4.07,4.0,,
AIG20220000366827,6,3.2,전반적 만족도,16,9,56.3,7,9,3.2,3.4,3.4,3.6,3.5,3.4,3.3,2.9,3.1,2.9,,
AIG20220000366827,7,4.6,전반적 만족도,20,10,50,10,10,4.6,4.4,4.6,4.9,4.7,4.4,4.5,4.2,4.17,4.5,,
AIG20220000366827,8,3.5,전반적 만족도,21,11,52.4,8,11,3.5,4.0,3.7,4.0,3.6,3.5,3.6,3.5,3.33,3.3,3.9,
AIG20220000366838,3,4.4,전반적 만족도,98,75,76.5,71,75,4.4,4.4,4.5,4.6,4.6,4.5,4.5,4.4,4.37,4.0,4.5,
AIG20220000366838,4,3.7,전반적 만족도,108,93,86.1,57,93,3.7,3.6,3.7,4.0,3.9,3.7,4.0,3.8,3.6,3.1,4.1,
AIG20220000366838,5,4.0,전반적 만족도,82,72,87.8,59,72,4.0,3.8,4.2,4.3,4.2,4.1,4.1,3.9,3.83,3.7,3.8,
AIG20220000366838,6,4.2,전반적 만족도,53,36,67.9,30,36,4.2,3.7,4.2,4.4,4.3,4.3,4.4,4.2,4.0,3.8,4.3,
AIG20220000366838,7,4.0,전반적 만족도,60,53,88.3,46,53,4.0,3.8,4.1,4.2,4.1,4.1,4.0,3.9,3.97,3.8,4.5,
AIG20220000366843,3,4.5,전반적 만족도,23,15,65.2,14,15,4.5,4.7,4.7,4.8,4.8,4.7,4.6,4.8,4.23,4.4,4.3,
AIG20220000366843,4,4.4,전반적 만족도,29,22,75.9,21,22,4.4,4.3,4.3,4.5,4.1,4.4,4.3,4.6,4.3,4.3,4.6,
AIG20220000366843,5,4.2,전반적 만족도,30,21,70,17,21,4.2,4.4,4.4,4.5,4.3,4.3,4.2,4.3,4.07,4.0,5.0,
AIG20220000366843,6,4.2,전반적 만족도,26,17,65.4,14,17,4.2,4.5,4.3,4.3,4.3,4.2,4.1,4.3,3.9,4.2,,
AIG20220000366843,7,4.0,전반적 만족도,29,23,79.3,16,23,4.0,4.2,4.0,4.1,3.9,4.0,4.1,4.1,3.93,3.7,4.3,
AIG20220000366843,8,4.6,전반적 만족도,20,17,85,16,17,4.6,4.7,4.6,4.7,4.6,4.7,4.4,4.7,4.57,4.6,,
AIG20220000366843,9,4.9,전반적 만족도,19,14,73.7,14,14,4.9,4.8,5.0,5.0,5.0,4.9,5.0,4.9,4.83,4.9,5.0,
AIG20220000366853,4,4.0,전반적 만족도,15,9,60,7,9,4.0,4.3,4.3,4.0,4.2,4.1,4.0,3.7,3.8,3.9,4.3,
AIG20220000366853,5,4.0,전반적 만족도,11,10,90.9,9,10,4.0,4.2,4.5,4.5,4.3,4.2,4.4,4.4,4.03,4.2,4.0,
AIG20220000366853,6,3.2,전반적 만족도,10,7,70,1,7,3.2,3.0,3.4,3.8,3.6,3.4,3.7,2.7,3.07,3.0,3.6,
AIG20220000366853,7,4.0,전반적 만족도,9,9,100,6,9,4.0,4.2,4.1,4.3,4.3,4.1,4.1,4.0,3.97,4.0,,
AIG20220000366853,8,4.1,전반적 만족도,15,5,33.3,3,5,4.1,4.4,3.9,3.9,3.9,3.9,4.1,3.9,4.07,4.1,,
AIG20220000366854,9,4.5,전반적 만족도,21,14,66.7,13,14,4.5,4.6,4.5,4.6,4.5,4.7,4.5,4.9,4.53,4.6,4.8,
AIG20220000366854,10,3.8,전반적 만족도,18,15,83.3,9,15,3.8,3.1,3.6,3.4,3.8,3.6,3.7,4.0,3.43,3.4,5.0,
AIG20220000366854,11,4.5,전반적 만족도,29,23,79.3,23,23,4.5,3.9,4.4,4.7,4.5,4.3,4.4,4.1,4.23,4.4,3.9,
AIG20220000366854,12,3.4,전반적 만족도,20,17,85,14,17,3.4,3.6,3.9,3.7,3.9,3.6,3.6,4.2,3.73,3.4,2.9,
AIG20220000366854,13,3.9,전반적 만족도,25,17,68,16,17,3.9,3.5,3.8,4.1,4.2,3.6,4.2,3.9,3.6,3.6,3.2,
AIG20220000366854,14,3.6,전반적 만족도,24,21,87.5,14,21,3.6,3.3,3.9,4.1,3.9,3.8,3.7,4.0,3.7,3.6,,
AIG20220000366854,15,4.0,전반적 만족도,22,15,68.2,11,15,4.0,3.9,3.9,4.0,4.1,3.8,4.0,4.1,3.63,3.7,,
AIG20220000366854,16,3.8,전반적 만족도,21,17,81,13,17,3.8,3.8,3.9,3.5,4.1,3.9,4.0,4.1,3.77,3.5,,
AIG20220000366854,17,3.9,전반적 만족도,30,26,86.7,23,26,3.9,3.8,4.0,3.9,4.0,3.8,3.9,3.9,3.7,3.7,3.6,
AIG20220000366854,18,3.8,전반적 만족도,25,19,76,15,19,3.8,4.0,3.9,4.3,4.2,4.0,4.1,4.0,3.77,3.5,2.9,
AIG20220000366854,19,3.6,전반적 만족도,24,21,87.5,21,21,3.6,3.7,3.9,3.7,3.9,3.5,3.5,3.4,3.43,3.5,,
AIG20220000366854,20,4.1,전반적 만족도,30,25,83.3,25,25,4.1,4.1,4.1,4.3,4.2,4.0,4.2,4.1,3.9,4.1,5.0,
AIG20220000366854,21,3.7,전반적 만족도,26,24,92.3,17,24,3.7,3.6,3.8,3.7,3.8,3.6,4.1,3.8,3.7,3.6,2.9,
AIG20220000366854,22,4.0,전반적 만족도,7,3,42.9,3,3,4.0,4.0,4.2,4.2,4.2,4.1,4.0,4.2,4.0,4.0,,
AIG20220000366857,2,4.6,전반적 만족도,24,23,95.8,21,23,4.6,4.6,4.6,4.6,4.6,4.6,4.6,4.6,4.6,4.5,5.0,
AIG20220000366857,3,4.6,전반적 만족도,17,13,76.5,12,13,4.6,4.3,4.3,4.5,4.6,4.5,4.5,4.5,4.4,4.2,3.3,
AIG20220000366857,4,4.2,전반적 만족도,17,14,82.4,11,14,4.2,4.3,4.6,4.5,4.5,4.5,4.6,4.6,4.5,4.5,4.3,
AIG20220000366858,3,5.0,전반적 만족도,27,25,92.6,25,25,5.0,4.9,5.0,5.0,4.9,4.9,5.0,4.9,4.9,4.9,5.0,
AIG20220000366858,4,4.6,전반적 만족도,27,24,88.9,22,24,4.6,4.7,4.7,4.7,4.7,4.6,4.7,4.7,4.6,4.6,5.0,
AIG20220000366858,5,4.5,전반적 만족도,23,18,78.3,16,18,4.5,4.6,4.3,4.4,4.4,4.5,4.6,4.6,4.33,4.2,4.3,
AIG20220000366858,6,4.9,전반적 만족도,22,18,81.8,17,17,4.9,4.9,4.8,4.9,4.8,4.8,4.8,4.8,4.7,4.8,,
AIG20220000366858,7,4.9,전반적 만족도,28,24,85.7,24,24,4.9,4.9,4.9,5.0,4.9,4.9,4.9,5.0,4.9,5.0,4.6,
AIG20220000366858,8,4.0,전반적 만족도,24,19,79.2,15,19,4.0,4.1,4.1,4.0,3.9,4.1,4.0,4.1,3.8,3.8,5.0,
AIG20220000366858,9,4.3,전반적 만족도,15,14,93.3,14,14,4.3,4.3,4.6,4.8,4.8,4.6,4.6,4.5,4.37,4.3,5.0,
AIG20220000366858,10,4.9,전반적 만족도,20,14,70,14,14,4.9,4.9,4.7,4.8,4.9,4.8,4.8,4.8,4.7,4.8,,
AIG20220000366858,11,3.7,전반적 만족도,6,5,83.3,4,5,3.7,3.6,4.0,4.5,3.8,4.0,3.6,4.1,4.03,3.7,5.0,
AIG20220000366862,3,4.5,전반적 만족도,30,25,83.3,24,25,4.5,4.5,4.5,4.7,4.6,4.5,4.5,4.5,4.3,4.2,,
AIG20220000366862,4,4.4,전반적 만족도,16,14,87.5,13,14,4.4,4.3,4.4,4.5,4.8,4.6,4.8,4.5,4.2,4.1,4.6,
AIG20220000366862,5,4.8,전반적 만족도,14,13,92.9,13,13,4.8,4.7,4.8,4.8,4.8,4.7,4.8,4.8,4.8,4.8,4.3,
AIG20220000366871,3,4.7,전반적 만족도,22,22,100,22,22,4.7,4.8,4.7,4.9,4.9,4.8,4.6,4.8,4.73,4.7,,
AIG20220000366871,4,4.4,전반적 만족도,26,25,96.2,20,25,4.4,4.3,4.4,4.6,4.6,4.3,4.4,4.4,4.27,4.3,4.3,
AIG20220000366871,5,4.5,전반적 만족도,30,29,96.7,29,29,4.5,4.6,4.6,4.7,4.7,4.7,4.7,4.7,4.63,4.6,5.0,
AIG20220000366871,6,4.9,전반적 만족도,21,21,100,21,21,4.9,4.9,4.7,4.9,4.9,4.8,4.9,4.9,4.83,4.8,,
AIG20220000366873,3,3.4,전반적 만족도,28,23,82.1,13,23,3.4,3.0,3.5,3.6,3.9,3.6,3.5,3.7,3.87,3.0,3.6,
AIG20220000366873,4,3.7,전반적 만족도,28,23,82.1,20,23,3.7,3.5,4.2,4.2,4.2,3.9,3.8,4.0,3.9,3.6,5.0,
AIG20220000366873,5,4.8,전반적 만족도,50,41,82,41,41,4.8,4.7,4.8,4.9,4.9,4.7,4.8,4.7,4.63,4.7,4.5,
AIG20220000366873,6,3.9,전반적 만족도,49,40,81.6,34,40,3.9,3.9,4.0,4.3,4.3,3.7,4.1,4.6,4.1,3.9,,
AIG20220000366877,2,4.6,전반적 만족도,9,5,55.6,5,5,4.6,4.7,4.7,4.6,4.8,4.6,4.9,4.9,4.57,4.7,,
AIG20220000366880,3,4.4,전반적 만족도,29,25,86.2,22,25,4.4,4.5,4.3,4.7,4.6,4.4,4.5,3.9,4.43,4.4,,
AIG20220000366880,4,4.7,전반적 만족도,25,23,92,23,23,4.7,4.7,4.7,4.8,4.8,4.7,4.7,4.1,4.7,4.6,,
AIG20220000366880,5,4.9,전반적 만족도,28,24,85.7,24,24,4.9,4.9,4.8,4.9,4.9,4.8,4.8,4.4,4.8,4.7,5.0,
AIG20220000366880,6,4.8,전반적 만족도,27,24,88.9,24,24,4.8,4.7,4.8,4.9,4.8,4.7,4.8,4.6,4.6,4.7,5.0,
AIG20220000366880,7,4.2,전반적 만족도,28,25,89.3,22,25,4.2,4.1,4.2,4.3,4.0,4.2,4.1,3.0,4.03,4.0,2.9,
AIG20220000366880,8,4.3,전반적 만족도,23,20,87,17,20,4.3,4.3,4.6,4.7,4.7,4.5,4.4,3.9,4.4,4.0,4.2,
AIG20220000366880,9,4.9,전반적 만족도,23,22,95.7,22,22,4.9,4.8,4.9,5.0,4.9,4.9,4.8,4.5,4.77,4.9,5.0,
AIG20220000366892,2,4.9,전반적 만족도,12,10,83.3,10,10,4.9,4.8,4.9,5.0,4.9,4.9,4.8,4.7,4.9,4.9,,
AIG20220000366892,4,4.9,전반적 만족도,15,10,66.7,10,10,4.9,4.6,4.6,4.8,4.7,4.7,4.8,4.8,4.5,4.6,4.3,
AIG20220000366893,5,4.1,전반적 만족도,27,24,88.9,14,24,4.1,4.0,4.6,4.7,4.6,4.2,4.3,3.3,4.33,3.9,5.0,
AIG20220000366893,6,4.7,전반적 만족도,25,18,72,17,18,4.7,4.7,4.8,4.8,4.8,4.7,4.8,4.3,4.6,4.6,4.4,
AIG20220000366893,7,4.2,전반적 만족도,19,13,68.4,11,13,4.2,4.1,4.3,4.6,4.6,4.4,4.4,4.0,4.27,4.1,4.6,
AIG20220000366893,8,4.1,전반적 만족도,27,20,74.1,15,20,4.1,3.7,4.1,4.4,3.9,4.1,4.2,3.4,4.07,3.6,3.8,
AIG20220000366893,9,3.7,전반적 만족도,28,23,82.1,14,23,3.7,3.5,4.0,3.9,4.1,4.0,4.1,3.6,3.93,3.6,,
AIG20220000366893,10,3.7,전반적 만족도,24,18,75,8,18,3.7,3.6,3.7,3.7,3.6,3.6,3.8,3.3,3.87,3.5,2.9,
AIG20220000366893,11,3.5,전반적 만족도,18,10,55.6,6,10,3.5,3.4,3.9,3.6,3.6,3.8,3.8,3.4,3.77,3.6,3.6,
AIG20220000366893,12,4.5,전반적 만족도,6,3,50,3,3,4.5,5.0,4.8,4.6,4.8,4.9,4.8,4.3,4.7,4.5,,
AIG20220000366893,13,4.0,전반적 만족도,17,8,47.1,7,8,4.0,3.6,4.2,4.3,4.2,3.8,4.0,3.2,3.53,3.7,,
AIG20220000366893,14,3.9,전반적 만족도,11,7,63.6,6,7,3.9,3.8,4.1,4.1,4.0,4.2,4.2,3.7,4.07,4.0,2.9,
AIG20220000366893,15,3.1,전반적 만족도,11,11,100,4,11,3.1,2.9,4.4,4.5,4.1,3.8,4.1,2.1,4.17,2.9,2.9,
AIG20220000366894,2,5.0,전반적 만족도,9,7,77.8,7,7,5.0,4.8,5.0,5.0,5.0,4.9,4.8,5.0,4.87,5.0,5.0,
AIG20220000366896,8,4.0,전반적 만족도,18,17,94.4,12,17,4.0,3.7,4.3,4.2,4.0,4.0,3.9,4.2,3.87,3.7,4.6,
AIG20220000366896,9,4.2,전반적 만족도,23,16,69.6,14,16,4.2,4.1,4.1,4.4,4.1,4.1,4.0,4.4,3.9,3.8,4.5,
AIG20220000366896,10,4.0,전반적 만족도,18,13,72.2,11,13,4.0,4.3,3.9,3.7,4.1,3.8,4.0,3.9,4.1,3.8,,
AIG20220000366896,11,4.4,전반적 만족도,26,23,88.5,23,23,4.4,4.2,4.3,4.5,4.3,4.3,4.4,4.2,4.07,4.1,2.9,
AIG20220000366896,12,4.8,전반적 만족도,15,13,86.7,13,13,4.8,3.8,4.8,4.8,4.6,4.7,4.7,4.3,4.63,4.7,5.0,
AIG20220000366896,13,4.4,전반적 만족도,12,9,75,9,9,4.4,4.5,4.8,4.9,4.7,4.6,4.7,4.6,4.47,4.5,5.0,
AIG20220000366896,14,4.1,전반적 만족도,10,7,70,7,7,4.1,4.1,4.2,3.8,4.1,3.9,3.8,3.9,4.1,3.8,5.0,
AIG20220000366896,15,3.7,전반적 만족도,12,10,83.3,10,10,3.7,3.3,4.0,3.8,4.0,3.9,4.0,3.8,3.47,3.6,3.6,
AIG20220000366896,16,4.6,전반적 만족도,10,9,90,9,9,4.6,3.8,4.4,4.8,4.5,4.4,4.6,3.5,4.3,4.4,,
AIG20220000366896,17,3.3,전반적 만족도,11,9,81.8,5,9,3.3,3.7,3.2,4.0,3.3,3.5,3.6,3.3,2.77,3.1,,
AIG20220000366909,3,5.0,전반적 만족도,7,5,71.4,5,5,5.0,5.0,5.0,4.9,4.8,4.9,5.0,4.9,4.83,4.9,,
AIG20220000366913,5,3.7,전반적 만족도,29,25,86.2,20,25,3.7,3.7,3.8,4.1,3.2,3.9,3.8,3.6,3.67,3.6,4.3,
AIG20220000366913,6,4.8,전반적 만족도,18,15,83.3,15,15,4.8,4.8,4.9,4.9,4.8,4.8,4.8,4.5,4.57,4.5,4.3,
AIG20220000366913,7,3.6,전반적 만족도,14,10,71.4,9,10,3.6,3.4,3.4,3.9,3.5,3.8,3.4,3.5,3.6,3.5,4.3,
AIG20220000366913,8,3.1,전반적 만족도,9,8,88.9,5,8,3.1,4.0,3.7,3.2,3.4,3.4,3.5,3.5,3.7,3.5,,
AIG20220000366913,9,2.4,전반적 만족도,16,8,50,4,8,2.4,2.6,3.4,3.5,3.3,3.0,3.2,2.5,3.37,3.3,,
AIG20220000366913,10,4.0,전반적 만족도,10,9,90,8,9,4.0,3.6,4.2,4.2,4.2,4.2,4.4,4.0,4.03,4.0,,
AIG20220000366914,3,4.5,전반적 만족도,17,9,52.9,8,9,4.5,4.4,4.8,4.7,4.7,4.6,4.6,4.3,4.53,4.7,,
AIG20220000366914,4,4.8,전반적 만족도,12,11,91.7,10,11,4.8,4.8,4.7,4.6,4.6,4.8,4.9,4.9,4.7,4.7,,
AIG20220000366914,5,5.0,전반적 만족도,11,11,100,11,11,5.0,5.0,5.0,5.0,5.0,5.0,5.0,5.0,5.0,5.0,5.0,
AIG20220000366915,2,4.7,전반적 만족도,30,30,100,28,30,4.7,4.5,4.7,4.7,4.7,4.6,4.7,4.8,4.53,4.7,,
AIG20220000366915,3,4.2,전반적 만족도,30,30,100,28,30,4.2,4.1,4.2,4.1,4.5,4.2,4.3,4.6,4.13,4.2,,
AIG20220000366918,5,4.6,전반적 만족도,23,20,87,20,20,4.6,4.2,4.6,4.8,4.5,4.4,4.4,4.4,4.57,4.5,5.0,
AIG20220000366918,6,4.0,전반적 만족도,25,19,76,18,19,4.0,3.9,4.1,4.4,4.2,4.1,4.0,4.2,3.97,4.1,4.3,
AIG20220000366918,7,3.0,전반적 만족도,22,13,59.1,3,13,3.0,2.7,3.2,4.0,3.4,3.1,3.2,2.9,2.93,2.4,,
AIG20220000366918,8,3.9,전반적 만족도,19,15,78.9,12,15,3.9,3.3,4.0,4.0,4.0,4.0,3.9,3.8,3.9,3.6,4.5,
AIG20220000366918,9,4.7,전반적 만족도,25,23,92,22,23,4.7,4.3,4.8,4.8,4.7,4.5,4.6,4.8,4.53,4.7,,
AIG20220000366918,10,3.2,전반적 만족도,25,19,76,12,19,3.2,2.9,3.4,3.4,3.4,3.3,3.6,4.0,3.33,3.2,2.5,
AIG20220000366925,5,4.4,전반적 만족도,35,32,91.4,29,32,4.4,4.0,4.0,4.4,4.2,4.2,4.5,4.3,4.33,4.3,4.6,
AIG20220000366925,6,4.3,전반적 만족도,35,32,91.4,29,32,4.3,4.1,4.0,4.4,4.4,4.0,4.3,4.5,4.23,4.2,5.0,
AIG20220000366925,7,4.5,전반적 만족도,35,32,91.4,31,32,4.5,4.1,4.3,4.6,4.6,4.5,4.5,4.7,4.43,4.5,4.6,
AIG20220000366925,8,4.6,전반적 만족도,36,35,97.2,34,35,4.6,4.6,4.3,4.7,4.6,4.5,4.7,4.8,4.6,4.6,4.3,
AIG20220000366925,9,4.6,전반적 만족도,35,34,97.1,34,34,4.6,4.5,4.5,4.6,4.6,4.5,4.6,4.6,4.6,4.7,,
AIG20220000366925,10,4.3,전반적 만족도,34,34,100,32,34,4.3,4.2,4.1,4.4,4.4,4.1,4.2,4.4,4.23,4.3,4.3,
AIG20220000366925,11,4.3,전반적 만족도,31,31,100,28,31,4.3,4.5,4.1,4.5,4.6,4.4,4.3,4.4,4.23,4.4,5.0,
AIG20220000366925,12,4.6,전반적 만족도,31,31,100,29,31,4.6,4.3,4.4,4.5,4.5,4.3,4.5,4.3,4.43,4.5,5.0,
AIG20220000366987,3,3.8,전반적 만족도,13,11,84.6,9,11,3.8,3.2,3.6,4.0,3.6,3.7,3.8,3.7,3.57,3.8,4.3,
AIG20220000366987,4,3.4,전반적 만족도,18,17,94.4,11,17,3.4,3.4,3.6,3.8,3.6,3.7,3.5,3.7,3.63,3.4,2.9,
AIG20220000409199,2,3.4,전반적 만족도,25,19,76,13,19,3.4,3.3,3.7,3.2,3.9,3.3,3.5,3.9,3.6,3.3,,
AIG20220000409199,3,4.1,전반적 만족도,25,21,84,16,21,4.1,4.1,3.7,4.5,4.0,3.9,4.1,4.1,3.93,3.8,4.3,
AIG20220000409199,4,4.5,전반적 만족도,10,9,90,9,9,4.5,4.6,4.4,4.7,4.4,4.2,4.7,4.4,4.07,4.5,,
AIG20220000409199,5,3.8,전반적 만족도,25,20,80,19,20,3.8,4.2,3.9,4.4,4.1,3.8,4.2,4.1,3.9,4.0,,
AIG20220000409199,6,4.5,전반적 만족도,21,19,90.5,18,19,4.5,4.4,4.4,4.7,4.7,4.5,4.5,4.4,4.53,4.5,,
AIG20220000409199,7,4.8,전반적 만족도,14,12,85.7,12,12,4.8,4.6,4.9,4.9,4.9,4.8,4.9,4.7,4.97,4.9,5.0,
AIG20220000409200,3,4.2,전반적 만족도,27,18,66.7,17,18,4.2,4.3,4.3,4.5,4.3,4.2,4.2,4.1,4.13,4.4,4.3,
AIG20220000409202,2,4.4,전반적 만족도,12,6,50,6,6,4.4,4.4,4.5,4.5,4.4,4.5,4.6,4.6,4.37,4.4,2.9,
AIG20220000409207,2,4.4,전반적 만족도,24,22,91.7,21,22,4.4,4.4,4.3,4.4,4.5,4.3,4.4,4.5,4.37,4.6,5.0,
AIG20220000409207,3,4.6,전반적 만족도,22,17,77.3,17,17,4.6,4.5,4.6,4.5,4.7,4.5,4.6,4.7,4.3,4.6,4.3,
AIG20220000409207,4,4.6,전반적 만족도,16,13,81.3,13,13,4.6,4.4,4.5,4.7,4.6,4.6,4.6,4.6,4.57,4.8,3.6,
AIG20220000409207,5,3.6,전반적 만족도,26,21,80.8,18,21,3.6,3.5,3.5,4.0,3.8,3.6,3.8,3.6,3.67,3.5,2.9,
AIG20220000409207,6,3.8,전반적 만족도,27,21,77.8,21,21,3.8,4.2,4.0,4.6,4.3,3.8,4.1,4.3,3.87,4.1,5.0,
AIG20220000409207,7,4.3,전반적 만족도,23,21,91.3,21,21,4.3,4.2,4.3,4.7,4.6,4.3,4.4,4.7,4.13,4.1,3.9,
AIG20220000409213,3,4.5,전반적 만족도,29,26,89.7,26,26,4.5,4.6,4.5,4.6,4.6,4.5,4.4,4.6,4.4,4.6,4.6,
AIG20220000409213,4,3.5,전반적 만족도,30,26,86.7,18,26,3.5,3.9,3.8,3.3,3.8,3.4,3.8,3.8,3.73,3.3,3.2,
AIG20220000409213,5,4.6,전반적 만족도,27,24,88.9,21,24,4.6,4.3,4.7,4.8,4.6,4.6,4.6,4.3,4.4,4.4,4.3,
AIG20220000409213,6,4.0,전반적 만족도,30,21,70,17,21,4.0,4.2,4.3,4.4,4.4,4.3,4.2,4.4,4.13,4.0,3.9,
AIG20220000409213,7,4.9,전반적 만족도,28,25,89.3,25,25,4.9,4.9,4.9,4.9,5.0,4.9,4.9,4.9,4.8,4.9,5.0,
AIG20220000409213,8,4.5,전반적 만족도,30,29,96.7,29,29,4.5,4.2,4.6,4.6,4.3,4.6,4.6,4.4,4.23,4.5,5.0,
AIG20220000409213,9,4.9,전반적 만족도,23,19,82.6,19,19,4.9,4.9,4.9,4.9,4.9,4.9,4.9,4.9,4.73,5.0,5.0,
AIG20220000409213,10,4.9,전반적 만족도,6,5,83.3,5,5,4.9,4.9,4.9,4.9,4.9,4.9,4.8,4.9,4.87,4.9,5.0,
AIG20220000409215,2,4.2,전반적 만족도,21,19,90.5,16,19,4.2,3.9,4.0,4.3,4.3,4.2,4.3,4.5,4.1,4.1,,
AIG20220000409215,3,4.9,전반적 만족도,24,23,95.8,23,23,4.9,4.8,4.8,4.9,4.8,4.8,4.8,4.8,4.8,4.8,,
AIG20220000409215,4,4.9,전반적 만족도,16,15,93.8,15,15,4.9,4.8,4.8,4.8,4.9,4.8,4.8,4.8,4.7,4.8,5.0,
AIG20220000409215,5,4.9,전반적 만족도,14,9,64.3,9,9,4.9,4.8,4.8,4.9,4.9,4.9,4.8,4.9,4.8,4.8,,
AIG20220000409215,6,4.6,전반적 만족도,29,26,89.7,25,26,4.6,4.6,4.5,4.7,4.6,4.6,4.7,4.7,4.4,4.6,4.8,
AIG20220000409215,7,4.8,전반적 만족도,25,18,72,18,18,4.8,4.4,4.4,4.6,4.6,4.6,4.6,4.6,4.63,4.7,,
AIG20220000409215,8,4.8,전반적 만족도,23,16,69.6,15,16,4.8,4.7,4.9,4.9,5.0,4.8,4.8,5.0,4.47,4.7,5.0,
AIG20220000409220,1,4.4,전반적 만족도,7,5,71.4,5,5,4.4,3.6,4.2,4.5,4.1,4.3,4.1,4.2,3.83,3.9,,
AIG20220000409220,2,3.7,전반적 만족도,17,13,76.5,7,13,3.7,3.9,3.6,3.8,3.6,3.6,3.8,4.0,3.53,3.5,2.9,
AIG20220000409220,3,3.4,전반적 만족도,19,11,57.9,8,11,3.4,3.8,3.2,3.6,3.6,3.6,3.6,3.4,3.37,3.2,,
AIG20220000409222,3,4.6,전반적 만족도,16,12,75,10,12,4.6,3.9,4.7,4.8,4.6,4.6,4.8,4.8,4.53,4.5,,
AIG20220000409222,4,4.5,전반적 만족도,13,12,92.3,12,12,4.5,4.0,4.6,4.6,4.3,4.5,4.5,4.5,4.53,4.3,4.3,
AIG20220000409222,5,4.7,전반적 만족도,12,9,75,8,9,4.7,4.8,4.6,4.7,4.5,4.5,4.4,4.8,4.8,4.4,,
AIG20220000409222,6,3.9,전반적 만족도,14,12,85.7,8,12,3.9,3.8,3.8,4.0,3.9,3.9,4.0,4.2,3.63,3.8,,
AIG20220000409222,7,4.1,전반적 만족도,18,14,77.8,14,14,4.1,4.3,3.9,4.0,3.8,4.2,4.4,4.2,4.13,4.0,2.9,
AIG20220000409222,8,4.0,전반적 만족도,17,14,82.4,14,14,4.0,3.6,4.1,4.4,4.2,4.0,4.2,4.1,4.1,4.0,3.6,
AIG20220000409222,9,3.5,전반적 만족도,12,10,83.3,7,10,3.5,4.1,3.5,3.4,3.4,3.8,3.6,4.5,4.07,3.4,,
AIG20220000409223,2,3.9,전반적 만족도,13,9,69.2,4,9,3.9,4.4,4.2,4.1,4.2,4.0,3.9,4.3,3.77,3.4,,
AIG20220000409223,3,4.5,전반적 만족도,6,4,66.7,3,4,4.5,4.3,4.5,4.2,4.3,4.5,4.0,5.0,4.0,4.3,5.0,
AIG20220000409223,4,4.3,전반적 만족도,15,15,100,12,15,4.3,4.2,4.0,4.5,4.0,4.2,4.2,4.3,4.0,4.2,3.9,
AIG20220000409223,5,3.5,전반적 만족도,12,7,58.3,4,7,3.5,4.3,4.0,4.4,3.9,4.0,3.7,4.1,3.3,3.4,,
AIG20220000409224,2,4.6,전반적 만족도,14,10,71.4,9,10,4.6,4.7,4.6,4.8,4.6,4.6,5.0,4.8,4.8,4.6,3.8,
AIG20220000409238,2,4.4,전반적 만족도,27,10,37,9,10,4.4,4.2,4.3,4.3,4.5,4.3,4.4,4.0,4.17,4.2,4.3,
AIG20220000409238,3,4.5,전반적 만족도,25,6,24,6,6,4.5,4.5,4.8,4.6,4.8,4.6,4.6,4.4,4.67,4.8,,
AIG20220000409240,3,4.8,전반적 만족도,19,14,73.7,14,14,4.8,4.4,4.8,4.8,4.8,4.8,4.8,4.6,4.53,4.9,,
AIG20220000409240,4,4.3,전반적 만족도,11,8,72.7,6,8,4.3,4.0,4.2,4.4,4.2,4.2,4.3,4.1,4.17,4.1,5.0,
AIG20220000409240,5,4.5,전반적 만족도,15,12,80,12,12,4.5,4.5,4.7,4.5,4.4,4.5,4.3,4.6,4.37,4.6,4.3,
AIG20220000409240,6,5.0,전반적 만족도,12,8,66.7,8,8,5.0,4.9,5.0,5.0,5.0,5.0,5.0,5.0,4.93,5.0,3.6,
AIG20220000409240,7,4.0,전반적 만족도,14,11,78.6,10,11,4.0,3.5,4.1,4.3,3.9,4.1,4.2,4.2,3.93,3.9,4.3,
AIG20220000409247,4,5.0,전반적 만족도,22,22,100,22,22,5.0,5.0,5.0,5.0,5.0,5.0,5.0,5.0,5.0,5.0,,
AIG20220000409247,5,5.0,전반적 만족도,22,21,95.5,21,21,5.0,4.9,5.0,5.0,5.0,4.9,5.0,4.9,4.9,4.9,5.0,
AIG20220000409247,6,5.0,전반적 만족도,22,17,77.3,16,17,5.0,5.0,5.0,5.0,5.0,5.0,5.0,5.0,4.93,4.9,5.0,
AIG20220000409247,7,4.6,전반적 만족도,16,14,87.5,13,14,4.6,4.6,4.5,4.4,4.3,4.6,4.5,4.6,4.63,4.4,,
AIG20220000409247,8,4.6,전반적 만족도,15,14,93.3,13,14,4.6,4.6,4.6,4.7,4.5,4.7,4.6,4.5,4.7,4.6,5.0,
AIG20220000409247,9,4.7,전반적 만족도,24,21,87.5,20,21,4.7,4.6,4.6,4.7,4.6,4.7,4.6,4.7,4.7,4.6,4.5,
AIG20220000409247,10,4.2,전반적 만족도,18,18,100,17,18,4.2,4.0,4.0,4.4,4.4,4.3,4.5,4.0,4.2,4.2,2.1,
AIG20220000409247,12,5.0,전반적 만족도,15,14,93.3,14,14,5.0,5.0,5.0,5.0,5.0,5.0,5.0,5.0,5.0,5.0,5.0,
AIG20220000409247,14,5.0,전반적 만족도,24,21,87.5,21,21,5.0,5.0,5.0,5.0,5.0,5.0,5.0,5.0,5.0,5.0,5.0,
AIG20220000409247,15,4.6,전반적 만족도,29,27,93.1,25,27,4.6,4.4,4.5,4.6,4.5,4.5,4.6,4.8,4.53,4.6,4.5,
AIG20220000409247,18,4.9,전반적 만족도,19,13,68.4,11,13,4.9,5.0,4.9,4.9,4.9,5.0,5.0,5.0,5.0,4.7,5.0,
AIG20220000409247,21,4.9,전반적 만족도,17,14,82.4,14,14,4.9,4.9,4.8,4.9,4.9,4.9,4.7,4.9,4.9,4.9,5.0,
AIG20220000409247,22,4.7,전반적 만족도,20,14,70,13,14,4.7,4.9,4.7,4.7,4.8,4.8,4.9,4.8,4.43,4.7,5.0,
AIG20220000409247,23,5.0,전반적 만족도,15,15,100,15,15,5.0,5.0,4.9,5.0,4.8,4.9,4.9,4.9,4.87,5.0,5.0,
AIG20220000409252,2,3.2,전반적 만족도,7,4,57.1,2,4,3.2,4.3,3.8,3.8,3.8,3.5,4.1,4.6,3.4,3.6,,
AIG20220000409252,3,3.7,전반적 만족도,10,8,80,6,8,3.7,4.2,3.9,3.8,4.1,3.6,3.7,4.1,3.27,3.4,,
AIG20220000409252,4,3.8,전반적 만족도,9,6,66.7,6,6,3.8,4.3,4.2,4.0,3.9,3.9,3.7,4.2,3.77,3.7,5.0,
AIG20220000409252,5,3.4,전반적 만족도,10,7,70,7,7,3.4,3.5,3.6,3.9,3.9,3.6,3.6,3.9,3.43,3.2,,
AIG20220000409253,3,4.0,전반적 만족도,21,21,100,16,21,4.0,3.9,4.1,4.1,4.2,4.3,4.2,4.3,4.23,4.0,4.4,
AIG20220000409253,4,4.7,전반적 만족도,23,14,60.9,13,14,4.7,4.2,4.4,4.8,4.4,4.6,4.9,4.4,4.47,4.4,4.3,
AIG20220000409253,5,4.9,전반적 만족도,16,16,100,16,16,4.9,4.9,4.9,4.9,4.9,4.9,4.9,4.9,4.9,4.9,,
AIG20220000409253,7,4.3,전반적 만족도,22,15,68.2,13,15,4.3,4.5,4.5,4.5,4.4,4.3,4.3,4.4,4.27,4.0,4.3,
AIG20220000409255,3,4.9,전반적 만족도,23,21,91.3,21,21,4.9,5.0,5.0,5.0,4.9,4.9,5.0,4.9,4.97,4.9,5.0,
AIG20220000409255,4,4.5,전반적 만족도,21,14,66.7,13,14,4.5,4.6,4.7,4.7,4.7,4.6,4.5,4.6,4.47,4.6,5.0,
AIG20220000409255,5,4.6,전반적 만족도,21,14,66.7,14,14,4.6,4.2,4.6,4.8,4.6,4.6,4.5,4.3,4.33,4.4,5.0,
AIG20220000409255,6,4.7,전반적 만족도,20,18,90,17,18,4.7,4.4,4.6,4.7,4.6,4.7,4.6,4.5,4.63,4.6,4.6,
AIG20220000409255,7,4.5,전반적 만족도,16,14,87.5,13,14,4.5,4.3,4.7,4.6,4.5,4.5,4.6,4.3,4.43,4.6,4.3,
AIG20220000409255,8,4.4,전반적 만족도,20,14,70,12,14,4.4,4.2,4.4,4.4,4.4,4.3,4.3,4.4,4.4,4.4,,
AIG20220000409255,9,4.4,전반적 만족도,14,11,78.6,10,11,4.4,4.2,4.3,4.4,4.4,4.4,4.8,4.4,4.33,4.3,3.2,
AIG20220000409264,1,3.7,전반적 만족도,12,9,75,4,9,3.7,3.4,2.9,3.2,3.2,3.3,3.6,3.5,3.3,2.7,3.6,
AIG20220000409265,2,4.7,전반적 만족도,30,24,80,23,24,4.7,4.5,4.6,5.0,4.7,4.6,4.7,4.6,4.5,4.6,4.6,
AIG20220000409265,3,4.5,전반적 만족도,30,26,86.7,25,26,4.5,4.3,4.4,4.6,4.4,4.4,4.4,4.2,4.3,4.5,3.8,
AIG20220000409265,4,4.6,전반적 만족도,30,26,86.7,26,26,4.6,4.7,4.5,4.3,4.6,4.5,4.8,4.8,4.63,4.7,4.3,
AIG20220000409265,5,4.8,전반적 만족도,28,24,85.7,23,24,4.8,4.7,4.6,4.8,4.7,4.7,4.7,4.7,4.53,4.5,4.9,
AIG20220000409265,6,4.5,전반적 만족도,29,28,96.6,27,28,4.5,4.3,4.5,4.7,4.7,4.6,4.6,4.4,4.17,4.6,4.3,
AIG20220000409265,7,4.3,전반적 만족도,30,24,80,23,24,4.3,4.4,4.3,4.6,4.5,4.2,4.4,4.4,4.3,4.4,4.5,
AIG20220000409270,4,4.2,전반적 만족도,22,14,63.6,13,14,4.2,4.1,4.2,4.3,4.3,4.0,4.2,4.1,3.8,4.1,4.3,
AIG20220000409270,5,4.2,전반적 만족도,20,13,65,11,13,4.2,4.3,4.3,4.3,4.3,4.2,4.3,4.1,4.07,4.0,5.0,
AIG20220000409270,6,3.8,전반적 만족도,16,9,56.3,7,9,3.8,4.0,3.8,4.1,4.0,3.9,3.9,3.5,3.87,3.7,5.0,
AIG20220000409270,7,4.1,전반적 만족도,22,11,50,10,11,4.1,4.2,4.4,4.3,4.3,4.0,4.0,4.4,4.2,4.2,,
AIG20220000409270,8,3.9,전반적 만족도,20,15,75,11,15,3.9,3.6,3.9,4.1,4.0,3.9,4.3,3.8,3.73,3.9,2.9,
AIG20220000409270,9,4.3,전반적 만족도,20,13,65,12,13,4.3,4.2,4.2,4.4,4.5,4.2,4.3,4.3,4.23,4.4,5.0,
AIG20220000409270,10,4.0,전반적 만족도,25,15,60,11,15,4.0,4.4,4.2,4.2,4.1,4.1,4.0,4.3,3.83,4.0,,
AIG20220000409270,11,4.2,전반적 만족도,22,18,81.8,15,18,4.2,4.0,4.1,4.1,4.3,4.2,4.3,4.4,3.87,4.1,4.6,
AIG20220000409270,12,4.2,전반적 만족도,29,18,62.1,14,18,4.2,4.2,4.0,4.2,4.2,4.2,3.9,4.3,3.93,4.1,5.0,
AIG20220000409270,13,4.0,전반적 만족도,19,11,57.9,9,11,4.0,4.1,4.0,4.0,4.2,4.1,4.2,4.2,3.67,3.6,5.0,
AIG20220000409270,14,3.4,전반적 만족도,27,17,63,11,17,3.4,3.2,3.4,3.7,3.4,3.5,3.4,3.7,3.1,3.5,4.3,
AIG20220000409270,15,3.6,전반적 만족도,26,20,76.9,17,20,3.6,3.5,3.8,3.9,3.8,3.7,3.8,3.7,3.7,3.6,3.6,
AIG20220000409270,16,3.8,전반적 만족도,51,34,66.7,28,34,3.8,3.9,3.9,3.8,3.8,4.1,3.9,4.0,3.8,3.8,3.6,
AIG20220000409270,17,4.1,전반적 만족도,43,33,76.7,29,33,4.1,3.8,4.0,4.2,4.1,4.1,4.0,4.1,4.07,3.9,5.0,
AIG20220000409270,18,4.0,전반적 만족도,58,44,75.9,38,44,4.0,3.4,3.8,4.0,3.9,3.9,4.0,3.7,3.8,3.8,5.0,
AIG20220000409270,19,3.9,전반적 만족도,43,31,72.1,27,31,3.9,3.5,3.8,4.0,4.0,3.8,4.0,3.7,3.87,3.8,3.0,
AIG20220000409277,2,4.9,전반적 만족도,25,18,72,18,18,4.9,5.0,4.9,4.9,4.9,4.8,4.9,4.9,4.87,4.9,5.0,
AIG20220000409277,3,4.8,전반적 만족도,22,18,81.8,18,18,4.8,4.6,4.6,4.8,4.7,4.7,4.6,4.7,4.57,4.6,,
AIG20220000409277,4,4.5,전반적 만족도,20,11,55,11,11,4.5,4.9,4.6,4.8,4.8,4.5,4.8,4.1,4.7,4.6,5.0,
AIG20220000409277,5,4.6,전반적 만족도,22,15,68.2,14,15,4.6,4.6,4.6,4.7,4.6,4.5,4.5,4.6,4.6,4.7,,
AIG20220000409277,6,4.6,전반적 만족도,20,18,90,18,18,4.6,4.4,4.7,4.6,4.6,4.6,4.6,4.7,4.6,4.6,5.0,
AIG20220000409278,3,4.7,전반적 만족도,30,28,93.3,28,28,4.7,4.5,4.6,4.8,4.7,4.8,4.7,4.8,4.57,4.5,5.0,
AIG20220000409278,4,4.8,전반적 만족도,29,25,86.2,25,25,4.8,4.7,4.7,4.9,4.8,4.8,4.8,4.9,4.67,4.7,,
AIG20220000409278,5,4.6,전반적 만족도,27,26,96.3,24,26,4.6,4.3,4.5,4.8,4.6,4.6,4.6,4.6,4.43,4.6,5.0,
AIG20220000409279,3,4.8,전반적 만족도,13,12,92.3,12,12,4.8,4.7,4.9,4.9,4.8,4.8,4.8,4.8,4.8,4.8,4.3,
AIG20220000409279,4,4.6,전반적 만족도,16,15,93.8,15,15,4.6,4.3,4.8,4.7,4.6,4.6,4.7,4.7,4.33,4.3,5.0,
AIG20220000409279,5,4.5,전반적 만족도,10,10,100,9,10,4.5,4.4,4.6,4.7,4.5,4.6,4.6,4.7,3.97,4.3,,
AIG20220000409279,6,4.8,전반적 만족도,15,14,93.3,14,14,4.8,4.8,4.9,4.9,4.9,4.8,4.9,4.9,4.77,4.8,,
AIG20220000409279,7,5.0,전반적 만족도,6,3,50,3,3,5.0,5.0,5.0,5.0,5.0,5.0,5.0,5.0,4.43,5.0,,
AIG20220000409283,2,4.0,전반적 만족도,19,15,78.9,14,15,4.0,4.1,4.2,4.5,4.5,4.0,4.1,4.2,4.07,4.2,5.0,
AIG20220000409283,3,4.4,전반적 만족도,24,17,70.8,17,17,4.4,4.5,4.3,4.6,4.5,4.3,4.5,4.2,4.0,4.2,5.0,
AIG20220000409283,4,4.3,전반적 만족도,9,3,33.3,1,3,4.3,3.6,2.7,4.3,3.6,3.4,2.9,4.3,3.67,2.9,,
AIG20220000409283,5,4.8,전반적 만족도,16,11,68.8,11,11,4.8,4.9,4.8,4.9,4.9,4.8,4.8,4.8,4.7,4.9,,
AIG20220000409283,6,4.8,전반적 만족도,11,11,100,11,11,4.8,4.8,4.9,4.9,4.9,4.7,4.9,4.7,4.63,4.8,4.3,
AIG20220000409284,2,3.9,전반적 만족도,43,27,62.8,24,27,3.9,4.0,4.0,4.2,4.1,4.1,3.9,4.2,3.7,3.7,5.0,
AIG20220000409284,3,3.8,전반적 만족도,19,14,73.7,12,14,3.8,3.4,3.9,4.0,4.0,3.9,4.2,4.0,3.7,3.5,3.6,
AIG20220000409284,4,4.2,전반적 만족도,46,28,60.9,23,28,4.2,3.7,4.4,4.5,4.4,4.2,4.1,4.3,3.77,3.9,4.6,
AIG20220000409284,5,4.1,전반적 만족도,49,35,71.4,30,35,4.1,3.6,4.2,4.4,4.3,4.1,4.2,4.2,3.93,3.7,5.0,
AIG20220000409284,6,3.9,전반적 만족도,30,19,63.3,18,19,3.9,3.7,4.0,4.2,3.9,4.1,3.9,4.0,3.97,4.1,4.3,
AIG20220000409284,7,3.9,전반적 만족도,25,17,68,15,17,3.9,3.9,4.2,4.2,4.2,4.0,4.0,4.2,3.9,3.9,4.3,
AIG20220000409285,3,4.6,전반적 만족도,20,16,80,16,16,4.6,4.6,4.7,4.8,4.8,4.6,4.5,4.2,4.6,4.6,4.8,
AIG20220000409285,4,3.3,전반적 만족도,20,16,80,6,16,3.3,3.5,3.4,3.5,3.6,3.3,3.5,3.4,3.33,2.9,3.2,
AIG20220000409285,5,4.0,전반적 만족도,19,14,73.7,10,14,4.0,4.1,4.1,4.2,3.9,3.8,3.9,4.0,3.87,3.7,,
AIG20220000409285,6,3.5,전반적 만족도,21,18,85.7,14,18,3.5,3.5,3.9,4.1,4.0,3.9,4.0,3.6,3.77,3.5,,
AIG20220000409291,2,4.3,전반적 만족도,12,7,58.3,7,7,4.3,4.2,4.3,4.3,4.8,4.4,4.4,4.2,4.5,4.3,,
AIG20220000409291,3,4.5,전반적 만족도,11,11,100,10,11,4.5,4.5,4.6,4.5,4.7,4.5,4.6,4.6,4.43,4.5,3.6,
AIG20220000409291,4,4.9,전반적 만족도,8,7,87.5,7,7,4.9,4.9,4.9,4.9,4.9,4.8,4.8,4.9,4.53,4.9,,
AIG20220000409291,5,4.5,전반적 만족도,11,7,63.6,6,7,4.5,4.7,4.8,4.7,4.8,4.6,4.6,4.6,4.3,4.7,,
AIG20220000409295,2,4.8,전반적 만족도,13,9,69.2,7,9,4.8,4.3,4.8,4.5,4.7,4.7,4.5,4.8,4.4,4.5,4.6,
AIG20220000409295,3,4.9,전반적 만족도,11,7,63.6,7,7,4.9,4.9,4.9,4.6,4.9,4.9,5.0,4.9,4.9,5.0,5.0,
AIG20220000409295,4,4.7,전반적 만족도,19,17,89.5,16,17,4.7,4.7,4.7,4.8,4.7,4.7,4.7,4.6,4.5,4.5,,
AIG20220000409295,5,3.7,전반적 만족도,20,12,60,9,12,3.7,4.5,4.1,2.9,4.1,3.8,4.1,4.4,3.93,4.1,,
AIG20220000409296,1,4.4,전반적 만족도,14,9,64.3,8,9,4.4,4.2,4.4,4.7,4.7,4.5,4.3,4.1,4.33,4.6,5.0,
AIG20220000409296,2,4.0,전반적 만족도,7,6,85.7,6,6,4.0,3.6,4.6,4.8,4.8,4.0,4.3,3.7,4.2,3.7,,
AIG20220000409297,2,4.7,전반적 만족도,30,27,90,27,27,4.7,4.6,4.7,4.8,4.8,4.7,4.7,4.8,4.67,4.6,,
AIG20220000409297,3,4.4,전반적 만족도,11,10,90.9,10,10,4.4,4.4,4.2,4.6,4.6,4.5,4.4,4.6,4.43,4.5,,
AIG20220000409298,2,3.7,전반적 만족도,19,10,52.6,7,10,3.7,3.9,3.6,3.8,3.7,3.6,3.8,3.2,3.47,3.1,,
AIG20220000409298,3,2.3,전반적 만족도,6,4,66.7,1,4,2.3,2.7,2.9,1.8,2.5,2.0,2.1,2.0,2.93,2.9,,
AIG20220000409298,4,2.3,전반적 만족도,6,4,66.7,1,4,2.3,2.0,2.9,3.9,2.6,2.6,1.9,3.6,2.67,2.3,3.6,
AIG20220000409299,3,4.2,전반적 만족도,19,14,73.7,13,14,4.2,4.3,4.2,4.2,4.3,4.2,4.3,4.0,4.23,4.2,,
AIG20220000409299,4,4.2,전반적 만족도,19,11,57.9,10,11,4.2,4.4,3.9,3.8,4.0,4.0,4.3,4.1,4.07,4.0,,
AIG20220000409299,5,4.0,전반적 만족도,15,5,33.3,5,5,4.0,4.3,4.1,4.1,4.1,4.1,4.0,4.1,4.03,4.0,,
AIG20220000409304,2,3.9,전반적 만족도,25,24,96,15,24,3.9,3.7,4.0,3.8,3.9,3.7,3.8,3.6,3.83,3.3,3.9,
AIG20220000409304,3,4.4,전반적 만족도,21,18,85.7,16,18,4.4,4.2,4.2,4.3,4.1,4.1,4.2,4.0,4.03,4.5,5.0,
AIG20220000409304,4,3.6,전반적 만족도,11,9,81.8,7,9,3.6,3.9,3.8,3.5,3.7,3.7,4.0,3.6,3.97,3.6,,
AIG20220000409304,5,2.8,전반적 만족도,22,17,77.3,16,17,2.8,2.7,2.6,2.6,2.6,2.7,2.8,2.4,3.3,2.6,4.3,
AIG20220000409304,6,3.5,전반적 만족도,18,8,44.4,6,8,3.5,3.1,3.5,4.0,3.5,3.6,3.6,2.9,3.53,3.4,,
AIG20220000409304,7,4.5,전반적 만족도,15,13,86.7,12,13,4.5,4.6,4.5,4.5,4.6,4.3,4.7,4.5,4.57,4.5,,
AIG20220000409304,8,4.5,전반적 만족도,19,13,68.4,10,13,4.5,4.6,4.5,4.6,4.6,4.5,4.6,4.5,4.57,4.4,4.3,
AIG20220000409305,2,4.4,전반적 만족도,16,12,75,9,12,4.4,4.3,4.6,4.9,4.6,4.4,4.6,4.5,4.07,3.9,4.3,
AIG20220000409305,3,4.5,전반적 만족도,21,19,90.5,18,19,4.5,4.1,4.7,4.8,4.6,4.6,4.6,4.1,4.6,4.7,4.0,
AIG20220000409305,4,3.4,전반적 만족도,13,11,84.6,6,11,3.4,3.7,3.6,3.4,3.5,3.5,4.0,4.1,3.63,3.3,1.7,
AIG20220000409305,5,4.0,전반적 만족도,15,12,80,9,12,4.0,3.8,4.0,4.2,4.0,4.0,4.0,3.9,3.83,3.7,4.3,
AIG20220000409305,6,4.2,전반적 만족도,11,9,81.8,6,9,4.2,3.6,4.3,4.6,4.4,4.3,4.3,3.9,3.83,4.1,2.9,
AIG20220000409305,7,4.9,전반적 만족도,8,7,87.5,7,7,4.9,5.0,5.0,4.9,4.9,5.0,5.0,5.0,5.0,4.8,,
AIG20220000409306,1,3.5,전반적 만족도,17,11,64.7,6,11,3.5,3.7,3.7,4.0,3.6,3.6,3.4,4.2,3.53,3.7,4.3,
AIG20220000409306,2,3.3,전반적 만족도,21,16,76.2,9,16,3.3,2.9,3.6,4.2,3.9,3.4,3.5,3.2,3.2,3.3,3.9,
AIG20220000409308,1,4.4,전반적 만족도,14,8,57.1,8,8,4.4,4.2,4.1,4.6,4.5,4.4,4.7,4.2,4.3,4.1,5.0,
AIG20220000409308,3,4.8,전반적 만족도,10,6,60,5,6,4.8,4.8,4.8,4.9,4.7,4.5,4.8,4.4,4.73,4.6,,
AIG20220000409317,2,4.3,전반적 만족도,18,15,83.3,14,15,4.3,4.3,4.4,4.4,4.3,4.5,4.5,4.4,4.43,4.4,4.3,
AIG20220000409317,3,3.6,전반적 만족도,20,12,60,10,12,3.6,3.9,4.0,3.8,3.9,3.8,3.9,3.8,4.17,4.0,,
AIG20220000409326,7,3.9,전반적 만족도,49,41,83.7,26,41,3.9,3.9,3.8,3.9,3.9,3.9,3.7,3.8,3.87,3.4,,
AIG20220000409326,8,4.3,전반적 만족도,41,32,78,31,32,4.3,4.0,4.3,4.5,4.5,4.2,4.2,4.1,4.2,3.7,4.6,
AIG20220000409326,9,4.7,전반적 만족도,52,50,96.2,49,50,4.7,4.6,4.6,4.8,4.8,4.6,4.7,4.7,4.43,4.3,3.2,
AIG20220000409326,10,4.0,전반적 만족도,45,27,60,23,27,4.0,4.1,4.4,4.3,4.3,4.2,4.2,4.2,4.03,3.5,3.6,
AIG20220000409326,11,4.4,전반적 만족도,49,39,79.6,34,39,4.4,4.4,4.5,4.5,4.5,4.4,4.4,4.3,4.37,3.9,4.0,
AIG20220000409326,12,4.7,전반적 만족도,40,34,85,34,34,4.7,4.7,4.8,4.8,4.8,4.7,4.7,4.7,4.4,4.5,5.0,
AIG20220000409326,13,4.3,전반적 만족도,48,35,72.9,31,35,4.3,4.4,4.6,4.6,4.6,4.4,4.4,4.4,4.37,3.7,4.3,
AIG20220000409326,14,4.1,전반적 만족도,25,17,68,17,17,4.1,3.8,4.1,4.1,4.3,4.0,4.3,4.1,3.7,3.6,3.1,
AIG20220000409326,15,4.3,전반적 만족도,54,35,64.8,32,35,4.3,4.1,4.4,4.5,4.6,4.4,4.4,4.4,4.17,3.9,5.0,
AIG20220000409326,16,4.5,전반적 만족도,38,35,92.1,34,35,4.5,4.1,4.3,4.4,4.4,4.3,4.3,4.2,4.17,4.2,5.0,
AIG20220000409326,17,4.0,전반적 만족도,23,21,91.3,14,21,4.0,3.9,4.2,4.2,4.3,4.1,4.2,4.2,4.1,3.8,,
AIG20220000409326,18,4.8,전반적 만족도,46,40,87,37,40,4.8,4.7,4.8,4.8,4.8,4.7,4.7,4.7,4.67,4.4,5.0,
AIG20220000409326,19,4.7,전반적 만족도,21,18,85.7,18,18,4.7,4.6,4.8,4.8,4.8,4.8,4.8,4.8,4.43,4.4,,
AIG20220000409326,20,4.4,전반적 만족도,25,21,84,20,21,4.4,4.3,4.5,4.3,4.6,4.4,4.5,4.5,4.27,4.1,4.3,
AIG20220000409326,21,4.7,전반적 만족도,25,20,80,19,20,4.7,4.6,4.7,4.7,4.7,4.6,4.5,4.6,4.53,4.4,3.6,
AIG20220000409326,22,4.8,전반적 만족도,22,17,77.3,16,17,4.8,4.8,4.8,4.8,4.8,4.8,4.9,4.8,4.7,4.7,,
AIG20220000409326,23,4.5,전반적 만족도,24,19,79.2,17,19,4.5,4.5,4.6,4.6,4.7,4.5,4.3,4.5,4.27,4.0,5.0,
AIG20220000409326,24,3.8,전반적 만족도,21,13,61.9,12,13,3.8,3.8,3.9,4.0,4.0,4.0,3.8,3.9,3.8,3.9,5.0,
AIG20220000409326,25,4.5,전반적 만족도,38,26,68.4,24,26,4.5,4.4,4.6,4.6,4.6,4.4,4.5,4.6,4.47,4.3,,
AIG20220000409326,26,4.4,전반적 만족도,17,12,70.6,11,12,4.4,4.2,4.3,4.4,4.4,4.3,4.2,4.3,4.23,4.2,,
AIG20220000409326,27,3.6,전반적 만족도,21,20,95.2,14,20,3.6,3.5,3.8,3.9,3.9,3.9,3.8,3.9,3.63,3.4,5.0,
AIG20220000409328,2,3.8,전반적 만족도,30,19,63.3,14,19,3.8,3.4,3.8,4.6,4.1,4.2,4.2,3.9,3.97,3.9,3.6,
AIG20220000409328,3,4.5,전반적 만족도,25,20,80,17,20,4.5,4.4,4.7,4.7,4.6,4.7,4.8,4.8,4.4,4.5,4.3,
AIG20220000409328,4,4.2,전반적 만족도,22,15,68.2,11,15,4.2,3.8,4.6,4.7,4.5,4.2,4.3,4.7,4.1,4.3,,
AIG20220000409333,2,4.5,전반적 만족도,12,10,83.3,9,10,4.5,4.9,4.8,4.6,4.6,4.6,4.8,4.5,4.5,4.4,5.0,
AIG20220000409333,3,3.0,전반적 만족도,10,7,70,5,7,3.0,4.5,3.0,2.7,2.8,3.3,2.9,4.3,3.73,2.6,,
AIG20220000409333,4,4.6,전반적 만족도,20,15,75,13,15,4.6,4.6,4.6,4.6,4.6,4.6,4.5,4.5,4.57,4.6,5.0,
AIG20220000409335,4,4.3,전반적 만족도,25,13,52,12,13,4.3,4.3,4.3,4.7,4.3,4.4,4.4,4.5,4.0,4.0,,
AIG20220000409335,5,4.4,전반적 만족도,20,15,75,12,15,4.4,4.5,4.6,4.6,4.4,4.5,4.6,4.4,4.6,4.2,,
AIG20220000409335,7,4.7,전반적 만족도,13,10,76.9,10,10,4.7,4.8,4.7,4.8,4.8,4.7,4.6,4.7,4.57,4.6,,
AIG20220000409339,2,3.7,전반적 만족도,16,12,75,8,12,3.7,3.8,4.1,3.9,4.0,3.6,3.6,4.0,3.53,3.3,,
AIG20220000409339,3,4.7,전반적 만족도,23,20,87,18,20,4.7,4.6,4.8,4.7,4.7,4.7,4.7,4.8,4.5,4.6,5.0,
AIG20220000409339,4,4.3,전반적 만족도,25,17,68,16,17,4.3,4.1,4.4,4.4,4.4,4.4,4.1,4.3,4.3,4.4,4.3,
AIG20220000409341,1,2.6,전반적 만족도,9,3,33.3,2,3,2.6,2.4,2.6,3.2,2.6,3.0,3.3,4.2,3.23,2.9,,
AIG20220000409343,2,3.6,전반적 만족도,93,75,80.6,56,75,3.6,3.6,3.5,4.0,4.1,3.7,3.7,4.1,3.6,3.2,3.8,
AIG20220000409343,3,3.8,전반적 만족도,61,53,86.9,37,53,3.8,3.8,4.0,3.8,4.0,4.0,4.0,4.0,3.9,3.3,4.0,
AIG20220000409343,4,3.8,전반적 만족도,25,21,84,16,21,3.8,3.9,3.9,4.1,4.3,3.9,4.1,4.1,3.77,3.8,4.6,
AIG20220000409343,5,3.6,전반적 만족도,48,41,85.4,35,41,3.6,3.3,3.8,3.9,4.0,3.7,3.8,3.8,3.63,3.6,4.6,
AIG20220000409343,6,3.5,전반적 만족도,27,24,88.9,13,24,3.5,3.2,3.7,3.7,3.6,3.6,3.6,3.6,3.4,3.3,3.6,
AIG20220000409343,7,3.6,전반적 만족도,45,32,71.1,21,32,3.6,3.4,3.7,3.8,3.8,3.7,3.8,3.6,3.57,3.3,4.8,
AIG20220000409345,2,4.5,전반적 만족도,43,37,86,36,37,4.5,4.3,4.5,4.6,4.6,4.5,4.6,4.6,4.23,4.2,4.5,
AIG20220000409345,3,4.4,전반적 만족도,28,18,64.3,16,18,4.4,4.4,4.4,4.4,4.4,4.3,4.5,4.5,4.4,4.1,4.5,
AIG20220000409345,4,4.8,전반적 만족도,23,15,65.2,14,15,4.8,4.3,4.7,4.8,4.8,4.6,4.5,4.8,4.53,4.7,4.3,
AIG20220000409345,5,4.5,전반적 만족도,12,6,50,6,6,4.5,4.9,4.9,4.8,4.9,4.7,4.5,4.9,4.33,4.3,4.8,
AIG20220000409349,2,4.6,전반적 만족도,12,7,58.3,6,7,4.6,4.7,4.5,4.9,4.6,4.4,4.5,4.4,4.1,4.2,,
AIG20220000409349,3,4.3,전반적 만족도,9,6,66.7,6,6,4.3,4.6,4.4,4.7,4.7,4.5,4.6,4.6,3.83,4.4,5.0,
AIG20220000409350,2,3.4,전반적 만족도,19,13,68.4,7,13,3.4,3.4,3.8,4.1,3.8,3.6,3.6,3.6,3.47,3.7,,
AIG20220000409350,3,4.5,전반적 만족도,12,11,91.7,11,11,4.5,4.2,4.6,4.9,4.7,4.5,4.8,4.2,4.7,4.4,4.3,
AIG20220000409350,4,4.1,전반적 만족도,14,10,71.4,10,10,4.1,3.6,3.8,4.4,3.9,4.3,3.7,4.1,3.93,4.2,5.0,
AIG20220000409350,5,3.6,전반적 만족도,7,1,14.3,1,1,3.6,2.9,2.9,3.6,2.9,3.6,3.6,2.9,3.6,3.6,,
AIG20220000409355,4,4.1,전반적 만족도,30,25,83.3,24,25,4.1,4.0,4.2,4.2,4.3,4.1,4.2,4.4,3.97,4.1,4.3,
AIG20220000409355,5,4.3,전반적 만족도,29,23,79.3,20,23,4.3,4.1,3.8,4.2,4.0,4.3,4.3,4.5,4.13,4.0,,
AIG20220000409355,6,4.4,전반적 만족도,30,22,73.3,20,22,4.4,4.5,4.5,4.6,4.5,4.4,4.5,4.6,4.3,4.4,5.0,
AIG20220000409355,7,4.4,전반적 만족도,20,17,85,17,17,4.4,4.3,4.4,4.6,4.3,4.5,4.3,4.6,4.33,4.3,,
AIG20220000409355,8,4.1,전반적 만족도,20,18,90,17,18,4.1,3.8,4.0,4.2,4.0,4.0,4.4,4.2,3.8,4.1,2.9,
AIG20220000409355,9,4.7,전반적 만족도,16,13,81.3,12,13,4.7,4.6,4.4,4.5,4.1,4.5,4.1,4.5,4.6,4.6,5.0,
AIG20220000409355,10,3.9,전반적 만족도,17,14,82.4,12,14,3.9,3.8,3.9,4.0,3.9,4.0,4.1,4.1,3.9,3.9,,
AIG20220000409355,11,4.6,전반적 만족도,12,12,100,12,12,4.6,4.3,4.7,4.8,4.6,4.5,4.3,4.7,4.4,4.4,4.3,
AIG20220000409355,12,4.4,전반적 만족도,29,24,82.8,24,24,4.4,4.0,4.3,4.4,4.4,4.3,4.4,4.3,4.03,4.3,4.2,
AIG20220000409355,13,4.6,전반적 만족도,17,16,94.1,16,16,4.6,4.5,4.7,4.7,4.5,4.5,4.6,4.7,4.6,4.6,4.6,
AIG20220000409355,14,4.7,전반적 만족도,15,14,93.3,14,14,4.7,4.5,4.3,4.7,4.5,4.6,4.8,4.6,4.63,4.6,3.6,
AIG20220000409356,3,4.7,전반적 만족도,18,14,77.8,13,14,4.7,4.7,4.7,4.9,4.7,4.7,4.7,4.4,4.63,4.5,5.0,
AIG20220000409357,4,4.3,전반적 만족도,25,18,72,15,18,4.3,4.2,4.4,4.4,4.4,4.2,4.4,3.8,4.33,4.2,4.3,
AIG20220000409357,5,4.7,전반적 만족도,26,20,76.9,19,20,4.7,4.5,4.7,4.8,4.7,4.7,4.8,4.7,4.53,4.6,,
AIG20220000409357,6,4.6,전반적 만족도,23,20,87,20,20,4.6,4.1,4.5,4.8,4.6,4.6,4.6,4.3,4.23,4.6,,
AIG20220000409357,7,4.3,전반적 만족도,23,21,91.3,17,21,4.3,4.3,4.4,4.5,4.4,4.4,4.5,4.3,4.1,4.1,,
AIG20220000409357,8,5.0,전반적 만족도,15,10,66.7,10,10,5.0,5.0,5.0,5.0,5.0,4.9,5.0,5.0,5.0,5.0,,
AIG20220000409357,9,4.5,전반적 만족도,18,14,77.8,13,14,4.5,4.4,4.5,4.6,4.5,4.5,4.5,4.4,4.4,4.5,,
AIG20220000409363,1,3.8,전반적 만족도,15,12,80,9,12,3.8,3.8,3.9,4.2,3.8,3.9,4.0,4.2,4.03,3.6,,
AIG20220000409368,1,4.7,전반적 만족도,20,19,95,19,19,4.7,4.7,4.7,4.7,4.7,4.6,4.5,4.5,4.43,4.6,4.8,
AIG20220000409368,2,4.3,전반적 만족도,17,12,70.6,12,12,4.3,3.6,4.4,4.9,4.4,4.2,4.1,4.4,4.0,4.1,3.6,
AIG20220000409368,8,4.1,전반적 만족도,9,7,77.8,7,7,4.1,4.4,4.3,4.4,4.4,4.2,4.4,4.2,4.2,4.5,,
AIG20220000409369,3,4.1,전반적 만족도,11,9,81.8,8,9,4.1,4.1,4.1,4.5,4.2,4.4,4.1,4.1,4.17,4.0,5.0,
AIG20220000409373,3,4.4,전반적 만족도,19,18,94.7,17,18,4.4,4.4,4.4,4.4,4.3,4.4,4.4,4.2,4.2,4.3,,
AIG20220000409373,4,4.0,전반적 만족도,24,20,83.3,17,20,4.0,4.4,4.1,3.9,3.9,3.9,4.1,4.3,4.0,4.0,4.3,
AIG20220000409373,5,3.4,전반적 만족도,10,9,90,9,9,3.4,3.9,3.3,2.8,3.1,3.3,3.6,3.5,3.17,3.3,,
AIG20220000409373,6,4.0,전반적 만족도,19,17,89.5,12,17,4.0,4.2,4.0,3.9,4.0,4.2,4.4,4.4,3.83,4.1,3.6,
AIG20220000409373,7,3.5,전반적 만족도,18,17,94.4,8,17,3.5,3.9,3.3,2.9,2.8,3.3,3.4,3.9,3.43,3.0,2.9,
AIG20220000409373,8,4.8,전반적 만족도,11,8,72.7,8,8,4.8,4.6,4.6,4.8,4.5,4.5,4.6,4.4,4.33,4.5,5.0,
AIG20220000409373,9,3.7,전반적 만족도,23,23,100,18,23,3.7,3.8,3.7,3.9,3.8,3.9,4.0,4.0,3.67,3.8,4.3,
AIG20220000409382,2,4.8,전반적 만족도,12,11,91.7,11,11,4.8,4.8,4.8,4.9,4.8,4.7,4.9,4.8,4.5,4.7,,
AIG20220000409382,3,4.8,전반적 만족도,13,10,76.9,10,10,4.8,4.7,4.7,4.8,4.8,4.8,4.8,4.6,4.7,4.7,4.3,
AIG20220000409385,2,4.0,전반적 만족도,14,11,78.6,7,11,4.0,4.1,4.1,4.5,3.9,4.2,4.3,4.3,3.9,3.8,,
AIG20220000409385,3,3.9,전반적 만족도,24,18,75,16,18,3.9,3.5,3.6,4.0,3.7,3.8,3.9,4.1,3.87,3.7,0.7,
AIG20220000409385,4,4.3,전반적 만족도,14,11,78.6,10,11,4.3,4.1,4.0,4.4,4.2,4.1,4.4,4.5,3.87,3.9,3.6,
AIG20220000409385,5,3.0,전반적 만족도,18,13,72.2,8,13,3.0,3.2,3.2,3.5,3.1,3.2,2.8,3.6,2.7,2.5,,
AIG20220000409385,6,4.5,전반적 만족도,11,11,100,11,11,4.5,4.7,4.7,4.8,4.7,4.6,4.9,4.7,4.47,4.4,4.3,
AIG20220000409390,2,4.4,전반적 만족도,24,24,100,23,24,4.4,4.5,4.6,4.5,4.6,4.4,4.4,4.7,4.43,4.2,4.6,
AIG20220000409390,3,4.0,전반적 만족도,24,22,91.7,22,22,4.0,4.3,4.3,4.4,4.4,4.1,4.1,4.5,4.23,4.3,3.6,
AIG20220000409391,2,3.9,전반적 만족도,43,18,41.9,16,18,3.9,3.7,3.8,4.2,4.3,3.9,3.9,4.0,3.67,3.3,4.4,
AIG20220000409391,3,4.0,전반적 만족도,54,39,72.2,31,39,4.0,4.0,3.9,4.2,4.2,4.1,4.2,4.1,4.13,3.6,4.3,
AIG20220000409391,4,3.9,전반적 만족도,44,38,86.4,30,38,3.9,4.1,3.8,4.5,4.3,3.9,4.1,4.1,4.07,3.7,3.9,
AIG20220000409391,5,3.4,전반적 만족도,42,28,66.7,24,28,3.4,3.7,3.8,4.2,4.1,3.8,3.9,3.9,3.8,3.5,3.8,
AIG20220000409391,6,3.5,전반적 만족도,44,25,56.8,18,25,3.5,3.7,3.5,4.1,4.1,3.7,3.8,3.8,3.7,3.4,3.8,
AIG20220000409391,7,3.1,전반적 만족도,19,18,94.7,9,18,3.1,3.4,3.4,3.7,3.7,3.4,3.3,3.6,3.53,3.1,3.1,
AIG20220000409391,8,3.8,전반적 만족도,25,17,68,13,17,3.8,4.2,4.0,4.4,4.2,4.0,4.0,4.1,3.77,3.4,4.3,
AIG20220000409392,2,4.8,전반적 만족도,13,10,76.9,10,10,4.8,4.6,4.6,4.8,4.6,4.6,4.6,4.9,4.47,4.8,4.3,
AIG20220000409392,3,4.7,전반적 만족도,13,5,38.5,5,5,4.7,4.7,4.7,4.9,4.9,4.7,4.8,4.9,4.5,4.7,5.0,
AIG20220000409398,2,4.8,전반적 만족도,22,18,81.8,17,18,4.8,4.6,4.7,4.9,4.7,4.6,4.8,4.4,4.67,4.8,5.0,
AIG20220000409398,3,4.6,전반적 만족도,23,21,91.3,20,21,4.6,4.5,4.6,4.8,4.5,4.6,4.8,4.3,4.6,4.6,5.0,
AIG20220000409398,4,4.0,전반적 만족도,21,14,66.7,12,14,4.0,4.1,3.8,4.1,4.1,4.0,4.1,4.1,4.1,3.9,5.0,
AIG20220000409398,5,4.3,전반적 만족도,20,18,90,16,18,4.3,4.3,4.4,4.5,4.2,4.4,4.4,4.5,4.3,4.4,,
AIG20220000409402,2,4.9,전반적 만족도,30,24,80,23,24,4.9,4.6,4.8,4.9,4.8,4.8,4.8,4.6,4.73,4.6,,
AIG20220000409402,3,4.6,전반적 만족도,24,21,87.5,20,21,4.6,4.6,4.7,4.7,4.6,4.7,4.6,4.2,4.57,4.6,5.0,
AIG20220000409402,4,4.9,전반적 만족도,11,8,72.7,8,8,4.9,4.5,4.9,5.0,4.9,4.8,4.8,3.6,4.73,4.9,,
AIG20220000409402,5,5.0,전반적 만족도,20,20,100,20,20,5.0,4.9,5.0,5.0,4.9,5.0,5.0,5.0,5.0,5.0,5.0,
AIG20220000409408,2,3.7,전반적 만족도,21,16,76.2,13,16,3.7,3.4,3.7,4.0,4.0,3.7,4.0,3.5,3.83,3.4,3.6,
AIG20220000409408,3,4.6,전반적 만족도,15,10,66.7,10,10,4.6,4.5,4.6,4.8,4.7,4.4,4.5,4.7,4.47,4.5,5.0,
AIG20220000409408,4,3.7,전반적 만족도,16,13,81.3,5,13,3.7,3.1,3.5,3.5,3.9,3.4,3.5,4.0,3.17,3.1,4.3,
AIG20220000409408,5,3.6,전반적 만족도,15,13,86.7,10,13,3.6,3.6,3.7,3.7,3.7,3.9,3.7,3.7,3.57,3.5,3.3,
AIG20220000409409,3,4.4,전반적 만족도,8,8,100,7,8,4.4,4.3,4.2,4.6,4.5,4.3,4.5,4.2,4.23,4.2,,
AIG20220000409413,2,3.3,전반적 만족도,29,27,93.1,13,27,3.3,2.8,3.5,3.7,3.7,3.5,3.7,3.1,3.27,2.9,3.1,
AIG20220000409413,3,4.1,전반적 만족도,26,18,69.2,17,18,4.1,3.8,4.2,4.1,4.3,4.0,4.2,4.3,4.17,4.0,3.4,
AIG20220000409413,4,4.6,전반적 만족도,25,20,80,19,20,4.6,3.8,4.5,5.0,4.5,4.4,4.4,4.4,4.2,4.4,4.9,
AIG20220000409413,5,2.8,전반적 만족도,24,20,83.3,9,20,2.8,3.0,3.0,3.0,3.0,2.9,3.1,3.1,3.13,2.3,0.7,
AIG20220000409413,6,4.1,전반적 만족도,20,15,75,14,15,4.1,4.0,4.1,4.5,4.4,4.2,3.9,4.3,4.1,4.0,4.3,
AIG20220000409413,7,4.0,전반적 만족도,16,12,75,9,12,4.0,4.1,4.2,4.5,4.3,4.1,4.6,4.3,3.83,4.0,3.6,
AIG20220000409415,2,3.9,전반적 만족도,89,72,80.9,54,72,3.9,4.1,4.1,4.2,4.2,3.9,4.2,4.1,4.07,3.6,4.0,
AIG20220000409415,3,4.2,전반적 만족도,69,56,81.2,45,56,4.2,4.1,4.1,4.3,4.3,4.1,4.3,4.1,4.07,3.7,3.2,
AIG20220000409415,4,4.5,전반적 만족도,65,53,81.5,50,53,4.5,4.4,4.5,4.6,4.6,4.5,4.6,4.5,4.33,4.2,4.0,
AIG20220000409415,5,4.5,전반적 만족도,111,92,82.9,86,92,4.5,4.4,4.5,4.6,4.6,4.5,4.5,4.5,4.3,4.3,4.1,
AIG20220000409415,6,4.1,전반적 만족도,113,93,82.3,81,93,4.1,4.2,4.2,4.4,4.3,4.2,4.2,4.3,3.87,4.0,4.5,
AIG20220000409415,7,4.5,전반적 만족도,45,39,86.7,37,39,4.5,4.5,4.5,4.5,4.5,4.4,4.4,4.4,4.27,4.4,4.5,
AIG20220000409416,2,4.1,전반적 만족도,100,79,79,60,79,4.1,4.2,4.2,4.3,4.4,4.1,4.4,4.1,4.2,3.6,3.6,
AIG20220000409416,3,4.3,전반적 만족도,106,95,89.6,83,95,4.3,4.2,4.3,4.5,4.5,4.3,4.5,4.3,4.2,4.0,4.5,
AIG20220000409416,4,4.1,전반적 만족도,73,59,80.8,44,59,4.1,4.1,4.1,4.3,4.3,4.0,4.2,4.1,4.13,3.5,5.0,
AIG20220000409416,5,4.4,전반적 만족도,148,128,86.5,113,128,4.4,4.3,4.5,4.5,4.6,4.4,4.6,4.4,4.37,4.3,4.5,
AIG20220000409416,6,4.4,전반적 만족도,132,101,76.5,94,101,4.4,4.3,4.5,4.6,4.6,4.4,4.6,4.5,4.3,4.2,4.0,
AIG20220000409416,7,4.3,전반적 만족도,79,64,81,60,64,4.3,4.3,4.6,4.6,4.6,4.4,4.5,4.4,4.33,4.3,4.4,
AIG20220000409417,2,4.6,전반적 만족도,98,79,80.6,73,79,4.6,4.5,4.6,4.7,4.7,4.6,4.7,4.5,4.4,4.2,5.0,
AIG20220000409417,3,4.5,전반적 만족도,94,83,88.3,76,83,4.5,4.6,4.6,4.7,4.6,4.6,4.7,4.6,4.4,4.3,4.7,
AIG20220000409417,4,4.3,전반적 만족도,69,57,82.6,54,57,4.3,4.3,4.3,4.4,4.4,4.3,4.4,4.4,4.17,4.2,3.8,
AIG20220000409417,5,4.3,전반적 만족도,139,110,79.1,94,110,4.3,4.3,4.4,4.6,4.5,4.3,4.5,4.4,4.23,4.2,4.4,
AIG20220000409417,6,4.3,전반적 만족도,78,62,79.5,57,62,4.3,4.4,4.5,4.6,4.6,4.4,4.6,4.6,4.23,4.2,4.5,
AIG20220000409417,7,4.4,전반적 만족도,51,41,80.4,37,41,4.4,4.4,4.5,4.7,4.6,4.4,4.6,4.5,4.2,4.3,4.4,
AIG20220000409417,8,4.3,전반적 만족도,65,53,81.5,44,53,4.3,4.3,4.5,4.6,4.6,4.3,4.5,4.4,4.3,4.2,4.4,
AIG20220000409417,9,4.5,전반적 만족도,63,55,87.3,52,55,4.5,4.6,4.7,4.7,4.7,4.6,4.7,4.6,4.4,4.4,5.0,
AIG20220000409418,3,3.8,전반적 만족도,48,41,85.4,32,41,3.8,3.8,3.7,4.1,4.0,3.8,4.0,3.9,3.87,3.3,5.0,
AIG20220000409418,4,4.2,전반적 만족도,17,14,82.4,13,14,4.2,4.3,4.0,4.3,4.4,4.0,4.2,4.2,4.0,3.9,4.3,
AIG20220000409418,6,3.4,전반적 만족도,34,26,76.5,20,26,3.4,3.3,3.5,3.8,3.7,3.6,3.6,3.8,3.37,3.4,3.2,
AIG20220000409418,7,4.5,전반적 만족도,11,7,63.6,7,7,4.5,4.5,4.4,4.5,4.6,4.4,4.3,4.5,4.47,4.5,5.0,
AIG20220000409418,8,3.9,전반적 만족도,27,21,77.8,16,21,3.9,4.0,4.0,4.1,4.1,4.1,4.1,4.1,3.9,3.8,4.3,
AIG20220000409420,2,4.4,전반적 만족도,16,15,93.8,14,15,4.4,4.2,4.4,4.6,4.3,4.5,4.3,4.5,4.23,4.1,3.6,
AIG20220000409420,3,4.4,전반적 만족도,14,11,78.6,9,11,4.4,3.6,4.7,4.7,4.4,4.5,4.4,4.6,4.2,4.5,,
AIG20220000409420,4,4.5,전반적 만족도,13,11,84.6,11,11,4.5,3.8,4.3,4.4,4.3,4.3,4.5,4.5,4.2,4.4,,
AIG20220000409420,5,4.4,전반적 만족도,20,15,75,15,15,4.4,4.3,4.4,4.6,4.5,4.4,4.4,4.5,4.23,4.3,4.3,
AIG20220000409420,7,4.6,전반적 만족도,13,10,76.9,9,10,4.6,4.3,4.4,4.6,4.5,4.6,4.7,4.7,4.53,4.6,5.0,
AIG20220000409420,8,3.6,전반적 만족도,24,23,95.8,16,23,3.6,3.3,3.3,4.0,3.3,3.6,3.6,3.8,3.33,3.6,4.6,
AIG20220000409420,9,3.7,전반적 만족도,10,7,70,5,7,3.7,3.7,3.7,3.7,3.7,3.6,3.8,3.6,3.53,3.9,2.9,
AIG20220000409420,10,4.0,전반적 만족도,24,21,87.5,15,21,4.0,3.6,3.7,4.4,3.8,3.9,4.0,3.9,3.8,3.8,1.4,
AIG20220000409421,5,3.1,전반적 만족도,34,26,76.5,12,26,3.1,3.0,2.9,2.7,2.9,3.0,3.3,3.8,3.27,3.0,3.6,
AIG20220000409421,6,3.1,전반적 만족도,24,23,95.8,11,23,3.1,2.8,3.1,3.1,3.2,3.1,3.5,3.4,3.23,3.1,,
AIG20220000409421,7,2.7,전반적 만족도,21,19,90.5,4,19,2.7,2.7,2.8,3.1,3.0,2.7,3.1,3.5,2.77,2.3,3.9,
AIG20220000409421,8,3.9,전반적 만족도,18,17,94.4,13,17,3.9,3.9,4.2,4.5,4.0,4.3,3.9,4.3,4.0,3.9,2.9,
AIG20220000409421,9,3.8,전반적 만족도,10,8,80,6,8,3.8,3.9,4.0,3.9,3.8,3.8,4.1,4.1,3.57,3.7,,
AIG20220000409421,10,4.6,전반적 만족도,16,14,87.5,14,14,4.6,4.4,4.6,4.5,4.5,4.4,4.5,4.5,4.4,4.4,3.6,
AIG20220000409422,1,5.0,전반적 만족도,4,3,75,3,3,5.0,5.0,5.0,5.0,5.0,5.0,5.0,5.0,5.0,5.0,,
AIG20220000409422,2,4.3,전반적 만족도,8,4,50,4,4,4.3,4.1,4.4,4.5,4.5,4.5,4.3,4.6,3.9,4.3,,
AIG20220000409422,3,4.7,전반적 만족도,15,11,73.3,10,11,4.7,4.8,4.8,4.8,4.7,4.7,4.7,4.8,4.47,4.5,5.0,
AIG20220000409426,2,4.6,전반적 만족도,13,12,92.3,11,12,4.6,4.0,4.6,4.9,4.7,4.5,4.6,4.6,4.3,4.7,4.8,
AIG20220000409430,2,3.9,전반적 만족도,20,16,80,14,16,3.9,4.1,4.2,4.2,4.2,4.0,3.9,4.2,3.93,4.1,3.2,
AIG20220000409436,2,3.8,전반적 만족도,12,8,66.7,6,8,3.8,3.5,4.0,4.2,4.0,3.9,3.9,3.7,3.77,3.5,5.0,
AIG20220000409436,3,4.7,전반적 만족도,17,15,88.2,14,15,4.7,4.8,4.8,4.9,4.8,4.8,4.7,4.7,4.8,4.8,5.0,
AIG20220000409437,4,4.4,전반적 만족도,26,22,84.6,18,22,4.4,3.8,4.3,4.6,4.3,4.4,3.9,4.3,4.27,4.0,4.9,
AIG20220000409437,5,3.9,전반적 만족도,29,27,93.1,21,27,3.9,3.3,4.0,4.5,4.1,4.0,4.1,3.7,4.1,3.3,4.1,
AIG20220000409437,6,4.2,전반적 만족도,28,23,82.1,20,23,4.2,4.1,4.3,4.4,4.3,4.0,4.1,4.2,4.23,3.9,5.0,
AIG20220000409437,7,3.4,전반적 만족도,30,29,96.7,20,29,3.4,3.0,3.0,3.6,3.3,3.1,3.7,3.8,3.4,3.0,0.7,
AIG20220000409437,8,4.4,전반적 만족도,24,22,91.7,18,22,4.4,4.4,4.4,4.6,4.4,4.3,4.5,4.4,4.37,4.3,2.9,
AIG20220000409437,9,4.2,전반적 만족도,30,29,96.7,26,29,4.2,4.1,4.3,4.5,4.3,4.3,4.2,4.0,4.1,4.1,4.6,
AIG20220000409445,4,4.2,전반적 만족도,16,15,93.8,13,15,4.2,3.9,4.3,4.4,4.5,4.1,4.5,4.0,4.5,4.1,5.0,
AIG20220000409445,5,4.1,전반적 만족도,11,9,81.8,9,9,4.1,3.9,4.1,4.4,4.5,4.2,4.3,4.1,4.2,4.3,5.0,
AIG20220000409445,6,3.4,전반적 만족도,16,14,87.5,7,14,3.4,3.3,3.4,4.4,4.1,3.9,3.9,3.6,3.93,3.4,,
AIG20220000409445,7,4.6,전반적 만족도,15,11,73.3,11,11,4.6,4.7,4.6,4.8,4.9,4.6,4.7,4.8,4.5,4.6,,
AIG20220000409445,8,4.0,전반적 만족도,9,9,100,8,9,4.0,4.0,3.8,4.3,4.0,4.1,4.0,3.9,4.1,4.0,,
AIG20220000409445,9,3.3,전반적 만족도,8,7,87.5,4,7,3.3,2.9,2.9,3.0,3.0,3.0,3.5,2.8,3.07,2.9,2.9,
AIG20220000409455,7,4.8,전반적 만족도,28,27,96.4,27,27,4.8,4.8,4.8,4.8,4.9,4.8,4.8,4.8,4.8,4.8,3.6,
AIG20220000409455,8,4.4,전반적 만족도,28,27,96.4,27,27,4.4,4.5,4.6,4.5,4.7,4.5,4.6,4.2,4.33,4.4,5.0,
AIG20220000409455,9,4.5,전반적 만족도,27,25,92.6,24,25,4.5,4.4,4.3,4.5,4.6,4.3,4.4,4.4,4.5,4.4,,
AIG20220000409455,10,4.4,전반적 만족도,28,25,89.3,24,25,4.4,3.9,4.3,4.5,4.3,4.3,4.3,4.0,4.27,4.1,,
AIG20220000409455,11,4.2,전반적 만족도,28,25,89.3,24,25,4.2,4.2,4.2,4.2,4.2,4.1,4.3,4.1,4.17,4.2,,
AIG20220000409455,12,4.5,전반적 만족도,28,25,89.3,23,25,4.5,4.4,4.6,4.5,4.7,4.5,4.5,4.4,4.43,4.5,,
AIG20220000409455,13,4.1,전반적 만족도,24,22,91.7,18,22,4.1,4.3,4.3,4.2,4.4,4.0,4.2,4.3,4.2,4.2,,
AIG20220000409455,14,4.3,전반적 만족도,30,28,93.3,28,28,4.3,4.2,4.0,4.1,4.3,4.2,4.3,4.3,4.23,4.3,,
AIG20220000409455,15,4.4,전반적 만족도,24,24,100,24,24,4.4,4.3,4.3,4.4,4.5,4.4,4.4,4.2,4.3,4.3,,
AIG20220000409455,16,4.3,전반적 만족도,16,14,87.5,13,14,4.3,4.4,4.1,4.2,4.3,4.1,4.2,4.3,4.2,4.1,,
AIG20220000409455,17,4.2,전반적 만족도,28,28,100,24,28,4.2,4.0,4.1,4.1,4.4,4.0,4.0,3.6,4.03,4.0,,
AIG20220000409455,18,3.6,전반적 만족도,25,25,100,22,25,3.6,3.5,3.5,3.9,3.8,3.7,3.6,3.5,3.73,3.6,2.9,
AIG20220000409455,19,4.7,전반적 만족도,30,27,90,27,27,4.7,4.7,4.7,4.8,4.7,4.6,4.7,4.7,4.6,4.5,,
AIG20220000409455,20,4.7,전반적 만족도,28,26,92.9,25,26,4.7,4.7,4.6,4.8,4.8,4.7,4.7,4.4,4.63,4.6,5.0,
AIG20220000409455,21,4.6,전반적 만족도,28,27,96.4,27,27,4.6,4.6,4.6,4.6,4.7,4.5,4.5,4.6,4.4,4.6,,
AIG20220000409455,22,4.6,전반적 만족도,29,23,79.3,23,23,4.6,4.6,4.6,4.8,4.8,4.6,4.7,4.7,4.47,4.7,5.0,
AIG20220000409455,23,4.7,전반적 만족도,17,14,82.4,14,14,4.7,4.5,4.7,4.7,4.7,4.6,4.7,4.7,4.5,4.6,5.0,
AIG20220000412286,2,4.8,전반적 만족도,19,16,84.2,16,16,4.8,4.8,4.6,4.7,4.8,4.8,4.6,4.9,4.63,4.7,5.0,
AIG20220000412286,3,4.6,전반적 만족도,16,12,75,11,12,4.6,4.6,4.5,4.6,4.6,4.4,4.4,4.9,4.57,4.5,5.0,
AIG20220000412286,4,4.6,전반적 만족도,23,13,56.5,12,13,4.6,4.4,4.6,4.8,4.7,4.7,4.5,4.7,4.57,4.6,5.0,
AIG20220000412286,5,4.8,전반적 만족도,37,33,89.2,33,33,4.8,4.8,4.8,5.0,4.9,4.8,4.8,5.0,4.7,4.8,4.8,
AIG20220000412286,6,4.8,전반적 만족도,25,23,92,22,23,4.8,4.9,4.9,4.9,4.9,4.9,4.9,5.0,4.87,4.8,5.0,
AIG20220000412286,7,4.8,전반적 만족도,20,17,85,16,17,4.8,4.7,4.8,5.0,4.9,4.8,4.7,4.9,4.7,4.8,5.0,
AIG20220000412286,8,4.8,전반적 만족도,26,21,80.8,21,21,4.8,4.7,4.7,4.9,4.9,4.8,4.8,4.9,4.8,4.8,5.0,
AIG20220000412360,1,3.9,전반적 만족도,25,20,80,17,20,3.9,3.6,4.3,4.8,4.5,3.8,4.4,2.5,4.0,4.3,3.9,
AIG20220000412360,2,4.3,전반적 만족도,25,24,96,23,24,4.3,3.8,4.4,4.5,4.4,4.2,4.5,4.3,4.33,4.3,4.5,
AIG20220000412360,3,4.7,전반적 만족도,25,23,92,23,23,4.7,4.5,4.5,4.7,4.7,4.6,4.7,4.7,4.6,4.6,5.0,
AIG20220000412360,4,4.7,전반적 만족도,25,23,92,23,23,4.7,4.4,4.6,4.7,4.6,4.5,4.7,4.7,4.5,4.7,5.0,
AIG20220000412360,5,4.1,전반적 만족도,25,22,88,20,22,4.1,4.2,4.1,4.2,4.4,3.9,4.3,4.2,4.17,4.3,2.9,
AIG20220000412361,1,2.7,전반적 만족도,22,20,90.9,5,20,2.7,2.7,3.2,3.2,3.5,2.8,2.8,3.2,3.0,2.4,2.9,
AIG20220000412361,2,4.0,전반적 만족도,25,21,84,18,21,4.0,3.8,4.2,4.3,4.4,4.0,4.0,4.2,3.97,3.8,4.3,
AIG20220000412361,3,3.6,전반적 만족도,25,22,88,11,22,3.6,3.1,3.4,3.8,3.9,3.2,3.3,4.0,3.57,2.9,4.3,
AIG20220000412361,4,2.9,전반적 만족도,25,23,92,12,23,2.9,3.2,3.1,2.3,3.5,2.1,3.0,3.8,3.33,3.0,4.3,
AIG20220000412361,5,4.3,전반적 만족도,25,24,96,24,24,4.3,4.1,4.4,4.5,4.3,4.2,4.3,4.4,4.23,4.4,,
AIG20220000412362,1,4.3,전반적 만족도,20,17,85,17,17,4.3,3.6,4.5,4.7,4.3,4.2,4.5,4.1,4.27,4.4,5.0,
AIG20220000412362,2,2.9,전반적 만족도,13,4,30.8,3,4,2.9,2.5,2.2,2.6,2.9,2.1,3.6,3.5,2.97,2.3,3.6,
AIG20220000412362,3,3.9,전반적 만족도,11,8,72.7,7,8,3.9,3.7,4.1,4.2,4.2,3.9,4.4,3.2,3.97,3.8,5.0,
AIG20220000412362,4,3.5,전반적 만족도,20,17,85,13,17,3.5,3.4,3.7,3.7,4.0,3.4,3.9,3.5,3.83,3.6,,
AIG20220000412362,5,4.1,전반적 만족도,20,20,100,18,20,4.1,3.6,4.1,4.1,4.1,4.0,4.2,3.9,3.8,4.1,,
AIG20200000286525,1,4.6,setisfactionMap(2023년 이전 스키마),25,18,72,,,,,,,,,,,,,,
AIG20200000286525,2,4.4,setisfactionMap(2023년 이전 스키마),24,21,87.5,,,,,,,,,,,,,,
AIG20200000286525,3,4.8,setisfactionMap(2023년 이전 스키마),25,22,88,,,,,,,,,,,,,,
AIG20200000286525,4,4.9,setisfactionMap(2023년 이전 스키마),16,15,93.8,,,,,,,,,,,,,,
AIG20200000286525,5,4.7,setisfactionMap(2023년 이전 스키마),18,15,83.3,,,,,,,,,,,,,,
AIG20200000286525,6,4.9,setisfactionMap(2023년 이전 스키마),15,8,53.3,,,,,,,,,,,,,,
AIG20200000286525,7,5.0,setisfactionMap(2023년 이전 스키마),23,18,78.3,,,,,,,,,,,,,,
AIG20200000286525,8,4.4,setisfactionMap(2023년 이전 스키마),20,19,95,,,,,,,,,,,,,,
AIG20200000286531,2,4.7,setisfactionMap(2023년 이전 스키마),25,20,80,,,,,,,,,,,,,,
AIG20200000286531,3,4.6,setisfactionMap(2023년 이전 스키마),30,26,86.7,,,,,,,,,,,,,,
AIG20200000286531,4,4.2,setisfactionMap(2023년 이전 스키마),29,21,72.4,,,,,,,,,,,,,,
AIG20200000286531,5,3.2,setisfactionMap(2023년 이전 스키마),26,22,84.6,,,,,,,,,,,,,,
AIG20200000286532,1,4.9,setisfactionMap(2023년 이전 스키마),24,20,83.3,,,,,,,,,,,,,,
AIG20200000286532,2,4.2,setisfactionMap(2023년 이전 스키마),25,24,96,,,,,,,,,,,,,,
AIG20200000286536,1,3.8,setisfactionMap(2023년 이전 스키마),19,7,36.8,,,,,,,,,,,,,,
AIG20200000286536,2,4.9,setisfactionMap(2023년 이전 스키마),13,12,92.3,,,,,,,,,,,,,,
AIG20200000286545,3,4.6,setisfactionMap(2023년 이전 스키마),26,21,80.8,,,,,,,,,,,,,,
AIG20200000286545,4,4.3,setisfactionMap(2023년 이전 스키마),27,17,63,,,,,,,,,,,,,,
AIG20200000286558,1,2.8,setisfactionMap(2023년 이전 스키마),10,6,60,,,,,,,,,,,,,,
AIG20200000286558,2,3.3,setisfactionMap(2023년 이전 스키마),9,4,44.4,,,,,,,,,,,,,,
AIG20200000286561,2,4.9,setisfactionMap(2023년 이전 스키마),20,15,75,,,,,,,,,,,,,,
AIG20200000286562,2,5.0,setisfactionMap(2023년 이전 스키마),17,13,76.5,,,,,,,,,,,,,,
AIG20200000286562,3,5.0,setisfactionMap(2023년 이전 스키마),15,13,86.7,,,,,,,,,,,,,,
AIG20200000286562,4,4.6,setisfactionMap(2023년 이전 스키마),10,8,80,,,,,,,,,,,,,,
AIG20200000286562,5,4.4,setisfactionMap(2023년 이전 스키마),12,11,91.7,,,,,,,,,,,,,,
AIG20200000286563,2,3.8,setisfactionMap(2023년 이전 스키마),20,9,45,,,,,,,,,,,,,,
AIG20200000286565,1,4.4,setisfactionMap(2023년 이전 스키마),24,18,75,,,,,,,,,,,,,,
AIG20200000286565,2,4.9,setisfactionMap(2023년 이전 스키마),14,14,100,,,,,,,,,,,,,,
AIG20200000286570,1,3.4,setisfactionMap(2023년 이전 스키마),23,19,82.6,,,,,,,,,,,,,,
AIG20200000286570,2,4.2,setisfactionMap(2023년 이전 스키마),21,16,76.2,,,,,,,,,,,,,,
AIG20200000286570,3,4.5,setisfactionMap(2023년 이전 스키마),23,18,78.3,,,,,,,,,,,,,,
AIG20200000286570,4,4.0,setisfactionMap(2023년 이전 스키마),23,20,87,,,,,,,,,,,,,,
AIG20200000286570,5,4.3,setisfactionMap(2023년 이전 스키마),16,15,93.8,,,,,,,,,,,,,,
AIG20200000286570,6,4.7,setisfactionMap(2023년 이전 스키마),12,10,83.3,,,,,,,,,,,,,,
AIG20200000286574,1,3.7,setisfactionMap(2023년 이전 스키마),23,15,65.2,,,,,,,,,,,,,,
AIG20200000286574,2,4.6,setisfactionMap(2023년 이전 스키마),15,12,80,,,,,,,,,,,,,,
AIG20200000286586,2,3.7,setisfactionMap(2023년 이전 스키마),11,9,81.8,,,,,,,,,,,,,,
AIG20200000286592,2,4.2,setisfactionMap(2023년 이전 스키마),26,22,84.6,,,,,,,,,,,,,,
AIG20200000286592,3,4.1,setisfactionMap(2023년 이전 스키마),29,21,72.4,,,,,,,,,,,,,,
AIG20200000286592,4,3.8,setisfactionMap(2023년 이전 스키마),23,16,69.6,,,,,,,,,,,,,,
AIG20200000286592,5,4.3,setisfactionMap(2023년 이전 스키마),29,23,79.3,,,,,,,,,,,,,,
AIG20200000286592,6,4.1,setisfactionMap(2023년 이전 스키마),23,17,73.9,,,,,,,,,,,,,,
AIG20200000286592,7,4.7,setisfactionMap(2023년 이전 스키마),23,17,73.9,,,,,,,,,,,,,,
AIG20200000286592,8,4.6,setisfactionMap(2023년 이전 스키마),27,23,85.2,,,,,,,,,,,,,,
AIG20200000286592,9,4.6,setisfactionMap(2023년 이전 스키마),25,17,68,,,,,,,,,,,,,,
AIG20200000286592,10,4.4,setisfactionMap(2023년 이전 스키마),23,18,78.3,,,,,,,,,,,,,,
AIG20200000286592,11,3.8,setisfactionMap(2023년 이전 스키마),20,17,85,,,,,,,,,,,,,,
AIG20200000286592,12,4.4,setisfactionMap(2023년 이전 스키마),24,22,91.7,,,,,,,,,,,,,,
AIG20200000286592,13,4.6,setisfactionMap(2023년 이전 스키마),21,20,95.2,,,,,,,,,,,,,,
AIG20200000286594,1,4.2,setisfactionMap(2023년 이전 스키마),19,13,68.4,,,,,,,,,,,,,,
AIG20200000286594,2,4.8,setisfactionMap(2023년 이전 스키마),20,17,85,,,,,,,,,,,,,,
AIG20200000286597,3,4.6,setisfactionMap(2023년 이전 스키마),23,15,65.2,,,,,,,,,,,,,,
AIG20200000286597,4,4.8,setisfactionMap(2023년 이전 스키마),25,17,68,,,,,,,,,,,,,,
AIG20200000286598,4,4.4,setisfactionMap(2023년 이전 스키마),22,15,68.2,,,,,,,,,,,,,,
AIG20200000286598,5,4.5,setisfactionMap(2023년 이전 스키마),26,21,80.8,,,,,,,,,,,,,,
AIG20200000286598,6,4.6,setisfactionMap(2023년 이전 스키마),25,14,56,,,,,,,,,,,,,,
AIG20200000286600,4,4.5,setisfactionMap(2023년 이전 스키마),22,15,68.2,,,,,,,,,,,,,,
AIG20200000286600,5,4.3,setisfactionMap(2023년 이전 스키마),19,9,47.4,,,,,,,,,,,,,,
AIG20200000286600,6,4.5,setisfactionMap(2023년 이전 스키마),24,13,54.2,,,,,,,,,,,,,,
AIG20200000286602,2,4.5,setisfactionMap(2023년 이전 스키마),30,25,83.3,,,,,,,,,,,,,,
AIG20200000286602,3,4.1,setisfactionMap(2023년 이전 스키마),25,17,68,,,,,,,,,,,,,,
AIG20200000286602,4,4.8,setisfactionMap(2023년 이전 스키마),27,25,92.6,,,,,,,,,,,,,,
AIG20200000286602,5,4.6,setisfactionMap(2023년 이전 스키마),23,19,82.6,,,,,,,,,,,,,,
AIG20200000286602,6,4.8,setisfactionMap(2023년 이전 스키마),29,27,93.1,,,,,,,,,,,,,,
AIG20200000286602,7,3.6,setisfactionMap(2023년 이전 스키마),25,22,88,,,,,,,,,,,,,,
AIG20200000286602,8,3.7,setisfactionMap(2023년 이전 스키마),29,20,69,,,,,,,,,,,,,,
AIG20200000286602,9,4.6,setisfactionMap(2023년 이전 스키마),26,24,92.3,,,,,,,,,,,,,,
AIG20200000286602,10,4.5,setisfactionMap(2023년 이전 스키마),20,15,75,,,,,,,,,,,,,,
AIG20200000286602,11,4.4,setisfactionMap(2023년 이전 스키마),12,11,91.7,,,,,,,,,,,,,,
AIG20200000286602,12,4.5,setisfactionMap(2023년 이전 스키마),16,16,100,,,,,,,,,,,,,,
AIG20200000286602,13,4.4,setisfactionMap(2023년 이전 스키마),9,6,66.7,,,,,,,,,,,,,,
AIG20200000286603,3,4.7,setisfactionMap(2023년 이전 스키마),26,15,57.7,,,,,,,,,,,,,,
AIG20200000286603,4,4.7,setisfactionMap(2023년 이전 스키마),23,13,56.5,,,,,,,,,,,,,,
AIG20200000286610,1,4.6,setisfactionMap(2023년 이전 스키마),17,13,76.5,,,,,,,,,,,,,,
AIG20200000286610,2,4.4,setisfactionMap(2023년 이전 스키마),21,18,85.7,,,,,,,,,,,,,,
AIG20200000286611,2,4.3,setisfactionMap(2023년 이전 스키마),23,22,95.7,,,,,,,,,,,,,,
AIG20200000286611,3,4.2,setisfactionMap(2023년 이전 스키마),23,20,87,,,,,,,,,,,,,,
AIG20200000286611,4,3.7,setisfactionMap(2023년 이전 스키마),16,15,93.8,,,,,,,,,,,,,,
AIG20200000286611,5,3.8,setisfactionMap(2023년 이전 스키마),17,13,76.5,,,,,,,,,,,,,,
AIG20200000286611,6,3.8,setisfactionMap(2023년 이전 스키마),20,11,55,,,,,,,,,,,,,,
AIG20200000286611,7,4.7,setisfactionMap(2023년 이전 스키마),16,14,87.5,,,,,,,,,,,,,,
AIG20200000286622,2,3.5,setisfactionMap(2023년 이전 스키마),19,2,10.5,,,,,,,,,,,,,,
AIG20200000286626,1,2.7,setisfactionMap(2023년 이전 스키마),25,19,76,,,,,,,,,,,,,,
AIG20200000286626,2,3.6,setisfactionMap(2023년 이전 스키마),25,16,64,,,,,,,,,,,,,,
AIG20200000286626,3,3.6,setisfactionMap(2023년 이전 스키마),25,20,80,,,,,,,,,,,,,,
AIG20200000286626,4,4.1,setisfactionMap(2023년 이전 스키마),21,8,38.1,,,,,,,,,,,,,,
AIG20200000286626,5,4.5,setisfactionMap(2023년 이전 스키마),12,11,91.7,,,,,,,,,,,,,,
AIG20200000286638,1,4.8,setisfactionMap(2023년 이전 스키마),25,18,72,,,,,,,,,,,,,,
AIG20200000286638,2,4.9,setisfactionMap(2023년 이전 스키마),20,14,70,,,,,,,,,,,,,,
AIG20200000286640,1,4.8,setisfactionMap(2023년 이전 스키마),24,22,91.7,,,,,,,,,,,,,,
AIG20200000286640,2,5.0,setisfactionMap(2023년 이전 스키마),24,24,100,,,,,,,,,,,,,,
AIG20200000286642,2,4.5,setisfactionMap(2023년 이전 스키마),20,20,100,,,,,,,,,,,,,,
AIG20200000286642,3,4.6,setisfactionMap(2023년 이전 스키마),13,10,76.9,,,,,,,,,,,,,,
AIG20200000286644,2,4.3,setisfactionMap(2023년 이전 스키마),25,16,64,,,,,,,,,,,,,,
AIG20200000286644,3,4.2,setisfactionMap(2023년 이전 스키마),24,18,75,,,,,,,,,,,,,,
AIG20200000286644,4,4.6,setisfactionMap(2023년 이전 스키마),22,17,77.3,,,,,,,,,,,,,,
AIG20200000286644,5,4.8,setisfactionMap(2023년 이전 스키마),21,16,76.2,,,,,,,,,,,,,,
AIG20200000286644,6,4.5,setisfactionMap(2023년 이전 스키마),18,14,77.8,,,,,,,,,,,,,,
AIG20200000286644,7,4.1,setisfactionMap(2023년 이전 스키마),25,21,84,,,,,,,,,,,,,,
AIG20200000286644,8,4.0,setisfactionMap(2023년 이전 스키마),17,11,64.7,,,,,,,,,,,,,,
AIG20200000286644,9,4.6,setisfactionMap(2023년 이전 스키마),24,19,79.2,,,,,,,,,,,,,,
AIG20200000286644,10,4.8,setisfactionMap(2023년 이전 스키마),23,14,60.9,,,,,,,,,,,,,,
AIG20200000286647,2,4.2,setisfactionMap(2023년 이전 스키마),20,6,30,,,,,,,,,,,,,,
AIG20200000286647,3,4.3,setisfactionMap(2023년 이전 스키마),20,14,70,,,,,,,,,,,,,,
AIG20200000286647,4,3.3,setisfactionMap(2023년 이전 스키마),20,14,70,,,,,,,,,,,,,,
AIG20200000286647,5,3.3,setisfactionMap(2023년 이전 스키마),20,16,80,,,,,,,,,,,,,,
AIG20200000286648,3,4.7,setisfactionMap(2023년 이전 스키마),25,22,88,,,,,,,,,,,,,,
AIG20200000286648,4,4.7,setisfactionMap(2023년 이전 스키마),25,23,92,,,,,,,,,,,,,,
AIG20200000286648,5,4.0,setisfactionMap(2023년 이전 스키마),24,21,87.5,,,,,,,,,,,,,,
AIG20200000286648,6,4.4,setisfactionMap(2023년 이전 스키마),25,24,96,,,,,,,,,,,,,,
AIG20200000286648,7,4.9,setisfactionMap(2023년 이전 스키마),25,25,100,,,,,,,,,,,,,,
AIG20200000286648,8,4.1,setisfactionMap(2023년 이전 스키마),25,25,100,,,,,,,,,,,,,,
AIG20200000286648,9,4.9,setisfactionMap(2023년 이전 스키마),25,23,92,,,,,,,,,,,,,,
AIG20200000286648,10,4.5,setisfactionMap(2023년 이전 스키마),25,23,92,,,,,,,,,,,,,,
AIG20200000286648,11,4.5,setisfactionMap(2023년 이전 스키마),25,22,88,,,,,,,,,,,,,,
AIG20200000286648,12,4.2,setisfactionMap(2023년 이전 스키마),25,22,88,,,,,,,,,,,,,,
AIG20200000286648,13,3.7,setisfactionMap(2023년 이전 스키마),25,21,84,,,,,,,,,,,,,,
AIG20200000286648,14,4.7,setisfactionMap(2023년 이전 스키마),25,24,96,,,,,,,,,,,,,,
AIG20200000286651,2,4.6,setisfactionMap(2023년 이전 스키마),22,7,31.8,,,,,,,,,,,,,,
AIG20200000286651,3,4.6,setisfactionMap(2023년 이전 스키마),20,17,85,,,,,,,,,,,,,,
AIG20200000286651,4,5.0,setisfactionMap(2023년 이전 스키마),20,5,25,,,,,,,,,,,,,,
AIG20200000286653,2,4.8,setisfactionMap(2023년 이전 스키마),22,18,81.8,,,,,,,,,,,,,,
AIG20200000286653,3,5.0,setisfactionMap(2023년 이전 스키마),21,16,76.2,,,,,,,,,,,,,,
AIG20200000286656,2,4.0,setisfactionMap(2023년 이전 스키마),25,23,92,,,,,,,,,,,,,,
AIG20200000286656,3,4.6,setisfactionMap(2023년 이전 스키마),23,19,82.6,,,,,,,,,,,,,,
AIG20200000286656,4,4.5,setisfactionMap(2023년 이전 스키마),14,11,78.6,,,,,,,,,,,,,,
AIG20200000286656,5,3.7,setisfactionMap(2023년 이전 스키마),12,12,100,,,,,,,,,,,,,,
AIG20200000286658,2,3.7,setisfactionMap(2023년 이전 스키마),17,13,76.5,,,,,,,,,,,,,,
AIG20200000286658,3,4.4,setisfactionMap(2023년 이전 스키마),13,10,76.9,,,,,,,,,,,,,,
AIG20200000286658,4,4.5,setisfactionMap(2023년 이전 스키마),8,7,87.5,,,,,,,,,,,,,,
AIG20200000286658,5,4.6,setisfactionMap(2023년 이전 스키마),10,8,80,,,,,,,,,,,,,,
AIG20200000286658,6,5.0,setisfactionMap(2023년 이전 스키마),5,4,80,,,,,,,,,,,,,,
AIG20200000286660,3,4.5,setisfactionMap(2023년 이전 스키마),25,23,92,,,,,,,,,,,,,,
AIG20200000286660,4,4.5,setisfactionMap(2023년 이전 스키마),25,25,100,,,,,,,,,,,,,,
AIG20200000286660,5,4.3,setisfactionMap(2023년 이전 스키마),25,22,88,,,,,,,,,,,,,,
AIG20200000286660,6,4.6,setisfactionMap(2023년 이전 스키마),24,19,79.2,,,,,,,,,,,,,,
AIG20200000286660,7,4.5,setisfactionMap(2023년 이전 스키마),25,24,96,,,,,,,,,,,,,,
AIG20200000286660,8,4.5,setisfactionMap(2023년 이전 스키마),25,24,96,,,,,,,,,,,,,,
AIG20200000286660,9,4.0,setisfactionMap(2023년 이전 스키마),25,25,100,,,,,,,,,,,,,,
AIG20200000286660,10,3.8,setisfactionMap(2023년 이전 스키마),25,25,100,,,,,,,,,,,,,,
AIG20200000286660,11,5.0,setisfactionMap(2023년 이전 스키마),25,24,96,,,,,,,,,,,,,,
AIG20200000286660,12,4.7,setisfactionMap(2023년 이전 스키마),25,23,92,,,,,,,,,,,,,,
AIG20200000286660,13,4.7,setisfactionMap(2023년 이전 스키마),25,25,100,,,,,,,,,,,,,,
AIG20200000286660,14,4.8,setisfactionMap(2023년 이전 스키마),25,25,100,,,,,,,,,,,,,,
AIG20200000286660,15,2.5,setisfactionMap(2023년 이전 스키마),20,16,80,,,,,,,,,,,,,,
AIG20200000286660,16,4.3,setisfactionMap(2023년 이전 스키마),21,19,90.5,,,,,,,,,,,,,,
AIG20200000286660,17,4.3,setisfactionMap(2023년 이전 스키마),21,19,90.5,,,,,,,,,,,,,,
AIG20200000286661,2,4.4,setisfactionMap(2023년 이전 스키마),18,13,72.2,,,,,,,,,,,,,,
AIG20200000286661,3,3.7,setisfactionMap(2023년 이전 스키마),12,10,83.3,,,,,,,,,,,,,,
AIG20200000286662,2,4.4,setisfactionMap(2023년 이전 스키마),24,12,50,,,,,,,,,,,,,,
AIG20200000286662,3,4.4,setisfactionMap(2023년 이전 스키마),24,21,87.5,,,,,,,,,,,,,,
AIG20200000286662,4,4.2,setisfactionMap(2023년 이전 스키마),25,23,92,,,,,,,,,,,,,,
AIG20200000286662,5,4.6,setisfactionMap(2023년 이전 스키마),24,19,79.2,,,,,,,,,,,,,,
AIG20200000286666,2,4.1,setisfactionMap(2023년 이전 스키마),24,19,79.2,,,,,,,,,,,,,,
AIG20200000286666,3,3.3,setisfactionMap(2023년 이전 스키마),24,19,79.2,,,,,,,,,,,,,,
AIG20200000286666,4,4.4,setisfactionMap(2023년 이전 스키마),24,18,75,,,,,,,,,,,,,,
AIG20200000286666,5,4.2,setisfactionMap(2023년 이전 스키마),24,13,54.2,,,,,,,,,,,,,,
AIG20200000286666,6,4.0,setisfactionMap(2023년 이전 스키마),24,20,83.3,,,,,,,,,,,,,,
AIG20200000286666,7,4.4,setisfactionMap(2023년 이전 스키마),23,14,60.9,,,,,,,,,,,,,,
AIG20200000286666,8,4.6,setisfactionMap(2023년 이전 스키마),20,12,60,,,,,,,,,,,,,,
AIG20200000286666,9,3.9,setisfactionMap(2023년 이전 스키마),21,15,71.4,,,,,,,,,,,,,,
AIG20200000286666,10,4.0,setisfactionMap(2023년 이전 스키마),10,5,50,,,,,,,,,,,,,,
AIG20200000286668,3,4.5,setisfactionMap(2023년 이전 스키마),25,24,96,,,,,,,,,,,,,,
AIG20200000286668,4,5.0,setisfactionMap(2023년 이전 스키마),25,24,96,,,,,,,,,,,,,,
AIG20200000286668,5,4.8,setisfactionMap(2023년 이전 스키마),25,25,100,,,,,,,,,,,,,,
AIG20200000286668,6,4.8,setisfactionMap(2023년 이전 스키마),25,25,100,,,,,,,,,,,,,,
AIG20200000286668,7,4.8,setisfactionMap(2023년 이전 스키마),25,25,100,,,,,,,,,,,,,,
AIG20200000286668,8,4.4,setisfactionMap(2023년 이전 스키마),25,22,88,,,,,,,,,,,,,,
AIG20200000286668,9,4.9,setisfactionMap(2023년 이전 스키마),24,22,91.7,,,,,,,,,,,,,,
AIG20200000286670,2,4.3,setisfactionMap(2023년 이전 스키마),24,22,91.7,,,,,,,,,,,,,,
AIG20200000286670,3,4.5,setisfactionMap(2023년 이전 스키마),25,23,92,,,,,,,,,,,,,,
AIG20200000286670,4,4.6,setisfactionMap(2023년 이전 스키마),16,16,100,,,,,,,,,,,,,,
AIG20200000286672,2,3.7,setisfactionMap(2023년 이전 스키마),11,9,81.8,,,,,,,,,,,,,,
AIG20200000286672,3,4.5,setisfactionMap(2023년 이전 스키마),17,12,70.6,,,,,,,,,,,,,,
AIG20200000286675,2,4.4,setisfactionMap(2023년 이전 스키마),27,15,55.6,,,,,,,,,,,,,,
AIG20200000286675,3,4.1,setisfactionMap(2023년 이전 스키마),28,17,60.7,,,,,,,,,,,,,,
AIG20200000286675,4,4.0,setisfactionMap(2023년 이전 스키마),22,17,77.3,,,,,,,,,,,,,,
AIG20200000286675,5,3.9,setisfactionMap(2023년 이전 스키마),23,14,60.9,,,,,,,,,,,,,,
AIG20200000286675,6,4.1,setisfactionMap(2023년 이전 스키마),16,11,68.8,,,,,,,,,,,,,,
AIG20200000286675,7,4.2,setisfactionMap(2023년 이전 스키마),19,10,52.6,,,,,,,,,,,,,,
AIG20200000286675,8,3.9,setisfactionMap(2023년 이전 스키마),16,12,75,,,,,,,,,,,,,,
AIG20200000286675,9,4.2,setisfactionMap(2023년 이전 스키마),12,9,75,,,,,,,,,,,,,,
AIG20200000286678,2,3.3,setisfactionMap(2023년 이전 스키마),25,18,72,,,,,,,,,,,,,,
AIG20200000286678,3,4.6,setisfactionMap(2023년 이전 스키마),10,9,90,,,,,,,,,,,,,,
AIG20200000286678,4,4.7,setisfactionMap(2023년 이전 스키마),32,30,93.8,,,,,,,,,,,,,,
AIG20200000286678,5,4.4,setisfactionMap(2023년 이전 스키마),10,7,70,,,,,,,,,,,,,,
AIG20200000286680,2,4.4,setisfactionMap(2023년 이전 스키마),24,18,75,,,,,,,,,,,,,,
AIG20200000286680,3,4.2,setisfactionMap(2023년 이전 스키마),24,20,83.3,,,,,,,,,,,,,,
AIG20200000286680,4,4.3,setisfactionMap(2023년 이전 스키마),24,19,79.2,,,,,,,,,,,,,,
AIG20200000286680,5,4.5,setisfactionMap(2023년 이전 스키마),24,14,58.3,,,,,,,,,,,,,,
AIG20200000286681,2,4.1,setisfactionMap(2023년 이전 스키마),19,17,89.5,,,,,,,,,,,,,,
AIG20200000286681,3,4.2,setisfactionMap(2023년 이전 스키마),22,19,86.4,,,,,,,,,,,,,,
AIG20200000286683,2,4.6,setisfactionMap(2023년 이전 스키마),19,14,73.7,,,,,,,,,,,,,,
AIG20200000286683,3,4.3,setisfactionMap(2023년 이전 스키마),13,7,53.8,,,,,,,,,,,,,,
AIG20200000286689,2,3.4,setisfactionMap(2023년 이전 스키마),24,18,75,,,,,,,,,,,,,,
AIG20200000286689,3,3.1,setisfactionMap(2023년 이전 스키마),24,14,58.3,,,,,,,,,,,,,,
AIG20200000286689,4,3.9,setisfactionMap(2023년 이전 스키마),23,19,82.6,,,,,,,,,,,,,,
AIG20200000286689,5,3.8,setisfactionMap(2023년 이전 스키마),21,14,66.7,,,,,,,,,,,,,,
AIG20200000286689,6,4.2,setisfactionMap(2023년 이전 스키마),23,15,65.2,,,,,,,,,,,,,,
AIG20200000286689,7,4.3,setisfactionMap(2023년 이전 스키마),24,17,70.8,,,,,,,,,,,,,,
AIG20200000286689,8,4.4,setisfactionMap(2023년 이전 스키마),23,19,82.6,,,,,,,,,,,,,,
AIG20200000286689,9,3.7,setisfactionMap(2023년 이전 스키마),24,14,58.3,,,,,,,,,,,,,,
AIG20200000286689,10,4.2,setisfactionMap(2023년 이전 스키마),17,10,58.8,,,,,,,,,,,,,,
AIG20200000286689,11,4.0,setisfactionMap(2023년 이전 스키마),9,7,77.8,,,,,,,,,,,,,,
AIG20200000286692,2,4.5,setisfactionMap(2023년 이전 스키마),21,14,66.7,,,,,,,,,,,,,,
AIG20200000286692,3,4.5,setisfactionMap(2023년 이전 스키마),27,14,51.9,,,,,,,,,,,,,,
AIG20200000286692,4,3.9,setisfactionMap(2023년 이전 스키마),23,11,47.8,,,,,,,,,,,,,,
AIG20200000286692,5,4.3,setisfactionMap(2023년 이전 스키마),25,18,72,,,,,,,,,,,,,,
AIG20200000286692,6,4.4,setisfactionMap(2023년 이전 스키마),23,21,91.3,,,,,,,,,,,,,,
AIG20200000286692,7,3.8,setisfactionMap(2023년 이전 스키마),16,14,87.5,,,,,,,,,,,,,,
AIG20200000286692,8,4.2,setisfactionMap(2023년 이전 스키마),16,14,87.5,,,,,,,,,,,,,,
AIG20200000286696,2,4.7,setisfactionMap(2023년 이전 스키마),36,29,80.6,,,,,,,,,,,,,,
AIG20200000288887,2,3.7,setisfactionMap(2023년 이전 스키마),24,21,87.5,,,,,,,,,,,,,,
AIG20200000288888,2,3.5,setisfactionMap(2023년 이전 스키마),24,21,87.5,,,,,,,,,,,,,,
AIG20200000288888,3,3.8,setisfactionMap(2023년 이전 스키마),23,19,82.6,,,,,,,,,,,,,,
AIG20200000288889,2,4.1,setisfactionMap(2023년 이전 스키마),35,22,62.9,,,,,,,,,,,,,,
AIG20200000288889,3,4.6,setisfactionMap(2023년 이전 스키마),35,21,60,,,,,,,,,,,,,,
AIG20200000288889,4,4.6,setisfactionMap(2023년 이전 스키마),27,17,63,,,,,,,,,,,,,,
AIG20200000288889,5,4.7,setisfactionMap(2023년 이전 스키마),27,23,85.2,,,,,,,,,,,,,,
AIG20200000288889,6,4.2,setisfactionMap(2023년 이전 스키마),23,16,69.6,,,,,,,,,,,,,,
AIG20200000288889,7,4.3,setisfactionMap(2023년 이전 스키마),22,16,72.7,,,,,,,,,,,,,,
AIG20200000288890,2,4.8,setisfactionMap(2023년 이전 스키마),18,15,83.3,,,,,,,,,,,,,,
AIG20200000288890,3,4.8,setisfactionMap(2023년 이전 스키마),30,25,83.3,,,,,,,,,,,,,,
AIG20200000288890,4,4.5,setisfactionMap(2023년 이전 스키마),30,22,73.3,,,,,,,,,,,,,,
AIG20200000288892,4,4.7,setisfactionMap(2023년 이전 스키마),29,21,72.4,,,,,,,,,,,,,,
AIG20200000288892,5,4.4,setisfactionMap(2023년 이전 스키마),28,22,78.6,,,,,,,,,,,,,,
AIG20200000288892,6,4.3,setisfactionMap(2023년 이전 스키마),30,24,80,,,,,,,,,,,,,,
AIG20200000288892,7,4.4,setisfactionMap(2023년 이전 스키마),29,23,79.3,,,,,,,,,,,,,,
AIG20200000288892,8,4.5,setisfactionMap(2023년 이전 스키마),28,20,71.4,,,,,,,,,,,,,,
AIG20200000288892,9,4.1,setisfactionMap(2023년 이전 스키마),23,14,60.9,,,,,,,,,,,,,,
AIG20200000288892,10,4.2,setisfactionMap(2023년 이전 스키마),27,21,77.8,,,,,,,,,,,,,,
AIG20200000288892,11,4.7,setisfactionMap(2023년 이전 스키마),19,16,84.2,,,,,,,,,,,,,,
AIG20200000288892,12,4.6,setisfactionMap(2023년 이전 스키마),29,22,75.9,,,,,,,,,,,,,,
AIG20200000288892,13,4.3,setisfactionMap(2023년 이전 스키마),20,14,70,,,,,,,,,,,,,,
AIG20200000288892,14,4.6,setisfactionMap(2023년 이전 스키마),32,27,84.4,,,,,,,,,,,,,,
AIG20200000288892,15,4.1,setisfactionMap(2023년 이전 스키마),55,42,76.4,,,,,,,,,,,,,,
AIG20200000288892,16,4.5,setisfactionMap(2023년 이전 스키마),69,56,81.2,,,,,,,,,,,,,,
AIG20200000288892,17,4.0,setisfactionMap(2023년 이전 스키마),52,45,86.5,,,,,,,,,,,,,,
AIG20200000288894,2,3.0,setisfactionMap(2023년 이전 스키마),16,7,43.8,,,,,,,,,,,,,,
AIG20200000288895,2,4.1,setisfactionMap(2023년 이전 스키마),48,9,18.8,,,,,,,,,,,,,,
AIG20200000288895,3,4.6,setisfactionMap(2023년 이전 스키마),45,9,20,,,,,,,,,,,,,,
AIG20200000288895,4,4.2,setisfactionMap(2023년 이전 스키마),59,43,72.9,,,,,,,,,,,,,,
AIG20200000288895,5,4.0,setisfactionMap(2023년 이전 스키마),60,44,73.3,,,,,,,,,,,,,,
AIG20200000288895,7,4.3,setisfactionMap(2023년 이전 스키마),79,66,83.5,,,,,,,,,,,,,,
AIG20200000288895,8,4.2,setisfactionMap(2023년 이전 스키마),53,45,84.9,,,,,,,,,,,,,,
AIG20200000288895,9,4.2,setisfactionMap(2023년 이전 스키마),81,65,80.2,,,,,,,,,,,,,,
AIG20200000288895,10,3.9,setisfactionMap(2023년 이전 스키마),88,66,75,,,,,,,,,,,,,,
AIG20200000313010,2,3.8,setisfactionMap(2023년 이전 스키마),60,47,78.3,,,,,,,,,,,,,,
AIG20200000313010,3,4.1,setisfactionMap(2023년 이전 스키마),58,40,69,,,,,,,,,,,,,,
AIG20200000313010,4,3.7,setisfactionMap(2023년 이전 스키마),56,28,50,,,,,,,,,,,,,,
AIG20200000313010,5,3.6,setisfactionMap(2023년 이전 스키마),52,43,82.7,,,,,,,,,,,,,,
AIG20200000313010,6,4.0,setisfactionMap(2023년 이전 스키마),53,28,52.8,,,,,,,,,,,,,,
AIG20200000313010,7,4.5,setisfactionMap(2023년 이전 스키마),50,37,74,,,,,,,,,,,,,,
AIG20200000313010,8,4.1,setisfactionMap(2023년 이전 스키마),56,40,71.4,,,,,,,,,,,,,,
AIG20200000313010,9,4.6,setisfactionMap(2023년 이전 스키마),34,24,70.6,,,,,,,,,,,,,,
AIG20200000313010,10,4.1,setisfactionMap(2023년 이전 스키마),19,17,89.5,,,,,,,,,,,,,,
AIG20200000313010,11,4.2,setisfactionMap(2023년 이전 스키마),33,20,60.6,,,,,,,,,,,,,,
AIG20200000313010,12,4.1,setisfactionMap(2023년 이전 스키마),46,27,58.7,,,,,,,,,,,,,,
AIG20200000313010,13,3.4,setisfactionMap(2023년 이전 스키마),99,70,70.7,,,,,,,,,,,,,,
AIG20200000313010,14,3.4,setisfactionMap(2023년 이전 스키마),94,70,74.5,,,,,,,,,,,,,,
AIG20200000313010,15,4.0,setisfactionMap(2023년 이전 스키마),78,66,84.6,,,,,,,,,,,,,,
AIG20200000313010,16,3.7,setisfactionMap(2023년 이전 스키마),57,39,68.4,,,,,,,,,,,,,,
AIG20200000313010,17,4.2,setisfactionMap(2023년 이전 스키마),31,23,74.2,,,,,,,,,,,,,,
AIG20200000313409,2,4.2,setisfactionMap(2023년 이전 스키마),29,28,96.6,,,,,,,,,,,,,,
AIG20200000313409,3,3.4,setisfactionMap(2023년 이전 스키마),13,12,92.3,,,,,,,,,,,,,,
AIG20200000313409,4,4.4,setisfactionMap(2023년 이전 스키마),19,14,73.7,,,,,,,,,,,,,,
AIG20200000313528,1,4.6,setisfactionMap(2023년 이전 스키마),22,19,86.4,,,,,,,,,,,,,,
AIG20200000313528,2,4.6,setisfactionMap(2023년 이전 스키마),21,17,81,,,,,,,,,,,,,,
AIG20200000313528,3,4.7,setisfactionMap(2023년 이전 스키마),19,14,73.7,,,,,,,,,,,,,,
AIG20200000313528,4,4.8,setisfactionMap(2023년 이전 스키마),22,15,68.2,,,,,,,,,,,,,,
AIG20200000313528,5,4.8,setisfactionMap(2023년 이전 스키마),18,16,88.9,,,,,,,,,,,,,,
AIG20200000313528,6,4.7,setisfactionMap(2023년 이전 스키마),24,19,79.2,,,,,,,,,,,,,,
AIG20200000313528,7,4.9,setisfactionMap(2023년 이전 스키마),21,17,81,,,,,,,,,,,,,,
AIG20200000313528,8,4.9,setisfactionMap(2023년 이전 스키마),14,12,85.7,,,,,,,,,,,,,,
AIG20200000313528,9,4.6,setisfactionMap(2023년 이전 스키마),24,21,87.5,,,,,,,,,,,,,,
AIG20200000313528,10,4.8,setisfactionMap(2023년 이전 스키마),16,13,81.3,,,,,,,,,,,,,,
AIG20200000313528,11,4.9,setisfactionMap(2023년 이전 스키마),20,18,90,,,,,,,,,,,,,,
AIG20200000313528,12,4.7,setisfactionMap(2023년 이전 스키마),19,16,84.2,,,,,,,,,,,,,,
AIG20200000313528,13,4.8,setisfactionMap(2023년 이전 스키마),19,18,94.7,,,,,,,,,,,,,,
AIG20200000313528,14,4.9,setisfactionMap(2023년 이전 스키마),19,18,94.7,,,,,,,,,,,,,,
AIG20200000313528,15,4.8,setisfactionMap(2023년 이전 스키마),19,17,89.5,,,,,,,,,,,,,,
AIG20200000313528,16,4.8,setisfactionMap(2023년 이전 스키마),22,22,100,,,,,,,,,,,,,,
AIG20200000313528,17,4.8,setisfactionMap(2023년 이전 스키마),21,20,95.2,,,,,,,,,,,,,,
AIG20200000313528,18,5.0,setisfactionMap(2023년 이전 스키마),18,17,94.4,,,,,,,,,,,,,,
AIG20200000313528,19,4.9,setisfactionMap(2023년 이전 스키마),19,17,89.5,,,,,,,,,,,,,,
AIG20200000313528,20,4.9,setisfactionMap(2023년 이전 스키마),23,23,100,,,,,,,,,,,,,,
AIG20200000313528,21,4.8,setisfactionMap(2023년 이전 스키마),20,19,95,,,,,,,,,,,,,,
AIG20200000313528,22,4.9,setisfactionMap(2023년 이전 스키마),21,19,90.5,,,,,,,,,,,,,,
AIG20200000313528,23,5.0,setisfactionMap(2023년 이전 스키마),20,19,95,,,,,,,,,,,,,,
AIG20200000313528,24,4.9,setisfactionMap(2023년 이전 스키마),18,17,94.4,,,,,,,,,,,,,,
AIG20200000313528,25,4.5,setisfactionMap(2023년 이전 스키마),19,17,89.5,,,,,,,,,,,,,,
AIG20200000313528,26,4.8,setisfactionMap(2023년 이전 스키마),19,19,100,,,,,,,,,,,,,,
AIG20200000313528,27,4.7,setisfactionMap(2023년 이전 스키마),20,20,100,,,,,,,,,,,,,,
AIG20200000313528,28,4.8,setisfactionMap(2023년 이전 스키마),21,20,95.2,,,,,,,,,,,,,,
AIG20200000313528,29,4.8,setisfactionMap(2023년 이전 스키마),22,22,100,,,,,,,,,,,,,,
AIG20200000313528,30,4.7,setisfactionMap(2023년 이전 스키마),20,20,100,,,,,,,,,,,,,,
AIG20200000313528,31,4.9,setisfactionMap(2023년 이전 스키마),21,15,71.4,,,,,,,,,,,,,,
AIG20200000313528,32,4.8,setisfactionMap(2023년 이전 스키마),17,12,70.6,,,,,,,,,,,,,,
AIG20200000313528,33,4.8,setisfactionMap(2023년 이전 스키마),20,14,70,,,,,,,,,,,,,,
AIG20200000313528,34,4.7,setisfactionMap(2023년 이전 스키마),20,15,75,,,,,,,,,,,,,,
AIG20200000313528,35,4.8,setisfactionMap(2023년 이전 스키마),20,13,65,,,,,,,,,,,,,,
AIG20200000313528,36,4.8,setisfactionMap(2023년 이전 스키마),21,16,76.2,,,,,,,,,,,,,,
AIG20200000313528,37,4.9,setisfactionMap(2023년 이전 스키마),22,17,77.3,,,,,,,,,,,,,,
AIG20200000313528,38,4.8,setisfactionMap(2023년 이전 스키마),19,14,73.7,,,,,,,,,,,,,,
AIG20200000313528,39,4.9,setisfactionMap(2023년 이전 스키마),21,17,81,,,,,,,,,,,,,,
AIG20200000313528,40,4.8,setisfactionMap(2023년 이전 스키마),19,14,73.7,,,,,,,,,,,,,,
AIG20200000313547,1,4.4,setisfactionMap(2023년 이전 스키마),26,20,76.9,,,,,,,,,,,,,,
AIG20200000313547,2,4.5,setisfactionMap(2023년 이전 스키마),25,11,44,,,,,,,,,,,,,,
AIG20200000313547,3,4.4,setisfactionMap(2023년 이전 스키마),21,17,81,,,,,,,,,,,,,,
AIG20200000313547,4,4.2,setisfactionMap(2023년 이전 스키마),24,14,58.3,,,,,,,,,,,,,,
AIG20200000313547,5,4.2,setisfactionMap(2023년 이전 스키마),26,15,57.7,,,,,,,,,,,,,,
AIG20200000313547,6,4.3,setisfactionMap(2023년 이전 스키마),27,20,74.1,,,,,,,,,,,,,,
AIG20200000313547,7,4.0,setisfactionMap(2023년 이전 스키마),16,8,50,,,,,,,,,,,,,,
AIG20200000313547,8,4.6,setisfactionMap(2023년 이전 스키마),28,16,57.1,,,,,,,,,,,,,,
AIG20200000313547,9,3.9,setisfactionMap(2023년 이전 스키마),28,18,64.3,,,,,,,,,,,,,,
AIG20200000313547,10,4.7,setisfactionMap(2023년 이전 스키마),25,19,76,,,,,,,,,,,,,,
AIG20200000313547,11,4.1,setisfactionMap(2023년 이전 스키마),25,23,92,,,,,,,,,,,,,,
AIG20200000313547,12,4.4,setisfactionMap(2023년 이전 스키마),32,22,68.8,,,,,,,,,,,,,,
AIG20200000313547,13,4.4,setisfactionMap(2023년 이전 스키마),26,19,73.1,,,,,,,,,,,,,,
AIG20200000313547,14,4.5,setisfactionMap(2023년 이전 스키마),28,25,89.3,,,,,,,,,,,,,,
AIG20200000313547,15,3.9,setisfactionMap(2023년 이전 스키마),22,18,81.8,,,,,,,,,,,,,,
AIG20200000313547,16,4.3,setisfactionMap(2023년 이전 스키마),25,15,60,,,,,,,,,,,,,,
AIG20200000313547,17,4.4,setisfactionMap(2023년 이전 스키마),24,15,62.5,,,,,,,,,,,,,,
AIG20200000313547,18,4.6,setisfactionMap(2023년 이전 스키마),24,17,70.8,,,,,,,,,,,,,,
AIG20200000313547,19,4.4,setisfactionMap(2023년 이전 스키마),25,13,52,,,,,,,,,,,,,,
AIG20200000313547,20,4.4,setisfactionMap(2023년 이전 스키마),24,15,62.5,,,,,,,,,,,,,,
AIG20200000313547,21,4.1,setisfactionMap(2023년 이전 스키마),27,20,74.1,,,,,,,,,,,,,,
AIG20200000313547,22,4.3,setisfactionMap(2023년 이전 스키마),24,17,70.8,,,,,,,,,,,,,,
AIG20200000313547,23,4.2,setisfactionMap(2023년 이전 스키마),16,11,68.8,,,,,,,,,,,,,,
AIG20200000313547,24,4.1,setisfactionMap(2023년 이전 스키마),22,15,68.2,,,,,,,,,,,,,,
AIG20200000313559,1,5.0,setisfactionMap(2023년 이전 스키마),43,1,2.3,,,,,,,,,,,,,,
AIG20200000313559,2,5.0,setisfactionMap(2023년 이전 스키마),67,52,77.6,,,,,,,,,,,,,,
AIG20210000313564,1,3.1,setisfactionMap(2023년 이전 스키마),23,18,78.3,,,,,,,,,,,,,,
AIG20210000313564,2,4.1,setisfactionMap(2023년 이전 스키마),18,14,77.8,,,,,,,,,,,,,,
AIG20210000313571,1,4.1,setisfactionMap(2023년 이전 스키마),24,16,66.7,,,,,,,,,,,,,,
AIG20210000313571,2,4.6,setisfactionMap(2023년 이전 스키마),29,27,93.1,,,,,,,,,,,,,,
AIG20210000313571,3,4.3,setisfactionMap(2023년 이전 스키마),25,25,100,,,,,,,,,,,,,,
AIG20210000313580,1,4.9,setisfactionMap(2023년 이전 스키마),19,17,89.5,,,,,,,,,,,,,,
AIG20210000313580,2,5.0,setisfactionMap(2023년 이전 스키마),17,14,82.4,,,,,,,,,,,,,,
AIG20210000313580,3,4.8,setisfactionMap(2023년 이전 스키마),25,24,96,,,,,,,,,,,,,,
AIG20210000313580,4,5.0,setisfactionMap(2023년 이전 스키마),17,16,94.1,,,,,,,,,,,,,,
AIG20210000313580,5,4.2,setisfactionMap(2023년 이전 스키마),19,14,73.7,,,,,,,,,,,,,,
AIG20210000313580,6,4.7,setisfactionMap(2023년 이전 스키마),7,6,85.7,,,,,,,,,,,,,,
AIG20210000313580,7,4.3,setisfactionMap(2023년 이전 스키마),14,8,57.1,,,,,,,,,,,,,,
AIG20210000313585,1,4.3,setisfactionMap(2023년 이전 스키마),14,13,92.9,,,,,,,,,,,,,,
AIG20210000313585,2,4.3,setisfactionMap(2023년 이전 스키마),8,6,75,,,,,,,,,,,,,,
AIG20210000313585,3,3.8,setisfactionMap(2023년 이전 스키마),18,14,77.8,,,,,,,,,,,,,,
AIG20210000313585,4,3.6,setisfactionMap(2023년 이전 스키마),21,19,90.5,,,,,,,,,,,,,,
AIG20210000313585,5,3.1,setisfactionMap(2023년 이전 스키마),16,14,87.5,,,,,,,,,,,,,,
AIG20210000313585,6,4.7,setisfactionMap(2023년 이전 스키마),10,9,90,,,,,,,,,,,,,,
AIG20210000313590,1,4.2,setisfactionMap(2023년 이전 스키마),20,14,70,,,,,,,,,,,,,,
AIG20210000313590,2,4.4,setisfactionMap(2023년 이전 스키마),30,26,86.7,,,,,,,,,,,,,,
AIG20210000313590,3,3.8,setisfactionMap(2023년 이전 스키마),29,25,86.2,,,,,,,,,,,,,,
AIG20210000313590,4,4.0,setisfactionMap(2023년 이전 스키마),20,17,85,,,,,,,,,,,,,,
AIG20210000313595,1,4.7,setisfactionMap(2023년 이전 스키마),25,24,96,,,,,,,,,,,,,,
AIG20210000313595,2,3.6,setisfactionMap(2023년 이전 스키마),25,22,88,,,,,,,,,,,,,,
AIG20210000313598,1,4.5,setisfactionMap(2023년 이전 스키마),11,8,72.7,,,,,,,,,,,,,,
AIG20210000313599,1,4.0,setisfactionMap(2023년 이전 스키마),9,5,55.6,,,,,,,,,,,,,,
AIG20210000313599,2,3.7,setisfactionMap(2023년 이전 스키마),14,9,64.3,,,,,,,,,,,,,,
AIG20210000313600,1,4.5,setisfactionMap(2023년 이전 스키마),16,13,81.3,,,,,,,,,,,,,,
AIG20210000313603,1,4.8,setisfactionMap(2023년 이전 스키마),18,13,72.2,,,,,,,,,,,,,,
AIG20210000313603,2,4.3,setisfactionMap(2023년 이전 스키마),23,15,65.2,,,,,,,,,,,,,,
AIG20210000313603,3,4.0,setisfactionMap(2023년 이전 스키마),15,4,26.7,,,,,,,,,,,,,,
AIG20210000313603,4,3.9,setisfactionMap(2023년 이전 스키마),19,8,42.1,,,,,,,,,,,,,,
AIG20210000313603,5,4.4,setisfactionMap(2023년 이전 스키마),16,10,62.5,,,,,,,,,,,,,,
AIG20210000313603,6,4.7,setisfactionMap(2023년 이전 스키마),14,8,57.1,,,,,,,,,,,,,,
AIG20210000313610,1,4.7,setisfactionMap(2023년 이전 스키마),25,16,64,,,,,,,,,,,,,,
AIG20210000313610,2,4.9,setisfactionMap(2023년 이전 스키마),23,17,73.9,,,,,,,,,,,,,,
AIG20210000313610,3,4.5,setisfactionMap(2023년 이전 스키마),25,22,88,,,,,,,,,,,,,,
AIG20210000313610,4,4.1,setisfactionMap(2023년 이전 스키마),19,17,89.5,,,,,,,,,,,,,,
AIG20210000313612,1,4.5,setisfactionMap(2023년 이전 스키마),30,26,86.7,,,,,,,,,,,,,,
AIG20210000313612,2,5.0,setisfactionMap(2023년 이전 스키마),20,20,100,,,,,,,,,,,,,,
AIG20210000313612,3,4.0,setisfactionMap(2023년 이전 스키마),26,22,84.6,,,,,,,,,,,,,,
AIG20210000313612,4,4.9,setisfactionMap(2023년 이전 스키마),26,24,92.3,,,,,,,,,,,,,,
AIG20210000313612,5,4.5,setisfactionMap(2023년 이전 스키마),29,27,93.1,,,,,,,,,,,,,,
AIG20210000313612,6,5.0,setisfactionMap(2023년 이전 스키마),30,27,90,,,,,,,,,,,,,,
AIG20210000313613,1,3.0,setisfactionMap(2023년 이전 스키마),12,12,100,,,,,,,,,,,,,,
AIG20210000313613,2,3.7,setisfactionMap(2023년 이전 스키마),21,17,81,,,,,,,,,,,,,,
AIG20210000313621,1,4.7,setisfactionMap(2023년 이전 스키마),25,14,56,,,,,,,,,,,,,,
AIG20210000313622,1,4.7,setisfactionMap(2023년 이전 스키마),29,23,79.3,,,,,,,,,,,,,,
AIG20210000313622,2,3.8,setisfactionMap(2023년 이전 스키마),22,18,81.8,,,,,,,,,,,,,,
AIG20210000313622,3,4.8,setisfactionMap(2023년 이전 스키마),16,11,68.8,,,,,,,,,,,,,,
AIG20210000313623,1,4.3,setisfactionMap(2023년 이전 스키마),12,9,75,,,,,,,,,,,,,,
AIG20210000313623,2,4.3,setisfactionMap(2023년 이전 스키마),8,7,87.5,,,,,,,,,,,,,,
AIG20210000313623,3,4.7,setisfactionMap(2023년 이전 스키마),8,6,75,,,,,,,,,,,,,,
AIG20210000313623,4,4.1,setisfactionMap(2023년 이전 스키마),9,8,88.9,,,,,,,,,,,,,,
AIG20210000313628,1,3.3,setisfactionMap(2023년 이전 스키마),19,13,68.4,,,,,,,,,,,,,,
AIG20210000313642,1,3.3,setisfactionMap(2023년 이전 스키마),25,19,76,,,,,,,,,,,,,,
AIG20210000313652,1,3.8,setisfactionMap(2023년 이전 스키마),24,11,45.8,,,,,,,,,,,,,,
AIG20210000313652,2,4.5,setisfactionMap(2023년 이전 스키마),23,21,91.3,,,,,,,,,,,,,,
AIG20210000313652,3,3.3,setisfactionMap(2023년 이전 스키마),25,19,76,,,,,,,,,,,,,,
AIG20210000313652,4,3.6,setisfactionMap(2023년 이전 스키마),21,14,66.7,,,,,,,,,,,,,,
AIG20210000313652,5,4.9,setisfactionMap(2023년 이전 스키마),19,17,89.5,,,,,,,,,,,,,,
AIG20210000313652,6,3.3,setisfactionMap(2023년 이전 스키마),20,14,70,,,,,,,,,,,,,,
AIG20210000313654,1,4.5,setisfactionMap(2023년 이전 스키마),6,5,83.3,,,,,,,,,,,,,,
AIG20210000313656,1,4.8,setisfactionMap(2023년 이전 스키마),10,6,60,,,,,,,,,,,,,,
AIG20210000313656,2,4.4,setisfactionMap(2023년 이전 스키마),17,12,70.6,,,,,,,,,,,,,,
AIG20210000313657,1,4.4,setisfactionMap(2023년 이전 스키마),17,17,100,,,,,,,,,,,,,,
AIG20210000313657,2,4.9,setisfactionMap(2023년 이전 스키마),10,7,70,,,,,,,,,,,,,,
AIG20210000313657,3,4.1,setisfactionMap(2023년 이전 스키마),10,9,90,,,,,,,,,,,,,,
AIG20210000313660,1,4.5,setisfactionMap(2023년 이전 스키마),24,22,91.7,,,,,,,,,,,,,,
AIG20210000313661,1,4.6,setisfactionMap(2023년 이전 스키마),29,25,86.2,,,,,,,,,,,,,,
AIG20210000313661,2,4.4,setisfactionMap(2023년 이전 스키마),30,25,83.3,,,,,,,,,,,,,,
AIG20210000313661,3,4.4,setisfactionMap(2023년 이전 스키마),25,24,96,,,,,,,,,,,,,,
AIG20210000313661,4,4.3,setisfactionMap(2023년 이전 스키마),22,20,90.9,,,,,,,,,,,,,,
AIG20210000313664,1,4.0,setisfactionMap(2023년 이전 스키마),20,12,60,,,,,,,,,,,,,,
AIG20210000313664,2,4.5,setisfactionMap(2023년 이전 스키마),18,15,83.3,,,,,,,,,,,,,,
AIG20210000313664,3,4.2,setisfactionMap(2023년 이전 스키마),18,11,61.1,,,,,,,,,,,,,,
AIG20210000313664,4,5.0,setisfactionMap(2023년 이전 스키마),8,3,37.5,,,,,,,,,,,,,,
AIG20210000313674,1,4.1,setisfactionMap(2023년 이전 스키마),25,20,80,,,,,,,,,,,,,,
AIG20210000313674,2,4.5,setisfactionMap(2023년 이전 스키마),21,13,61.9,,,,,,,,,,,,,,
AIG20210000313674,3,4.9,setisfactionMap(2023년 이전 스키마),15,11,73.3,,,,,,,,,,,,,,
AIG20210000313674,4,4.6,setisfactionMap(2023년 이전 스키마),14,11,78.6,,,,,,,,,,,,,,
AIG20210000313674,5,4.3,setisfactionMap(2023년 이전 스키마),33,24,72.7,,,,,,,,,,,,,,
AIG20210000313677,1,4.3,setisfactionMap(2023년 이전 스키마),18,14,77.8,,,,,,,,,,,,,,
AIG20210000313677,2,5.0,setisfactionMap(2023년 이전 스키마),12,12,100,,,,,,,,,,,,,,
AIG20210000313677,3,3.3,setisfactionMap(2023년 이전 스키마),14,6,42.9,,,,,,,,,,,,,,
AIG20210000313678,1,3.6,setisfactionMap(2023년 이전 스키마),24,22,91.7,,,,,,,,,,,,,,
AIG20210000313678,2,4.3,setisfactionMap(2023년 이전 스키마),29,23,79.3,,,,,,,,,,,,,,
AIG20210000313678,3,4.2,setisfactionMap(2023년 이전 스키마),29,20,69,,,,,,,,,,,,,,
AIG20210000313678,4,4.5,setisfactionMap(2023년 이전 스키마),35,26,74.3,,,,,,,,,,,,,,
AIG20210000313678,5,4.4,setisfactionMap(2023년 이전 스키마),29,26,89.7,,,,,,,,,,,,,,
AIG20210000313678,6,4.4,setisfactionMap(2023년 이전 스키마),21,19,90.5,,,,,,,,,,,,,,
AIG20210000313678,7,4.3,setisfactionMap(2023년 이전 스키마),35,27,77.1,,,,,,,,,,,,,,
AIG20210000313685,1,4.2,setisfactionMap(2023년 이전 스키마),27,18,66.7,,,,,,,,,,,,,,
AIG20210000313685,2,4.4,setisfactionMap(2023년 이전 스키마),11,7,63.6,,,,,,,,,,,,,,
AIG20210000313685,3,3.8,setisfactionMap(2023년 이전 스키마),13,8,61.5,,,,,,,,,,,,,,
AIG20210000313685,4,4.6,setisfactionMap(2023년 이전 스키마),14,8,57.1,,,,,,,,,,,,,,
AIG20210000313687,1,4.0,setisfactionMap(2023년 이전 스키마),27,22,81.5,,,,,,,,,,,,,,
AIG20210000313687,2,4.0,setisfactionMap(2023년 이전 스키마),32,23,71.9,,,,,,,,,,,,,,
AIG20210000313687,3,3.8,setisfactionMap(2023년 이전 스키마),38,28,73.7,,,,,,,,,,,,,,
AIG20210000313688,1,4.2,setisfactionMap(2023년 이전 스키마),27,22,81.5,,,,,,,,,,,,,,
AIG20210000313688,2,4.1,setisfactionMap(2023년 이전 스키마),38,29,76.3,,,,,,,,,,,,,,
AIG20210000313688,3,4.0,setisfactionMap(2023년 이전 스키마),39,29,74.4,,,,,,,,,,,,,,
AIG20210000313691,3,4.0,setisfactionMap(2023년 이전 스키마),13,1,7.7,,,,,,,,,,,,,,
AIG20210000313691,4,4.6,setisfactionMap(2023년 이전 스키마),13,8,61.5,,,,,,,,,,,,,,
AIG20210000313694,1,4.1,setisfactionMap(2023년 이전 스키마),9,7,77.8,,,,,,,,,,,,,,
AIG20210000313694,3,1.0,setisfactionMap(2023년 이전 스키마),3,2,66.7,,,,,,,,,,,,,,
AIG20210000313700,1,3.2,setisfactionMap(2023년 이전 스키마),10,6,60,,,,,,,,,,,,,,
AIG20210000314411,1,4.3,setisfactionMap(2023년 이전 스키마),25,23,92,,,,,,,,,,,,,,
AIG20210000314411,2,3.9,setisfactionMap(2023년 이전 스키마),22,20,90.9,,,,,,,,,,,,,,
AIG20210000314411,3,4.0,setisfactionMap(2023년 이전 스키마),14,8,57.1,,,,,,,,,,,,,,
AIG20210000314411,4,3.8,setisfactionMap(2023년 이전 스키마),29,16,55.2,,,,,,,,,,,,,,
AIG20210000314411,5,4.5,setisfactionMap(2023년 이전 스키마),23,17,73.9,,,,,,,,,,,,,,
AIG20210000314411,6,4.4,setisfactionMap(2023년 이전 스키마),29,20,69,,,,,,,,,,,,,,
AIG20210000314411,7,3.7,setisfactionMap(2023년 이전 스키마),30,20,66.7,,,,,,,,,,,,,,
AIG20210000314411,8,3.7,setisfactionMap(2023년 이전 스키마),28,20,71.4,,,,,,,,,,,,,,
AIG20210000314411,9,4.5,setisfactionMap(2023년 이전 스키마),28,23,82.1,,,,,,,,,,,,,,
AIG20210000314411,10,3.9,setisfactionMap(2023년 이전 스키마),20,14,70,,,,,,,,,,,,,,
AIG20210000314412,1,4.4,setisfactionMap(2023년 이전 스키마),30,26,86.7,,,,,,,,,,,,,,
AIG20210000314412,2,4.7,setisfactionMap(2023년 이전 스키마),28,21,75,,,,,,,,,,,,,,
AIG20210000314412,3,4.4,setisfactionMap(2023년 이전 스키마),27,22,81.5,,,,,,,,,,,,,,
AIG20210000314412,4,4.1,setisfactionMap(2023년 이전 스키마),24,21,87.5,,,,,,,,,,,,,,
AIG20210000314412,5,4.6,setisfactionMap(2023년 이전 스키마),25,19,76,,,,,,,,,,,,,,
AIG20210000314413,1,4.9,setisfactionMap(2023년 이전 스키마),14,14,100,,,,,,,,,,,,,,
AIG20210000314413,2,4.9,setisfactionMap(2023년 이전 스키마),8,7,87.5,,,,,,,,,,,,,,
AIG20210000314413,3,4.9,setisfactionMap(2023년 이전 스키마),13,10,76.9,,,,,,,,,,,,,,
AIG20210000314413,4,4.5,setisfactionMap(2023년 이전 스키마),14,13,92.9,,,,,,,,,,,,,,
AIG20210000314413,5,4.9,setisfactionMap(2023년 이전 스키마),24,24,100,,,,,,,,,,,,,,
AIG20210000314413,6,4.0,setisfactionMap(2023년 이전 스키마),13,12,92.3,,,,,,,,,,,,,,
AIG20210000314414,1,4.8,setisfactionMap(2023년 이전 스키마),8,5,62.5,,,,,,,,,,,,,,
AIG20210000314414,2,2.0,setisfactionMap(2023년 이전 스키마),8,2,25,,,,,,,,,,,,,,
AIG20210000314415,1,4.7,setisfactionMap(2023년 이전 스키마),25,12,48,,,,,,,,,,,,,,
AIG20210000314417,1,4.3,setisfactionMap(2023년 이전 스키마),13,9,69.2,,,,,,,,,,,,,,
AIG20210000314417,2,4.9,setisfactionMap(2023년 이전 스키마),16,11,68.8,,,,,,,,,,,,,,
AIG20210000314418,1,4.5,setisfactionMap(2023년 이전 스키마),19,13,68.4,,,,,,,,,,,,,,
AIG20210000314418,2,4.9,setisfactionMap(2023년 이전 스키마),12,10,83.3,,,,,,,,,,,,,,
AIG20210000314419,1,4.8,setisfactionMap(2023년 이전 스키마),21,10,47.6,,,,,,,,,,,,,,
AIG20210000314421,1,4.1,setisfactionMap(2023년 이전 스키마),17,10,58.8,,,,,,,,,,,,,,
AIG20210000314421,2,4.6,setisfactionMap(2023년 이전 스키마),15,7,46.7,,,,,,,,,,,,,,
AIG20210000314421,3,4.6,setisfactionMap(2023년 이전 스키마),12,11,91.7,,,,,,,,,,,,,,
AIG20210000314421,4,4.5,setisfactionMap(2023년 이전 스키마),16,6,37.5,,,,,,,,,,,,,,
AIG20210000314422,1,4.4,setisfactionMap(2023년 이전 스키마),13,10,76.9,,,,,,,,,,,,,,
AIG20210000314423,1,4.3,setisfactionMap(2023년 이전 스키마),17,14,82.4,,,,,,,,,,,,,,
AIG20210000314423,2,4.2,setisfactionMap(2023년 이전 스키마),20,18,90,,,,,,,,,,,,,,
AIG20210000314423,3,4.4,setisfactionMap(2023년 이전 스키마),11,9,81.8,,,,,,,,,,,,,,
AIG20210000314424,1,4.8,setisfactionMap(2023년 이전 스키마),19,13,68.4,,,,,,,,,,,,,,
AIG20210000314424,2,3.8,setisfactionMap(2023년 이전 스키마),13,10,76.9,,,,,,,,,,,,,,
AIG20210000314424,3,3.7,setisfactionMap(2023년 이전 스키마),23,15,65.2,,,,,,,,,,,,,,
AIG20210000314424,4,4.8,setisfactionMap(2023년 이전 스키마),13,12,92.3,,,,,,,,,,,,,,
AIG20210000314424,5,4.8,setisfactionMap(2023년 이전 스키마),12,10,83.3,,,,,,,,,,,,,,
AIG20210000314425,1,4.8,setisfactionMap(2023년 이전 스키마),19,14,73.7,,,,,,,,,,,,,,
AIG20210000314425,2,4.7,setisfactionMap(2023년 이전 스키마),15,13,86.7,,,,,,,,,,,,,,
AIG20210000314425,3,4.7,setisfactionMap(2023년 이전 스키마),13,12,92.3,,,,,,,,,,,,,,
AIG20210000314425,4,4.5,setisfactionMap(2023년 이전 스키마),12,11,91.7,,,,,,,,,,,,,,
AIG20210000314425,5,4.7,setisfactionMap(2023년 이전 스키마),10,7,70,,,,,,,,,,,,,,
AIG20210000314427,1,3.8,setisfactionMap(2023년 이전 스키마),19,13,68.4,,,,,,,,,,,,,,
AIG20210000314428,1,4.1,setisfactionMap(2023년 이전 스키마),25,23,92,,,,,,,,,,,,,,
AIG20210000314428,2,4.6,setisfactionMap(2023년 이전 스키마),25,21,84,,,,,,,,,,,,,,
AIG20210000314428,3,4.3,setisfactionMap(2023년 이전 스키마),25,25,100,,,,,,,,,,,,,,
AIG20210000314428,4,4.3,setisfactionMap(2023년 이전 스키마),32,29,90.6,,,,,,,,,,,,,,
AIG20210000314428,5,4.1,setisfactionMap(2023년 이전 스키마),18,18,100,,,,,,,,,,,,,,
AIG20210000314430,1,4.3,setisfactionMap(2023년 이전 스키마),19,14,73.7,,,,,,,,,,,,,,
AIG20210000314430,2,4.7,setisfactionMap(2023년 이전 스키마),14,6,42.9,,,,,,,,,,,,,,
AIG20210000314431,1,3.6,setisfactionMap(2023년 이전 스키마),21,11,52.4,,,,,,,,,,,,,,
AIG20210000314431,2,3.7,setisfactionMap(2023년 이전 스키마),15,8,53.3,,,,,,,,,,,,,,
AIG20210000314432,1,4.5,setisfactionMap(2023년 이전 스키마),24,13,54.2,,,,,,,,,,,,,,
AIG20210000314432,2,4.8,setisfactionMap(2023년 이전 스키마),21,14,66.7,,,,,,,,,,,,,,
AIG20210000314433,1,4.5,setisfactionMap(2023년 이전 스키마),17,4,23.5,,,,,,,,,,,,,,
AIG20210000314433,2,4.7,setisfactionMap(2023년 이전 스키마),10,10,100,,,,,,,,,,,,,,
AIG20210000314433,3,4.4,setisfactionMap(2023년 이전 스키마),10,8,80,,,,,,,,,,,,,,
AIG20210000314434,1,4.1,setisfactionMap(2023년 이전 스키마),24,15,62.5,,,,,,,,,,,,,,
AIG20210000314434,2,4.7,setisfactionMap(2023년 이전 스키마),18,14,77.8,,,,,,,,,,,,,,
AIG20210000314435,1,4.6,setisfactionMap(2023년 이전 스키마),19,16,84.2,,,,,,,,,,,,,,
AIG20210000314435,2,2.9,setisfactionMap(2023년 이전 스키마),13,10,76.9,,,,,,,,,,,,,,
AIG20210000314436,1,4.0,setisfactionMap(2023년 이전 스키마),24,14,58.3,,,,,,,,,,,,,,
AIG20210000314436,2,5.0,setisfactionMap(2023년 이전 스키마),16,1,6.3,,,,,,,,,,,,,,
AIG20210000314437,1,4.9,setisfactionMap(2023년 이전 스키마),20,14,70,,,,,,,,,,,,,,
AIG20210000314437,2,4.2,setisfactionMap(2023년 이전 스키마),22,10,45.5,,,,,,,,,,,,,,
AIG20210000314439,1,5.0,setisfactionMap(2023년 이전 스키마),17,8,47.1,,,,,,,,,,,,,,
AIG20210000314440,1,4.9,setisfactionMap(2023년 이전 스키마),19,18,94.7,,,,,,,,,,,,,,
AIG20210000314440,2,4.7,setisfactionMap(2023년 이전 스키마),15,14,93.3,,,,,,,,,,,,,,
AIG20210000314440,3,4.8,setisfactionMap(2023년 이전 스키마),22,21,95.5,,,,,,,,,,,,,,
AIG20210000314440,4,4.7,setisfactionMap(2023년 이전 스키마),22,19,86.4,,,,,,,,,,,,,,
AIG20210000314441,1,4.3,setisfactionMap(2023년 이전 스키마),25,21,84,,,,,,,,,,,,,,
AIG20210000314441,2,4.4,setisfactionMap(2023년 이전 스키마),23,22,95.7,,,,,,,,,,,,,,
AIG20210000314442,1,4.5,setisfactionMap(2023년 이전 스키마),25,23,92,,,,,,,,,,,,,,
AIG20210000314442,2,4.0,setisfactionMap(2023년 이전 스키마),25,25,100,,,,,,,,,,,,,,
AIG20210000314442,3,4.8,setisfactionMap(2023년 이전 스키마),24,20,83.3,,,,,,,,,,,,,,
AIG20210000314442,4,4.1,setisfactionMap(2023년 이전 스키마),20,17,85,,,,,,,,,,,,,,
AIG20210000314443,1,4.6,setisfactionMap(2023년 이전 스키마),13,12,92.3,,,,,,,,,,,,,,
AIG20210000314443,2,4.2,setisfactionMap(2023년 이전 스키마),24,21,87.5,,,,,,,,,,,,,,
AIG20210000314444,1,4.2,setisfactionMap(2023년 이전 스키마),25,18,72,,,,,,,,,,,,,,
AIG20210000314444,2,4.8,setisfactionMap(2023년 이전 스키마),15,13,86.7,,,,,,,,,,,,,,
AIG20210000314445,1,3.9,setisfactionMap(2023년 이전 스키마),25,16,64,,,,,,,,,,,,,,
AIG20210000314445,2,4.1,setisfactionMap(2023년 이전 스키마),20,16,80,,,,,,,,,,,,,,
AIG20210000314445,3,4.5,setisfactionMap(2023년 이전 스키마),17,7,41.2,,,,,,,,,,,,,,
AIG20210000314445,4,4.3,setisfactionMap(2023년 이전 스키마),16,11,68.8,,,,,,,,,,,,,,
AIG20210000314446,1,4.3,setisfactionMap(2023년 이전 스키마),20,15,75,,,,,,,,,,,,,,
AIG20210000314446,2,4.6,setisfactionMap(2023년 이전 스키마),25,21,84,,,,,,,,,,,,,,
AIG20210000314446,3,4.4,setisfactionMap(2023년 이전 스키마),14,11,78.6,,,,,,,,,,,,,,
AIG20210000314446,4,4.2,setisfactionMap(2023년 이전 스키마),20,18,90,,,,,,,,,,,,,,
AIG20210000314447,1,4.5,setisfactionMap(2023년 이전 스키마),25,25,100,,,,,,,,,,,,,,
AIG20210000314447,2,4.5,setisfactionMap(2023년 이전 스키마),25,24,96,,,,,,,,,,,,,,
AIG20210000314447,3,4.8,setisfactionMap(2023년 이전 스키마),22,21,95.5,,,,,,,,,,,,,,
AIG20210000314448,1,4.2,setisfactionMap(2023년 이전 스키마),22,17,77.3,,,,,,,,,,,,,,
AIG20210000314448,2,4.7,setisfactionMap(2023년 이전 스키마),21,11,52.4,,,,,,,,,,,,,,
AIG20210000314450,1,4.4,setisfactionMap(2023년 이전 스키마),21,15,71.4,,,,,,,,,,,,,,
AIG20210000314450,2,4.3,setisfactionMap(2023년 이전 스키마),15,11,73.3,,,,,,,,,,,,,,
AIG20210000314451,1,4.3,setisfactionMap(2023년 이전 스키마),24,14,58.3,,,,,,,,,,,,,,
AIG20210000314452,1,4.7,setisfactionMap(2023년 이전 스키마),20,10,50,,,,,,,,,,,,,,
AIG20210000314452,2,4.5,setisfactionMap(2023년 이전 스키마),10,5,50,,,,,,,,,,,,,,
AIG20210000314453,1,4.4,setisfactionMap(2023년 이전 스키마),23,14,60.9,,,,,,,,,,,,,,
AIG20210000314453,2,3.9,setisfactionMap(2023년 이전 스키마),23,14,60.9,,,,,,,,,,,,,,
AIG20210000314454,1,3.9,setisfactionMap(2023년 이전 스키마),20,17,85,,,,,,,,,,,,,,
AIG20210000314454,2,4.0,setisfactionMap(2023년 이전 스키마),19,15,78.9,,,,,,,,,,,,,,
AIG20210000314454,3,4.6,setisfactionMap(2023년 이전 스키마),9,8,88.9,,,,,,,,,,,,,,
AIG20210000314455,1,4.3,setisfactionMap(2023년 이전 스키마),24,21,87.5,,,,,,,,,,,,,,
AIG20210000314455,2,4.1,setisfactionMap(2023년 이전 스키마),23,21,91.3,,,,,,,,,,,,,,
AIG20210000314456,1,4.0,setisfactionMap(2023년 이전 스키마),24,18,75,,,,,,,,,,,,,,
AIG20210000314456,2,3.5,setisfactionMap(2023년 이전 스키마),23,21,91.3,,,,,,,,,,,,,,
AIG20210000314457,1,5.0,setisfactionMap(2023년 이전 스키마),11,8,72.7,,,,,,,,,,,,,,
AIG20210000314457,2,4.1,setisfactionMap(2023년 이전 스키마),16,16,100,,,,,,,,,,,,,,
AIG20210000314461,1,4.3,setisfactionMap(2023년 이전 스키마),14,13,92.9,,,,,,,,,,,,,,
AIG20210000314466,1,4.6,setisfactionMap(2023년 이전 스키마),23,17,73.9,,,,,,,,,,,,,,
AIG20210000314466,2,4.3,setisfactionMap(2023년 이전 스키마),23,13,56.5,,,,,,,,,,,,,,
AIG20210000314466,3,3.5,setisfactionMap(2023년 이전 스키마),22,14,63.6,,,,,,,,,,,,,,
AIG20210000314466,4,4.4,setisfactionMap(2023년 이전 스키마),19,10,52.6,,,,,,,,,,,,,,
AIG20210000314466,5,4.6,setisfactionMap(2023년 이전 스키마),21,17,81,,,,,,,,,,,,,,
AIG20210000314466,6,4.9,setisfactionMap(2023년 이전 스키마),21,18,85.7,,,,,,,,,,,,,,
AIG20210000314466,7,3.8,setisfactionMap(2023년 이전 스키마),23,15,65.2,,,,,,,,,,,,,,
AIG20210000314466,8,4.4,setisfactionMap(2023년 이전 스키마),24,14,58.3,,,,,,,,,,,,,,
AIG20210000314466,9,3.7,setisfactionMap(2023년 이전 스키마),18,11,61.1,,,,,,,,,,,,,,
AIG20210000314466,10,4.0,setisfactionMap(2023년 이전 스키마),24,18,75,,,,,,,,,,,,,,
AIG20210000314466,11,4.5,setisfactionMap(2023년 이전 스키마),23,18,78.3,,,,,,,,,,,,,,
AIG20210000314466,12,4.5,setisfactionMap(2023년 이전 스키마),20,14,70,,,,,,,,,,,,,,
AIG20210000314466,13,4.6,setisfactionMap(2023년 이전 스키마),24,19,79.2,,,,,,,,,,,,,,
AIG20210000314466,14,4.4,setisfactionMap(2023년 이전 스키마),24,21,87.5,,,,,,,,,,,,,,
AIG20210000314466,15,4.3,setisfactionMap(2023년 이전 스키마),23,23,100,,,,,,,,,,,,,,
AIG20210000314466,16,4.5,setisfactionMap(2023년 이전 스키마),20,16,80,,,,,,,,,,,,,,
AIG20210000314466,17,4.7,setisfactionMap(2023년 이전 스키마),20,13,65,,,,,,,,,,,,,,
AIG20210000314466,18,4.7,setisfactionMap(2023년 이전 스키마),20,16,80,,,,,,,,,,,,,,
AIG20210000314466,19,4.3,setisfactionMap(2023년 이전 스키마),22,17,77.3,,,,,,,,,,,,,,
AIG20210000314466,20,4.2,setisfactionMap(2023년 이전 스키마),19,14,73.7,,,,,,,,,,,,,,
AIG20210000314466,21,4.6,setisfactionMap(2023년 이전 스키마),14,9,64.3,,,,,,,,,,,,,,
AIG20210000314466,22,4.0,setisfactionMap(2023년 이전 스키마),14,9,64.3,,,,,,,,,,,,,,
AIG20210000314466,23,4.6,setisfactionMap(2023년 이전 스키마),23,21,91.3,,,,,,,,,,,,,,
AIG20210000314468,1,3.9,setisfactionMap(2023년 이전 스키마),18,14,77.8,,,,,,,,,,,,,,
AIG20210000314468,2,4.8,setisfactionMap(2023년 이전 스키마),22,13,59.1,,,,,,,,,,,,,,
AIG20210000314468,3,4.1,setisfactionMap(2023년 이전 스키마),16,10,62.5,,,,,,,,,,,,,,
AIG20210000314468,4,4.0,setisfactionMap(2023년 이전 스키마),12,9,75,,,,,,,,,,,,,,
AIG20210000314468,5,4.0,setisfactionMap(2023년 이전 스키마),27,22,81.5,,,,,,,,,,,,,,
AIG20210000314468,6,4.2,setisfactionMap(2023년 이전 스키마),24,17,70.8,,,,,,,,,,,,,,
AIG20210000314468,7,4.2,setisfactionMap(2023년 이전 스키마),23,13,56.5,,,,,,,,,,,,,,
AIG20210000314468,8,4.3,setisfactionMap(2023년 이전 스키마),19,16,84.2,,,,,,,,,,,,,,
AIG20210000314468,9,4.5,setisfactionMap(2023년 이전 스키마),23,17,73.9,,,,,,,,,,,,,,
AIG20210000314468,10,4.5,setisfactionMap(2023년 이전 스키마),24,19,79.2,,,,,,,,,,,,,,
AIG20210000314468,11,4.7,setisfactionMap(2023년 이전 스키마),16,10,62.5,,,,,,,,,,,,,,
AIG20210000314468,12,4.0,setisfactionMap(2023년 이전 스키마),15,11,73.3,,,,,,,,,,,,,,
AIG20210000314468,13,4.7,setisfactionMap(2023년 이전 스키마),21,18,85.7,,,,,,,,,,,,,,
AIG20210000314472,1,4.5,setisfactionMap(2023년 이전 스키마),18,14,77.8,,,,,,,,,,,,,,
AIG20210000314472,2,4.9,setisfactionMap(2023년 이전 스키마),13,9,69.2,,,,,,,,,,,,,,
AIG20210000314472,3,4.4,setisfactionMap(2023년 이전 스키마),18,16,88.9,,,,,,,,,,,,,,
AIG20210000314472,4,4.3,setisfactionMap(2023년 이전 스키마),19,19,100,,,,,,,,,,,,,,
AIG20210000314472,5,4.1,setisfactionMap(2023년 이전 스키마),15,13,86.7,,,,,,,,,,,,,,
AIG20210000314472,6,3.9,setisfactionMap(2023년 이전 스키마),13,11,84.6,,,,,,,,,,,,,,
AIG20210000314472,7,4.2,setisfactionMap(2023년 이전 스키마),16,14,87.5,,,,,,,,,,,,,,
AIG20210000314472,8,4.4,setisfactionMap(2023년 이전 스키마),16,13,81.3,,,,,,,,,,,,,,
AIG20210000314472,9,3.8,setisfactionMap(2023년 이전 스키마),11,8,72.7,,,,,,,,,,,,,,
AIG20210000314472,10,4.2,setisfactionMap(2023년 이전 스키마),28,25,89.3,,,,,,,,,,,,,,
AIG20210000314472,12,3.7,setisfactionMap(2023년 이전 스키마),16,13,81.3,,,,,,,,,,,,,,
AIG20210000314472,13,4.4,setisfactionMap(2023년 이전 스키마),12,8,66.7,,,,,,,,,,,,,,
AIG20210000314472,14,4.1,setisfactionMap(2023년 이전 스키마),12,10,83.3,,,,,,,,,,,,,,
AIG20210000314472,15,4.0,setisfactionMap(2023년 이전 스키마),7,6,85.7,,,,,,,,,,,,,,
AIG20210000314472,16,4.2,setisfactionMap(2023년 이전 스키마),27,27,100,,,,,,,,,,,,,,
AIG20210000314472,17,4.3,setisfactionMap(2023년 이전 스키마),27,19,70.4,,,,,,,,,,,,,,
AIG20210000314472,18,4.9,setisfactionMap(2023년 이전 스키마),14,11,78.6,,,,,,,,,,,,,,
AIG20210000314472,19,4.2,setisfactionMap(2023년 이전 스키마),28,21,75,,,,,,,,,,,,,,
AIG20210000314472,20,3.4,setisfactionMap(2023년 이전 스키마),11,9,81.8,,,,,,,,,,,,,,
AIG20210000314479,1,4.9,setisfactionMap(2023년 이전 스키마),30,29,96.7,,,,,,,,,,,,,,
AIG20210000314479,2,4.9,setisfactionMap(2023년 이전 스키마),30,23,76.7,,,,,,,,,,,,,,
AIG20210000314479,3,4.8,setisfactionMap(2023년 이전 스키마),30,26,86.7,,,,,,,,,,,,,,
AIG20210000314479,4,4.9,setisfactionMap(2023년 이전 스키마),30,22,73.3,,,,,,,,,,,,,,
AIG20210000314479,5,5.0,setisfactionMap(2023년 이전 스키마),30,27,90,,,,,,,,,,,,,,
AIG20210000314480,1,4.7,setisfactionMap(2023년 이전 스키마),30,28,93.3,,,,,,,,,,,,,,
AIG20210000314480,2,4.8,setisfactionMap(2023년 이전 스키마),30,29,96.7,,,,,,,,,,,,,,
AIG20210000314480,3,4.7,setisfactionMap(2023년 이전 스키마),29,25,86.2,,,,,,,,,,,,,,
AIG20210000314480,4,5.0,setisfactionMap(2023년 이전 스키마),26,22,84.6,,,,,,,,,,,,,,
AIG20210000314480,5,4.9,setisfactionMap(2023년 이전 스키마),35,29,82.9,,,,,,,,,,,,,,
AIG20210000320474,1,3.9,setisfactionMap(2023년 이전 스키마),35,23,65.7,,,,,,,,,,,,,,
AIG20210000320474,2,4.2,setisfactionMap(2023년 이전 스키마),19,11,57.9,,,,,,,,,,,,,,
AIG20210000320474,3,4.0,setisfactionMap(2023년 이전 스키마),25,18,72,,,,,,,,,,,,,,
AIG20210000320474,4,4.6,setisfactionMap(2023년 이전 스키마),32,25,78.1,,,,,,,,,,,,,,
AIG20210000320882,1,3.5,setisfactionMap(2023년 이전 스키마),31,26,83.9,,,,,,,,,,,,,,
AIG20210000320882,2,3.8,setisfactionMap(2023년 이전 스키마),7,6,85.7,,,,,,,,,,,,,,
AIG20210000320882,3,4.1,setisfactionMap(2023년 이전 스키마),21,15,71.4,,,,,,,,,,,,,,
AIG20210000320882,4,4.6,setisfactionMap(2023년 이전 스키마),19,13,68.4,,,,,,,,,,,,,,
AIG20210000320902,1,3.0,setisfactionMap(2023년 이전 스키마),14,7,50,,,,,,,,,,,,,,
AIG20210000320927,1,3.7,setisfactionMap(2023년 이전 스키마),28,16,57.1,,,,,,,,,,,,,,
AIG20210000320927,3,4.6,setisfactionMap(2023년 이전 스키마),10,6,60,,,,,,,,,,,,,,
AIG20210000320939,1,3.9,setisfactionMap(2023년 이전 스키마),37,27,73,,,,,,,,,,,,,,
AIG20210000320939,2,4.1,setisfactionMap(2023년 이전 스키마),25,16,64,,,,,,,,,,,,,,
AIG20210000320939,3,4.3,setisfactionMap(2023년 이전 스키마),22,12,54.5,,,,,,,,,,,,,,
AIG20210000320939,4,4.1,setisfactionMap(2023년 이전 스키마),29,23,79.3,,,,,,,,,,,,,,
AIG20210000328538,1,3.5,setisfactionMap(2023년 이전 스키마),16,13,81.3,,,,,,,,,,,,,,
AIG20210000328538,2,3.6,setisfactionMap(2023년 이전 스키마),22,15,68.2,,,,,,,,,,,,,,
AIG20210000328542,1,4.0,setisfactionMap(2023년 이전 스키마),19,16,84.2,,,,,,,,,,,,,,
AIG20210000328542,2,4.7,setisfactionMap(2023년 이전 스키마),15,12,80,,,,,,,,,,,,,,
AIG20210000328542,3,4.7,setisfactionMap(2023년 이전 스키마),15,14,93.3,,,,,,,,,,,,,,
AIG20210000328542,4,4.0,setisfactionMap(2023년 이전 스키마),17,16,94.1,,,,,,,,,,,,,,
AIG20210000328544,1,3.8,setisfactionMap(2023년 이전 스키마),25,25,100,,,,,,,,,,,,,,
AIG20210000328544,2,3.5,setisfactionMap(2023년 이전 스키마),22,17,77.3,,,,,,,,,,,,,,
AIG20210000328548,1,4.1,setisfactionMap(2023년 이전 스키마),19,14,73.7,,,,,,,,,,,,,,
AIG20210000328548,2,3.9,setisfactionMap(2023년 이전 스키마),19,11,57.9,,,,,,,,,,,,,,
AIG20210000328548,3,2.8,setisfactionMap(2023년 이전 스키마),21,14,66.7,,,,,,,,,,,,,,
AIG20210000328549,1,4.2,setisfactionMap(2023년 이전 스키마),23,15,65.2,,,,,,,,,,,,,,
AIG20210000328549,2,3.6,setisfactionMap(2023년 이전 스키마),21,11,52.4,,,,,,,,,,,,,,
AIG20210000328549,3,3.9,setisfactionMap(2023년 이전 스키마),24,17,70.8,,,,,,,,,,,,,,
AIG20210000328550,1,4.2,setisfactionMap(2023년 이전 스키마),24,20,83.3,,,,,,,,,,,,,,
AIG20210000328550,2,3.6,setisfactionMap(2023년 이전 스키마),25,24,96,,,,,,,,,,,,,,
AIG20210000328550,3,3.6,setisfactionMap(2023년 이전 스키마),24,21,87.5,,,,,,,,,,,,,,
AIG20210000328550,4,4.6,setisfactionMap(2023년 이전 스키마),23,22,95.7,,,,,,,,,,,,,,
AIG20210000328552,1,3.8,setisfactionMap(2023년 이전 스키마),16,12,75,,,,,,,,,,,,,,
AIG20210000328552,2,4.3,setisfactionMap(2023년 이전 스키마),15,12,80,,,,,,,,,,,,,,
AIG20210000328553,1,4.3,setisfactionMap(2023년 이전 스키마),16,13,81.3,,,,,,,,,,,,,,
AIG20210000328553,2,4.9,setisfactionMap(2023년 이전 스키마),23,21,91.3,,,,,,,,,,,,,,
AIG20210000328553,3,4.6,setisfactionMap(2023년 이전 스키마),16,14,87.5,,,,,,,,,,,,,,
AIG20210000328555,1,3.4,setisfactionMap(2023년 이전 스키마),13,8,61.5,,,,,,,,,,,,,,
AIG20210000328555,2,3.4,setisfactionMap(2023년 이전 스키마),19,12,63.2,,,,,,,,,,,,,,
AIG20210000328555,3,4.1,setisfactionMap(2023년 이전 스키마),13,8,61.5,,,,,,,,,,,,,,
AIG20210000328555,4,3.3,setisfactionMap(2023년 이전 스키마),10,7,70,,,,,,,,,,,,,,
AIG20210000328555,5,4.1,setisfactionMap(2023년 이전 스키마),19,14,73.7,,,,,,,,,,,,,,
AIG20210000328557,1,4.8,setisfactionMap(2023년 이전 스키마),27,21,77.8,,,,,,,,,,,,,,
AIG20210000328557,2,4.1,setisfactionMap(2023년 이전 스키마),36,30,83.3,,,,,,,,,,,,,,
AIG20210000328557,3,4.2,setisfactionMap(2023년 이전 스키마),42,37,88.1,,,,,,,,,,,,,,
AIG20210000328557,4,4.1,setisfactionMap(2023년 이전 스키마),44,25,56.8,,,,,,,,,,,,,,
AIG20210000328557,5,3.9,setisfactionMap(2023년 이전 스키마),45,33,73.3,,,,,,,,,,,,,,
AIG20210000328557,6,4.7,setisfactionMap(2023년 이전 스키마),43,32,74.4,,,,,,,,,,,,,,
AIG20210000328557,7,4.3,setisfactionMap(2023년 이전 스키마),26,20,76.9,,,,,,,,,,,,,,
AIG20210000328557,8,4.6,setisfactionMap(2023년 이전 스키마),12,9,75,,,,,,,,,,,,,,
AIG20210000328564,1,4.6,setisfactionMap(2023년 이전 스키마),30,28,93.3,,,,,,,,,,,,,,
AIG20210000328564,2,4.4,setisfactionMap(2023년 이전 스키마),30,26,86.7,,,,,,,,,,,,,,
AIG20210000328564,3,4.8,setisfactionMap(2023년 이전 스키마),31,27,87.1,,,,,,,,,,,,,,
AIG20210000328565,1,3.8,setisfactionMap(2023년 이전 스키마),33,21,63.6,,,,,,,,,,,,,,
AIG20210000328565,2,4.5,setisfactionMap(2023년 이전 스키마),30,24,80,,,,,,,,,,,,,,
AIG20210000328565,3,4.5,setisfactionMap(2023년 이전 스키마),28,23,82.1,,,,,,,,,,,,,,
AIG20210000328565,4,4.6,setisfactionMap(2023년 이전 스키마),32,26,81.3,,,,,,,,,,,,,,
AIG20210000328565,5,4.5,setisfactionMap(2023년 이전 스키마),32,29,90.6,,,,,,,,,,,,,,
AIG20210000328565,6,4.3,setisfactionMap(2023년 이전 스키마),32,29,90.6,,,,,,,,,,,,,,
AIG20210000328565,7,4.2,setisfactionMap(2023년 이전 스키마),17,13,76.5,,,,,,,,,,,,,,
AIG20210000328571,1,4.3,setisfactionMap(2023년 이전 스키마),35,31,88.6,,,,,,,,,,,,,,
AIG20210000328571,2,4.3,setisfactionMap(2023년 이전 스키마),35,28,80,,,,,,,,,,,,,,
AIG20210000328571,3,4.6,setisfactionMap(2023년 이전 스키마),44,37,84.1,,,,,,,,,,,,,,
AIG20210000328571,4,4.4,setisfactionMap(2023년 이전 스키마),49,32,65.3,,,,,,,,,,,,,,
AIG20210000328571,5,4.5,setisfactionMap(2023년 이전 스키마),50,45,90,,,,,,,,,,,,,,
AIG20210000328571,6,4.5,setisfactionMap(2023년 이전 스키마),47,36,76.6,,,,,,,,,,,,,,
AIG20210000328571,7,4.5,setisfactionMap(2023년 이전 스키마),49,39,79.6,,,,,,,,,,,,,,
AIG20210000328571,8,4.3,setisfactionMap(2023년 이전 스키마),50,37,74,,,,,,,,,,,,,,
AIG20210000328571,9,4.5,setisfactionMap(2023년 이전 스키마),50,37,74,,,,,,,,,,,,,,
AIG20210000328572,1,3.6,setisfactionMap(2023년 이전 스키마),31,25,80.6,,,,,,,,,,,,,,
AIG20210000328572,2,4.6,setisfactionMap(2023년 이전 스키마),41,35,85.4,,,,,,,,,,,,,,
AIG20210000328572,3,4.1,setisfactionMap(2023년 이전 스키마),38,35,92.1,,,,,,,,,,,,,,
AIG20210000328572,4,4.2,setisfactionMap(2023년 이전 스키마),42,37,88.1,,,,,,,,,,,,,,
AIG20210000328572,5,4.4,setisfactionMap(2023년 이전 스키마),49,45,91.8,,,,,,,,,,,,,,
AIG20210000328572,6,4.0,setisfactionMap(2023년 이전 스키마),62,53,85.5,,,,,,,,,,,,,,
AIG20210000328572,7,3.9,setisfactionMap(2023년 이전 스키마),67,61,91,,,,,,,,,,,,,,
AIG20210000328572,8,4.3,setisfactionMap(2023년 이전 스키마),63,57,90.5,,,,,,,,,,,,,,
AIG20210000328590,1,3.6,setisfactionMap(2023년 이전 스키마),29,24,82.8,,,,,,,,,,,,,,
AIG20210000328590,2,3.2,setisfactionMap(2023년 이전 스키마),27,24,88.9,,,,,,,,,,,,,,
AIG20210000328590,3,4.7,setisfactionMap(2023년 이전 스키마),24,5,20.8,,,,,,,,,,,,,,
AIG20210000328590,4,3.3,setisfactionMap(2023년 이전 스키마),19,8,42.1,,,,,,,,,,,,,,
AIG20210000328592,1,4.1,setisfactionMap(2023년 이전 스키마),21,14,66.7,,,,,,,,,,,,,,
AIG20210000328592,2,3.9,setisfactionMap(2023년 이전 스키마),24,19,79.2,,,,,,,,,,,,,,
AIG20210000328592,3,3.5,setisfactionMap(2023년 이전 스키마),16,14,87.5,,,,,,,,,,,,,,
AIG20210000328593,1,4.3,setisfactionMap(2023년 이전 스키마),19,16,84.2,,,,,,,,,,,,,,
AIG20210000328593,2,4.6,setisfactionMap(2023년 이전 스키마),29,27,93.1,,,,,,,,,,,,,,
AIG20210000328593,3,4.4,setisfactionMap(2023년 이전 스키마),23,18,78.3,,,,,,,,,,,,,,
AIG20210000328593,4,4.1,setisfactionMap(2023년 이전 스키마),25,22,88,,,,,,,,,,,,,,
AIG20210000328593,5,4.7,setisfactionMap(2023년 이전 스키마),30,28,93.3,,,,,,,,,,,,,,
AIG20210000328593,6,4.8,setisfactionMap(2023년 이전 스키마),21,18,85.7,,,,,,,,,,,,,,
AIG20210000328598,1,3.4,setisfactionMap(2023년 이전 스키마),14,11,78.6,,,,,,,,,,,,,,
AIG20210000328598,2,3.6,setisfactionMap(2023년 이전 스키마),14,11,78.6,,,,,,,,,,,,,,
AIG20210000328599,1,5.0,setisfactionMap(2023년 이전 스키마),12,12,100,,,,,,,,,,,,,,
AIG20210000328599,2,5.0,setisfactionMap(2023년 이전 스키마),12,9,75,,,,,,,,,,,,,,
AIG20210000328610,1,4.4,setisfactionMap(2023년 이전 스키마),17,11,64.7,,,,,,,,,,,,,,
AIG20210000328610,2,4.0,setisfactionMap(2023년 이전 스키마),18,15,83.3,,,,,,,,,,,,,,
AIG20210000328610,3,4.3,setisfactionMap(2023년 이전 스키마),20,13,65,,,,,,,,,,,,,,
AIG20210000328610,4,4.7,setisfactionMap(2023년 이전 스키마),9,8,88.9,,,,,,,,,,,,,,
AIG20210000328612,1,4.5,setisfactionMap(2023년 이전 스키마),27,24,88.9,,,,,,,,,,,,,,
AIG20210000328612,2,3.6,setisfactionMap(2023년 이전 스키마),25,11,44,,,,,,,,,,,,,,
AIG20210000328612,3,4.3,setisfactionMap(2023년 이전 스키마),39,28,71.8,,,,,,,,,,,,,,
AIG20210000328612,4,4.8,setisfactionMap(2023년 이전 스키마),26,22,84.6,,,,,,,,,,,,,,
AIG20210000328612,5,4.5,setisfactionMap(2023년 이전 스키마),22,17,77.3,,,,,,,,,,,,,,
AIG20210000328612,6,4.9,setisfactionMap(2023년 이전 스키마),16,11,68.8,,,,,,,,,,,,,,
AIG20210000328661,1,4.5,setisfactionMap(2023년 이전 스키마),32,26,81.3,,,,,,,,,,,,,,
AIG20210000328661,2,4.1,setisfactionMap(2023년 이전 스키마),21,19,90.5,,,,,,,,,,,,,,
AIG20210000328686,1,3.7,setisfactionMap(2023년 이전 스키마),24,17,70.8,,,,,,,,,,,,,,
AIG20210000328686,2,4.7,setisfactionMap(2023년 이전 스키마),22,19,86.4,,,,,,,,,,,,,,
AIG20210000328686,3,4.5,setisfactionMap(2023년 이전 스키마),28,25,89.3,,,,,,,,,,,,,,
AIG20210000328686,4,4.2,setisfactionMap(2023년 이전 스키마),23,19,82.6,,,,,,,,,,,,,,
AIG20210000328731,1,4.1,setisfactionMap(2023년 이전 스키마),21,11,52.4,,,,,,,,,,,,,,
AIG20210000328731,2,4.5,setisfactionMap(2023년 이전 스키마),20,14,70,,,,,,,,,,,,,,
AIG20210000328731,3,4.6,setisfactionMap(2023년 이전 스키마),26,18,69.2,,,,,,,,,,,,,,
AIG20210000328731,4,4.5,setisfactionMap(2023년 이전 스키마),21,15,71.4,,,,,,,,,,,,,,
AIG20210000328731,5,4.4,setisfactionMap(2023년 이전 스키마),30,26,86.7,,,,,,,,,,,,,,
AIG20210000328731,6,4.4,setisfactionMap(2023년 이전 스키마),22,16,72.7,,,,,,,,,,,,,,
AIG20210000328731,7,4.5,setisfactionMap(2023년 이전 스키마),27,25,92.6,,,,,,,,,,,,,,
AIG20210000328737,1,4.3,setisfactionMap(2023년 이전 스키마),12,7,58.3,,,,,,,,,,,,,,
AIG20210000328737,2,4.7,setisfactionMap(2023년 이전 스키마),18,14,77.8,,,,,,,,,,,,,,
AIG20210000328737,3,4.9,setisfactionMap(2023년 이전 스키마),16,10,62.5,,,,,,,,,,,,,,
AIG20210000328737,4,4.8,setisfactionMap(2023년 이전 스키마),13,11,84.6,,,,,,,,,,,,,,
AIG20210000328737,5,4.4,setisfactionMap(2023년 이전 스키마),16,9,56.3,,,,,,,,,,,,,,
AIG20210000328737,6,4.8,setisfactionMap(2023년 이전 스키마),19,13,68.4,,,,,,,,,,,,,,
AIG20210000328738,1,5.0,setisfactionMap(2023년 이전 스키마),24,22,91.7,,,,,,,,,,,,,,
AIG20210000328738,2,4.9,setisfactionMap(2023년 이전 스키마),24,20,83.3,,,,,,,,,,,,,,
AIG20210000328759,1,4.4,setisfactionMap(2023년 이전 스키마),26,19,73.1,,,,,,,,,,,,,,
AIG20210000328759,2,4.5,setisfactionMap(2023년 이전 스키마),15,12,80,,,,,,,,,,,,,,
AIG20210000328760,1,2.8,setisfactionMap(2023년 이전 스키마),12,6,50,,,,,,,,,,,,,,
AIG20210000328766,1,4.5,setisfactionMap(2023년 이전 스키마),16,9,56.3,,,,,,,,,,,,,,
AIG20210000328766,2,4.6,setisfactionMap(2023년 이전 스키마),23,15,65.2,,,,,,,,,,,,,,
AIG20210000328770,1,5.0,setisfactionMap(2023년 이전 스키마),19,14,73.7,,,,,,,,,,,,,,
AIG20210000328771,1,3.2,setisfactionMap(2023년 이전 스키마),14,11,78.6,,,,,,,,,,,,,,
AIG20210000328777,1,4.6,setisfactionMap(2023년 이전 스키마),15,11,73.3,,,,,,,,,,,,,,
AIG20210000328777,2,4.3,setisfactionMap(2023년 이전 스키마),13,12,92.3,,,,,,,,,,,,,,
AIG20210000328801,1,4.2,setisfactionMap(2023년 이전 스키마),19,15,78.9,,,,,,,,,,,,,,
AIG20210000328802,1,4.9,setisfactionMap(2023년 이전 스키마),24,21,87.5,,,,,,,,,,,,,,
AIG20210000328802,2,4.2,setisfactionMap(2023년 이전 스키마),21,13,61.9,,,,,,,,,,,,,,
AIG20210000328802,3,4.7,setisfactionMap(2023년 이전 스키마),21,19,90.5,,,,,,,,,,,,,,
AIG20210000328805,1,4.8,setisfactionMap(2023년 이전 스키마),30,28,93.3,,,,,,,,,,,,,,
AIG20210000328805,2,4.4,setisfactionMap(2023년 이전 스키마),30,28,93.3,,,,,,,,,,,,,,
AIG20210000328805,3,4.9,setisfactionMap(2023년 이전 스키마),25,22,88,,,,,,,,,,,,,,
AIG20210000328805,4,4.4,setisfactionMap(2023년 이전 스키마),25,24,96,,,,,,,,,,,,,,
AIG20210000328805,5,4.9,setisfactionMap(2023년 이전 스키마),23,20,87,,,,,,,,,,,,,,
AIG20210000328805,6,4.6,setisfactionMap(2023년 이전 스키마),29,24,82.8,,,,,,,,,,,,,,
AIG20210000328805,7,4.1,setisfactionMap(2023년 이전 스키마),23,23,100,,,,,,,,,,,,,,
AIG20210000328823,1,4.2,setisfactionMap(2023년 이전 스키마),30,17,56.7,,,,,,,,,,,,,,
AIG20210000328823,2,4.0,setisfactionMap(2023년 이전 스키마),26,22,84.6,,,,,,,,,,,,,,
AIG20210000328823,3,4.5,setisfactionMap(2023년 이전 스키마),16,12,75,,,,,,,,,,,,,,
AIG20210000328824,1,3.3,setisfactionMap(2023년 이전 스키마),23,18,78.3,,,,,,,,,,,,,,
AIG20210000328827,1,4.4,setisfactionMap(2023년 이전 스키마),25,21,84,,,,,,,,,,,,,,
AIG20210000328827,2,4.8,setisfactionMap(2023년 이전 스키마),11,11,100,,,,,,,,,,,,,,
AIG20210000328828,1,5.0,setisfactionMap(2023년 이전 스키마),25,21,84,,,,,,,,,,,,,,
AIG20210000328828,2,2.1,setisfactionMap(2023년 이전 스키마),16,12,75,,,,,,,,,,,,,,
AIG20210000328828,3,4.6,setisfactionMap(2023년 이전 스키마),24,22,91.7,,,,,,,,,,,,,,
AIG20210000328828,4,4.0,setisfactionMap(2023년 이전 스키마),16,5,31.3,,,,,,,,,,,,,,
AIG20210000328828,5,3.4,setisfactionMap(2023년 이전 스키마),18,5,27.8,,,,,,,,,,,,,,
AIG20210000328828,6,4.2,setisfactionMap(2023년 이전 스키마),18,14,77.8,,,,,,,,,,,,,,
AIG20210000328834,1,4.8,setisfactionMap(2023년 이전 스키마),11,8,72.7,,,,,,,,,,,,,,
AIG20210000328834,2,4.2,setisfactionMap(2023년 이전 스키마),13,11,84.6,,,,,,,,,,,,,,
AIG20210000328834,3,4.3,setisfactionMap(2023년 이전 스키마),13,12,92.3,,,,,,,,,,,,,,
AIG20210000328835,1,4.1,setisfactionMap(2023년 이전 스키마),48,40,83.3,,,,,,,,,,,,,,
AIG20210000328835,2,3.1,setisfactionMap(2023년 이전 스키마),20,19,95,,,,,,,,,,,,,,
AIG20210000328839,1,4.5,setisfactionMap(2023년 이전 스키마),30,22,73.3,,,,,,,,,,,,,,
AIG20210000328839,2,4.1,setisfactionMap(2023년 이전 스키마),25,18,72,,,,,,,,,,,,,,
AIG20210000328839,3,3.9,setisfactionMap(2023년 이전 스키마),26,12,46.2,,,,,,,,,,,,,,
AIG20210000328839,4,3.8,setisfactionMap(2023년 이전 스키마),28,13,46.4,,,,,,,,,,,,,,
AIG20210000328839,5,3.8,setisfactionMap(2023년 이전 스키마),20,12,60,,,,,,,,,,,,,,
AIG20210000328839,6,3.7,setisfactionMap(2023년 이전 스키마),24,11,45.8,,,,,,,,,,,,,,
AIG20210000328839,7,3.9,setisfactionMap(2023년 이전 스키마),13,9,69.2,,,,,,,,,,,,,,
AIG20210000328839,8,3.9,setisfactionMap(2023년 이전 스키마),21,11,52.4,,,,,,,,,,,,,,
AIG20210000328839,9,3.8,setisfactionMap(2023년 이전 스키마),34,22,64.7,,,,,,,,,,,,,,
AIG20210000328839,10,4.1,setisfactionMap(2023년 이전 스키마),36,11,30.6,,,,,,,,,,,,,,
AIG20210000328839,11,4.1,setisfactionMap(2023년 이전 스키마),31,17,54.8,,,,,,,,,,,,,,
AIG20210000328840,1,4.5,setisfactionMap(2023년 이전 스키마),16,14,87.5,,,,,,,,,,,,,,
AIG20210000328846,1,4.3,setisfactionMap(2023년 이전 스키마),29,23,79.3,,,,,,,,,,,,,,
AIG20210000328846,2,4.9,setisfactionMap(2023년 이전 스키마),8,7,87.5,,,,,,,,,,,,,,
AIG20210000328847,1,4.7,setisfactionMap(2023년 이전 스키마),25,22,88,,,,,,,,,,,,,,
AIG20210000328847,2,4.9,setisfactionMap(2023년 이전 스키마),30,24,80,,,,,,,,,,,,,,
AIG20210000328853,1,3.6,setisfactionMap(2023년 이전 스키마),23,17,73.9,,,,,,,,,,,,,,
AIG20210000328853,2,3.8,setisfactionMap(2023년 이전 스키마),25,20,80,,,,,,,,,,,,,,
AIG20210000328853,3,3.4,setisfactionMap(2023년 이전 스키마),19,14,73.7,,,,,,,,,,,,,,
AIG20210000328853,4,3.7,setisfactionMap(2023년 이전 스키마),15,14,93.3,,,,,,,,,,,,,,
AIG20210000328856,1,4.3,setisfactionMap(2023년 이전 스키마),43,26,60.5,,,,,,,,,,,,,,
AIG20210000328860,1,3.6,setisfactionMap(2023년 이전 스키마),45,29,64.4,,,,,,,,,,,,,,
AIG20210000328860,2,3.8,setisfactionMap(2023년 이전 스키마),41,35,85.4,,,,,,,,,,,,,,
AIG20210000328860,3,4.2,setisfactionMap(2023년 이전 스키마),47,40,85.1,,,,,,,,,,,,,,
AIG20210000328860,4,3.8,setisfactionMap(2023년 이전 스키마),46,29,63,,,,,,,,,,,,,,
AIG20210000328860,5,4.2,setisfactionMap(2023년 이전 스키마),42,24,57.1,,,,,,,,,,,,,,
AIG20210000328860,6,4.1,setisfactionMap(2023년 이전 스키마),46,31,67.4,,,,,,,,,,,,,,
AIG20210000328860,7,3.3,setisfactionMap(2023년 이전 스키마),50,33,66,,,,,,,,,,,,,,
AIG20210000328860,8,4.5,setisfactionMap(2023년 이전 스키마),46,35,76.1,,,,,,,,,,,,,,
AIG20210000328860,9,4.4,setisfactionMap(2023년 이전 스키마),44,39,88.6,,,,,,,,,,,,,,
AIG20210000328860,10,4.3,setisfactionMap(2023년 이전 스키마),45,34,75.6,,,,,,,,,,,,,,
AIG20210000328860,11,4.4,setisfactionMap(2023년 이전 스키마),52,45,86.5,,,,,,,,,,,,,,
AIG20210000328865,1,4.4,setisfactionMap(2023년 이전 스키마),60,52,86.7,,,,,,,,,,,,,,
AIG20210000328865,2,4.3,setisfactionMap(2023년 이전 스키마),60,52,86.7,,,,,,,,,,,,,,
AIG20210000328865,3,4.8,setisfactionMap(2023년 이전 스키마),70,66,94.3,,,,,,,,,,,,,,
AIG20210000328865,4,4.9,setisfactionMap(2023년 이전 스키마),100,98,98,,,,,,,,,,,,,,
AIG20210000328865,5,4.5,setisfactionMap(2023년 이전 스키마),110,103,93.6,,,,,,,,,,,,,,
AIG20210000328867,1,4.7,setisfactionMap(2023년 이전 스키마),10,10,100,,,,,,,,,,,,,,
AIG20210000328867,2,3.3,setisfactionMap(2023년 이전 스키마),12,10,83.3,,,,,,,,,,,,,,
AIG20210000328868,1,4.2,setisfactionMap(2023년 이전 스키마),61,52,85.2,,,,,,,,,,,,,,
AIG20210000328868,2,4.1,setisfactionMap(2023년 이전 스키마),67,56,83.6,,,,,,,,,,,,,,
AIG20210000328868,3,4.3,setisfactionMap(2023년 이전 스키마),48,35,72.9,,,,,,,,,,,,,,
AIG20210000328868,4,4.1,setisfactionMap(2023년 이전 스키마),31,28,90.3,,,,,,,,,,,,,,
AIG20210000328868,5,4.5,setisfactionMap(2023년 이전 스키마),127,109,85.8,,,,,,,,,,,,,,
AIG20210000328870,1,3.9,setisfactionMap(2023년 이전 스키마),32,21,65.6,,,,,,,,,,,,,,
AIG20210000328870,2,3.8,setisfactionMap(2023년 이전 스키마),30,17,56.7,,,,,,,,,,,,,,
AIG20210000328870,3,3.4,setisfactionMap(2023년 이전 스키마),31,24,77.4,,,,,,,,,,,,,,
AIG20210000328870,4,2.9,setisfactionMap(2023년 이전 스키마),25,20,80,,,,,,,,,,,,,,
AIG20210000328870,5,3.4,setisfactionMap(2023년 이전 스키마),29,28,96.6,,,,,,,,,,,,,,
AIG20210000328870,6,2.7,setisfactionMap(2023년 이전 스키마),40,24,60,,,,,,,,,,,,,,
AIG20210000328872,1,3.9,setisfactionMap(2023년 이전 스키마),14,10,71.4,,,,,,,,,,,,,,
AIG20210000328873,1,4.3,setisfactionMap(2023년 이전 스키마),39,21,53.8,,,,,,,,,,,,,,
AIG20210000328873,2,4.1,setisfactionMap(2023년 이전 스키마),34,15,44.1,,,,,,,,,,,,,,
AIG20210000328873,3,4.4,setisfactionMap(2023년 이전 스키마),44,24,54.5,,,,,,,,,,,,,,
AIG20210000328873,4,4.2,setisfactionMap(2023년 이전 스키마),29,15,51.7,,,,,,,,,,,,,,
AIG20210000328873,5,3.8,setisfactionMap(2023년 이전 스키마),34,13,38.2,,,,,,,,,,,,,,
AIG20210000328873,6,4.8,setisfactionMap(2023년 이전 스키마),22,12,54.5,,,,,,,,,,,,,,
AIG20210000328873,7,4.5,setisfactionMap(2023년 이전 스키마),26,13,50,,,,,,,,,,,,,,
AIG20210000328873,8,4.0,setisfactionMap(2023년 이전 스키마),38,24,63.2,,,,,,,,,,,,,,
AIG20210000328873,9,4.3,setisfactionMap(2023년 이전 스키마),23,12,52.2,,,,,,,,,,,,,,
AIG20210000328873,10,4.7,setisfactionMap(2023년 이전 스키마),16,6,37.5,,,,,,,,,,,,,,
AIG20210000328907,1,4.9,setisfactionMap(2023년 이전 스키마),28,26,92.9,,,,,,,,,,,,,,
AIG20210000328913,1,3.8,setisfactionMap(2023년 이전 스키마),15,10,66.7,,,,,,,,,,,,,,
AIG20210000328914,1,3.5,setisfactionMap(2023년 이전 스키마),16,12,75,,,,,,,,,,,,,,
AIG20210000328918,1,4.1,setisfactionMap(2023년 이전 스키마),20,19,95,,,,,,,,,,,,,,
AIG20210000328918,2,4.9,setisfactionMap(2023년 이전 스키마),19,19,100,,,,,,,,,,,,,,
AIG20210000328918,3,4.1,setisfactionMap(2023년 이전 스키마),20,20,100,,,,,,,,,,,,,,
AIG20210000328922,1,4.3,setisfactionMap(2023년 이전 스키마),30,28,93.3,,,,,,,,,,,,,,
AIG20210000328922,2,4.5,setisfactionMap(2023년 이전 스키마),26,24,92.3,,,,,,,,,,,,,,
AIG20210000328922,3,2.7,setisfactionMap(2023년 이전 스키마),25,22,88,,,,,,,,,,,,,,
AIG20210000328924,1,2.5,setisfactionMap(2023년 이전 스키마),18,13,72.2,,,,,,,,,,,,,,
AIG20210000328924,2,4.5,setisfactionMap(2023년 이전 스키마),18,18,100,,,,,,,,,,,,,,
AIG20210000328926,1,4.3,setisfactionMap(2023년 이전 스키마),23,13,56.5,,,,,,,,,,,,,,
AIG20210000328926,2,4.5,setisfactionMap(2023년 이전 스키마),19,13,68.4,,,,,,,,,,,,,,
AIG20210000328926,3,5.0,setisfactionMap(2023년 이전 스키마),11,6,54.5,,,,,,,,,,,,,,
AIG20210000328927,1,4.0,setisfactionMap(2023년 이전 스키마),22,12,54.5,,,,,,,,,,,,,,
AIG20210000328928,1,4.8,setisfactionMap(2023년 이전 스키마),11,9,81.8,,,,,,,,,,,,,,
AIG20210000328928,3,4.9,setisfactionMap(2023년 이전 스키마),9,8,88.9,,,,,,,,,,,,,,
AIG20210000328939,1,4.0,setisfactionMap(2023년 이전 스키마),20,18,90,,,,,,,,,,,,,,
AIG20210000328964,1,4.8,setisfactionMap(2023년 이전 스키마),14,12,85.7,,,,,,,,,,,,,,
AIG20210000328968,1,4.0,setisfactionMap(2023년 이전 스키마),15,3,20,,,,,,,,,,,,,,
AIG20210000328968,2,1.5,setisfactionMap(2023년 이전 스키마),18,8,44.4,,,,,,,,,,,,,,
AIG20210000328968,3,2.5,setisfactionMap(2023년 이전 스키마),13,8,61.5,,,,,,,,,,,,,,
AIG20210000328968,4,3.5,setisfactionMap(2023년 이전 스키마),9,8,88.9,,,,,,,,,,,,,,
AIG20210000328971,1,4.2,setisfactionMap(2023년 이전 스키마),36,21,58.3,,,,,,,,,,,,,,
AIG20210000328971,2,4.6,setisfactionMap(2023년 이전 스키마),39,28,71.8,,,,,,,,,,,,,,
AIG20210000328971,3,4.4,setisfactionMap(2023년 이전 스키마),33,20,60.6,,,,,,,,,,,,,,
AIG20210000328971,4,4.3,setisfactionMap(2023년 이전 스키마),27,16,59.3,,,,,,,,,,,,,,
AIG20210000328971,5,4.5,setisfactionMap(2023년 이전 스키마),50,34,68,,,,,,,,,,,,,,
AIG20210000328971,6,4.5,setisfactionMap(2023년 이전 스키마),39,33,84.6,,,,,,,,,,,,,,
AIG20210000328971,7,4.1,setisfactionMap(2023년 이전 스키마),39,29,74.4,,,,,,,,,,,,,,
AIG20210000328971,8,4.5,setisfactionMap(2023년 이전 스키마),30,18,60,,,,,,,,,,,,,,
AIG20210000328971,9,4.4,setisfactionMap(2023년 이전 스키마),25,14,56,,,,,,,,,,,,,,
AIG20210000328971,10,3.7,setisfactionMap(2023년 이전 스키마),18,15,83.3,,,,,,,,,,,,,,
AIG20210000328983,1,4.4,setisfactionMap(2023년 이전 스키마),33,32,97,,,,,,,,,,,,,,
AIG20210000328983,2,4.8,setisfactionMap(2023년 이전 스키마),18,13,72.2,,,,,,,,,,,,,,
AIG20210000328983,3,4.6,setisfactionMap(2023년 이전 스키마),26,18,69.2,,,,,,,,,,,,,,
AIG20210000328992,1,4.1,setisfactionMap(2023년 이전 스키마),25,22,88,,,,,,,,,,,,,,
AIG20210000328992,2,3.9,setisfactionMap(2023년 이전 스키마),34,23,67.6,,,,,,,,,,,,,,
AIG20210000328992,3,4.5,setisfactionMap(2023년 이전 스키마),26,17,65.4,,,,,,,,,,,,,,
AIG20210000328992,4,4.5,setisfactionMap(2023년 이전 스키마),20,16,80,,,,,,,,,,,,,,
AIG20210000328992,5,5.0,setisfactionMap(2023년 이전 스키마),7,3,42.9,,,,,,,,,,,,,,
AIG20210000328992,6,4.4,setisfactionMap(2023년 이전 스키마),9,8,88.9,,,,,,,,,,,,,,
AIG20210000328992,7,4.5,setisfactionMap(2023년 이전 스키마),6,4,66.7,,,,,,,,,,,,,,
AIG20210000329027,1,4.7,setisfactionMap(2023년 이전 스키마),25,24,96,,,,,,,,,,,,,,
AIG20210000329027,2,4.9,setisfactionMap(2023년 이전 스키마),25,24,96,,,,,,,,,,,,,,
AIG20210000329027,3,4.7,setisfactionMap(2023년 이전 스키마),25,24,96,,,,,,,,,,,,,,
AIG20210000329027,4,4.7,setisfactionMap(2023년 이전 스키마),25,23,92,,,,,,,,,,,,,,
AIG20210000329027,5,4.6,setisfactionMap(2023년 이전 스키마),25,24,96,,,,,,,,,,,,,,
AIG20210000329027,6,4.9,setisfactionMap(2023년 이전 스키마),25,22,88,,,,,,,,,,,,,,
AIG20210000329027,7,4.4,setisfactionMap(2023년 이전 스키마),23,22,95.7,,,,,,,,,,,,,,
AIG20210000329027,8,4.8,setisfactionMap(2023년 이전 스키마),24,24,100,,,,,,,,,,,,,,
AIG20210000329027,9,4.7,setisfactionMap(2023년 이전 스키마),25,23,92,,,,,,,,,,,,,,
AIG20210000329027,10,4.7,setisfactionMap(2023년 이전 스키마),25,19,76,,,,,,,,,,,,,,
AIG20210000329027,11,4.7,setisfactionMap(2023년 이전 스키마),24,19,79.2,,,,,,,,,,,,,,
AIG20210000329027,12,4.9,setisfactionMap(2023년 이전 스키마),25,15,60,,,,,,,,,,,,,,
AIG20210000329030,1,4.4,setisfactionMap(2023년 이전 스키마),20,16,80,,,,,,,,,,,,,,
AIG20210000329030,2,4.3,setisfactionMap(2023년 이전 스키마),17,11,64.7,,,,,,,,,,,,,,
AIG20210000329030,3,4.5,setisfactionMap(2023년 이전 스키마),19,14,73.7,,,,,,,,,,,,,,
AIG20210000329030,4,4.3,setisfactionMap(2023년 이전 스키마),16,15,93.8,,,,,,,,,,,,,,
AIG20210000329030,5,4.3,setisfactionMap(2023년 이전 스키마),17,14,82.4,,,,,,,,,,,,,,
AIG20210000329030,6,4.7,setisfactionMap(2023년 이전 스키마),12,7,58.3,,,,,,,,,,,,,,
AIG20210000329030,7,4.4,setisfactionMap(2023년 이전 스키마),15,15,100,,,,,,,,,,,,,,
AIG20210000329030,8,4.5,setisfactionMap(2023년 이전 스키마),23,11,47.8,,,,,,,,,,,,,,
AIG20210000329030,9,4.2,setisfactionMap(2023년 이전 스키마),21,18,85.7,,,,,,,,,,,,,,
AIG20210000329030,10,4.6,setisfactionMap(2023년 이전 스키마),27,21,77.8,,,,,,,,,,,,,,
AIG20210000329030,11,4.2,setisfactionMap(2023년 이전 스키마),23,13,56.5,,,,,,,,,,,,,,
AIG20210000329030,12,4.3,setisfactionMap(2023년 이전 스키마),26,19,73.1,,,,,,,,,,,,,,
AIG20210000329030,13,4.8,setisfactionMap(2023년 이전 스키마),24,18,75,,,,,,,,,,,,,,
AIG20210000329030,14,4.8,setisfactionMap(2023년 이전 스키마),16,14,87.5,,,,,,,,,,,,,,
AIG20210000329030,15,4.4,setisfactionMap(2023년 이전 스키마),21,19,90.5,,,,,,,,,,,,,,
AIG20210000329030,16,4.9,setisfactionMap(2023년 이전 스키마),20,17,85,,,,,,,,,,,,,,
AIG20210000329030,17,4.1,setisfactionMap(2023년 이전 스키마),16,14,87.5,,,,,,,,,,,,,,
AIG20210000329030,18,4.5,setisfactionMap(2023년 이전 스키마),16,14,87.5,,,,,,,,,,,,,,
AIG20210000329031,1,4.5,setisfactionMap(2023년 이전 스키마),21,13,61.9,,,,,,,,,,,,,,
AIG20210000329031,2,4.4,setisfactionMap(2023년 이전 스키마),24,17,70.8,,,,,,,,,,,,,,
AIG20210000329031,3,4.4,setisfactionMap(2023년 이전 스키마),15,12,80,,,,,,,,,,,,,,
AIG20210000329031,4,3.8,setisfactionMap(2023년 이전 스키마),6,5,83.3,,,,,,,,,,,,,,
AIG20210000329031,5,4.3,setisfactionMap(2023년 이전 스키마),10,7,70,,,,,,,,,,,,,,
AIG20210000329031,6,4.5,setisfactionMap(2023년 이전 스키마),25,22,88,,,,,,,,,,,,,,
AIG20210000329031,7,4.7,setisfactionMap(2023년 이전 스키마),26,21,80.8,,,,,,,,,,,,,,
AIG20210000329031,8,4.6,setisfactionMap(2023년 이전 스키마),25,20,80,,,,,,,,,,,,,,
AIG20210000329031,9,4.5,setisfactionMap(2023년 이전 스키마),24,22,91.7,,,,,,,,,,,,,,
AIG20210000329031,10,4.4,setisfactionMap(2023년 이전 스키마),26,15,57.7,,,,,,,,,,,,,,
AIG20210000329031,11,4.9,setisfactionMap(2023년 이전 스키마),23,16,69.6,,,,,,,,,,,,,,
AIG20210000329031,12,4.6,setisfactionMap(2023년 이전 스키마),17,14,82.4,,,,,,,,,,,,,,
AIG20210000329031,13,4.6,setisfactionMap(2023년 이전 스키마),28,22,78.6,,,,,,,,,,,,,,
AIG20210000329031,14,4.8,setisfactionMap(2023년 이전 스키마),17,12,70.6,,,,,,,,,,,,,,
AIG20210000329031,15,4.8,setisfactionMap(2023년 이전 스키마),16,14,87.5,,,,,,,,,,,,,,
AIG20210000329032,1,4.6,setisfactionMap(2023년 이전 스키마),21,21,100,,,,,,,,,,,,,,
AIG20210000329032,2,4.7,setisfactionMap(2023년 이전 스키마),17,16,94.1,,,,,,,,,,,,,,
AIG20210000329032,3,4.5,setisfactionMap(2023년 이전 스키마),17,17,100,,,,,,,,,,,,,,
AIG20210000329032,4,4.5,setisfactionMap(2023년 이전 스키마),21,21,100,,,,,,,,,,,,,,
AIG20210000329032,5,4.8,setisfactionMap(2023년 이전 스키마),19,19,100,,,,,,,,,,,,,,
AIG20210000329032,6,4.6,setisfactionMap(2023년 이전 스키마),20,20,100,,,,,,,,,,,,,,
AIG20210000329032,7,4.7,setisfactionMap(2023년 이전 스키마),18,16,88.9,,,,,,,,,,,,,,
AIG20210000329032,8,4.7,setisfactionMap(2023년 이전 스키마),18,17,94.4,,,,,,,,,,,,,,
AIG20210000329032,9,4.6,setisfactionMap(2023년 이전 스키마),17,16,94.1,,,,,,,,,,,,,,
AIG20210000329032,10,4.3,setisfactionMap(2023년 이전 스키마),18,17,94.4,,,,,,,,,,,,,,
AIG20210000329032,11,4.3,setisfactionMap(2023년 이전 스키마),19,18,94.7,,,,,,,,,,,,,,
AIG20210000329032,12,4.3,setisfactionMap(2023년 이전 스키마),13,13,100,,,,,,,,,,,,,,
AIG20210000329032,13,4.8,setisfactionMap(2023년 이전 스키마),20,20,100,,,,,,,,,,,,,,
AIG20210000329032,14,4.8,setisfactionMap(2023년 이전 스키마),21,20,95.2,,,,,,,,,,,,,,
AIG20210000329032,15,4.9,setisfactionMap(2023년 이전 스키마),21,21,100,,,,,,,,,,,,,,
AIG20210000329032,16,4.7,setisfactionMap(2023년 이전 스키마),20,19,95,,,,,,,,,,,,,,
AIG20210000329032,17,4.7,setisfactionMap(2023년 이전 스키마),20,19,95,,,,,,,,,,,,,,
AIG20210000329032,18,4.7,setisfactionMap(2023년 이전 스키마),18,18,100,,,,,,,,,,,,,,
AIG20210000329032,19,4.8,setisfactionMap(2023년 이전 스키마),20,18,90,,,,,,,,,,,,,,
AIG20210000329032,20,4.6,setisfactionMap(2023년 이전 스키마),21,20,95.2,,,,,,,,,,,,,,
AIG20210000329032,21,4.7,setisfactionMap(2023년 이전 스키마),18,16,88.9,,,,,,,,,,,,,,
AIG20210000329032,22,4.8,setisfactionMap(2023년 이전 스키마),16,14,87.5,,,,,,,,,,,,,,
AIG20210000329032,23,4.8,setisfactionMap(2023년 이전 스키마),19,17,89.5,,,,,,,,,,,,,,
AIG20210000329032,24,4.7,setisfactionMap(2023년 이전 스키마),19,18,94.7,,,,,,,,,,,,,,
AIG20210000329032,25,4.9,setisfactionMap(2023년 이전 스키마),19,18,94.7,,,,,,,,,,,,,,
AIG20210000329032,26,4.6,setisfactionMap(2023년 이전 스키마),18,18,100,,,,,,,,,,,,,,
AIG20210000329032,27,4.6,setisfactionMap(2023년 이전 스키마),19,18,94.7,,,,,,,,,,,,,,
AIG20210000329032,28,4.6,setisfactionMap(2023년 이전 스키마),18,16,88.9,,,,,,,,,,,,,,
AIG20210000329032,29,4.8,setisfactionMap(2023년 이전 스키마),18,17,94.4,,,,,,,,,,,,,,
AIG20210000329032,30,4.7,setisfactionMap(2023년 이전 스키마),20,19,95,,,,,,,,,,,,,,
AIG20210000329033,1,4.8,setisfactionMap(2023년 이전 스키마),24,20,83.3,,,,,,,,,,,,,,
AIG20210000329033,2,5.0,setisfactionMap(2023년 이전 스키마),24,20,83.3,,,,,,,,,,,,,,
AIG20210000329033,3,4.9,setisfactionMap(2023년 이전 스키마),25,22,88,,,,,,,,,,,,,,
AIG20210000329033,4,4.9,setisfactionMap(2023년 이전 스키마),25,22,88,,,,,,,,,,,,,,
AIG20210000329033,5,4.9,setisfactionMap(2023년 이전 스키마),25,15,60,,,,,,,,,,,,,,
AIG20210000329033,6,4.8,setisfactionMap(2023년 이전 스키마),25,19,76,,,,,,,,,,,,,,
AIG20210000329033,7,5.0,setisfactionMap(2023년 이전 스키마),24,18,75,,,,,,,,,,,,,,
AIG20210000329033,8,4.7,setisfactionMap(2023년 이전 스키마),23,18,78.3,,,,,,,,,,,,,,
AIG20210000329033,9,4.8,setisfactionMap(2023년 이전 스키마),23,18,78.3,,,,,,,,,,,,,,
AIG20210000329033,10,4.9,setisfactionMap(2023년 이전 스키마),23,14,60.9,,,,,,,,,,,,,,
AIG20210000329033,11,4.9,setisfactionMap(2023년 이전 스키마),23,15,65.2,,,,,,,,,,,,,,
AIG20210000329033,12,5.0,setisfactionMap(2023년 이전 스키마),29,24,82.8,,,,,,,,,,,,,,
AIG20210000329033,13,4.8,setisfactionMap(2023년 이전 스키마),29,17,58.6,,,,,,,,,,,,,,
AIG20210000329033,14,4.9,setisfactionMap(2023년 이전 스키마),20,8,40,,,,,,,,,,,,,,
AIG20210000329033,15,4.9,setisfactionMap(2023년 이전 스키마),25,18,72,,,,,,,,,,,,,,
AIG20210000329033,16,4.9,setisfactionMap(2023년 이전 스키마),24,18,75,,,,,,,,,,,,,,
AIG20210000329033,17,4.8,setisfactionMap(2023년 이전 스키마),23,18,78.3,,,,,,,,,,,,,,
AIG20210000329033,18,4.9,setisfactionMap(2023년 이전 스키마),26,14,53.8,,,,,,,,,,,,,,
AIG20210000329033,19,4.9,setisfactionMap(2023년 이전 스키마),26,23,88.5,,,,,,,,,,,,,,
AIG20210000329033,20,4.9,setisfactionMap(2023년 이전 스키마),25,15,60,,,,,,,,,,,,,,
AIG20210000329033,21,5.0,setisfactionMap(2023년 이전 스키마),24,18,75,,,,,,,,,,,,,,
AIG20210000329033,22,4.8,setisfactionMap(2023년 이전 스키마),23,17,73.9,,,,,,,,,,,,,,
AIG20210000329033,23,4.9,setisfactionMap(2023년 이전 스키마),25,15,60,,,,,,,,,,,,,,
AIG20210000329033,24,4.9,setisfactionMap(2023년 이전 스키마),24,14,58.3,,,,,,,,,,,,,,
AIG20210000329033,25,4.9,setisfactionMap(2023년 이전 스키마),22,22,100,,,,,,,,,,,,,,
AIG20210000329033,26,4.9,setisfactionMap(2023년 이전 스키마),22,21,95.5,,,,,,,,,,,,,,
AIG20210000329033,27,4.8,setisfactionMap(2023년 이전 스키마),23,22,95.7,,,,,,,,,,,,,,
AIG20210000329033,28,5.0,setisfactionMap(2023년 이전 스키마),23,20,87,,,,,,,,,,,,,,
AIG20210000329033,29,4.9,setisfactionMap(2023년 이전 스키마),25,24,96,,,,,,,,,,,,,,
AIG20210000329033,30,4.9,setisfactionMap(2023년 이전 스키마),22,19,86.4,,,,,,,,,,,,,,
AIG20210000329033,31,4.7,setisfactionMap(2023년 이전 스키마),23,19,82.6,,,,,,,,,,,,,,
AIG20210000329033,32,5.0,setisfactionMap(2023년 이전 스키마),22,21,95.5,,,,,,,,,,,,,,
AIG20210000329033,33,5.0,setisfactionMap(2023년 이전 스키마),21,17,81,,,,,,,,,,,,,,
AIG20210000329033,34,4.9,setisfactionMap(2023년 이전 스키마),18,15,83.3,,,,,,,,,,,,,,
AIG20210000329033,35,4.8,setisfactionMap(2023년 이전 스키마),18,11,61.1,,,,,,,,,,,,,,
AIG20210000329033,36,4.9,setisfactionMap(2023년 이전 스키마),28,13,46.4,,,,,,,,,,,,,,
AIG20210000329033,37,4.7,setisfactionMap(2023년 이전 스키마),25,22,88,,,,,,,,,,,,,,
AIG20210000329033,38,4.9,setisfactionMap(2023년 이전 스키마),26,12,46.2,,,,,,,,,,,,,,
AIG20210000329033,39,4.9,setisfactionMap(2023년 이전 스키마),21,15,71.4,,,,,,,,,,,,,,
AIG20210000329033,40,5.0,setisfactionMap(2023년 이전 스키마),20,15,75,,,,,,,,,,,,,,
AIG20210000329033,41,4.9,setisfactionMap(2023년 이전 스키마),21,17,81,,,,,,,,,,,,,,
AIG20210000329033,42,4.8,setisfactionMap(2023년 이전 스키마),26,24,92.3,,,,,,,,,,,,,,
AIG20210000329033,43,5.0,setisfactionMap(2023년 이전 스키마),26,24,92.3,,,,,,,,,,,,,,
AIG20210000329033,44,4.8,setisfactionMap(2023년 이전 스키마),22,11,50,,,,,,,,,,,,,,
AIG20210000329033,45,4.9,setisfactionMap(2023년 이전 스키마),24,22,91.7,,,,,,,,,,,,,,
AIG20210000329033,46,5.0,setisfactionMap(2023년 이전 스키마),23,19,82.6,,,,,,,,,,,,,,
AIG20210000329033,47,4.9,setisfactionMap(2023년 이전 스키마),21,15,71.4,,,,,,,,,,,,,,
AIG20210000329033,48,4.7,setisfactionMap(2023년 이전 스키마),23,15,65.2,,,,,,,,,,,,,,
AIG20240000459335,1,4.8,전반적 만족도,11,9,81.8,8,9,4.8,4.5,,4.6,,4.6,4.8,4.6,4.4,4.4,,4.4
AIG20240000459335,2,4.3,전반적 만족도,15,14,93.3,13,14,4.3,4.2,,4.5,,4.5,4.6,4.5,4.43,4.4,4.3,4.4
AIG20240000459335,3,4.1,전반적 만족도,18,18,100,16,18,4.1,4.1,,4.3,,4.3,4.4,4.4,4.23,4.2,5.0,4.2
AIG20240000459335,4,4.3,전반적 만족도,13,11,84.6,10,11,4.3,4.6,,4.8,,4.5,4.5,4.3,4.33,4.5,2.9,4.4
AIG20240000459335,5,4.3,전반적 만족도,36,30,83.3,29,30,4.3,4.4,,4.5,,4.4,4.4,4.4,4.27,4.3,4.3,4.4
AIG20240000459335,6,4.4,전반적 만족도,27,24,88.9,21,24,4.4,4.2,,4.5,,4.5,4.6,4.5,4.33,4.3,,4.5
AIG20240000459335,7,4.1,전반적 만족도,37,36,97.3,27,36,4.1,3.9,,4.4,,4.1,4.2,4.1,4.17,3.9,4.3,4.1
AIG20240000459335,8,4.2,전반적 만족도,9,6,66.7,6,6,4.2,4.4,,4.0,,4.3,4.0,4.3,4.13,3.8,4.3,4.3
AIG20240000459335,9,4.3,전반적 만족도,30,27,90,25,27,4.3,4.3,,4.7,,4.5,4.5,4.3,4.27,4.2,3.6,4.3
AIG20240000459335,10,3.6,전반적 만족도,31,27,87.1,18,27,3.6,3.7,,4.0,,3.8,3.7,3.8,3.73,3.4,3.6,3.6
AIG20240000459335,11,4.5,전반적 만족도,29,26,89.7,26,26,4.5,4.6,,4.9,,4.6,4.7,4.6,4.7,4.6,4.6,4.6
AIG20240000459335,12,4.4,전반적 만족도,23,20,87,16,20,4.4,4.3,,4.4,,4.5,4.4,4.4,4.33,4.1,4.4,4.4
AIG20240000459335,13,4.5,전반적 만족도,44,39,88.6,37,39,4.5,4.5,,4.7,,4.5,4.6,4.6,4.4,4.5,3.6,4.6
AIG20240000459335,14,4.5,전반적 만족도,19,17,89.5,17,17,4.5,4.6,,4.8,,4.6,4.6,4.5,4.53,4.6,3.6,4.6
AIG20240000459335,15,4.1,전반적 만족도,12,7,58.3,6,7,4.1,3.7,,4.5,,3.8,3.7,4.3,3.7,3.2,3.6,3.9
AIG20240000459336,1,4.2,전반적 만족도,24,11,45.8,10,11,4.2,3.8,,4.2,,4.0,4.1,4.0,3.9,3.8,2.1,3.9
AIG20240000459336,2,3.8,전반적 만족도,19,14,73.7,11,14,3.8,4.0,,4.2,,3.9,4.1,4.1,4.07,3.9,,4.2
AIG20240000459336,3,3.7,전반적 만족도,34,29,85.3,19,29,3.7,4.0,,4.1,,3.8,3.9,4.0,3.8,3.5,4.5,4.0
AIG20240000459339,1,4.0,전반적 만족도,29,26,89.7,23,26,4.0,3.8,,3.5,,3.8,3.7,4.0,3.87,3.9,4.0,3.7
AIG20240000459339,2,3.6,전반적 만족도,35,31,88.6,24,31,3.6,3.6,,3.6,,3.6,3.8,3.9,3.83,3.7,2.9,3.6
AIG20240000459339,3,4.4,전반적 만족도,30,25,83.3,25,25,4.4,4.3,,4.1,,4.4,4.4,4.5,4.37,4.2,5.0,4.3
AIG20240000459339,4,4.5,전반적 만족도,30,24,80,24,24,4.5,4.3,,4.6,,4.4,4.5,4.6,4.3,4.4,5.0,4.2
AIG20240000459339,5,3.9,전반적 만족도,17,12,70.6,11,12,3.9,4.0,,3.8,,4.1,4.0,4.3,4.13,3.7,2.9,3.8
AIG20240000459339,6,4.3,전반적 만족도,10,7,70,4,7,4.3,4.5,,4.6,,4.6,4.4,4.6,4.4,4.0,,4.5
AIG20240000459345,1,4.3,전반적 만족도,6,6,100,5,6,4.3,4.3,,4.4,,4.0,3.8,4.5,3.63,4.0,4.3,3.9
AIG20240000459347,1,4.3,전반적 만족도,6,5,83.3,4,5,4.3,4.4,,4.4,,4.4,4.3,4.1,4.07,4.1,5.0,4.5
AIG20240000459347,2,4.8,전반적 만족도,7,6,85.7,6,6,4.8,4.8,,4.8,,4.7,5.0,4.8,4.8,4.8,4.5,4.8
AIG20240000459351,1,3.3,전반적 만족도,30,22,73.3,14,22,3.3,3.5,,3.6,,3.3,3.6,3.8,3.67,3.2,3.3,3.6
AIG20240000459351,2,4.4,전반적 만족도,30,21,70,20,21,4.4,4.4,,4.5,,4.4,4.5,4.6,4.2,4.2,,4.4
AIG20240000459351,3,3.9,전반적 만족도,32,22,68.8,18,22,3.9,3.8,,4.2,,4.1,4.2,4.1,4.0,3.9,,4.1
AIG20240000459351,4,4.1,전반적 만족도,22,20,90.9,17,20,4.1,3.7,,4.5,,4.1,4.3,4.1,4.1,3.9,4.0,4.2
AIG20240000459351,5,4.2,전반적 만족도,37,31,83.8,27,31,4.2,3.9,,4.5,,4.2,4.3,4.0,4.03,4.0,4.2,4.3
AIG20240000459352,1,4.3,전반적 만족도,29,18,62.1,14,18,4.3,4.4,,4.4,,4.2,4.2,4.4,4.07,4.2,,4.2
AIG20240000459352,2,2.1,전반적 만족도,22,19,86.4,6,19,2.1,2.7,,2.3,,2.2,2.4,3.0,2.27,1.8,2.9,2.1
AIG20240000459352,3,4.4,전반적 만족도,30,23,76.7,20,23,4.4,4.3,,4.4,,4.2,4.3,4.0,4.3,4.3,4.3,4.3
AIG20240000459352,4,4.4,전반적 만족도,25,21,84,18,21,4.4,4.5,,4.3,,4.2,4.4,4.5,4.33,4.3,,4.1
AIG20240000459352,5,4.4,전반적 만족도,29,22,75.9,21,22,4.4,4.1,,4.5,,4.2,4.3,3.8,3.93,4.1,4.3,4.1
AIG20240000459352,6,4.7,전반적 만족도,19,17,89.5,17,17,4.7,4.6,,4.7,,4.6,4.8,4.4,4.73,4.7,4.3,4.7
AIG20240000459356,1,2.8,전반적 만족도,20,13,65,4,13,2.8,3.5,,3.4,,3.1,3.2,3.1,3.0,2.9,3.6,3.2
AIG20240000459356,3,3.8,전반적 만족도,17,12,70.6,9,12,3.8,4.0,,4.0,,3.8,4.0,4.3,3.97,3.7,3.9,3.9
AIG20240000459356,4,4.0,전반적 만족도,5,5,100,4,5,4.0,3.7,,4.1,,4.0,3.9,3.7,3.83,4.0,5.0,3.9
AIG20240000459356,6,4.7,전반적 만족도,9,5,55.6,5,5,4.7,4.4,,4.7,,4.5,4.6,4.7,4.67,4.4,,4.7
AIG20240000459356,7,4.2,전반적 만족도,13,9,69.2,8,9,4.2,4.2,,4.2,,4.2,4.2,4.2,4.03,4.1,,4.1
AIG20240000459356,9,2.1,전반적 만족도,15,3,20,1,3,2.1,3.1,,2.5,,2.3,2.1,3.3,2.1,2.1,,2.5
AIG20240000459357,1,3.7,전반적 만족도,40,30,75,21,30,3.7,3.8,,3.7,,3.7,3.9,4.1,4.0,3.4,3.6,3.5
AIG20240000459357,2,2.9,전반적 만족도,23,16,69.6,5,16,2.9,3.3,,2.9,,2.9,3.0,3.3,3.17,2.6,3.2,3.0
AIG20240000459357,3,4.8,전반적 만족도,38,26,68.4,24,26,4.8,4.7,,4.9,,4.8,4.8,4.8,4.8,4.6,4.7,4.9
AIG20240000459357,4,4.0,전반적 만족도,9,7,77.8,4,7,4.0,4.4,,4.2,,3.9,4.1,4.0,4.13,3.4,,4.0
AIG20240000459357,5,4.2,전반적 만족도,12,9,75,8,9,4.2,4.7,,4.5,,4.2,4.4,4.4,4.57,3.5,3.6,4.4
AIG20240000459357,6,4.0,전반적 만족도,8,5,62.5,3,5,4.0,3.7,,4.9,,3.7,4.5,3.6,4.1,3.6,2.9,4.1
AIG20240000459357,8,4.3,전반적 만족도,8,7,87.5,6,7,4.3,4.5,,4.6,,4.4,4.3,4.7,4.07,4.4,,4.3
AIG20240000459357,9,4.1,전반적 만족도,22,14,63.6,12,14,4.1,4.2,,4.4,,4.3,4.3,4.4,4.13,4.0,,4.4
AIG20240000459358,1,4.0,전반적 만족도,33,19,57.6,17,19,4.0,4.3,,4.2,,4.0,3.9,4.2,4.0,3.8,3.2,4.0
AIG20240000459358,3,4.0,전반적 만족도,16,9,56.3,9,9,4.0,4.4,,4.5,,4.2,4.3,4.3,4.0,4.0,,4.1
AIG20240000459358,4,4.3,전반적 만족도,7,5,71.4,5,5,4.3,4.3,,4.6,,4.4,4.6,4.3,4.27,4.1,,4.1
AIG20240000459358,5,4.5,전반적 만족도,12,12,100,11,12,4.5,4.4,,4.6,,4.5,4.6,4.6,4.4,4.3,5.0,4.5
AIG20240000459358,6,3.9,전반적 만족도,6,4,66.7,3,4,3.9,3.6,,3.3,,4.1,4.3,4.1,4.0,4.1,4.3,3.8
AIG20240000459358,7,4.6,전반적 만족도,8,4,50,4,4,4.6,4.6,,4.7,,4.7,5.0,4.6,4.73,4.8,4.6,4.7
AIG20240000459358,9,4.0,전반적 만족도,14,11,78.6,8,11,4.0,4.2,,4.4,,4.2,4.1,4.1,3.73,3.8,4.3,4.2
AIG20240000459359,1,3.8,전반적 만족도,23,16,69.6,12,16,3.8,4.0,,3.9,,3.9,4.1,4.0,3.67,3.8,3.9,3.9
AIG20240000459359,2,4.3,전반적 만족도,21,15,71.4,12,15,4.3,4.3,,4.6,,4.5,4.5,4.5,4.17,4.2,3.2,4.5
AIG20240000459360,1,4.2,전반적 만족도,9,8,88.9,7,8,4.2,4.2,,4.3,,4.2,4.3,4.6,4.37,4.3,2.9,4.4
AIG20240000459360,2,4.8,전반적 만족도,16,12,75,12,12,4.8,4.6,,4.8,,4.6,4.7,4.6,4.57,4.6,5.0,4.6
AIG20240000459360,3,4.9,전반적 만족도,11,10,90.9,10,10,4.9,4.9,,4.9,,4.9,4.9,4.7,4.8,5.0,5.0,4.9
AIG20240000459360,4,3.9,전반적 만족도,7,7,100,4,7,3.9,3.8,,3.6,,3.4,3.5,4.0,3.13,3.2,,3.4
AIG20240000459360,5,4.5,전반적 만족도,11,9,81.8,8,9,4.5,4.5,,4.8,,4.5,4.5,3.9,4.1,4.1,2.9,4.1
AIG20240000459360,6,4.4,전반적 만족도,12,8,66.7,8,8,4.4,4.4,,3.8,,4.4,4.5,4.5,4.1,4.4,,3.8
AIG20240000459360,7,4.3,전반적 만족도,10,8,80,6,8,4.3,3.2,,4.4,,4.3,4.4,3.6,4.2,4.0,4.3,4.0
AIG20240000459360,9,5.0,전반적 만족도,6,4,66.7,4,4,5.0,5.0,,5.0,,4.7,4.3,4.6,4.3,4.3,,4.9
AIG20240000459363,1,4.6,전반적 만족도,16,14,87.5,13,14,4.6,4.7,,4.7,,4.6,4.7,4.7,4.57,4.6,5.0,4.7
AIG20240000459365,2,5.0,전반적 만족도,5,2,40,2,2,5.0,5.0,,5.0,,5.0,5.0,5.0,4.27,5.0,,5.0
AIG20240000459366,1,3.6,전반적 만족도,29,20,69,13,20,3.6,4.0,,3.8,,3.5,3.8,3.5,3.73,3.4,3.9,3.8
AIG20240000459366,2,3.0,전반적 만족도,28,22,78.6,11,22,3.0,3.1,,2.7,,2.6,2.9,3.3,3.03,3.0,2.1,2.8
AIG20240000459366,3,4.6,전반적 만족도,24,23,95.8,21,23,4.6,4.5,,4.5,,4.4,4.6,4.5,4.5,4.6,3.6,4.5
AIG20240000459366,4,3.0,전반적 만족도,27,20,74.1,11,20,3.0,2.8,,3.1,,3.0,3.0,2.9,2.8,2.9,,2.8
AIG20240000459366,5,3.2,전반적 만족도,26,19,73.1,13,19,3.2,3.2,,3.5,,3.2,3.2,3.0,3.17,3.0,3.0,3.3
AIG20240000459366,6,3.7,전반적 만족도,25,19,76,15,19,3.7,3.1,,4.0,,3.5,3.4,3.2,3.57,3.5,3.1,3.8
AIG20240000459366,7,3.4,전반적 만족도,20,14,70,9,14,3.4,3.1,,3.6,,3.2,3.5,3.6,3.07,3.2,3.2,3.5
AIG20240000459368,1,3.4,전반적 만족도,39,5,12.8,5,5,3.4,4.0,,3.8,,3.2,,3.9,3.2,3.7,4.1,3.4
AIG20240000459368,2,3.8,전반적 만족도,35,10,28.6,7,10,3.8,3.4,,4.1,,3.6,,4.0,4.0,3.6,3.6,4.0
AIG20240000459368,4,3.9,전반적 만족도,29,5,17.2,5,5,3.9,4.3,,4.6,,4.0,,4.1,4.0,4.3,3.9,4.4
AIG20240000459368,5,3.4,전반적 만족도,39,16,41,11,16,3.4,3.2,,4.0,,3.1,,3.5,3.55,3.3,3.6,3.8
AIG20240000459368,6,2.6,전반적 만족도,36,6,16.7,3,6,2.6,2.9,,3.5,,2.0,,2.9,3.1,2.5,3.7,2.9
AIG20240000459368,7,2.9,전반적 만족도,29,4,13.8,2,4,2.9,3.4,,3.9,,2.5,,3.0,2.6,2.9,3.2,3.3
AIG20240000459368,8,3.9,전반적 만족도,12,9,75,6,9,3.9,4.0,,4.8,,4.0,,4.7,3.75,3.3,3.8,4.3
AIG20240000459368,9,4.0,전반적 만족도,19,8,42.1,5,8,4.0,3.7,,4.1,,3.6,3.6,4.0,3.73,3.8,3.5,4.0
AIG20240000459368,10,3.1,전반적 만족도,16,3,18.8,2,3,3.1,4.0,,4.0,,3.3,,3.7,3.8,2.6,3.1,3.9
AIG20240000459369,1,3.7,전반적 만족도,20,15,75,15,15,3.7,4.0,,3.8,,3.4,4.0,3.5,4.03,3.9,,3.7
AIG20240000459370,1,4.0,전반적 만족도,41,11,26.8,9,11,4.0,4.4,,4.4,,3.9,,4.3,4.25,3.9,4.2,4.4
AIG20240000459370,2,4.1,전반적 만족도,37,10,27,10,10,4.1,4.4,,4.5,,4.1,,4.1,4.05,4.2,4.4,4.3
AIG20240000459370,3,4.3,전반적 만족도,30,4,13.3,3,4,4.3,4.6,,4.5,,4.2,,4.3,4.6,4.1,4.5,4.6
AIG20240000459370,4,1.4,전반적 만족도,40,1,2.5,0,1,1.4,2.1,,1.4,,1.7,,1.1,0.7,0.7,1.4,1.4
AIG20240000459371,1,4.8,전반적 만족도,9,9,100,9,9,4.8,4.8,,4.9,,4.7,4.9,4.9,4.63,4.7,,4.8
AIG20240000459371,2,4.6,전반적 만족도,7,6,85.7,6,6,4.6,5.0,,5.0,,4.8,4.5,5.0,4.9,5.0,4.5,4.9
AIG20240000459374,1,4.8,전반적 만족도,18,18,100,17,18,4.8,4.7,,4.9,,4.8,4.7,4.9,4.77,4.8,,4.8
AIG20240000459374,2,4.4,전반적 만족도,23,19,82.6,17,19,4.4,4.5,,4.6,,4.5,4.5,4.6,4.2,4.2,5.0,4.5
AIG20240000459374,3,5.0,전반적 만족도,25,22,88,22,22,5.0,5.0,,5.0,,5.0,5.0,5.0,4.83,5.0,5.0,5.0
AIG20240000459374,4,4.5,전반적 만족도,16,14,87.5,14,14,4.5,4.6,,4.6,,4.6,4.5,4.6,4.3,4.6,,4.5
AIG20240000459374,5,4.6,전반적 만족도,14,11,78.6,10,11,4.6,4.7,,4.7,,4.6,4.6,4.7,4.7,4.8,,4.7
AIG20240000459374,6,4.7,전반적 만족도,11,8,72.7,8,8,4.7,4.6,,4.7,,4.6,4.7,4.7,4.57,4.6,,4.7
AIG20240000459374,7,4.8,전반적 만족도,15,11,73.3,11,11,4.8,4.6,,4.8,,4.6,4.8,4.8,4.3,4.7,5.0,4.7
AIG20240000459374,8,4.8,전반적 만족도,19,17,89.5,16,17,4.8,4.7,,4.8,,4.7,4.9,4.8,4.57,4.7,,4.8
AIG20240000459374,9,4.9,전반적 만족도,17,14,82.4,14,14,4.9,4.9,,5.0,,4.9,4.9,4.9,4.93,4.9,5.0,5.0
AIG20240000459381,1,3.9,전반적 만족도,30,15,50,13,15,3.9,3.8,,4.2,,3.7,,4.3,4.0,3.9,3.7,4.0
AIG20240000459381,2,4.9,전반적 만족도,30,9,30,9,9,4.9,4.8,,5.0,,4.7,,5.0,4.85,4.9,4.7,4.8
AIG20240000459381,3,4.9,전반적 만족도,30,11,36.7,10,11,4.9,4.7,,4.9,,4.7,,4.7,4.85,4.7,4.7,4.7
AIG20240000459381,4,4.8,전반적 만족도,30,8,26.7,8,8,4.8,4.6,,4.7,,4.6,,4.8,4.85,4.8,4.6,4.6
AIG20240000459386,1,4.8,전반적 만족도,12,11,91.7,11,11,4.8,4.3,,4.9,,4.8,4.8,4.8,4.83,4.8,,5.0
AIG20240000459386,2,4.7,전반적 만족도,8,8,100,8,8,4.7,4.3,,4.8,,4.8,4.7,4.6,4.53,4.7,,4.7
AIG20240000459386,3,4.8,전반적 만족도,46,45,97.8,45,45,4.8,4.6,,4.9,,4.7,4.8,4.7,4.6,4.7,4.3,4.7
AIG20240000459389,1,4.8,전반적 만족도,18,17,94.4,17,17,4.8,4.9,,5.0,,4.8,4.9,4.9,4.77,4.8,5.0,4.9
AIG20240000459389,2,4.9,전반적 만족도,12,10,83.3,10,10,4.9,5.0,,5.0,,5.0,4.9,4.9,5.0,5.0,,5.0
AIG20240000459389,3,4.6,전반적 만족도,15,14,93.3,13,14,4.6,4.9,,4.6,,4.7,4.5,4.7,4.8,4.6,,4.8
AIG20240000459389,4,4.5,전반적 만족도,17,14,82.4,12,14,4.5,4.5,,4.7,,4.4,4.6,4.2,4.2,4.5,5.0,4.4
AIG20240000459389,5,4.6,전반적 만족도,19,19,100,18,19,4.6,4.7,,4.7,,4.5,4.8,4.7,4.27,4.4,4.3,4.6
AIG20240000459389,6,4.6,전반적 만족도,20,17,85,17,17,4.6,4.6,,4.6,,4.5,4.7,4.3,4.5,4.5,5.0,4.5
AIG20240000459389,7,4.6,전반적 만족도,25,23,92,22,23,4.6,4.6,,4.7,,4.5,4.6,4.6,4.53,4.6,,4.6
AIG20240000459389,8,4.4,전반적 만족도,14,10,71.4,9,10,4.4,4.4,,4.6,,4.2,4.4,4.3,4.2,4.4,,4.4
AIG20240000459389,9,4.7,전반적 만족도,15,15,100,14,15,4.7,4.9,,4.6,,4.4,4.6,4.6,4.73,4.7,5.0,4.6
AIG20240000459389,10,4.6,전반적 만족도,23,22,95.7,20,22,4.6,4.7,,4.9,,4.6,4.8,4.4,4.47,4.5,5.0,4.6
AIG20240000459389,11,4.9,전반적 만족도,11,10,90.9,10,10,4.9,5.0,,5.0,,4.8,4.8,4.9,4.7,4.9,,5.0
AIG20240000459389,12,4.3,전반적 만족도,10,8,80,6,8,4.3,4.1,,4.3,,4.3,4.4,4.2,4.17,4.2,,4.3
AIG20240000459389,13,4.6,전반적 만족도,16,13,81.3,13,13,4.6,4.6,,4.7,,4.6,4.5,4.7,4.5,4.6,,4.6
AIG20240000459389,14,4.1,전반적 만족도,11,7,63.6,7,7,4.1,3.9,,4.2,,4.0,4.1,3.9,4.13,3.9,,3.8
AIG20240000459389,15,4.7,전반적 만족도,12,8,66.7,8,8,4.7,4.4,,4.9,,4.6,4.9,4.4,4.5,4.6,4.8,4.9
AIG20240000459390,1,3.6,전반적 만족도,52,48,92.3,39,48,3.6,3.8,,4.1,,3.8,3.7,3.6,3.97,3.9,4.8,3.5
AIG20240000459390,2,3.8,전반적 만족도,58,53,91.4,44,53,3.8,4.0,,4.0,,4.0,4.0,3.9,4.03,3.9,4.4,3.6
AIG20240000459390,3,4.4,전반적 만족도,56,48,85.7,46,48,4.4,4.3,,4.4,,4.4,4.5,4.3,4.37,4.3,3.9,4.2
AIG20240000459390,4,4.2,전반적 만족도,92,80,87,68,80,4.2,4.0,,4.6,,4.2,4.5,4.2,4.2,3.9,3.9,3.8
AIG20240000459390,5,4.5,전반적 만족도,56,44,78.6,44,44,4.5,4.5,,4.7,,4.6,4.6,4.4,4.47,4.4,,4.5
AIG20240000459390,6,4.6,전반적 만족도,48,39,81.3,36,39,4.6,4.5,,4.8,,4.5,4.7,4.3,4.53,4.4,4.5,4.4
AIG20240000459390,7,4.6,전반적 만족도,51,44,86.3,42,44,4.6,4.5,,4.8,,4.6,4.6,4.5,4.5,4.5,5.0,4.4
AIG20240000459390,8,4.6,전반적 만족도,68,58,85.3,55,58,4.6,4.5,,4.8,,4.5,4.7,4.5,4.47,4.5,4.8,4.5
AIG20240000459390,9,4.7,전반적 만족도,62,49,79,48,49,4.7,4.7,,4.8,,4.7,4.7,4.7,4.67,4.6,4.9,4.7
AIG20240000459390,10,4.7,전반적 만족도,28,24,85.7,24,24,4.7,4.6,,4.8,,4.7,4.7,4.5,4.53,4.5,5.0,4.5
AIG20240000459390,11,4.3,전반적 만족도,63,55,87.3,51,55,4.3,4.3,,4.6,,4.4,4.4,4.4,4.33,4.2,3.9,4.3
AIG20240000459391,1,3.4,전반적 만족도,49,46,93.9,29,46,3.4,3.9,,3.5,,3.5,3.6,3.6,3.67,3.3,3.6,3.2
AIG20240000459391,2,2.8,전반적 만족도,41,35,85.4,19,35,2.8,3.1,,2.8,,2.8,3.1,2.7,3.2,2.7,3.2,2.5
AIG20240000459391,3,4.3,전반적 만족도,32,31,96.9,30,31,4.3,4.0,,4.7,,4.2,4.4,4.1,4.17,4.2,3.4,3.8
AIG20240000459391,4,4.6,전반적 만족도,23,20,87,19,20,4.6,4.3,,4.7,,4.6,4.7,4.5,4.57,4.4,4.3,4.4
AIG20240000459391,5,4.5,전반적 만족도,38,34,89.5,33,34,4.5,4.4,,4.7,,4.5,4.6,4.3,4.37,4.4,5.0,4.3
AIG20240000459391,6,4.8,전반적 만족도,31,24,77.4,24,24,4.8,4.4,,5.0,,4.7,4.8,4.7,4.57,4.5,4.8,4.5
AIG20240000459391,7,4.3,전반적 만족도,22,17,77.3,15,17,4.3,4.5,,4.6,,4.4,4.5,4.4,4.33,4.2,4.3,4.1
AIG20240000459392,1,4.8,전반적 만족도,19,16,84.2,16,16,4.8,4.8,,4.8,,4.8,5.0,4.7,4.87,4.9,,4.9
AIG20240000459392,2,5.0,전반적 만족도,18,2,11.1,2,2,5.0,5.0,,4.3,,4.4,5.0,3.9,4.77,5.0,5.0,4.5
AIG20240000459393,2,4.4,전반적 만족도,13,10,76.9,10,10,4.4,4.5,,4.3,,4.6,4.4,4.9,4.4,4.0,5.0,4.6
AIG20240000459397,1,4.8,전반적 만족도,20,20,100,19,20,4.8,4.8,,4.8,,4.7,4.7,4.6,4.73,4.7,5.0,4.8
AIG20240000459397,3,4.9,전반적 만족도,16,12,75,12,12,4.9,4.8,,5.0,,4.9,4.8,4.9,4.87,4.9,5.0,5.0
AIG20240000459397,4,4.6,전반적 만족도,29,26,89.7,25,26,4.6,4.4,,4.5,,4.5,4.6,4.3,4.6,4.6,4.8,4.5
AIG20240000459397,5,4.4,전반적 만족도,20,17,85,16,17,4.4,4.5,,4.7,,4.4,4.5,4.4,4.47,4.5,3.6,4.6
AIG20240000459397,6,4.6,전반적 만족도,19,17,89.5,17,17,4.6,4.7,,4.7,,4.6,4.7,4.6,4.63,4.6,4.3,4.5
AIG20240000459397,7,4.5,전반적 만족도,17,15,88.2,15,15,4.5,4.5,,4.7,,4.6,4.5,4.5,4.57,4.6,5.0,4.7
AIG20240000459397,9,4.2,전반적 만족도,14,14,100,12,14,4.2,4.2,,4.5,,4.4,4.2,4.1,4.2,4.1,,4.4
AIG20240000459397,10,3.5,전반적 만족도,14,13,92.9,11,13,3.5,3.5,,3.7,,3.3,3.5,3.9,3.77,3.1,4.3,3.7
AIG20240000459399,1,4.4,전반적 만족도,8,5,62.5,3,5,4.4,4.7,,4.4,,4.4,4.5,4.9,4.7,4.3,5.0,4.4
AIG20240000459402,1,5.0,전반적 만족도,12,10,83.3,10,10,5.0,5.0,,5.0,,5.0,5.0,5.0,5.0,5.0,,5.0
AIG20240000459402,2,5.0,전반적 만족도,16,12,75,12,12,5.0,4.9,,5.0,,5.0,5.0,5.0,4.9,5.0,5.0,5.0
AIG20240000459402,3,4.1,전반적 만족도,14,9,64.3,8,9,4.1,4.1,,4.1,,4.1,4.2,4.4,3.87,4.0,5.0,3.9
AIG20240000459402,4,5.0,전반적 만족도,20,17,85,16,17,5.0,4.9,,4.9,,4.9,5.0,4.9,4.87,4.9,5.0,4.9
AIG20240000459402,5,3.2,전반적 만족도,13,7,53.8,3,7,3.2,3.4,,3.0,,3.0,3.3,3.5,2.93,2.9,3.6,3.2
AIG20240000459402,6,4.7,전반적 만족도,10,8,80,8,8,4.7,4.7,,4.7,,4.7,4.7,4.9,4.63,4.5,,4.6
AIG20240000459403,1,4.6,전반적 만족도,9,8,88.9,8,8,4.6,4.2,,4.8,,4.3,4.2,4.3,4.13,4.4,5.0,4.5
AIG20240000459404,1,1.5,전반적 만족도,13,6,46.2,0,6,1.5,1.9,,1.3,,1.5,1.8,2.2,1.93,1.7,,1.2
AIG20240000459406,1,4.0,전반적 만족도,10,3,30,2,3,4.0,3.1,,4.3,,4.0,4.0,3.9,4.03,3.3,,3.8
AIG20240000459406,2,3.9,전반적 만족도,11,5,45.5,4,5,3.9,3.9,,4.3,,3.9,4.1,3.5,4.1,4.0,,4.1
AIG20240000459406,3,4.4,전반적 만족도,6,5,83.3,5,5,4.4,4.0,,4.5,,4.3,4.3,4.4,4.03,4.0,,4.6
AIG20240000459406,4,2.9,전반적 만족도,18,11,61.1,5,11,2.9,2.6,,3.7,,3.1,3.2,2.9,2.9,2.7,0.7,3.4
AIG20240000459406,5,4.3,전반적 만족도,7,7,100,5,7,4.3,4.2,,4.4,,4.0,4.1,3.8,3.8,4.1,,4.3
AIG20240000459408,1,4.1,전반적 만족도,40,7,17.5,7,7,4.1,4.0,,4.3,,4.0,,4.2,4.2,4.0,4.2,4.2
AIG20240000459408,2,4.2,전반적 만족도,36,8,22.2,7,8,4.2,4.2,,4.3,,4.1,,4.3,3.9,3.8,4.0,4.2
AIG20240000459408,3,4.1,전반적 만족도,37,4,10.8,4,4,4.1,4.1,,4.0,,3.8,,4.1,4.1,4.1,3.9,3.8
AIG20240000459408,4,4.2,전반적 만족도,64,8,12.5,8,8,4.2,4.4,,4.5,,4.4,,4.5,4.4,4.6,4.4,4.5
AIG20240000459408,5,3.6,전반적 만족도,66,10,15.2,9,10,3.6,3.4,,3.8,,3.6,,3.8,3.4,3.6,3.6,3.6
AIG20240000459408,6,4.7,전반적 만족도,70,9,12.9,9,9,4.7,4.8,,4.9,,4.5,,4.8,4.65,4.7,4.7,4.8
AIG20240000459408,7,4.4,전반적 만족도,71,11,15.5,11,11,4.4,4.5,,4.8,,4.6,,4.6,4.2,4.4,4.4,4.4
AIG20240000459408,8,4.2,전반적 만족도,66,12,18.2,10,12,4.2,4.0,,4.3,,4.1,,4.1,3.95,3.9,3.9,4.1
AIG20240000459408,9,3.7,전반적 만족도,71,7,9.9,6,7,3.7,4.1,,4.2,,3.9,,3.8,3.55,3.8,4.0,4.1
AIG20240000459408,10,3.9,전반적 만족도,82,2,2.4,2,2,3.9,3.6,,3.9,,3.9,,3.6,3.75,3.9,3.9,3.8
AIG20240000459409,1,1.5,전반적 만족도,18,7,38.9,1,7,1.5,1.1,,2.5,,1.6,1.3,2.1,1.43,1.4,0.7,2.0
AIG20240000459409,2,4.3,전반적 만족도,13,11,84.6,8,11,4.3,4.2,,4.5,,4.4,4.5,4.4,4.17,3.9,,4.4
AIG20240000459410,1,2.9,전반적 만족도,13,3,23.1,3,3,2.9,4.5,,4.2,,3.7,3.8,3.6,3.33,2.9,,4.0
AIG20240000459411,1,4.0,전반적 만족도,17,8,47.1,6,8,4.0,4.2,,3.8,,4.2,4.2,4.3,3.8,4.0,,3.8
AIG20240000459411,2,3.2,전반적 만족도,13,2,15.4,1,2,3.2,3.6,,3.6,,3.2,5.0,4.3,3.43,3.2,,3.4
AIG20240000459412,1,3.6,전반적 만족도,24,3,12.5,3,3,3.6,3.8,,3.8,,3.7,,3.7,3.8,3.3,4.0,3.6
AIG20240000459412,2,4.3,전반적 만족도,22,3,13.6,3,3,4.3,3.8,,4.3,,4.2,,4.2,3.8,4.0,4.3,4.2
AIG20240000459412,3,5.0,전반적 만족도,35,1,2.9,1,1,5.0,5.0,,5.0,,5.0,,5.0,5.0,5.0,5.0,5.0
AIG20240000459412,4,4.0,전반적 만족도,41,11,26.8,10,11,4.0,4.2,,4.1,,4.1,,4.3,4.0,4.0,4.0,4.1
AIG20240000459412,5,4.3,전반적 만족도,74,5,6.8,5,5,4.3,4.0,,4.6,,4.3,,4.2,4.1,4.4,4.1,4.2
AIG20240000459412,6,4.5,전반적 만족도,71,8,11.3,7,8,4.5,4.3,,4.3,,4.0,,4.3,3.8,4.1,3.4,4.4
AIG20240000459412,7,2.9,전반적 만족도,45,3,6.7,3,3,2.9,3.3,,4.3,,3.6,,4.3,3.1,3.6,2.9,4.0
AIG20240000459412,8,3.1,전반적 만족도,88,7,8,3,7,3.1,3.3,,3.3,,2.9,,3.2,3.15,3.2,3.7,3.2
AIG20240000459412,9,4.0,전반적 만족도,98,9,9.2,8,9,4.0,3.6,,4.4,,4.0,,4.0,3.95,4.0,3.8,4.0
AIG20240000459414,1,4.8,전반적 만족도,18,16,88.9,15,16,4.8,4.8,,5.0,,4.7,4.9,4.6,4.53,4.8,3.9,4.8
AIG20240000459414,2,4.7,전반적 만족도,19,15,78.9,15,15,4.7,4.8,,4.8,,4.8,4.9,4.9,4.63,4.7,4.6,4.8
AIG20240000459414,3,4.5,전반적 만족도,23,19,82.6,18,19,4.5,4.6,,4.5,,4.5,4.4,4.6,4.4,4.4,4.3,4.5
AIG20240000459414,4,4.5,전반적 만족도,16,12,75,11,12,4.5,4.5,,4.6,,4.5,4.6,4.7,4.4,4.6,4.6,4.6
AIG20240000459414,5,4.7,전반적 만족도,18,13,72.2,13,13,4.7,4.8,,4.9,,4.8,4.8,4.8,4.7,4.7,5.0,4.8
AIG20240000459415,1,4.0,전반적 만족도,26,18,69.2,16,18,4.0,3.8,,4.3,,4.0,4.3,4.3,4.07,3.9,2.9,4.0
AIG20240000459415,2,4.9,전반적 만족도,25,16,64,16,16,4.9,4.7,,4.8,,4.8,4.8,5.0,4.73,4.9,,4.7
AIG20240000459415,3,4.5,전반적 만족도,32,25,78.1,25,25,4.5,4.5,,4.6,,4.5,4.5,4.6,4.47,4.7,4.8,4.4
AIG20240000459415,4,4.8,전반적 만족도,24,16,66.7,16,16,4.8,4.8,,4.8,,4.7,4.7,4.8,4.63,4.8,5.0,4.7
AIG20240000459415,5,4.3,전반적 만족도,22,10,45.5,10,10,4.3,4.3,,4.2,,4.3,4.0,4.4,4.37,4.2,4.6,4.3
AIG20240000459415,6,4.8,전반적 만족도,32,27,84.4,27,27,4.8,4.7,,4.9,,4.7,4.8,4.7,4.8,4.8,4.8,4.7
AIG20240000459422,1,3.3,전반적 만족도,23,18,78.3,14,18,3.3,3.4,,3.9,,3.3,3.6,3.8,3.73,3.6,2.1,2.9
AIG20240000459422,2,3.2,전반적 만족도,19,11,57.9,8,11,3.2,3.1,,3.4,,3.3,3.2,3.7,3.33,2.9,4.3,3.0
AIG20240000459422,3,3.5,전반적 만족도,24,18,75,14,18,3.5,3.4,,4.1,,3.6,3.8,3.9,3.87,3.7,4.8,3.5
AIG20240000459422,4,3.4,전반적 만족도,20,13,65,7,13,3.4,3.1,,3.8,,3.5,3.4,3.7,3.43,3.1,,3.3
AIG20240000459422,5,3.7,전반적 만족도,24,17,70.8,13,17,3.7,3.6,,4.2,,3.8,3.8,3.9,3.7,3.7,,3.6
AIG20240000459422,6,3.6,전반적 만족도,22,13,59.1,10,13,3.6,3.6,,3.8,,3.7,3.9,4.0,3.83,3.6,5.0,3.2
AIG20240000459422,7,3.3,전반적 만족도,21,12,57.1,6,12,3.3,3.5,,3.8,,3.4,3.4,3.8,3.83,3.4,,3.0
AIG20240000459422,8,4.0,전반적 만족도,18,10,55.6,9,10,4.0,4.1,,4.5,,3.9,4.1,4.5,4.1,4.3,,3.6
AIG20240000459422,9,3.7,전반적 만족도,20,17,85,15,17,3.7,3.4,,3.8,,3.6,4.0,4.0,3.93,3.7,1.4,3.2
AIG20240000459422,10,3.0,전반적 만족도,18,6,33.3,2,6,3.0,2.6,,4.2,,3.4,4.0,4.3,3.67,3.5,2.9,3.5
AIG20240000459422,11,3.4,전반적 만족도,20,17,85,9,17,3.4,3.0,,3.9,,3.2,3.5,3.7,3.2,3.1,2.9,2.8
AIG20240000459422,12,3.9,전반적 만족도,18,13,72.2,10,13,3.9,3.5,,4.1,,3.9,4.2,4.1,4.03,3.7,4.3,3.4
AIG20240000459422,13,3.3,전반적 만족도,14,6,42.9,3,6,3.3,2.9,,3.6,,3.3,3.5,3.2,3.2,2.5,,2.9
AIG20240000459422,14,3.7,전반적 만족도,20,17,85,14,17,3.7,3.3,,3.6,,3.6,3.9,3.8,3.8,3.7,2.9,3.5
AIG20240000459422,15,4.1,전반적 만족도,23,17,73.9,15,17,4.1,3.6,,4.2,,4.0,4.3,4.2,4.2,4.1,,3.5
AIG20240000459422,16,4.2,전반적 만족도,20,17,85,15,17,4.2,3.8,,4.2,,4.1,4.4,4.4,4.13,4.2,,3.9
AIG20240000459422,17,3.7,전반적 만족도,18,15,83.3,12,15,3.7,3.2,,3.8,,3.6,3.6,3.4,3.47,3.5,4.3,3.3
AIG20240000459422,18,4.2,전반적 만족도,18,14,77.8,11,14,4.2,4.1,,4.4,,4.4,4.4,4.4,4.4,4.0,,4.2
AIG20240000459422,19,4.5,전반적 만족도,17,13,76.5,13,13,4.5,4.2,,4.5,,4.4,4.5,4.5,4.43,4.4,,4.5
AIG20240000459422,20,4.3,전반적 만족도,19,13,68.4,13,13,4.3,3.8,,4.3,,4.2,4.1,4.3,4.17,4.3,5.0,3.8
AIG20240000459422,21,4.3,전반적 만족도,16,15,93.8,14,15,4.3,4.2,,4.3,,4.1,4.1,4.4,4.33,4.1,5.0,4.0
AIG20240000459422,22,4.6,전반적 만족도,19,13,68.4,11,13,4.6,4.0,,4.8,,4.5,4.6,4.7,4.5,4.2,5.0,4.5
AIG20240000459422,23,4.9,전반적 만족도,15,11,73.3,11,11,4.9,4.9,,4.8,,4.8,4.7,4.8,4.77,4.8,,4.7
AIG20240000459422,24,4.4,전반적 만족도,16,10,62.5,10,10,4.4,3.8,,4.4,,4.3,4.4,4.5,4.07,4.2,,3.5
AIG20240000459422,25,4.7,전반적 만족도,18,13,72.2,13,13,4.7,4.6,,4.5,,4.4,4.6,4.7,4.5,4.7,4.6,4.5
AIG20240000459422,26,4.3,전반적 만족도,15,13,86.7,13,13,4.3,4.3,,4.5,,4.1,4.4,4.2,4.13,4.4,4.1,4.3
AIG20240000459422,27,3.5,전반적 만족도,17,11,64.7,7,11,3.5,3.6,,3.9,,3.7,3.9,4.2,3.97,3.6,3.6,3.2
AIG20240000459422,28,4.6,전반적 만족도,18,9,50,8,9,4.6,4.6,,4.8,,4.5,4.7,4.4,4.57,4.4,,4.6
AIG20240000459422,29,4.4,전반적 만족도,19,16,84.2,15,16,4.4,4.7,,4.7,,4.5,4.5,4.5,4.53,4.4,5.0,4.6
AIG20240000459422,30,4.4,전반적 만족도,16,12,75,11,12,4.4,4.5,,4.6,,4.4,4.6,4.3,4.5,4.3,,4.4
AIG20240000459422,31,4.7,전반적 만족도,19,11,57.9,11,11,4.7,4.7,,4.7,,4.7,4.8,4.6,4.57,4.5,4.3,4.6
AIG20240000459422,32,4.8,전반적 만족도,20,16,80,16,16,4.8,4.7,,4.9,,4.8,4.9,4.8,4.63,4.8,5.0,4.8
AIG20240000459422,33,4.4,전반적 만족도,17,12,70.6,12,12,4.4,4.3,,4.5,,4.3,4.5,4.3,4.13,4.2,5.0,4.4
AIG20240000459422,34,4.2,전반적 만족도,18,13,72.2,9,13,4.2,4.3,,4.1,,4.2,4.3,4.0,4.33,4.2,3.6,4.1
AIG20240000459422,35,4.0,전반적 만족도,14,8,57.1,7,8,4.0,4.0,,4.1,,4.0,4.2,4.0,4.03,4.2,,4.0
AIG20240000459422,36,4.1,전반적 만족도,17,13,76.5,13,13,4.1,4.0,,4.2,,4.2,4.4,3.7,3.93,4.0,2.9,4.1
AIG20240000459422,37,4.3,전반적 만족도,6,5,83.3,5,5,4.3,4.6,,4.9,,4.7,4.6,4.7,4.33,4.3,,4.6
AIG20240000459422,38,4.0,전반적 만족도,11,6,54.5,6,6,4.0,3.6,,4.2,,3.8,4.5,3.9,4.23,4.2,4.3,4.0
AIG20240000459422,39,4.4,전반적 만족도,12,10,83.3,9,10,4.4,4.0,,4.3,,4.1,4.5,3.9,4.3,3.7,2.9,4.0
AIG20240000459422,40,4.8,전반적 만족도,11,11,100,11,11,4.8,4.5,,4.8,,4.6,4.9,4.6,4.73,4.7,,4.4
AIG20240000459422,41,4.8,전반적 만족도,15,14,93.3,14,14,4.8,4.7,,4.9,,4.8,4.7,4.7,4.7,4.7,5.0,4.8
AIG20240000459422,42,4.7,전반적 만족도,9,9,100,8,9,4.7,4.5,,4.8,,4.6,4.8,4.6,4.67,4.6,4.3,4.6
AIG20240000459422,43,4.4,전반적 만족도,14,11,78.6,11,11,4.4,4.4,,4.5,,4.2,4.4,4.1,4.43,4.0,,4.3
AIG20240000459422,44,4.0,전반적 만족도,18,16,88.9,15,16,4.0,4.1,,4.5,,4.0,4.0,4.2,3.9,4.1,,4.1
AIG20240000459422,45,4.7,전반적 만족도,15,13,86.7,13,13,4.7,4.6,,4.9,,4.4,4.5,4.8,4.53,4.7,5.0,4.8
AIG20240000459422,46,4.1,전반적 만족도,19,14,73.7,14,14,4.1,4.1,,4.3,,3.9,4.3,4.0,4.13,4.2,3.6,4.1
AIG20240000459422,47,4.5,전반적 만족도,21,17,81,17,17,4.5,4.5,,4.6,,4.5,4.4,4.4,4.6,4.5,5.0,4.4
AIG20240000459422,48,4.3,전반적 만족도,21,18,85.7,15,18,4.3,4.2,,4.5,,4.2,4.2,4.3,4.2,4.2,5.0,4.2
AIG20240000459422,49,4.4,전반적 만족도,11,9,81.8,8,9,4.4,4.7,,4.8,,4.4,4.5,4.4,4.27,4.2,5.0,4.2
AIG20240000459423,1,5.0,전반적 만족도,79,2,2.5,2,2,5.0,5.0,,5.0,,5.0,,5.0,5.0,5.0,5.0,5.0
AIG20240000459423,2,4.4,전반적 만족도,25,8,32,7,8,4.4,4.5,,4.2,,4.3,,4.4,4.3,4.4,4.3,4.4
AIG20240000459423,3,5.0,전반적 만족도,79,2,2.5,2,2,5.0,5.0,,5.0,,5.0,,5.0,5.0,5.0,5.0,5.0
AIG20240000459426,1,2.3,전반적 만족도,23,15,65.2,2,15,2.3,2.4,,3.9,,2.4,3.0,1.9,2.47,2.0,2.1,3.2
AIG20240000459426,2,4.4,전반적 만족도,19,14,73.7,14,14,4.4,3.8,,4.3,,4.0,4.1,4.0,4.2,4.2,,4.1
AIG20240000459426,3,4.2,전반적 만족도,18,14,77.8,13,14,4.2,4.3,,4.6,,4.4,4.1,4.6,4.1,4.4,4.3,4.4
AIG20240000459426,4,4.0,전반적 만족도,21,16,76.2,14,16,4.0,3.5,,4.2,,3.6,4.1,3.5,3.83,3.3,,4.0
AIG20240000459426,5,3.8,전반적 만족도,19,14,73.7,10,14,3.8,3.8,,3.9,,3.6,3.4,4.3,3.57,3.2,1.4,3.8
AIG20240000459427,1,4.4,전반적 만족도,21,17,81,17,17,4.4,4.5,,4.7,,4.5,4.6,4.6,4.73,4.7,3.6,4.6
AIG20240000459427,2,4.6,전반적 만족도,29,22,75.9,21,22,4.6,4.4,,4.7,,4.6,4.7,4.7,4.4,4.5,3.6,4.7
AIG20240000459427,3,4.6,전반적 만족도,24,16,66.7,15,16,4.6,4.7,,4.7,,4.5,4.6,4.6,4.57,4.4,5.0,4.5
AIG20240000459427,4,4.7,전반적 만족도,23,13,56.5,13,13,4.7,4.7,,4.8,,4.7,4.7,4.8,4.77,4.8,,4.8
AIG20240000459432,1,4.8,전반적 만족도,29,25,86.2,25,25,4.8,4.8,,4.8,,4.6,4.8,4.8,4.87,4.8,5.0,4.7
AIG20240000459432,2,4.1,전반적 만족도,30,26,86.7,21,26,4.1,3.8,,4.1,,3.9,4.1,4.2,3.8,4.1,4.3,3.8
AIG20240000459432,3,4.5,전반적 만족도,30,19,63.3,18,19,4.5,4.3,,4.4,,4.2,4.3,4.4,4.23,4.4,4.5,4.2
AIG20240000459434,1,4.4,전반적 만족도,25,23,92,23,23,4.4,4.4,,4.4,,4.2,4.4,4.5,4.37,4.5,4.1,4.3
AIG20240000459434,2,4.5,전반적 만족도,24,17,70.8,16,17,4.5,4.2,,4.5,,4.3,4.5,4.6,4.6,4.6,5.0,4.3
AIG20240000459434,3,3.7,전반적 만족도,25,20,80,18,20,3.7,3.5,,4.0,,3.8,3.7,4.1,3.8,3.4,4.3,3.9
AIG20240000459434,4,4.2,전반적 만족도,25,20,80,17,20,4.2,3.9,,4.5,,4.2,4.3,4.1,4.27,4.1,,4.3
AIG20240000459434,5,3.2,전반적 만족도,31,25,80.6,17,25,3.2,3.0,,3.4,,3.3,3.2,3.6,3.37,3.3,2.9,3.5
AIG20240000459434,6,4.3,전반적 만족도,30,21,70,20,21,4.3,4.3,,4.4,,4.3,4.2,4.3,4.43,4.3,3.6,4.1
AIG20240000459434,7,3.4,전반적 만족도,30,25,83.3,17,25,3.4,3.8,,4.0,,3.4,3.3,3.8,3.53,3.2,2.9,3.5
AIG20240000459434,8,3.6,전반적 만족도,26,23,88.5,17,23,3.6,3.6,,3.8,,3.4,3.5,3.6,3.63,3.1,,3.4
AIG20240000459434,9,3.9,전반적 만족도,27,20,74.1,16,20,3.9,4.0,,4.3,,3.9,4.0,4.3,4.03,3.8,2.1,4.0
AIG20240000459434,10,3.7,전반적 만족도,28,21,75,17,21,3.7,4.0,,4.3,,3.8,3.7,4.1,3.83,3.6,,3.9
AIG20240000459434,11,3.5,전반적 만족도,31,28,90.3,22,28,3.5,3.9,,4.1,,3.5,3.7,3.5,3.73,3.2,3.6,3.6
AIG20240000459434,12,4.4,전반적 만족도,30,25,83.3,23,25,4.4,4.4,,4.7,,4.3,4.3,4.6,4.53,4.3,5.0,4.5
AIG20240000459434,13,3.7,전반적 만족도,30,26,86.7,18,26,3.7,3.6,,4.1,,3.8,3.8,3.7,3.77,3.5,4.3,3.9
AIG20240000459434,14,4.3,전반적 만족도,26,23,88.5,22,23,4.3,4.3,,4.5,,4.3,4.4,4.4,4.43,4.3,5.0,4.4
AIG20240000459434,15,4.4,전반적 만족도,22,19,86.4,18,19,4.4,4.5,,4.8,,4.3,4.5,4.5,4.47,4.3,3.8,4.4
AIG20240000459434,16,4.4,전반적 만족도,19,15,78.9,15,15,4.4,4.3,,4.6,,4.3,4.6,4.3,4.47,4.4,3.6,4.3
AIG20240000459434,17,4.4,전반적 만족도,31,30,96.8,27,30,4.4,4.2,,4.6,,4.3,4.4,4.4,4.47,4.3,4.3,4.4
AIG20240000459434,18,4.1,전반적 만족도,29,25,86.2,20,25,4.1,4.2,,4.4,,4.3,4.2,4.3,4.3,4.0,5.0,4.1
AIG20240000459434,19,4.4,전반적 만족도,27,26,96.3,23,26,4.4,4.3,,4.5,,4.3,4.4,4.4,4.23,4.4,3.9,4.4
AIG20240000459434,20,4.4,전반적 만족도,21,19,90.5,18,19,4.4,4.3,,4.6,,4.5,4.5,4.5,4.4,4.3,4.6,4.2
AIG20240000459434,21,4.6,전반적 만족도,30,23,76.7,23,23,4.6,4.3,,4.4,,4.4,4.6,4.4,4.37,4.4,5.0,4.3
AIG20240000459441,1,4.5,전반적 만족도,25,18,72,16,18,4.5,4.5,,4.6,,4.5,4.5,4.6,4.63,4.5,5.0,4.5
AIG20240000459441,2,4.2,전반적 만족도,30,25,83.3,23,25,4.2,4.4,,4.6,,4.3,4.3,4.4,4.23,4.1,5.0,4.1
AIG20240000459441,3,4.7,전반적 만족도,29,23,79.3,23,23,4.7,4.7,,4.9,,4.8,4.7,4.8,4.7,4.7,5.0,4.7
AIG20240000459441,4,5.0,전반적 만족도,30,20,66.7,20,20,5.0,5.0,,5.0,,5.0,5.0,5.0,5.0,4.9,,5.0
AIG20240000498058,1,4.8,전반적 만족도,9,9,100,9,9,4.8,4.8,,4.6,,4.6,4.5,4.8,4.63,4.7,,4.4
AIG20240000498058,2,4.6,전반적 만족도,13,8,61.5,8,8,4.6,4.9,,5.0,,4.7,4.8,4.8,4.7,4.9,,4.9
AIG20240000498058,3,4.8,전반적 만족도,14,13,92.9,13,13,4.8,4.6,,4.9,,4.9,4.9,5.0,4.73,4.8,4.3,4.8
AIG20240000498058,4,4.9,전반적 만족도,11,10,90.9,10,10,4.9,4.9,,4.9,,4.9,4.9,5.0,4.87,4.9,5.0,4.8
AIG20240000498058,5,4.7,전반적 만족도,11,10,90.9,10,10,4.7,4.7,,4.8,,4.6,4.7,4.9,4.6,4.6,,4.8
AIG20240000498058,6,4.5,전반적 만족도,14,13,92.9,13,13,4.5,4.8,,4.5,,4.6,4.7,4.9,4.53,4.4,,4.6
AIG20240000498058,7,4.8,전반적 만족도,9,9,100,9,9,4.8,5.0,,5.0,,5.0,5.0,5.0,4.97,5.0,5.0,5.0
AIG20240000498058,8,4.7,전반적 만족도,10,9,90,8,9,4.7,4.7,,4.8,,4.7,4.7,4.9,4.83,4.7,5.0,4.7
AIG20240000498058,9,5.0,전반적 만족도,9,9,100,9,9,5.0,5.0,,5.0,,5.0,5.0,5.0,4.9,4.9,,5.0
AIG20240000498064,1,3.4,전반적 만족도,7,4,57.1,2,4,3.4,3.4,,4.0,,4.1,4.0,4.3,3.6,4.1,2.9,3.8
AIG20240000498065,1,3.9,전반적 만족도,9,7,77.8,5,7,3.9,3.5,,4.1,,3.7,3.8,3.8,3.83,3.8,4.3,3.9
AIG20240000498065,3,4.3,전반적 만족도,5,5,100,5,5,4.3,3.0,,4.4,,4.0,4.0,4.4,4.0,3.9,,3.9
AIG20240000498065,4,3.9,전반적 만족도,7,4,57.1,2,4,3.9,3.9,,4.5,,3.9,3.8,3.5,3.37,3.6,5.0,3.8
AIG20240000498066,1,3.0,전반적 만족도,15,15,100,4,15,3.0,3.2,,3.5,,3.2,3.3,3.4,3.3,3.0,,3.0
AIG20240000498066,2,4.1,전반적 만족도,13,8,61.5,8,8,4.1,3.9,,4.6,,4.3,4.2,4.6,4.23,4.1,3.6,4.2
AIG20240000498066,3,3.8,전반적 만족도,27,22,81.5,18,22,3.8,3.3,,4.0,,3.8,3.9,3.9,3.8,3.5,3.6,3.7
AIG20240000498066,4,4.0,전반적 만족도,34,25,73.5,19,25,4.0,3.9,,4.2,,4.0,4.0,4.1,3.73,3.7,3.6,3.8
AIG20240000498066,5,3.9,전반적 만족도,37,24,64.9,19,24,3.9,3.7,,4.2,,3.9,4.1,4.0,3.7,3.6,1.4,3.8
AIG20240000498066,6,3.5,전반적 만족도,26,22,84.6,14,22,3.5,3.7,,3.8,,3.7,3.5,3.9,3.47,3.3,4.8,3.6
AIG20240000498066,7,3.7,전반적 만족도,26,21,80.8,13,21,3.7,3.7,,4.3,,3.9,3.9,4.3,3.57,3.4,2.6,4.0
AIG20240000498066,8,4.2,전반적 만족도,41,28,68.3,25,28,4.2,3.9,,4.4,,4.0,4.2,4.1,3.83,3.8,,4.1
AIG20240000498068,1,4.9,전반적 만족도,20,14,70,14,14,4.9,5.0,,4.9,,5.0,4.9,4.9,4.83,5.0,,4.9
AIG20240000498068,2,4.9,전반적 만족도,18,10,55.6,10,10,4.9,4.9,,5.0,,5.0,4.9,4.8,4.7,4.9,,5.0
AIG20240000498069,1,4.5,전반적 만족도,20,12,60,12,12,4.5,4.8,,4.5,,4.6,4.8,4.9,4.5,4.6,,4.5
AIG20240000498069,2,4.9,전반적 만족도,12,7,58.3,7,7,4.9,5.0,,4.9,,4.9,5.0,4.8,5.0,5.0,,5.0
AIG20240000498069,3,4.3,전반적 만족도,18,14,77.8,13,14,4.3,4.4,,4.3,,4.2,4.4,4.5,4.3,4.2,,4.2
AIG20240000498069,4,4.6,전반적 만족도,18,14,77.8,13,14,4.6,4.4,,4.8,,4.6,4.6,4.7,4.4,4.4,4.3,4.5
AIG20240000498071,1,5.0,전반적 만족도,5,1,20,1,1,5.0,5.0,,5.0,,5.0,5.0,5.0,5.0,5.0,,5.0
AIG20240000498072,1,3.1,전반적 만족도,48,30,62.5,17,30,3.1,3.3,,4.3,,3.3,3.9,3.8,3.33,3.0,3.6,3.7
AIG20240000498072,2,4.0,전반적 만족도,55,33,60,24,33,4.0,4.0,,4.1,,4.1,4.1,4.2,4.2,3.9,4.0,4.0
AIG20240000498072,3,3.8,전반적 만족도,46,24,52.2,21,24,3.8,4.1,,3.9,,3.9,3.9,4.3,3.93,3.9,4.0,4.0
AIG20240000498072,4,4.3,전반적 만족도,60,47,78.3,43,47,4.3,4.2,,4.6,,4.3,4.4,4.5,4.37,4.4,4.4,4.2
AIG20240000498072,5,4.0,전반적 만족도,49,35,71.4,30,35,4.0,4.1,,3.9,,4.0,4.1,4.2,4.07,3.9,3.4,3.9
AIG20240000498072,6,4.5,전반적 만족도,54,44,81.5,43,44,4.5,4.6,,4.7,,4.6,4.6,4.6,4.57,4.6,4.4,4.5
AIG20240000498072,7,4.5,전반적 만족도,38,33,86.8,30,33,4.5,4.4,,4.4,,4.4,4.6,4.6,4.4,4.4,2.9,4.3
AIG20240000498072,8,4.8,전반적 만족도,34,29,85.3,29,29,4.8,4.8,,4.7,,4.6,4.7,4.8,4.6,4.6,4.3,4.7
AIG20240000498072,9,4.7,전반적 만족도,43,36,83.7,36,36,4.7,4.8,,4.8,,4.7,4.8,4.8,4.6,4.7,5.0,4.8
AIG20240000498072,10,4.6,전반적 만족도,52,43,82.7,42,43,4.6,4.7,,4.7,,4.7,4.6,4.7,4.57,4.6,4.9,4.6
AIG20240000498072,11,4.7,전반적 만족도,53,43,81.1,42,43,4.7,4.7,,4.9,,4.7,4.8,4.8,4.63,4.7,4.8,4.7
AIG20240000498073,1,3.7,전반적 만족도,10,9,90,7,9,3.7,3.7,,3.6,,3.6,4.0,3.6,3.5,3.7,,3.6
AIG20240000498073,2,4.7,전반적 만족도,12,11,91.7,11,11,4.7,4.7,,5.0,,4.6,4.6,4.4,4.6,4.7,4.6,4.9
AIG20240000498073,3,4.5,전반적 만족도,11,8,72.7,7,8,4.5,4.6,,4.6,,4.2,4.5,4.5,4.17,4.2,,4.3
AIG20240000498076,1,4.9,전반적 만족도,12,12,100,12,12,4.9,4.9,,4.9,,4.8,4.9,5.0,4.87,4.9,,4.9
AIG20240000498076,2,5.0,전반적 만족도,6,5,83.3,5,5,5.0,5.0,,5.0,,5.0,5.0,5.0,5.0,5.0,,5.0
AIG20240000498076,3,5.0,전반적 만족도,13,11,84.6,11,11,5.0,4.9,,4.9,,4.9,5.0,4.8,4.9,4.9,4.3,5.0
AIG20240000498076,4,4.3,전반적 만족도,10,9,90,8,9,4.3,4.4,,4.4,,4.2,4.0,4.1,4.13,4.4,5.0,4.2
AIG20240000498076,5,5.0,전반적 만족도,13,10,76.9,10,10,5.0,5.0,,5.0,,5.0,5.0,5.0,5.0,5.0,,5.0
AIG20240000498076,6,4.7,전반적 만족도,16,13,81.3,13,13,4.7,4.7,,4.8,,4.7,4.7,4.8,4.6,4.8,4.6,4.7
AIG20240000498079,1,4.6,전반적 만족도,17,13,76.5,13,13,4.6,4.7,,4.8,,4.6,4.7,4.6,4.7,4.7,5.0,4.8
AIG20240000498079,2,4.4,전반적 만족도,21,17,81,16,17,4.4,4.2,,4.4,,4.4,4.5,3.7,4.57,4.6,2.9,4.2
AIG20240000498079,3,4.5,전반적 만족도,27,22,81.5,20,22,4.5,4.6,,4.7,,4.6,4.8,4.5,4.63,4.6,4.3,4.5
AIG20240000498079,4,4.3,전반적 만족도,18,12,66.7,11,12,4.3,4.1,,4.5,,4.5,4.5,3.7,4.47,4.5,,4.6
AIG20240000498081,1,3.7,전반적 만족도,12,10,83.3,8,10,3.7,3.9,,4.3,,4.0,3.9,3.9,4.07,3.9,,4.1
AIG20240000498081,2,2.8,전반적 만족도,21,15,71.4,8,15,2.8,2.8,,2.9,,2.6,2.9,3.9,2.9,3.0,,2.6
AIG20240000498081,3,4.9,전반적 만족도,20,17,85,16,17,4.9,5.0,,5.0,,4.9,5.0,4.9,4.8,4.9,5.0,5.0
AIG20240000498081,4,3.9,전반적 만족도,7,3,42.9,2,3,3.9,3.9,,4.6,,3.9,2.9,3.9,3.23,3.3,5.0,4.8
AIG20240000498081,5,4.0,전반적 만족도,16,11,68.8,9,11,4.0,4.0,,4.2,,4.1,4.0,4.4,3.67,3.7,,4.3
AIG20240000498081,6,4.9,전반적 만족도,11,9,81.8,8,9,4.9,4.7,,5.0,,5.0,5.0,4.9,4.77,4.9,5.0,4.9
AIG20240000498084,1,3.7,전반적 만족도,14,9,64.3,2,9,3.7,3.0,,4.6,,3.4,3.7,1.8,2.97,2.8,,4.1
AIG20240000498084,2,4.5,전반적 만족도,19,17,89.5,16,17,4.5,4.2,,4.8,,4.4,4.5,3.5,4.57,4.5,3.9,4.7
AIG20240000498084,3,3.5,전반적 만족도,14,7,50,6,7,3.5,3.5,,4.1,,3.7,3.7,2.8,3.47,3.4,2.9,3.8
AIG20240000498084,4,3.4,전반적 만족도,19,11,57.9,8,11,3.4,4.0,,4.5,,4.1,4.0,2.8,4.03,3.8,3.6,4.2
AIG20240000498084,5,4.2,전반적 만족도,16,9,56.3,8,9,4.2,4.2,,4.4,,4.3,4.5,4.8,4.5,4.1,2.9,4.8
AIG20240000498084,6,3.3,전반적 만족도,19,9,47.4,6,9,3.3,3.0,,3.9,,3.6,3.7,2.4,3.27,3.0,2.9,3.4
AIG20240000498088,1,4.6,전반적 만족도,17,16,94.1,16,16,4.6,4.5,,4.6,,4.5,4.7,4.7,4.4,4.6,4.3,4.5
AIG20240000498088,7,4.8,전반적 만족도,16,15,93.8,15,15,4.8,4.7,,4.9,,4.6,4.5,4.4,4.77,4.7,5.0,4.6
AIG20240000498088,8,4.9,전반적 만족도,20,18,90,17,18,4.9,4.8,,4.8,,4.7,4.8,5.0,4.77,4.8,3.6,4.7
AIG20240000498088,9,4.4,전반적 만족도,25,23,92,22,23,4.4,4.4,,4.6,,4.4,4.4,4.7,4.4,4.3,5.0,4.4
AIG20240000498089,1,4.5,전반적 만족도,40,34,85,34,34,4.5,4.5,,4.7,,4.6,4.8,4.8,4.47,4.5,4.3,4.6
AIG20240000498089,2,4.5,전반적 만족도,39,33,84.6,33,33,4.5,4.5,,4.7,,4.4,4.6,4.8,4.5,4.5,4.8,4.7
AIG20240000498089,3,4.7,전반적 만족도,38,26,68.4,25,26,4.7,4.8,,4.7,,4.6,4.7,4.8,4.7,4.6,5.0,4.6
AIG20240000498089,4,4.6,전반적 만족도,37,29,78.4,28,29,4.6,4.5,,4.7,,4.3,4.5,4.7,4.4,4.6,4.5,4.6
AIG20240000498090,1,4.9,전반적 만족도,15,13,86.7,13,13,4.9,4.7,,4.9,,4.9,4.9,4.6,4.8,4.7,5.0,4.9
AIG20240000498090,2,5.0,전반적 만족도,7,3,42.9,3,3,5.0,5.0,,5.0,,4.9,5.0,5.0,5.0,5.0,,5.0
AIG20240000498090,3,4.7,전반적 만족도,22,15,68.2,15,15,4.7,4.8,,4.9,,4.8,4.8,4.7,4.7,4.7,,4.8
AIG20240000498090,4,3.6,전반적 만족도,6,5,83.3,5,5,3.6,3.6,,3.4,,3.3,4.1,3.2,3.53,3.4,2.9,3.1
AIG20240000498090,5,4.6,전반적 만족도,25,16,64,14,16,4.6,4.5,,4.8,,4.7,4.7,4.4,4.5,4.6,5.0,4.7
AIG20240000498090,6,4.8,전반적 만족도,15,11,73.3,10,11,4.8,5.0,,4.9,,4.9,4.8,4.8,5.0,4.9,,4.9
AIG20240000498095,1,4.8,전반적 만족도,9,8,88.9,8,8,4.8,4.6,,4.5,,4.8,4.7,4.9,4.67,4.8,5.0,4.6
AIG20240000498095,2,4.2,전반적 만족도,10,7,70,7,7,4.2,3.9,,4.4,,4.1,4.2,4.4,4.23,4.3,,4.2
AIG20240000498095,3,4.3,전반적 만족도,11,4,36.4,4,4,4.3,3.8,,4.7,,4.3,4.3,3.8,3.73,3.8,3.6,4.2
AIG20240000498095,4,3.8,전반적 만족도,11,7,63.6,5,7,3.8,3.6,,4.5,,3.7,3.8,3.0,3.57,3.7,,3.8
AIG20240000498097,1,1.4,전반적 만족도,6,1,16.7,0,1,1.4,2.1,,0.7,,0.9,2.1,2.5,1.63,0.7,,1.4
AIG20240000498099,1,5.0,전반적 만족도,13,12,92.3,12,12,5.0,5.0,,5.0,,4.9,5.0,5.0,4.67,4.6,,4.9
AIG20240000498100,1,4.6,전반적 만족도,12,10,83.3,10,10,4.6,4.4,,4.8,,4.5,4.6,4.6,4.43,4.6,,4.6
AIG20240000498100,2,4.6,전반적 만족도,16,8,50,8,8,4.6,4.7,,4.8,,4.7,4.6,4.6,4.67,4.6,,4.7
AIG20240000498100,3,4.2,전반적 만족도,14,7,50,6,7,4.2,4.7,,4.5,,4.3,3.9,3.6,3.93,4.1,5.0,4.3
AIG20240000498100,4,4.2,전반적 만족도,19,11,57.9,8,11,4.2,4.1,,4.5,,4.2,4.2,4.4,4.1,4.0,,4.3
AIG20240000498100,5,4.5,전반적 만족도,13,12,92.3,12,12,4.5,4.3,,4.7,,4.7,4.7,4.6,4.33,4.3,2.9,4.7
AIG20240000498101,1,3.2,전반적 만족도,31,18,58.1,10,18,3.2,3.4,,2.8,,3.0,3.6,3.5,3.37,3.0,3.1,3.3
AIG20240000498101,2,3.5,전반적 만족도,28,19,67.9,16,19,3.5,3.3,,4.0,,3.7,4.0,3.8,3.67,3.4,4.3,3.6
AIG20240000498101,3,4.1,전반적 만족도,25,14,56,12,14,4.1,4.0,,4.6,,4.2,4.2,4.2,4.07,3.8,5.0,4.3
AIG20240000498101,4,3.7,전반적 만족도,11,9,81.8,7,9,3.7,3.6,,3.8,,3.6,3.9,3.8,3.7,2.9,3.6,3.7
AIG20240000498101,5,4.3,전반적 만족도,19,13,68.4,11,13,4.3,4.1,,4.9,,4.2,4.4,4.3,4.23,3.8,4.3,4.5
AIG20240000498102,1,4.8,전반적 만족도,13,8,61.5,8,8,4.8,4.9,,4.7,,4.6,4.7,4.6,4.33,4.6,,4.5
AIG20240000498102,2,4.7,전반적 만족도,19,13,68.4,12,13,4.7,4.8,,5.0,,4.7,4.8,5.0,4.7,4.7,5.0,4.9
AIG20240000498103,1,4.2,전반적 만족도,15,7,46.7,7,7,4.2,4.2,,4.4,,4.2,4.4,4.1,3.93,3.8,,4.1
AIG20240000498103,2,4.6,전반적 만족도,14,6,42.9,6,6,4.6,4.5,,4.4,,4.6,5.0,4.4,4.6,4.3,4.0,4.6
AIG20240000498104,1,5.0,전반적 만족도,13,13,100,13,13,5.0,5.0,,5.0,,5.0,5.0,5.0,4.93,5.0,5.0,5.0
AIG20240000498104,2,4.9,전반적 만족도,14,14,100,14,14,4.9,4.8,,4.9,,4.8,4.9,4.4,4.77,4.8,,4.9
AIG20240000498104,3,4.3,전반적 만족도,20,15,75,14,15,4.3,4.6,,4.5,,4.5,4.5,4.7,4.43,4.3,5.0,4.6
AIG20240000498106,1,4.6,전반적 만족도,17,17,100,15,17,4.6,4.8,,4.8,,4.7,4.7,4.8,4.63,4.6,,4.8
AIG20240000498106,2,4.8,전반적 만족도,11,9,81.8,9,9,4.8,4.8,,4.8,,4.8,4.8,4.8,4.77,4.8,,4.8
AIG20240000498106,3,4.5,전반적 만족도,13,10,76.9,8,10,4.5,4.2,,4.7,,4.6,4.5,4.9,4.2,4.2,5.0,4.6
AIG20240000498106,4,4.4,전반적 만족도,8,7,87.5,7,7,4.4,4.7,,4.7,,4.6,4.9,4.8,4.7,4.6,,4.7
AIG20240000498106,5,5.0,전반적 만족도,6,6,100,6,6,5.0,5.0,,5.0,,5.0,5.0,5.0,4.97,4.9,5.0,4.9
AIG20240000498106,8,5.0,전반적 만족도,4,4,100,3,4,5.0,5.0,,5.0,,5.0,5.0,5.0,5.0,5.0,5.0,5.0
AIG20240000498107,1,4.5,전반적 만족도,22,14,63.6,13,14,4.5,4.2,,4.5,,4.3,4.6,4.3,4.47,4.4,,4.5
AIG20240000498107,2,3.5,전반적 만족도,25,20,80,15,20,3.5,3.4,,3.1,,3.2,3.5,3.4,3.3,3.3,3.3,3.3
AIG20240000498108,1,3.8,전반적 만족도,12,8,66.7,5,8,3.8,3.9,,4.5,,4.1,4.2,4.1,3.83,3.8,,4.5
AIG20240000498108,2,3.6,전반적 만족도,29,19,65.5,8,19,3.6,3.8,,3.4,,3.3,3.5,3.4,3.33,3.2,4.6,3.2
AIG20240000498108,3,4.5,전반적 만족도,25,22,88,21,22,4.5,4.3,,4.6,,4.4,4.5,3.9,4.27,4.4,5.0,4.5
AIG20240000498108,4,4.5,전반적 만족도,28,20,71.4,17,20,4.5,4.5,,4.7,,4.5,4.5,4.2,4.17,4.3,4.3,4.6
AIG20240000498108,5,4.5,전반적 만족도,27,16,59.3,14,16,4.5,4.4,,4.6,,4.6,4.7,4.2,4.3,4.3,3.6,4.5
AIG20240000498108,6,4.6,전반적 만족도,17,12,70.6,10,12,4.6,4.2,,5.0,,4.6,4.8,4.5,4.33,4.5,4.5,4.8
AIG20240000498108,7,4.6,전반적 만족도,10,8,80,8,8,4.6,4.6,,4.6,,4.6,4.6,4.3,4.33,4.5,,4.6
AIG20240000498108,8,4.5,전반적 만족도,26,19,73.1,18,19,4.5,4.1,,4.7,,4.5,4.4,4.3,4.17,4.5,,4.4
AIG20240000498108,9,3.9,전반적 만족도,25,14,56,11,14,3.9,3.9,,4.3,,4.0,4.0,3.9,3.4,3.8,5.0,4.2
AIG20240000498108,10,4.5,전반적 만족도,24,19,79.2,18,19,4.5,4.3,,4.8,,4.7,4.7,4.6,4.6,4.7,3.8,4.7
AIG20240000498108,11,2.0,전반적 만족도,16,6,37.5,1,6,2.0,3.2,,3.7,,2.3,2.9,1.8,2.07,1.8,1.4,3.5
AIG20240000498108,12,2.5,전반적 만족도,15,6,40,4,6,2.5,3.3,,3.5,,2.9,3.6,3.8,2.67,3.0,1.4,3.4
AIG20240000498108,13,4.3,전반적 만족도,18,13,72.2,12,13,4.3,4.3,,4.5,,4.1,4.8,4.3,4.33,4.3,2.9,4.3
AIG20240000498115,1,4.6,전반적 만족도,11,9,81.8,8,9,4.6,4.4,,4.4,,4.6,4.6,4.3,4.5,4.4,5.0,4.6
AIG20240000498115,2,4.1,전반적 만족도,22,21,95.5,19,21,4.1,4.0,,4.4,,4.3,4.4,4.2,4.13,4.0,3.6,4.2
AIG20240000498115,3,3.7,전반적 만족도,30,17,56.7,12,17,3.7,3.9,,4.0,,3.8,4.0,3.8,3.73,3.4,2.9,3.7
AIG20240000498115,4,4.0,전반적 만족도,33,19,57.6,15,19,4.0,3.8,,4.0,,4.0,4.3,4.0,3.9,3.8,3.2,4.1
AIG20240000498115,5,4.2,전반적 만족도,42,28,66.7,21,28,4.2,3.9,,4.2,,4.0,4.1,3.9,3.97,3.7,4.6,4.0
AIG20240000498115,6,4.2,전반적 만족도,42,28,66.7,25,28,4.2,4.2,,4.3,,4.2,4.3,4.2,4.17,4.3,3.9,4.3
AIG20240000498115,7,4.3,전반적 만족도,25,20,80,17,20,4.3,4.1,,4.3,,4.2,4.3,4.4,4.2,4.1,4.6,4.3
AIG20240000498115,8,4.6,전반적 만족도,22,15,68.2,14,15,4.6,4.3,,4.8,,4.6,4.8,4.6,4.43,4.8,3.9,4.6
AIG20240000498115,9,4.2,전반적 만족도,26,19,73.1,18,19,4.2,4.2,,4.1,,4.2,4.3,4.2,4.03,4.2,3.8,4.2
AIG20240000498115,10,4.4,전반적 만족도,31,24,77.4,22,24,4.4,4.2,,4.4,,4.4,4.4,4.5,4.2,4.1,3.9,4.4
AIG20240000498119,1,5.0,전반적 만족도,12,8,66.7,8,8,5.0,4.7,,5.0,,5.0,5.0,5.0,4.63,4.9,,4.8
AIG20240000498119,2,4.8,전반적 만족도,14,10,71.4,10,10,4.8,4.6,,4.9,,4.9,4.8,4.9,4.53,4.7,5.0,4.7
AIG20240000498119,3,4.6,전반적 만족도,18,16,88.9,16,16,4.6,4.6,,4.9,,4.5,4.8,4.6,4.47,4.5,,4.7
AIG20240000498123,1,4.7,전반적 만족도,13,12,92.3,12,12,4.7,4.4,,4.8,,4.5,4.8,4.7,4.4,4.7,,4.7
AIG20240000498123,2,3.6,전반적 만족도,25,15,60,8,15,3.6,3.7,,3.2,,3.5,3.5,3.8,3.37,3.0,,3.2
AIG20240000498123,3,4.5,전반적 만족도,29,27,93.1,26,27,4.5,4.2,,4.6,,4.4,4.5,4.4,4.17,4.3,4.6,4.2
AIG20240000498123,4,4.6,전반적 만족도,30,23,76.7,22,23,4.6,4.5,,4.8,,4.6,4.6,4.6,4.53,4.7,5.0,4.6
AIG20240000498123,5,4.9,전반적 만족도,18,13,72.2,12,13,4.9,4.5,,4.9,,4.8,4.9,4.9,4.6,4.6,,4.7
AIG20240000498123,6,4.2,전반적 만족도,20,10,50,9,10,4.2,4.0,,4.5,,4.2,4.1,4.4,4.03,4.0,,4.2
AIG20240000498123,7,4.6,전반적 만족도,27,23,85.2,19,23,4.6,4.3,,4.7,,4.6,4.6,4.7,4.33,4.3,4.8,4.5
AIG20240000498123,8,4.6,전반적 만족도,24,23,95.8,22,23,4.6,4.3,,4.8,,4.6,4.7,4.5,4.43,4.6,,4.6
AIG20240000498126,1,4.4,전반적 만족도,14,9,64.3,9,9,4.4,4.4,,4.6,,4.5,4.3,4.1,4.37,4.3,,4.5
AIG20240000498126,2,4.6,전반적 만족도,14,14,100,13,14,4.6,4.5,,4.8,,4.7,4.7,4.6,4.33,4.7,4.3,4.7
AIG20240000498126,3,4.7,전반적 만족도,11,5,45.5,5,5,4.7,4.7,,4.9,,4.5,4.7,4.6,4.03,4.4,,4.4
AIG20240000498126,4,3.7,전반적 만족도,7,6,85.7,6,6,3.7,3.7,,3.9,,3.8,3.6,3.6,3.67,3.8,,3.8
AIG20240000498126,5,4.9,전반적 만족도,16,12,75,12,12,4.9,4.9,,4.9,,4.8,4.8,4.7,4.9,5.0,5.0,4.8
AIG20240000498126,6,4.9,전반적 만족도,6,5,83.3,5,5,4.9,4.7,,5.0,,5.0,4.9,5.0,4.73,4.7,,5.0
AIG20240000498127,1,3.9,전반적 만족도,14,9,64.3,8,9,3.9,3.8,,4.5,,3.9,4.0,4.0,3.87,4.0,,4.2
AIG20240000498127,2,4.7,전반적 만족도,12,7,58.3,7,7,4.7,4.7,,4.7,,4.7,4.7,4.7,4.53,4.7,,4.7
AIG20240000498127,3,4.7,전반적 만족도,9,5,55.6,5,5,4.7,4.6,,4.7,,4.6,5.0,4.6,4.73,4.6,4.3,4.7
AIG20240000498128,1,5.0,전반적 만족도,16,10,62.5,10,10,5.0,4.8,,5.0,,4.9,5.0,4.9,4.77,5.0,2.9,4.9
AIG20240000498128,2,2.6,전반적 만족도,25,10,40,4,10,2.6,2.4,,3.5,,2.8,3.1,3.0,2.83,2.8,2.1,3.5
AIG20240000498128,3,1.9,전반적 만족도,17,7,41.2,2,7,1.9,2.4,,1.8,,1.8,2.4,2.5,1.97,1.8,,2.1
AIG20240000498128,4,3.5,전반적 만족도,11,11,100,7,11,3.5,3.6,,3.7,,3.6,4.1,3.7,3.8,3.6,0.7,3.6
AIG20240000498128,5,4.5,전반적 만족도,10,7,70,6,7,4.5,3.5,,4.7,,4.7,4.4,3.9,4.13,4.1,,4.8
AIG20240000498130,1,4.5,전반적 만족도,17,11,64.7,9,11,4.5,4.4,,4.7,,4.4,4.6,4.5,4.53,4.5,3.9,4.4
AIG20240000498130,2,4.2,전반적 만족도,16,16,100,13,16,4.2,3.9,,4.5,,4.1,4.2,4.3,4.07,4.1,,4.2
AIG20240000498130,3,4.7,전반적 만족도,8,7,87.5,7,7,4.7,4.3,,4.9,,4.6,4.8,4.5,4.33,4.0,5.0,4.4
AIG20240000498130,4,4.4,전반적 만족도,37,27,73,23,27,4.4,4.2,,4.5,,4.4,4.4,4.4,3.97,4.1,5.0,4.3
AIG20240000498130,5,4.9,전반적 만족도,12,8,66.7,8,8,4.9,4.8,,5.0,,4.8,4.9,4.8,4.57,4.8,5.0,4.8
AIG20240000498130,6,4.5,전반적 만족도,29,18,62.1,18,18,4.5,4.3,,4.8,,4.6,4.6,4.6,4.37,4.4,,4.5
AIG20240000498130,7,4.4,전반적 만족도,26,13,50,10,13,4.4,4.2,,4.8,,4.6,4.9,4.7,4.27,4.5,3.9,4.7
AIG20240000498141,1,4.8,전반적 만족도,20,14,70,14,14,4.8,4.9,,4.9,,4.8,4.9,5.0,4.63,4.6,,4.9
AIG20240000498141,2,4.7,전반적 만족도,11,10,90.9,10,10,4.7,4.7,,4.8,,4.7,4.7,4.7,4.7,4.7,5.0,4.7
AIG20240000498141,3,4.4,전반적 만족도,24,19,79.2,17,19,4.4,4.3,,4.5,,4.3,4.3,4.3,4.3,4.2,4.3,4.2
AIG20240000498142,1,4.1,전반적 만족도,56,48,85.7,41,48,4.1,4.2,,4.5,,4.2,4.4,4.3,4.17,4.1,4.6,4.3
AIG20240000498142,2,4.2,전반적 만족도,36,25,69.4,23,25,4.2,4.2,,4.6,,4.3,4.4,4.5,4.33,4.2,2.9,4.2
AIG20240000498142,3,4.6,전반적 만족도,24,24,100,23,24,4.6,4.5,,4.8,,4.7,4.6,4.6,4.5,4.4,5.0,4.5
AIG20240000498142,4,4.8,전반적 만족도,16,11,68.8,11,11,4.8,4.5,,4.9,,4.7,4.9,4.8,4.77,4.5,4.3,4.7
AIG20240000498142,5,4.5,전반적 만족도,45,39,86.7,38,39,4.5,4.4,,4.6,,4.5,4.6,4.5,4.47,4.5,4.3,4.5
AIG20240000498142,6,4.5,전반적 만족도,17,13,76.5,11,13,4.5,4.6,,4.7,,4.6,4.4,4.8,4.43,4.5,5.0,4.8
AIG20240000498142,7,4.4,전반적 만족도,18,16,88.9,14,16,4.4,4.2,,4.9,,4.7,4.8,4.6,4.4,4.7,,4.7
AIG20240000498142,8,4.6,전반적 만족도,10,10,100,10,10,4.6,4.0,,4.5,,4.5,4.6,4.4,4.47,4.3,,4.5
AIG20240000498142,9,3.9,전반적 만족도,29,18,62.1,14,18,3.9,3.9,,4.3,,3.9,4.2,4.1,3.77,3.6,2.9,4.2
AIG20240000498142,10,4.3,전반적 만족도,37,27,73,25,27,4.3,4.4,,4.9,,4.5,4.7,4.6,4.3,4.4,4.6,4.5
AIG20240000498142,11,4.2,전반적 만족도,24,9,37.5,6,9,4.2,4.1,,4.6,,4.4,4.5,4.1,4.27,4.2,5.0,4.6
AIG20240000498146,1,3.5,전반적 만족도,20,14,70,10,14,3.5,2.9,,3.5,,3.5,3.7,3.4,3.8,3.6,5.0,3.6
AIG20240000498148,1,4.6,전반적 만족도,10,8,80,8,8,4.6,4.8,,4.6,,4.7,4.7,4.7,4.67,4.6,5.0,4.6
AIG20240000498148,2,4.5,전반적 만족도,5,4,80,3,4,4.5,4.3,,4.5,,4.3,5.0,4.2,4.53,4.1,1.4,4.5
AIG20240000498149,1,3.8,전반적 만족도,17,12,70.6,8,12,3.8,4.2,,4.4,,3.5,4.1,3.8,4.03,3.9,,4.2
AIG20240000498149,2,4.2,전반적 만족도,16,8,50,7,8,4.2,3.9,,4.2,,4.0,4.1,4.2,4.0,3.8,,4.4
AIG20240000498149,3,4.1,전반적 만족도,16,11,68.8,10,11,4.1,3.9,,4.4,,4.1,4.3,4.2,3.97,4.0,,4.3
AIG20240000498151,1,4.4,전반적 만족도,21,15,71.4,14,15,4.4,4.5,,4.9,,4.6,4.7,4.7,4.23,4.4,,4.7
AIG20240000498151,2,3.6,전반적 만족도,30,15,50,9,15,3.6,4.1,,3.4,,3.7,4.0,4.0,3.57,3.4,,3.6
AIG20240000498151,3,4.0,전반적 만족도,26,18,69.2,14,18,4.0,3.8,,4.6,,4.2,4.2,3.8,3.93,4.0,3.6,4.5
AIG20240000498151,4,4.6,전반적 만족도,27,24,88.9,24,24,4.6,4.5,,4.7,,4.6,4.5,4.7,4.43,4.6,4.6,4.7
AIG20240000498151,5,4.9,전반적 만족도,25,22,88,21,22,4.9,4.8,,4.9,,4.9,5.0,4.8,4.8,4.8,3.9,4.8
AIG20240000498156,1,3.7,전반적 만족도,53,44,83,35,44,3.7,3.8,,4.1,,3.7,3.9,3.9,3.83,3.6,5.0,3.8
AIG20240000498156,2,4.2,전반적 만족도,68,37,54.4,33,37,4.2,4.2,,4.6,,4.3,4.2,4.3,4.13,4.0,4.6,4.4
AIG20240000498156,3,4.2,전반적 만족도,40,30,75,23,30,4.2,4.1,,4.3,,4.0,4.2,4.3,4.03,3.7,4.3,4.2
AIG20240000498156,4,4.6,전반적 만족도,28,21,75,20,21,4.6,4.6,,4.7,,4.6,4.6,4.6,4.5,4.4,5.0,4.7
AIG20240000498156,5,4.5,전반적 만족도,48,38,79.2,37,38,4.5,4.3,,4.5,,4.5,4.6,4.5,4.33,4.3,4.9,4.4
AIG20240000498156,6,4.3,전반적 만족도,67,56,83.6,51,56,4.3,4.2,,4.6,,4.4,4.4,4.5,4.33,4.1,4.6,4.5
AIG20240000498158,1,4.1,전반적 만족도,85,64,75.3,56,64,4.1,4.3,,4.2,,4.0,4.2,4.2,3.97,3.9,2.9,4.0
AIG20240000498158,2,4.3,전반적 만족도,100,79,79,73,79,4.3,4.4,,4.6,,4.4,4.5,4.6,4.4,4.4,4.1,4.5
AIG20240000498158,3,4.4,전반적 만족도,76,67,88.2,60,67,4.4,4.3,,4.5,,4.4,4.4,4.5,4.17,4.1,4.8,4.4
AIG20240000498158,4,4.3,전반적 만족도,39,31,79.5,25,31,4.3,4.3,,4.4,,4.3,4.4,4.4,4.23,4.0,4.3,4.4
AIG20240000498158,5,4.4,전반적 만족도,85,65,76.5,61,65,4.4,4.4,,4.6,,4.4,4.5,4.5,4.17,4.2,4.3,4.5
AIG20240000498158,6,4.5,전반적 만족도,18,14,77.8,14,14,4.5,4.4,,4.6,,4.3,4.5,4.5,3.93,4.2,,4.4
AIG20240000498158,7,4.5,전반적 만족도,72,61,84.7,58,61,4.5,4.3,,4.7,,4.5,4.5,4.3,4.23,4.4,4.2,4.5
AIG20240000498159,1,4.6,전반적 만족도,49,43,87.8,39,43,4.6,4.6,,4.6,,4.6,4.5,4.6,4.43,4.3,3.9,4.6
AIG20240000498159,2,4.7,전반적 만족도,39,26,66.7,26,26,4.7,4.7,,4.8,,4.7,4.8,4.8,4.53,4.5,,4.8
AIG20240000498159,3,4.7,전반적 만족도,13,13,100,12,13,4.7,4.7,,4.9,,4.7,4.6,4.6,4.6,4.3,5.0,4.8
AIG20240000498159,4,4.9,전반적 만족도,32,29,90.6,29,29,4.9,4.8,,4.9,,4.8,4.9,4.8,4.67,4.7,4.3,4.9
AIG20240000498159,5,4.7,전반적 만족도,49,46,93.9,45,46,4.7,4.8,,4.8,,4.8,4.7,4.8,4.63,4.6,3.6,4.8
AIG20240000498160,1,4.9,전반적 만족도,18,14,77.8,14,14,4.9,4.8,,4.9,,4.9,4.9,4.8,4.83,4.9,,4.9
AIG20240000498160,2,5.0,전반적 만족도,8,6,75,6,6,5.0,4.9,,4.9,,4.9,5.0,4.8,4.93,5.0,,4.9
AIG20240000498160,3,4.2,전반적 만족도,15,11,73.3,8,11,4.2,4.2,,4.6,,4.1,4.5,4.4,4.0,4.1,,4.5
AIG20240000498160,4,5.0,전반적 만족도,12,5,41.7,5,5,5.0,5.0,,5.0,,5.0,5.0,5.0,5.0,5.0,,5.0
AIG20240000498167,1,4.3,전반적 만족도,12,10,83.3,9,10,4.3,4.2,,4.3,,4.1,4.3,4.5,4.17,4.1,4.3,4.1
AIG20240000498172,1,4.3,전반적 만족도,22,19,86.4,16,19,4.3,4.4,,4.5,,4.3,4.4,4.4,4.17,4.4,4.6,4.3
AIG20240000498172,2,4.7,전반적 만족도,9,8,88.9,8,8,4.7,4.9,,4.9,,4.9,4.9,4.9,4.6,4.7,5.0,4.8
AIG20240000498172,3,4.7,전반적 만족도,10,9,90,9,9,4.7,4.4,,4.7,,4.8,4.7,4.9,4.43,4.4,,4.6
AIG20240000498172,5,4.9,전반적 만족도,7,7,100,7,7,4.9,4.9,,4.8,,4.8,4.9,4.8,4.83,4.9,5.0,4.9
AIG20240000498172,6,4.8,전반적 만족도,8,7,87.5,7,7,4.8,4.3,,4.8,,4.6,4.8,4.9,4.33,4.6,4.3,4.8
AIG20240000498172,7,5.0,전반적 만족도,6,5,83.3,5,5,5.0,5.0,,5.0,,5.0,5.0,5.0,5.0,5.0,5.0,5.0
AIG20240000498178,1,4.7,전반적 만족도,46,36,78.3,35,36,4.7,4.7,,4.9,,4.6,4.7,4.8,4.67,4.7,5.0,4.7
AIG20240000498178,2,4.8,전반적 만족도,53,47,88.7,46,47,4.8,4.5,,4.8,,4.7,4.8,4.8,4.7,4.8,4.6,4.6
AIG20240000498178,3,4.1,전반적 만족도,50,44,88,41,44,4.1,3.8,,4.0,,4.1,4.2,3.8,4.17,4.0,4.7,3.6
AIG20240000498178,4,4.7,전반적 만족도,54,50,92.6,48,50,4.7,4.7,,4.8,,4.7,4.7,4.8,4.7,4.7,4.4,4.7
AIG20240000498180,1,2.7,전반적 만족도,15,12,80,4,12,2.7,3.4,,3.2,,3.0,2.7,3.3,2.67,2.5,5.0,2.8
AIG20240000498180,2,4.7,전반적 만족도,16,11,68.8,11,11,4.7,4.2,,4.8,,4.6,4.6,4.1,4.4,4.5,5.0,4.6
AIG20240000498182,1,5.0,전반적 만족도,20,19,95,18,19,5.0,4.9,,5.0,,5.0,5.0,5.0,4.87,4.9,5.0,5.0
AIG20240000498182,2,5.0,전반적 만족도,20,12,60,12,12,5.0,5.0,,5.0,,5.0,5.0,5.0,5.0,5.0,,5.0
AIG20240000498182,3,5.0,전반적 만족도,17,12,70.6,12,12,5.0,5.0,,5.0,,5.0,5.0,5.0,5.0,5.0,5.0,5.0
AIG20240000498182,4,5.0,전반적 만족도,18,15,83.3,15,15,5.0,5.0,,5.0,,5.0,5.0,5.0,5.0,5.0,5.0,5.0
AIG20240000498182,5,4.9,전반적 만족도,13,11,84.6,11,11,4.9,4.9,,4.9,,5.0,5.0,4.8,4.87,4.9,4.3,4.9
AIG20240000498183,1,5.0,전반적 만족도,4,3,75,3,3,5.0,5.0,,5.0,,4.6,3.8,5.0,5.0,5.0,,5.0
AIG20240000498183,2,4.9,전반적 만족도,20,7,35,7,7,4.9,4.8,,4.9,,4.8,4.9,4.9,4.83,5.0,,4.8
AIG20240000498183,3,5.0,전반적 만족도,8,6,75,6,6,5.0,5.0,,5.0,,5.0,5.0,5.0,5.0,5.0,,5.0
AIG20240000498183,4,4.3,전반적 만족도,13,10,76.9,10,10,4.3,4.5,,4.3,,4.3,4.3,4.3,4.23,4.2,4.3,4.5
AIG20240000498184,1,4.7,전반적 만족도,30,28,93.3,27,28,4.7,4.7,,4.9,,4.7,4.8,4.6,4.47,4.9,5.0,4.7
AIG20240000498184,2,4.2,전반적 만족도,32,29,90.6,27,29,4.2,4.0,,3.6,,4.1,4.3,4.6,4.07,4.0,4.3,3.9
AIG20240000498184,3,4.2,전반적 만족도,24,21,87.5,18,21,4.2,4.1,,4.5,,4.2,4.4,4.4,4.33,4.2,5.0,4.3
AIG20240000498184,4,4.8,전반적 만족도,28,28,100,28,28,4.8,4.9,,4.9,,4.8,4.9,4.8,4.87,4.8,,4.8
AIG20240000498184,5,3.9,전반적 만족도,24,19,79.2,18,19,3.9,3.4,,4.6,,4.0,3.9,4.5,3.77,3.8,5.0,3.9
AIG20240000498184,6,4.0,전반적 만족도,24,24,100,21,24,4.0,4.0,,4.3,,4.1,4.2,4.4,4.13,4.3,3.4,4.2
AIG20240000498184,7,4.3,전반적 만족도,23,14,60.9,11,14,4.3,4.2,,4.5,,4.3,4.4,4.4,3.97,4.2,,4.5
AIG20240000498185,1,3.7,전반적 만족도,20,12,60,9,12,3.7,3.3,,4.5,,3.9,3.7,3.3,3.3,3.5,5.0,4.1
AIG20240000498185,2,4.0,전반적 만족도,19,9,47.4,9,9,4.0,3.5,,4.3,,4.1,4.2,3.5,3.67,4.2,4.3,4.2
AIG20240000498185,3,4.5,전반적 만족도,19,12,63.2,12,12,4.5,4.2,,4.6,,4.4,4.6,4.0,4.33,4.2,4.8,4.5
AIG20240000498185,4,4.4,전반적 만족도,25,21,84,20,21,4.4,3.8,,4.5,,4.2,4.3,3.4,4.17,4.3,,4.4
AIG20240000498185,5,3.6,전반적 만족도,24,18,75,12,18,3.6,3.5,,4.5,,3.9,3.8,2.7,3.6,3.3,4.8,4.3
AIG20240000498185,6,3.7,전반적 만족도,25,16,64,13,16,3.7,3.5,,4.5,,4.0,3.9,3.6,3.9,3.7,4.3,4.3
AIG20240000498190,1,4.5,전반적 만족도,8,7,87.5,5,7,4.5,4.5,,4.5,,4.5,4.3,4.9,4.2,4.5,5.0,4.6
AIG20240000498192,1,4.8,전반적 만족도,12,9,75,9,9,4.8,4.9,,4.9,,4.9,4.9,4.9,4.77,4.9,5.0,4.9
AIG20240000498198,1,4.8,전반적 만족도,12,9,75,9,9,4.8,4.7,,4.8,,4.5,4.7,4.1,4.5,4.5,,4.7
AIG20240000498198,2,3.8,전반적 만족도,11,3,27.3,2,3,3.8,4.0,,4.0,,3.9,4.0,3.6,3.57,3.8,,4.0
AIG20240000498198,3,3.3,전반적 만족도,13,3,23.1,1,3,3.3,3.3,,3.7,,3.6,4.3,2.5,3.33,2.9,2.9,3.9
AIG20240000498204,1,4.4,전반적 만족도,31,23,74.2,21,23,4.4,4.1,,4.6,,4.2,4.4,4.1,4.37,4.2,,4.4
AIG20240000498204,2,4.7,전반적 만족도,24,22,91.7,22,22,4.7,4.7,,4.7,,4.6,4.7,4.8,4.67,4.8,4.6,4.7
AIG20240000498204,3,4.3,전반적 만족도,20,18,90,18,18,4.3,4.4,,4.7,,4.4,4.6,4.7,4.47,4.5,5.0,4.3
AIG20240000498204,4,4.8,전반적 만족도,22,20,90.9,20,20,4.8,4.6,,4.6,,4.6,4.7,4.8,4.6,4.6,5.0,4.6
AIG20240000498204,5,4.9,전반적 만족도,17,15,88.2,15,15,4.9,4.7,,5.0,,4.8,4.8,4.7,4.7,4.8,5.0,4.8
AIG20240000498205,1,3.6,전반적 만족도,20,14,70,9,14,3.6,3.7,,4.0,,3.4,3.5,3.9,3.57,3.2,,3.6
AIG20240000498205,2,4.6,전반적 만족도,27,24,88.9,22,24,4.6,4.6,,4.8,,4.6,4.6,4.7,4.53,4.6,5.0,4.6
AIG20240000498205,3,4.1,전반적 만족도,27,20,74.1,17,20,4.1,3.8,,4.1,,3.9,4.5,4.6,4.2,4.0,4.1,3.8
AIG20240000498205,4,4.5,전반적 만족도,25,22,88,19,22,4.5,4.4,,4.7,,4.5,4.7,4.8,4.43,4.5,4.3,4.7
AIG20240000498205,5,4.3,전반적 만족도,21,18,85.7,15,18,4.3,4.4,,3.9,,4.1,4.8,4.8,4.33,4.2,2.9,4.1
AIG20240000498209,1,4.3,전반적 만족도,20,18,90,15,18,4.3,4.3,,4.7,,4.2,4.3,4.1,4.2,4.3,5.0,4.3
AIG20240000498209,2,4.7,전반적 만족도,19,18,94.7,18,18,4.7,4.7,,4.7,,4.7,4.8,4.8,4.5,4.7,5.0,4.7
AIG20240000498209,3,4.8,전반적 만족도,20,18,90,18,18,4.8,4.6,,4.8,,4.7,4.7,3.9,4.67,4.7,5.0,4.7
AIG20240000498209,4,3.0,전반적 만족도,15,12,80,6,12,3.0,2.8,,3.4,,3.4,3.5,3.1,3.13,2.9,,3.1
AIG20240000498209,5,4.1,전반적 만족도,14,13,92.9,13,13,4.1,4.2,,4.5,,4.2,4.2,4.1,4.17,4.3,2.9,4.3
AIG20240000498211,1,4.4,전반적 만족도,30,24,80,22,24,4.4,4.4,,4.7,,4.5,4.5,4.7,4.43,4.4,4.3,4.3
AIG20240000498211,2,4.5,전반적 만족도,30,29,96.7,29,29,4.5,4.1,,4.2,,4.3,4.6,4.5,4.47,4.5,5.0,4.2
AIG20240000498211,3,4.9,전반적 만족도,30,24,80,24,24,4.9,4.9,,4.9,,4.8,4.9,5.0,4.97,4.9,,4.6
AIG20240000498213,1,5.0,전반적 만족도,8,3,37.5,3,3,5.0,5.0,,4.8,,4.8,5.0,5.0,5.0,4.5,5.0,5.0
AIG20240000498213,2,4.6,전반적 만족도,18,10,55.6,10,10,4.6,4.6,,4.7,,4.6,4.6,4.6,4.7,4.7,,4.7
AIG20240000498213,3,4.8,전반적 만족도,13,10,76.9,10,10,4.8,4.7,,4.9,,4.9,5.0,4.8,4.73,4.8,5.0,4.9
AIG20240000498213,4,4.6,전반적 만족도,8,5,62.5,5,5,4.6,4.6,,4.6,,4.6,4.6,4.6,4.6,4.6,,4.6
AIG20240000498223,1,4.9,전반적 만족도,13,8,61.5,8,8,4.9,4.8,,4.9,,4.8,4.9,4.2,4.9,4.7,,4.9
AIG20240000498223,3,4.8,전반적 만족도,14,13,92.9,13,13,4.8,4.3,,4.8,,4.6,4.7,3.6,4.2,4.1,5.0,4.8
AIG20240000498223,4,3.8,전반적 만족도,18,11,61.1,7,11,3.8,4.1,,3.9,,3.9,3.8,3.6,3.93,3.8,,3.9
AIG20240000498223,5,4.0,전반적 만족도,9,7,77.8,7,7,4.0,4.1,,4.4,,4.2,4.4,3.4,4.17,4.1,,4.3
AIG20240000498223,7,4.2,전반적 만족도,18,12,66.7,10,12,4.2,3.8,,4.4,,4.2,4.3,3.5,4.03,4.2,,4.1
AIG20240000498223,17,4.6,전반적 만족도,7,6,85.7,5,6,4.6,4.8,,4.8,,4.6,5.0,3.5,4.67,4.5,3.6,4.6
AIG20240000498223,20,4.0,전반적 만족도,10,9,90,6,9,4.0,4.4,,4.3,,4.2,4.1,4.4,4.27,4.0,4.3,4.4
AIG20240000498225,4,3.7,전반적 만족도,27,11,40.7,10,11,3.7,3.6,,3.9,,3.7,3.7,3.2,3.77,3.6,,3.7
AIG20240000498225,5,4.7,전반적 만족도,21,16,76.2,15,16,4.7,4.6,,4.8,,4.6,4.7,4.4,4.33,4.5,5.0,4.7
AIG20240000498225,6,4.9,전반적 만족도,16,11,68.8,11,11,4.9,4.4,,4.9,,4.8,4.9,4.5,4.43,4.7,4.3,4.9
AIG20240000498225,7,4.1,전반적 만족도,30,21,70,18,21,4.1,4.1,,4.4,,4.3,4.4,3.9,4.0,3.9,4.5,4.3
AIG20240000498225,8,4.3,전반적 만족도,14,12,85.7,10,12,4.3,4.3,,4.8,,4.4,4.5,4.4,4.37,4.2,5.0,4.5
AIG20240000498225,9,4.3,전반적 만족도,18,9,50,8,9,4.3,4.0,,4.4,,4.3,4.0,3.8,4.17,4.1,5.0,4.2
AIG20240000498225,10,4.2,전반적 만족도,35,30,85.7,24,30,4.2,4.0,,4.6,,4.3,4.5,3.6,4.0,4.1,,4.5
AIG20240000498225,11,4.7,전반적 만족도,35,18,51.4,15,18,4.7,4.5,,4.8,,4.8,4.7,4.1,4.4,4.6,,4.8
AIG20240000498225,12,4.5,전반적 만족도,28,20,71.4,19,20,4.5,4.4,,4.7,,4.4,4.6,3.8,4.2,4.4,4.3,4.5
AIG20240000498226,1,4.8,전반적 만족도,8,4,50,4,4,4.8,4.3,,5.0,,4.6,4.5,3.9,4.27,4.6,5.0,4.6
AIG20240000498227,2,5.0,전반적 만족도,2,2,100,2,2,5.0,5.0,,5.0,,4.9,5.0,5.0,4.87,5.0,,5.0
AIG20240000498232,1,4.7,전반적 만족도,10,7,70,7,7,4.7,4.7,,4.7,,4.5,4.6,4.5,4.7,4.8,,4.6
AIG20240000498232,2,3.8,전반적 만족도,6,4,66.7,4,4,3.8,4.1,,4.2,,3.8,4.3,4.4,3.4,3.9,,4.3
AIG20240000498244,1,4.0,전반적 만족도,17,16,94.1,15,16,4.0,3.8,,4.5,,4.2,3.9,4.2,4.07,4.1,,4.4
AIG20240000498244,3,4.2,전반적 만족도,21,11,52.4,10,11,4.2,4.3,,4.3,,4.4,4.2,4.3,4.3,4.2,,4.4
AIG20240000498244,4,4.8,전반적 만족도,15,11,73.3,11,11,4.8,4.5,,4.8,,4.6,4.7,4.1,4.57,4.8,4.6,4.7
AIG20240000498244,5,5.0,전반적 만족도,12,11,91.7,11,11,5.0,4.7,,5.0,,4.9,5.0,4.4,4.87,5.0,4.5,4.9
AIG20240000498244,6,3.4,전반적 만족도,14,12,85.7,11,12,3.4,3.6,,3.7,,3.6,3.2,3.4,3.37,3.3,4.3,3.7
AIG20240000498244,7,5.0,전반적 만족도,12,11,91.7,11,11,5.0,4.7,,5.0,,4.9,5.0,4.4,4.87,5.0,4.5,4.9
AIG20240000498245,1,4.5,전반적 만족도,14,12,85.7,10,12,4.5,4.5,,4.6,,4.5,4.5,4.7,4.27,4.4,5.0,4.5
AIG20240000498245,2,5.0,전반적 만족도,6,1,16.7,1,1,5.0,5.0,,5.0,,5.0,5.0,5.0,5.0,5.0,,5.0
AIG20240000498245,3,4.6,전반적 만족도,7,5,71.4,5,5,4.6,4.7,,4.7,,4.8,4.7,4.9,4.73,4.6,,4.8
AIG20240000498248,1,4.4,전반적 만족도,22,20,90.9,17,20,4.4,3.7,,4.5,,4.3,4.4,3.4,4.27,4.2,5.0,4.3
AIG20240000498248,2,4.2,전반적 만족도,17,11,64.7,10,11,4.2,4.4,,4.4,,4.3,4.2,4.4,4.43,4.4,3.9,4.4
AIG20240000498248,3,4.6,전반적 만족도,23,20,87,19,20,4.6,4.6,,4.8,,4.6,4.5,4.4,4.43,4.6,,4.6
AIG20240000498248,4,4.7,전반적 만족도,18,9,50,8,9,4.7,4.5,,4.5,,4.4,4.4,4.3,4.4,4.4,4.3,4.4
AIG20240000498248,5,4.2,전반적 만족도,7,6,85.7,5,6,4.2,4.5,,4.7,,4.1,4.2,4.2,4.4,4.5,,4.3
AIG20240000498248,6,4.4,전반적 만족도,19,15,78.9,14,15,4.4,4.5,,4.3,,4.3,4.5,4.2,4.5,4.4,4.8,4.4
AIG20240000498248,7,4.3,전반적 만족도,24,19,79.2,16,19,4.3,3.9,,4.5,,4.3,4.3,3.9,3.83,3.9,5.0,4.2
AIG20240000498248,9,4.1,전반적 만족도,18,14,77.8,11,14,4.1,4.0,,4.3,,4.1,4.1,4.0,4.0,3.9,5.0,4.2
AIG20240000498248,10,5.0,전반적 만족도,10,10,100,10,10,5.0,5.0,,5.0,,5.0,5.0,5.0,5.0,5.0,5.0,5.0
AIG20240000498248,11,4.4,전반적 만족도,10,10,100,9,10,4.4,4.5,,4.7,,4.4,4.4,4.3,4.43,4.4,,4.4
AIG20240000498248,12,4.3,전반적 만족도,19,13,68.4,11,13,4.3,4.6,,4.5,,4.5,4.5,4.6,4.2,4.3,4.3,4.4
AIG20240000498248,13,4.7,전반적 만족도,10,7,70,7,7,4.7,4.6,,4.7,,4.5,4.7,4.4,4.0,4.6,,4.6
AIG20240000498253,1,4.7,전반적 만족도,20,19,95,17,19,4.7,5.0,,4.8,,4.8,4.6,5.0,4.67,4.7,5.0,4.8
AIG20240000498253,2,3.9,전반적 만족도,16,13,81.3,11,13,3.9,4.0,,4.0,,3.7,4.1,3.9,3.83,3.8,,3.8
AIG20240000498253,3,4.8,전반적 만족도,27,23,85.2,22,23,4.8,4.8,,4.8,,4.8,4.8,4.8,4.77,4.8,5.0,4.8
AIG20240000498253,4,4.7,전반적 만족도,28,21,75,20,21,4.7,4.7,,4.8,,4.7,4.7,4.8,4.67,4.7,,4.7
AIG20240000498253,5,4.9,전반적 만족도,29,22,75.9,21,22,4.9,4.9,,5.0,,4.9,5.0,4.9,4.93,4.9,4.3,4.9
AIG20240000498253,6,4.6,전반적 만족도,26,21,80.8,18,21,4.6,4.5,,4.7,,4.6,4.6,4.7,4.43,4.4,5.0,4.6
AIG20240000498253,7,4.9,전반적 만족도,28,25,89.3,25,25,4.9,4.8,,4.9,,4.9,4.8,5.0,4.83,4.9,5.0,4.9
AIG20240000498257,1,5.0,전반적 만족도,10,5,50,5,5,5.0,5.0,,5.0,,5.0,5.0,5.0,4.6,5.0,,5.0
AIG20240000498258,1,4.3,전반적 만족도,15,15,100,13,15,4.3,4.3,,4.7,,4.5,4.5,4.0,4.4,4.0,4.3,4.6
AIG20240000498258,2,4.6,전반적 만족도,12,12,100,11,12,4.6,4.6,,4.7,,4.7,4.6,4.7,4.63,4.6,4.6,4.8
AIG20240000498258,3,4.8,전반적 만족도,16,15,93.8,15,15,4.8,4.8,,4.7,,4.8,4.8,4.8,4.77,4.8,4.3,4.8
AIG20240000498258,4,4.9,전반적 만족도,10,9,90,9,9,4.9,4.8,,4.9,,4.9,4.9,4.8,4.77,4.6,5.0,4.9
AIG20240000498258,5,4.3,전반적 만족도,7,4,57.1,3,4,4.3,4.1,,4.2,,4.3,4.5,3.9,4.3,4.3,,4.5
AIG20240000498258,6,5.0,전반적 만족도,17,1,5.9,1,1,5.0,5.0,,5.0,,5.0,5.0,4.6,4.77,5.0,,5.0
AIG20240000498259,1,3.9,전반적 만족도,11,6,54.5,5,6,3.9,4.4,,4.9,,4.8,4.1,4.5,4.13,4.5,2.9,4.9
AIG20240000498259,2,5.0,전반적 만족도,7,6,85.7,6,6,5.0,5.0,,5.0,,5.0,5.0,5.0,4.97,5.0,5.0,5.0
AIG20240000498259,3,4.9,전반적 만족도,8,6,75,6,6,4.9,4.9,,4.7,,4.8,4.8,5.0,4.47,5.0,4.6,4.9
AIG20240000498260,1,3.5,전반적 만족도,26,15,57.7,13,15,3.5,3.8,,4.6,,3.7,3.7,3.9,3.77,3.9,3.6,4.4
AIG20240000498260,2,3.5,전반적 만족도,28,18,64.3,10,18,3.5,3.7,,3.9,,3.4,3.4,4.0,3.27,3.3,3.6,3.8
AIG20240000498260,4,3.0,전반적 만족도,21,14,66.7,8,14,3.0,3.1,,3.3,,3.2,3.0,3.5,2.83,3.2,,3.2
AIG20240000498260,5,3.7,전반적 만족도,27,12,44.4,8,12,3.7,3.8,,4.2,,3.7,4.0,4.2,3.73,3.6,4.3,3.8
AIG20240000498260,7,3.9,전반적 만족도,23,15,65.2,14,15,3.9,3.9,,4.6,,4.2,4.2,4.0,3.97,3.9,3.6,4.2
AIG20240000498260,8,1.2,전반적 만족도,14,7,50,2,7,1.2,1.6,,1.5,,1.5,1.3,2.6,1.2,1.3,,1.5
AIG20240000498260,9,3.9,전반적 만족도,13,9,69.2,9,9,3.9,3.9,,4.8,,4.0,4.2,3.5,3.7,3.5,3.6,4.2
AIG20240000498260,11,4.5,전반적 만족도,24,14,58.3,13,14,4.5,4.2,,4.8,,4.4,4.6,4.3,4.33,4.4,,4.6
AIG20240000498260,12,4.0,전반적 만족도,17,7,41.2,5,7,4.0,3.9,,4.3,,3.8,4.0,3.7,3.5,3.5,3.6,3.9
AIG20240000498260,13,4.6,전반적 만족도,25,8,32,7,8,4.6,4.4,,4.5,,4.5,4.3,4.7,4.33,4.6,5.0,4.4
AIG20240000498260,14,3.9,전반적 만족도,21,11,52.4,9,11,3.9,3.9,,4.7,,4.0,3.9,4.3,4.03,4.0,,4.4
AIG20240000498260,17,4.3,전반적 만족도,14,9,64.3,8,9,4.3,4.0,,4.7,,4.1,4.4,3.8,4.1,4.2,,4.1
AIG20240000498260,18,3.6,전반적 만족도,20,10,50,8,10,3.6,3.8,,3.7,,3.5,3.7,4.0,3.23,3.3,5.0,3.6
AIG20240000498260,19,4.3,전반적 만족도,20,10,50,8,10,4.3,4.3,,4.9,,4.6,4.7,4.5,4.2,4.1,,4.8
AIG20240000498261,1,2.9,전반적 만족도,51,2,3.9,1,2,2.9,2.5,,4.8,,3.0,,2.9,2.3,2.5,4.6,2.3
AIG20240000498261,2,4.3,전반적 만족도,74,10,13.5,8,10,4.3,4.4,,4.6,,4.4,,4.0,4.05,4.4,4.4,4.5
AIG20240000498261,3,2.9,전반적 만족도,74,1,1.4,1,1,2.9,2.9,,2.9,,2.9,,2.9,2.9,2.9,2.9,2.9
AIG20240000498261,4,4.4,전반적 만족도,88,19,21.6,17,19,4.4,4.4,,4.5,,4.3,,4.3,4.45,4.4,4.3,4.2
AIG20240000498262,1,4.9,전반적 만족도,9,5,55.6,5,5,4.9,4.7,,4.9,,4.9,4.9,4.9,4.9,4.9,,4.9
AIG20240000498262,2,4.9,전반적 만족도,15,11,73.3,11,11,4.9,4.9,,5.0,,4.9,4.8,4.4,4.73,4.9,5.0,4.9
AIG20240000498262,3,5.0,전반적 만족도,6,4,66.7,4,4,5.0,5.0,,5.0,,5.0,5.0,5.0,5.0,5.0,5.0,5.0
AIG20240000498265,1,3.5,전반적 만족도,13,10,76.9,7,10,3.5,4.1,,4.4,,3.8,3.8,4.2,3.63,2.9,2.1,4.0
AIG20240000498265,2,3.9,전반적 만족도,21,13,61.9,12,13,3.9,3.5,,4.0,,3.9,4.2,3.9,3.7,3.5,3.9,3.7
AIG20240000498265,3,3.6,전반적 만족도,15,12,80,8,12,3.6,3.5,,3.8,,3.4,3.8,3.9,3.43,3.5,,3.6
AIG20240000498265,4,4.4,전반적 만족도,14,8,57.1,8,8,4.4,3.5,,4.3,,4.0,4.1,4.1,4.03,4.2,4.3,4.0
AIG20240000498265,5,4.4,전반적 만족도,31,21,67.7,20,21,4.4,4.2,,4.5,,4.4,4.4,4.5,4.17,4.4,4.6,4.4
AIG20240000498267,1,4.9,전반적 만족도,30,19,63.3,19,19,4.9,4.8,,5.0,,4.8,4.9,4.9,4.8,4.9,5.0,4.9
AIG20240000498267,2,5.0,전반적 만족도,30,17,56.7,17,17,5.0,5.0,,5.0,,5.0,5.0,5.0,5.0,5.0,,5.0
AIG20240000498267,3,4.3,전반적 만족도,30,26,86.7,21,26,4.3,4.6,,4.5,,4.3,4.6,4.6,4.47,4.3,5.0,4.3
AIG20240000498267,4,4.9,전반적 만족도,28,23,82.1,23,23,4.9,4.8,,4.7,,4.7,4.9,4.9,4.87,4.9,,4.8
AIG20240000498267,5,4.7,전반적 만족도,34,30,88.2,29,30,4.7,4.6,,4.7,,4.6,4.8,4.7,4.67,4.7,,4.8
AIG20240000498267,6,4.2,전반적 만족도,29,26,89.7,20,26,4.2,4.3,,4.4,,4.1,4.5,4.4,4.37,4.3,,4.2
AIG20240000498267,7,4.9,전반적 만족도,30,26,86.7,26,26,4.9,4.9,,4.9,,4.9,4.9,5.0,4.87,4.8,4.3,4.9
AIG20240000498267,8,4.9,전반적 만족도,30,21,70,21,21,4.9,4.7,,4.9,,4.9,4.9,4.8,4.87,5.0,5.0,4.8
AIG20240000498268,1,3.6,전반적 만족도,8,3,37.5,2,3,3.6,2.9,,4.4,,3.4,3.8,4.0,3.67,3.3,,3.0
AIG20240000498268,2,4.0,전반적 만족도,5,3,60,2,3,4.0,4.0,,4.2,,4.0,4.3,4.8,3.87,3.6,,4.4
AIG20240000498272,1,4.0,전반적 만족도,7,3,42.9,3,3,4.0,3.6,,4.5,,4.1,4.3,4.0,4.07,4.0,,4.3
AIG20240000498276,1,4.8,전반적 만족도,20,18,90,18,18,4.8,4.8,,4.8,,4.8,4.8,4.8,4.73,4.8,5.0,4.8
AIG20240000498276,2,4.8,전반적 만족도,18,15,83.3,14,15,4.8,4.6,,4.9,,4.8,4.7,4.7,4.63,4.7,5.0,4.8
AIG20240000498276,3,4.5,전반적 만족도,12,10,83.3,9,10,4.5,4.6,,4.7,,4.7,4.6,4.7,4.63,4.6,,4.7
AIG20240000498278,1,4.4,전반적 만족도,18,14,77.8,11,14,4.4,4.0,,5.0,,4.5,4.6,3.3,4.27,4.1,,4.9
AIG20240000498278,2,4.2,전반적 만족도,22,13,59.1,10,13,4.2,4.2,,4.9,,4.3,4.2,3.1,4.27,4.2,5.0,4.8
AIG20240000498278,3,3.2,전반적 만족도,21,12,57.1,6,12,3.2,3.3,,3.3,,3.3,3.6,3.5,2.97,3.1,2.9,3.3
AIG20240000498278,4,4.8,전반적 만족도,25,8,32,8,8,4.8,4.8,,5.0,,4.8,4.9,3.9,4.4,4.8,,4.7
AIG20240000498278,5,4.0,전반적 만족도,25,17,68,13,17,4.0,3.9,,4.7,,4.1,4.4,3.0,3.93,4.0,5.0,4.7
AIG20240000498278,6,4.0,전반적 만족도,21,17,81,13,17,4.0,3.4,,4.1,,3.9,3.9,3.0,3.87,3.7,,4.1
AIG20240000498278,7,3.9,전반적 만족도,18,13,72.2,11,13,3.9,4.1,,4.0,,3.9,3.9,3.8,3.83,3.9,5.0,4.2
AIG20240000498279,1,4.0,전반적 만족도,9,3,33.3,1,3,4.0,3.6,,4.0,,4.1,3.8,3.3,3.8,2.9,,4.0
AIG20240000498279,2,4.6,전반적 만족도,18,16,88.9,16,16,4.6,4.7,,4.6,,4.6,4.6,4.6,4.57,4.5,5.0,4.5
AIG20240000498279,3,3.9,전반적 만족도,19,14,73.7,9,14,3.9,4.4,,4.0,,4.1,4.2,4.1,4.17,3.7,2.9,3.9
AIG20240000498279,5,4.5,전반적 만족도,13,11,84.6,9,11,4.5,4.4,,4.7,,4.5,4.7,4.6,4.47,4.0,4.3,4.4
AIG20240000498279,6,4.9,전반적 만족도,17,16,94.1,16,16,4.9,4.8,,4.9,,4.9,5.0,5.0,4.97,4.9,5.0,4.9
AIG20240000498282,2,3.9,전반적 만족도,8,5,62.5,4,5,3.9,3.9,,3.5,,3.5,3.6,3.9,4.07,4.0,3.6,3.6
AIG20240000498287,1,4.7,전반적 만족도,49,39,79.6,39,39,4.7,4.5,,4.8,,4.7,4.7,4.7,4.63,4.6,4.8,4.6
AIG20240000498287,2,4.7,전반적 만족도,54,45,83.3,43,45,4.7,4.4,,4.8,,4.7,4.8,4.5,4.67,4.6,4.9,4.6
AIG20240000498287,3,4.8,전반적 만족도,55,52,94.5,52,52,4.8,4.6,,4.9,,4.8,4.9,4.4,4.8,4.8,5.0,4.6
AIG20240000498287,4,4.7,전반적 만족도,55,48,87.3,47,48,4.7,4.6,,4.7,,4.7,4.7,4.7,4.7,4.6,4.6,4.7
AIG20240000498287,5,4.8,전반적 만족도,35,30,85.7,29,30,4.8,4.7,,4.8,,4.8,4.9,4.6,4.77,4.6,5.0,4.6
AIG20240000498288,1,4.2,전반적 만족도,38,32,84.2,24,32,4.2,4.1,,4.1,,4.1,4.3,3.9,4.0,3.8,,3.5
AIG20240000498288,2,4.2,전반적 만족도,27,23,85.2,19,23,4.2,4.3,,4.3,,4.3,4.1,4.3,4.1,4.0,5.0,4.3
AIG20240000498288,3,4.6,전반적 만족도,30,26,86.7,26,26,4.6,4.4,,4.7,,4.6,4.6,4.6,4.47,4.4,5.0,4.5
AIG20240000498288,4,4.3,전반적 만족도,27,20,74.1,19,20,4.3,4.2,,4.5,,4.4,4.4,4.3,4.13,4.1,,4.3
AIG20240000498288,5,3.9,전반적 만족도,58,47,81,35,47,3.9,4.1,,4.1,,4.1,4.0,4.1,3.9,3.7,3.9,3.8
AIG20240000498288,6,4.2,전반적 만족도,27,21,77.8,19,21,4.2,4.3,,4.4,,4.3,4.4,4.4,4.23,4.4,3.6,4.4
AIG20240000498289,1,4.0,전반적 만족도,32,9,28.1,8,9,4.0,4.0,,4.2,,3.9,,4.0,3.6,3.7,3.3,3.8
AIG20240000498289,3,4.3,전반적 만족도,45,5,11.1,5,5,4.3,4.3,,4.4,,4.3,,4.1,4.1,4.1,4.4,4.2
AIG20240000498290,1,4.3,전반적 만족도,7,3,42.9,2,3,4.3,4.3,,4.5,,4.2,5.0,3.8,3.97,4.5,5.0,4.1
AIG20240000498292,1,3.4,전반적 만족도,23,20,87,11,20,3.4,3.4,,3.7,,3.4,3.4,3.6,3.47,3.2,3.3,3.6
AIG20240000498293,1,3.4,전반적 만족도,14,5,35.7,3,5,3.4,3.9,,3.2,,3.4,3.1,3.4,3.17,3.1,,3.3
AIG20240000498295,1,4.7,전반적 만족도,11,10,90.9,9,10,4.7,4.8,,4.7,,4.7,4.8,4.7,4.7,4.7,,4.8
AIG20240000498295,2,5.0,전반적 만족도,8,6,75,6,6,5.0,5.0,,5.0,,5.0,5.0,4.6,4.5,5.0,,5.0
AIG20240000498295,3,4.8,전반적 만족도,13,9,69.2,9,9,4.8,4.6,,4.8,,4.7,4.7,4.7,4.6,4.8,5.0,4.7
AIG20240000498302,1,3.1,전반적 만족도,13,9,69.2,5,9,3.1,3.1,,3.3,,3.1,2.9,3.3,3.13,3.3,,3.1
AIG20240000498302,2,2.8,전반적 만족도,21,14,66.7,5,14,2.8,2.6,,3.7,,3.2,2.9,2.6,3.1,2.3,3.2,2.9
AIG20240000498302,4,3.8,전반적 만족도,7,3,42.9,2,3,3.8,2.9,,4.3,,3.9,4.8,4.3,3.9,3.3,,4.2
AIG20240000498303,1,4.3,전반적 만족도,16,13,81.3,11,13,4.3,4.1,,4.3,,4.1,4.3,4.3,4.3,4.0,3.6,4.4
AIG20240000498303,2,4.4,전반적 만족도,15,8,53.3,7,8,4.4,4.5,,4.5,,4.4,4.5,4.4,4.5,4.6,,4.5
AIG20240000498303,3,3.3,전반적 만족도,15,11,73.3,5,11,3.3,3.8,,4.1,,3.4,3.5,3.8,3.4,3.2,3.9,3.7
AIG20240000498303,4,3.3,전반적 만족도,14,11,78.6,7,11,3.3,3.2,,3.6,,3.3,3.4,3.2,3.4,3.2,,3.5
AIG20240000498303,5,4.2,전반적 만족도,17,11,64.7,9,11,4.2,3.7,,4.5,,4.5,4.1,4.5,3.93,4.2,,4.5
AIG20240000498305,1,4.8,전반적 만족도,9,6,66.7,6,6,4.8,4.6,,4.8,,4.8,4.8,4.9,4.63,4.9,,4.6
AIG20240000498314,1,4.4,전반적 만족도,16,16,100,14,16,4.4,4.2,,4.6,,4.3,4.7,4.5,4.27,4.6,4.3,4.6
AIG20240000498314,2,4.7,전반적 만족도,16,12,75,11,12,4.7,4.1,,4.8,,4.6,4.8,4.5,4.43,4.4,4.5,4.6
AIG20240000498314,3,4.4,전반적 만족도,15,10,66.7,8,10,4.4,4.5,,4.4,,4.5,4.6,4.6,4.23,4.2,3.6,4.3
AIG20240000498314,4,4.0,전반적 만족도,9,9,100,7,9,4.0,4.0,,4.2,,4.0,3.9,4.0,3.8,3.7,4.3,4.0
AIG20240000498314,6,4.7,전반적 만족도,19,16,84.2,15,16,4.7,4.3,,4.6,,4.4,4.5,4.8,4.5,4.5,5.0,4.7
AIG20240000498314,7,4.0,전반적 만족도,16,13,81.3,10,13,4.0,4.0,,4.1,,4.2,4.3,4.3,3.83,3.6,2.9,4.0
AIG20240000498314,8,4.9,전반적 만족도,7,7,100,7,7,4.9,4.9,,4.9,,4.9,4.9,4.9,4.8,4.9,5.0,4.9
AIG20240000498314,9,4.9,전반적 만족도,14,11,78.6,11,11,4.9,4.9,,4.9,,4.9,4.9,4.9,4.9,4.7,4.3,4.9
AIG20240000498314,11,5.0,전반적 만족도,14,12,85.7,12,12,5.0,5.0,,5.0,,5.0,5.0,5.0,5.0,5.0,5.0,5.0
AIG20240000498323,1,4.9,전반적 만족도,10,7,70,7,7,4.9,5.0,,5.0,,4.9,5.0,4.7,4.93,5.0,,4.9
AIG20240000498328,1,3.3,전반적 만족도,10,7,70,5,7,3.3,3.9,,3.5,,3.2,3.9,4.0,3.73,3.3,2.9,3.4
AIG20240000498331,1,4.5,전반적 만족도,25,22,88,21,22,4.5,4.3,,4.8,,4.4,4.5,4.1,4.47,4.5,3.9,4.6
AIG20240000498331,2,4.3,전반적 만족도,30,24,80,23,24,4.3,4.4,,4.6,,4.4,4.6,4.3,4.37,4.4,5.0,4.4
AIG20240000498331,3,4.7,전반적 만족도,13,11,84.6,11,11,4.7,4.7,,4.7,,4.6,4.7,4.5,4.6,4.7,5.0,4.6
AIG20240000498335,1,4.4,전반적 만족도,51,47,92.2,45,47,4.4,4.1,,4.7,,4.4,4.5,4.4,4.53,4.5,4.3,4.3
AIG20240000498335,2,4.1,전반적 만족도,58,50,86.2,40,50,4.1,3.9,,4.4,,4.2,4.4,3.9,4.2,4.1,5.0,4.0
AIG20240000498335,3,4.5,전반적 만족도,42,33,78.6,30,33,4.5,4.2,,4.5,,4.4,4.5,4.7,4.5,4.2,3.2,4.3
AIG20240000498335,4,4.0,전반적 만족도,47,29,61.7,24,29,4.0,3.9,,4.2,,4.1,4.4,4.1,4.03,4.1,3.1,4.0
AIG20240000498336,1,4.7,전반적 만족도,18,13,72.2,13,13,4.7,4.8,,4.9,,4.7,4.8,4.9,4.83,4.8,,4.7
AIG20240000498338,1,3.7,전반적 만족도,16,12,75,9,12,3.7,3.9,,4.3,,3.9,3.8,4.4,4.13,4.1,,4.3
AIG20240000498338,2,4.5,전반적 만족도,41,24,58.5,24,24,4.5,4.3,,4.8,,4.5,4.7,4.5,4.4,4.7,2.9,4.6
AIG20240000498338,3,3.8,전반적 만족도,26,16,61.5,13,16,3.8,4.0,,4.5,,4.0,3.9,4.6,3.7,3.9,,4.3
AIG20240000498338,4,2.8,전반적 만족도,17,10,58.8,4,10,2.8,3.1,,3.3,,2.9,2.9,3.7,3.03,2.7,3.2,2.8
AIG20240000498338,5,5.0,전반적 만족도,15,5,33.3,5,5,5.0,5.0,,5.0,,5.0,5.0,5.0,4.93,5.0,5.0,5.0
AIG20240000498339,1,4.5,전반적 만족도,14,12,85.7,11,12,4.5,4.4,,4.7,,4.3,4.5,4.1,4.27,4.3,5.0,4.5
AIG20240000498339,2,4.8,전반적 만족도,10,8,80,8,8,4.8,5.0,,5.0,,4.7,5.0,4.8,4.83,5.0,3.2,4.9
AIG20240000498340,1,4.8,전반적 만족도,13,8,61.5,8,8,4.8,4.6,,4.9,,4.6,4.9,5.0,4.5,4.9,5.0,4.8
AIG20240000498340,2,4.5,전반적 만족도,12,6,50,5,6,4.5,4.3,,4.7,,4.5,4.8,4.2,4.07,4.3,,4.5
AIG20240000498340,3,3.9,전반적 만족도,9,7,77.8,5,7,3.9,4.2,,4.2,,4.1,3.8,4.1,3.6,3.8,5.0,4.2
AIG20240000498342,1,4.6,전반적 만족도,16,5,31.3,4,5,4.6,4.7,,4.5,,4.4,,4.4,4.35,4.3,4.0,4.3
AIG20240000498342,2,5.0,전반적 만족도,37,1,2.7,1,1,5.0,5.0,,5.0,,5.0,,5.0,5.0,5.0,5.0,5.0
AIG20240000498342,3,3.6,전반적 만족도,47,1,2.1,0,1,3.6,2.9,,4.3,,3.9,,2.9,2.9,2.9,3.6,3.6
AIG20240000498342,4,4.0,전반적 만족도,56,26,46.4,22,26,4.0,4.3,,4.4,,4.0,,4.4,4.1,4.0,4.1,4.2
AIG20240000498342,5,4.1,전반적 만족도,64,26,40.6,23,26,4.1,4.0,,4.3,,3.9,,3.9,4.0,4.0,4.1,4.0
AIG20240000498342,6,4.3,전반적 만족도,74,15,20.3,14,15,4.3,4.4,,4.7,,4.5,1.4,4.5,3.0,4.1,4.3,4.6
AIG20240000498342,7,4.4,전반적 만족도,38,7,18.4,6,7,4.4,4.2,,4.5,,4.2,,4.4,4.25,3.8,4.2,4.2
AIG20240000498342,8,2.6,전반적 만족도,25,8,32,1,8,2.6,2.6,,3.7,,2.7,2.9,3.4,2.3,2.3,2.8,3.1
AIG20240000498342,9,3.2,전반적 만족도,34,12,35.3,7,12,3.2,3.5,,3.9,,3.3,,3.5,3.45,3.1,3.5,3.6
AIG20240000498342,10,4.0,전반적 만족도,32,15,46.9,14,15,4.0,4.0,,4.3,,4.1,,4.2,4.15,4.0,4.1,4.1
AIG20240000498343,1,4.7,전반적 만족도,28,21,75,21,21,4.7,4.7,,4.8,,4.7,4.7,4.5,4.77,4.7,4.3,4.3
AIG20240000498343,2,4.5,전반적 만족도,20,20,100,20,20,4.5,4.5,,4.5,,4.5,4.4,4.4,4.5,4.5,,4.5
AIG20240000498343,3,4.6,전반적 만족도,23,21,91.3,20,21,4.6,4.5,,4.7,,4.6,4.7,4.6,4.6,4.6,,4.6
AIG20240000498350,1,4.6,전반적 만족도,35,30,85.7,28,30,4.6,4.3,,4.8,,4.5,4.6,4.3,4.43,4.6,5.0,4.5
AIG20240000498350,2,3.5,전반적 만족도,30,26,86.7,12,26,3.5,3.5,,3.7,,3.2,3.5,3.7,3.47,3.3,2.9,3.4
AIG20240000498350,3,4.9,전반적 만족도,23,20,87,20,20,4.9,4.9,,4.8,,4.8,4.9,4.9,4.67,4.8,,4.7
AIG20240000498350,4,4.9,전반적 만족도,35,30,85.7,30,30,4.9,4.8,,4.9,,4.7,4.8,4.8,4.73,4.6,5.0,4.8
AIG20240000498353,1,4.3,전반적 만족도,8,6,75,5,6,4.3,4.3,,4.2,,4.4,4.4,3.9,4.03,4.2,,4.3
AIG20240000498353,2,5.0,전반적 만족도,8,8,100,8,8,5.0,4.7,,5.0,,4.9,4.9,4.8,4.8,5.0,,5.0
AIG20240000498353,3,4.3,전반적 만족도,6,5,83.3,4,5,4.3,4.6,,4.4,,4.3,4.4,4.1,4.3,4.1,,4.4
AIG20240000498353,4,4.2,전반적 만족도,7,7,100,6,7,4.2,4.4,,4.8,,4.2,4.6,2.7,4.17,4.2,,4.1
AIG20240000498353,5,3.9,전반적 만족도,15,11,73.3,9,11,3.9,3.8,,4.0,,3.8,3.9,4.0,3.9,3.9,2.9,3.4
AIG20240000498353,6,3.9,전반적 만족도,5,5,100,4,5,3.9,3.9,,4.1,,3.9,4.1,4.0,4.2,3.9,,3.9
AIG20240000498362,1,4.4,전반적 만족도,27,22,81.5,19,22,4.4,4.4,,4.5,,4.4,4.6,4.2,4.3,4.4,4.6,4.4
AIG20240000498362,3,4.6,전반적 만족도,20,19,95,18,19,4.6,4.7,,4.8,,4.7,4.8,4.7,4.53,4.7,5.0,4.6
AIG20240000498362,4,4.1,전반적 만족도,28,19,67.9,18,19,4.1,4.2,,4.5,,4.1,4.2,4.0,3.77,4.0,2.9,4.4
AIG20240000498363,1,4.3,전반적 만족도,22,20,90.9,18,20,4.3,4.6,,4.6,,4.3,4.4,4.3,4.5,4.5,,4.4
AIG20240000498363,2,4.3,전반적 만족도,39,28,71.8,27,28,4.3,4.2,,4.6,,4.5,4.4,4.2,4.47,4.5,,4.4
AIG20240000498363,3,4.0,전반적 만족도,54,39,72.2,36,39,4.0,4.1,,4.2,,4.0,4.2,4.2,4.03,4.1,3.4,4.2
AIG20240000498363,4,3.5,전반적 만족도,14,14,100,12,14,3.5,3.4,,3.9,,3.5,3.7,3.6,3.6,3.5,,3.8
AIG20240000498363,5,4.6,전반적 만족도,9,8,88.9,8,8,4.6,4.2,,4.7,,4.4,4.8,4.6,4.5,4.4,,4.7
AIG20240000498363,7,4.8,전반적 만족도,14,13,92.9,13,13,4.8,4.8,,5.0,,4.8,4.9,4.9,4.87,4.9,,4.9
AIG20240000498366,1,4.7,전반적 만족도,25,7,28,7,7,4.7,4.5,,4.8,,4.5,,4.4,4.55,4.9,4.8,4.5
AIG20240000498366,2,2.9,전반적 만족도,45,11,24.4,5,11,2.9,3.4,,3.8,,3.2,,3.6,3.4,3.0,3.3,3.6
AIG20240000498366,3,2.9,전반적 만족도,25,2,8,0,2,2.9,2.9,,2.7,,2.9,,2.9,2.9,2.9,2.9,2.9
AIG20240000498366,4,4.3,전반적 만족도,55,1,1.8,1,1,4.3,3.6,,4.6,,4.3,,2.9,3.95,4.3,3.6,4.3
AIG20240000498366,5,3.7,전반적 만족도,10,5,50,3,5,3.7,3.9,,3.9,,3.5,,3.9,3.85,3.6,3.4,3.8
AIG20240000498366,6,2.6,전반적 만족도,32,17,53.1,6,17,2.6,2.9,,3.2,,2.8,,3.3,3.25,2.6,3.1,3.2
AIG20240000498366,7,5.0,전반적 만족도,18,3,16.7,3,3,5.0,5.0,,5.0,,4.7,,5.0,5.0,5.0,5.0,5.0
AIG20240000498366,8,4.1,전반적 만족도,28,8,28.6,6,8,4.1,4.1,,4.3,,4.2,,4.2,4.15,3.8,4.5,4.2
AIG20240000498366,9,3.8,전반적 만족도,69,28,40.6,20,28,3.8,3.7,,4.1,,3.5,2.9,3.9,3.5,3.5,3.8,3.9
AIG20240000498368,1,3.9,전반적 만족도,21,19,90.5,14,19,3.9,3.3,,4.1,,3.8,4.0,3.9,3.9,3.8,3.6,3.6
AIG20240000498368,2,4.1,전반적 만족도,21,13,61.9,12,13,4.1,4.1,,4.3,,4.0,4.3,4.1,4.07,3.8,3.6,4.3
AIG20240000498368,3,4.5,전반적 만족도,12,6,50,6,6,4.5,4.8,,4.8,,4.6,4.7,4.7,4.47,4.6,5.0,4.8
AIG20240000498374,1,4.3,전반적 만족도,35,28,80,26,28,4.3,4.1,,4.4,,4.2,4.4,4.3,4.2,4.3,3.6,4.2
AIG20240000498374,2,4.2,전반적 만족도,56,46,82.1,41,46,4.2,4.1,,4.4,,4.1,4.4,4.3,4.2,4.1,4.3,4.2
AIG20240000498374,3,3.7,전반적 만족도,49,38,77.6,25,38,3.7,3.6,,4.1,,3.8,4.1,3.9,3.73,3.4,3.3,3.7
AIG20240000498374,4,4.3,전반적 만족도,54,34,63,32,34,4.3,3.8,,4.6,,4.1,4.3,4.3,4.03,3.9,3.6,4.3
AIG20240000498374,5,4.0,전반적 만족도,49,36,73.5,30,36,4.0,3.9,,4.3,,4.0,4.1,4.1,3.83,3.8,3.6,4.0
AIG20240000498374,6,4.2,전반적 만족도,34,23,67.6,19,23,4.2,4.1,,4.4,,4.1,4.2,4.2,4.0,3.9,5.0,4.2
AIG20240000498380,1,4.9,전반적 만족도,15,15,100,15,15,4.9,4.4,,4.8,,4.7,4.9,4.7,4.7,4.8,,4.7
AIG20240000498380,2,4.7,전반적 만족도,19,14,73.7,14,14,4.7,4.9,,4.8,,4.7,4.7,4.9,4.8,4.9,5.0,4.8
AIG20240000498382,1,2.3,전반적 만족도,28,23,82.1,6,23,2.3,2.2,,3.1,,2.7,2.8,3.4,2.4,2.0,,2.8
AIG20240000498384,1,3.8,전반적 만족도,57,41,71.9,31,41,3.8,3.5,,4.5,,3.8,4.1,4.0,4.03,3.8,3.9,4.1
AIG20240000498384,2,4.0,전반적 만족도,54,38,70.4,31,38,4.0,3.8,,4.2,,3.9,4.2,4.0,4.0,3.9,3.9,3.9
AIG20240000498384,3,3.8,전반적 만족도,47,40,85.1,32,40,3.8,3.9,,4.2,,3.8,4.0,4.1,3.73,3.4,4.3,3.9
AIG20240000498384,4,4.3,전반적 만족도,76,66,86.8,63,66,4.3,4.2,,4.5,,4.4,4.4,4.2,4.2,4.2,4.1,4.4
AIG20240000498384,5,4.3,전반적 만족도,47,36,76.6,35,36,4.3,4.2,,4.4,,4.2,4.2,4.3,4.2,4.2,4.4,4.3
AIG20240000498389,1,4.5,전반적 만족도,43,31,72.1,30,31,4.5,4.4,,4.7,,4.6,,4.3,4.7,4.7,4.6,4.4
AIG20240000498389,2,4.3,전반적 만족도,44,38,86.4,35,38,4.3,4.2,,4.5,,4.3,,4.3,4.3,4.3,4.3,4.3
AIG20240000498389,3,4.8,전반적 만족도,45,29,64.4,29,29,4.8,4.8,,4.8,,4.8,,4.8,4.8,4.8,4.8,4.7
AIG20240000498389,4,4.5,전반적 만족도,48,24,50,22,24,4.5,4.4,,4.8,,4.7,,4.8,4.5,4.5,4.4,4.7
AIG20240000498389,5,4.2,전반적 만족도,72,58,80.6,51,58,4.2,4.1,,4.4,,4.2,,4.2,3.95,4.1,4.1,4.1
AIG20240000498389,6,3.7,전반적 만족도,56,44,78.6,33,44,3.7,3.8,,4.1,,3.9,,4.1,3.6,3.7,3.8,3.8
AIG20240000498389,7,4.1,전반적 만족도,67,47,70.1,41,47,4.1,4.1,,4.4,,4.2,,4.1,3.95,4.0,4.1,4.0
AIG20240000498395,1,4.5,전반적 만족도,15,11,73.3,9,11,4.5,4.4,,4.8,,4.5,4.6,4.6,4.6,4.5,2.9,4.6
AIG20240000498395,2,4.0,전반적 만족도,10,6,60,5,6,4.0,3.8,,4.6,,4.2,4.4,3.9,3.9,3.9,,4.3
AIG20240000498395,3,4.4,전반적 만족도,18,12,66.7,12,12,4.4,4.2,,4.5,,4.3,4.6,4.1,4.43,4.5,2.9,4.4
AIG20240000498395,4,4.4,전반적 만족도,14,11,78.6,9,11,4.4,4.0,,4.6,,4.3,4.5,4.3,4.03,4.4,2.9,4.5
AIG20240000498395,5,4.3,전반적 만족도,19,17,89.5,13,17,4.3,3.6,,4.9,,4.2,4.3,4.0,3.7,4.0,,4.3
AIG20240000498396,1,4.2,전반적 만족도,6,6,100,5,6,4.2,3.9,,5.0,,4.4,4.5,4.1,4.13,4.0,,4.6
AIG20240000498396,2,4.0,전반적 만족도,12,10,83.3,7,10,4.0,3.9,,4.4,,3.9,4.1,4.0,4.13,3.9,3.6,4.0
AIG20240000498402,1,3.9,전반적 만족도,32,24,75,22,24,3.9,4.3,,4.2,,3.9,4.1,4.3,3.9,4.0,,4.0
AIG20240000498402,2,4.4,전반적 만족도,16,12,75,12,12,4.4,4.5,,4.4,,4.3,4.3,4.6,4.23,4.3,3.9,4.3
AIG20240000498402,3,4.0,전반적 만족도,20,16,80,13,16,4.0,4.0,,4.2,,4.0,4.3,4.4,4.2,4.0,5.0,4.0
AIG20240000498402,5,4.6,전반적 만족도,11,9,81.8,9,9,4.6,4.5,,5.0,,4.6,4.6,4.8,4.57,4.8,,4.7
AIG20240000498405,1,3.6,전반적 만족도,7,2,28.6,1,2,3.6,3.9,,4.8,,4.0,3.9,4.6,3.7,3.6,,4.1
AIG20240000501182,1,4.5,전반적 만족도,29,23,79.3,22,23,4.5,4.1,,4.8,,4.3,4.7,4.5,4.53,4.5,3.6,4.5
AIG20240000501182,2,4.7,전반적 만족도,18,14,77.8,14,14,4.7,4.4,,4.8,,4.6,4.6,4.5,4.5,4.5,5.0,4.5
AIG20240000501186,1,4.8,전반적 만족도,50,49,98,49,49,4.8,4.8,,4.9,,4.7,4.9,4.5,4.73,4.8,5.0,4.8
AIG20240000501186,2,4.7,전반적 만족도,50,47,94,47,47,4.7,4.7,,4.9,,4.6,4.8,4.4,4.7,4.7,5.0,4.8
AIG20240000501186,3,4.7,전반적 만족도,98,94,95.9,92,94,4.7,4.6,,4.8,,4.6,4.8,4.2,4.6,4.6,4.3,4.5
AIG20240000501189,1,4.6,전반적 만족도,23,16,69.6,16,16,4.6,4.7,,4.7,,4.5,4.6,4.7,4.5,4.6,,4.7
AIG20240000501189,2,4.9,전반적 만족도,21,17,81,17,17,4.9,4.8,,4.9,,4.8,4.7,4.8,4.47,4.7,,4.7
AIG20240000501189,3,4.8,전반적 만족도,23,21,91.3,21,21,4.8,4.7,,4.8,,4.8,4.8,4.8,4.77,4.7,,4.8
AIG20240000501189,4,4.8,전반적 만족도,26,15,57.7,15,15,4.8,4.8,,4.8,,4.6,4.8,4.7,4.57,4.8,,4.7
AIG20240000501189,5,4.7,전반적 만족도,26,16,61.5,15,16,4.7,4.8,,4.8,,4.7,4.7,4.8,4.77,4.8,,4.6
AIG20240000501189,6,4.8,전반적 만족도,27,16,59.3,16,16,4.8,4.8,,4.8,,4.7,4.8,4.8,4.57,4.7,5.0,4.8
AIG20240000501189,7,4.9,전반적 만족도,20,15,75,15,15,4.9,4.9,,4.9,,4.9,4.9,4.9,4.83,4.9,,4.9
AIG20240000501189,8,4.8,전반적 만족도,19,15,78.9,14,15,4.8,4.8,,4.8,,4.8,4.8,4.8,4.67,4.8,,4.6
AIG20240000501189,9,4.8,전반적 만족도,21,10,47.6,9,10,4.8,4.9,,4.9,,4.9,4.9,4.9,4.77,4.9,,4.9
AIG20240000501189,10,4.9,전반적 만족도,23,18,78.3,18,18,4.9,4.9,,4.9,,4.9,4.9,4.9,4.8,5.0,,4.9
AIG20240000501189,11,5.0,전반적 만족도,27,19,70.4,19,19,5.0,5.0,,5.0,,5.0,5.0,5.0,4.9,5.0,,5.0
AIG20240000501189,12,4.7,전반적 만족도,22,15,68.2,14,15,4.7,4.9,,4.8,,4.7,4.6,4.7,4.57,4.7,,4.5
AIG20240000501189,13,4.9,전반적 만족도,21,14,66.7,14,14,4.9,4.9,,4.9,,4.9,4.8,4.8,4.8,4.9,,4.9
AIG20240000501189,14,4.9,전반적 만족도,27,19,70.4,19,19,4.9,4.8,,5.0,,4.9,4.8,5.0,4.8,5.0,,4.9
AIG20240000501189,15,4.9,전반적 만족도,27,25,92.6,25,25,4.9,4.7,,4.9,,4.8,4.8,4.9,4.73,4.9,,4.9
AIG20240000501189,16,4.8,전반적 만족도,25,17,68,17,17,4.8,4.6,,4.5,,4.6,4.7,4.7,4.63,4.5,,4.5
AIG20240000501189,17,4.7,전반적 만족도,22,21,95.5,21,21,4.7,4.7,,4.8,,4.7,4.6,4.5,4.57,4.7,,4.6
AIG20240000501189,18,4.9,전반적 만족도,23,21,91.3,21,21,4.9,4.8,,4.9,,4.8,4.8,4.9,4.73,4.7,,4.7
AIG20240000501189,19,5.0,전반적 만족도,23,14,60.9,14,14,5.0,5.0,,5.0,,5.0,5.0,4.8,4.87,5.0,4.3,4.9
AIG20240000501189,20,5.0,전반적 만족도,24,16,66.7,16,16,5.0,5.0,,5.0,,5.0,5.0,5.0,5.0,5.0,5.0,5.0
AIG20240000501189,21,4.8,전반적 만족도,26,19,73.1,19,19,4.8,4.8,,4.7,,4.6,4.8,4.7,4.27,4.4,,4.5
AIG20240000501189,22,4.9,전반적 만족도,25,12,48,12,12,4.9,4.9,,4.9,,4.9,4.8,4.9,4.8,4.8,,4.9
AIG20240000501189,23,4.3,전반적 만족도,19,12,63.2,11,12,4.3,4.2,,4.3,,4.2,4.2,4.4,4.3,4.2,2.9,4.3
AIG20240000501189,24,4.6,전반적 만족도,27,17,63,17,17,4.6,4.5,,4.6,,4.6,4.7,4.7,4.5,4.6,,4.6
AIG20240000501189,25,5.0,전반적 만족도,22,9,40.9,9,9,5.0,4.9,,5.0,,4.9,4.9,5.0,4.93,4.8,,4.8
AIG20240000501189,26,4.6,전반적 만족도,21,14,66.7,13,14,4.6,4.7,,4.8,,4.7,4.7,4.8,4.63,4.7,,4.7
AIG20240000501189,27,4.8,전반적 만족도,23,15,65.2,15,15,4.8,4.8,,4.8,,4.9,4.9,4.9,4.9,4.9,,4.9
AIG20240000501189,28,4.6,전반적 만족도,21,16,76.2,15,16,4.6,4.6,,4.4,,4.6,4.6,4.5,4.5,4.7,,4.6
AIG20240000501189,29,4.8,전반적 만족도,22,13,59.1,13,13,4.8,4.8,,4.7,,4.7,4.7,4.8,4.6,4.7,,4.7
AIG20240000501189,30,5.0,전반적 만족도,21,17,81,17,17,5.0,4.8,,5.0,,4.8,5.0,4.9,4.83,4.9,,4.8
AIG20240000501189,31,5.0,전반적 만족도,22,20,90.9,20,20,5.0,4.9,,5.0,,4.9,5.0,5.0,4.8,4.9,,5.0
AIG20240000501189,32,4.8,전반적 만족도,16,13,81.3,13,13,4.8,4.8,,4.9,,4.8,4.8,4.9,4.77,4.9,,4.8
AIG20240000501189,33,4.8,전반적 만족도,18,12,66.7,12,12,4.8,4.5,,4.9,,4.8,4.8,4.9,4.63,4.9,,4.9
AIG20240000501189,34,4.9,전반적 만족도,17,16,94.1,16,16,4.9,5.0,,4.9,,4.8,4.9,4.9,4.67,5.0,,4.8
AIG20240000501189,35,4.9,전반적 만족도,25,20,80,20,20,4.9,4.8,,4.9,,4.9,4.9,4.9,4.8,4.9,,4.9
AIG20240000501189,36,4.9,전반적 만족도,20,16,80,16,16,4.9,4.9,,5.0,,4.8,4.9,5.0,4.8,4.9,,4.8
AIG20240000501189,37,4.9,전반적 만족도,12,10,83.3,10,10,4.9,4.9,,4.8,,4.8,4.9,4.9,4.77,4.9,,4.8
AIG20240000501189,38,4.8,전반적 만족도,26,23,88.5,22,23,4.8,4.8,,4.9,,4.7,4.8,4.7,4.77,4.6,,4.7
AIG20240000501189,39,4.8,전반적 만족도,24,21,87.5,21,21,4.8,4.7,,4.8,,4.7,4.7,4.8,4.77,4.7,,4.7
AIG20240000501189,40,4.9,전반적 만족도,21,18,85.7,18,18,4.9,4.8,,4.9,,4.8,4.8,4.9,4.87,4.8,,4.8
AIG20240000501189,41,5.0,전반적 만족도,21,17,81,17,17,5.0,5.0,,5.0,,5.0,5.0,5.0,4.93,4.8,,4.8
AIG20240000501190,1,4.4,전반적 만족도,20,18,90,17,18,4.4,4.3,,4.6,,4.3,4.4,4.5,4.27,4.3,4.3,4.2
AIG20240000501190,2,4.5,전반적 만족도,21,19,90.5,19,19,4.5,4.4,,4.6,,4.5,4.5,4.5,4.17,4.3,4.3,4.5
AIG20240000501190,3,4.2,전반적 만족도,21,15,71.4,12,15,4.2,4.6,,4.6,,4.3,4.3,4.5,4.37,4.2,,4.1
AIG20240000501190,4,4.3,전반적 만족도,26,23,88.5,22,23,4.3,4.3,,4.5,,4.3,4.3,4.4,4.23,4.2,,4.2
AIG20240000501190,5,4.6,전반적 만족도,22,18,81.8,18,18,4.6,4.6,,4.6,,4.6,4.6,4.7,4.3,4.2,5.0,4.6
AIG20240000501190,6,4.2,전반적 만족도,23,19,82.6,15,19,4.2,4.3,,4.7,,4.3,4.3,4.4,4.3,3.9,,4.3
AIG20240000501190,7,4.8,전반적 만족도,24,23,95.8,22,23,4.8,4.5,,4.7,,4.7,4.7,4.6,4.53,4.5,4.8,4.6
AIG20240000501190,8,4.4,전반적 만족도,17,12,70.6,11,12,4.4,4.5,,4.7,,4.7,4.8,4.7,4.6,4.2,,4.4
AIG20240000501190,9,4.2,전반적 만족도,8,7,87.5,5,7,4.2,4.0,,4.3,,4.2,4.3,4.3,4.13,3.6,,4.1
AIG20240000501190,10,4.6,전반적 만족도,20,18,90,17,18,4.6,4.6,,4.6,,4.5,4.7,4.6,4.57,4.4,5.0,4.6
AIG20240000501190,11,3.9,전반적 만족도,22,15,68.2,12,15,3.9,4.1,,4.2,,4.0,3.9,4.2,3.93,3.9,,4.0
AIG20240000501190,12,4.3,전반적 만족도,22,16,72.7,16,16,4.3,4.4,,4.7,,4.5,4.6,4.6,4.3,4.1,,4.3
AIG20240000501190,13,4.0,전반적 만족도,23,17,73.9,14,17,4.0,3.8,,4.2,,4.1,4.2,4.2,3.63,3.4,,3.8
AIG20240000501190,14,4.2,전반적 만족도,19,14,73.7,14,14,4.2,4.3,,4.5,,4.3,4.1,4.3,4.17,3.8,,4.3
AIG20240000501190,15,4.4,전반적 만족도,24,15,62.5,15,15,4.4,4.4,,4.5,,4.5,4.5,4.3,4.4,4.4,4.3,4.4
AIG20240000501190,16,4.5,전반적 만족도,25,22,88,21,22,4.5,4.3,,4.6,,4.5,4.5,4.2,4.4,4.4,,4.2
AIG20240000501190,17,4.2,전반적 만족도,18,13,72.2,10,13,4.2,4.0,,4.2,,4.1,4.4,4.2,4.17,4.0,,3.8
AIG20240000501190,18,4.6,전반적 만족도,17,16,94.1,15,16,4.6,4.6,,4.7,,4.6,4.6,4.7,4.37,4.4,3.6,4.5
AIG20240000501190,19,4.6,전반적 만족도,11,11,100,11,11,4.6,4.6,,4.6,,4.6,4.7,4.7,4.5,4.5,,4.6
AIG20240000501190,20,4.7,전반적 만족도,19,14,73.7,13,14,4.7,4.6,,4.9,,4.7,4.6,4.8,4.63,4.6,,4.7
AIG20240000501190,21,4.6,전반적 만족도,23,21,91.3,20,21,4.6,4.7,,4.7,,4.6,4.7,4.7,4.43,4.5,5.0,4.6
AIG20240000501190,22,4.6,전반적 만족도,14,11,78.6,11,11,4.6,4.7,,4.7,,4.5,4.7,4.8,4.53,4.5,,4.5
AIG20240000501190,23,4.5,전반적 만족도,15,10,66.7,9,10,4.5,4.6,,4.6,,4.4,4.4,4.5,4.3,4.4,,4.4
AIG20240000501190,24,4.0,전반적 만족도,18,12,66.7,9,12,4.0,4.3,,4.4,,4.2,4.3,4.1,3.87,3.8,,4.2
AIG20240000501190,25,4.4,전반적 만족도,16,15,93.8,13,15,4.4,4.2,,4.7,,4.3,4.3,4.4,4.07,4.4,3.6,4.4
AIG20240000501190,26,4.7,전반적 만족도,14,13,92.9,12,13,4.7,4.6,,4.8,,4.7,4.6,4.8,4.7,4.7,5.0,4.6
AIG20240000501190,27,4.1,전반적 만족도,17,10,58.8,9,10,4.1,4.4,,4.3,,4.2,4.2,4.4,4.27,4.1,,4.2
AIG20240000501190,28,4.0,전반적 만족도,24,20,83.3,18,20,4.0,3.8,,4.4,,4.1,4.1,4.1,4.03,4.0,4.3,4.3
AIG20240000501190,29,4.9,전반적 만족도,9,8,88.9,8,8,4.9,4.8,,5.0,,4.8,4.9,4.9,4.63,4.5,5.0,4.7
AIG20240000501190,30,3.6,전반적 만족도,10,6,60,6,6,3.6,3.8,,3.7,,3.6,3.7,3.8,3.63,3.7,,3.5
AIG20240000501190,31,4.4,전반적 만족도,23,15,65.2,14,15,4.4,4.3,,4.7,,4.4,4.6,4.6,4.27,4.1,0.7,4.3
AIG20240000501190,32,4.7,전반적 만족도,15,13,86.7,13,13,4.7,4.5,,4.6,,4.6,4.7,4.4,4.43,4.6,5.0,4.6
AIG20240000501190,33,4.6,전반적 만족도,15,7,46.7,6,7,4.6,4.6,,4.4,,4.3,4.6,4.4,4.5,4.3,,4.4
AIG20240000501190,34,4.2,전반적 만족도,15,13,86.7,12,13,4.2,4.0,,4.3,,4.2,4.2,4.0,4.03,3.7,,4.1
AIG20240000501190,35,3.8,전반적 만족도,14,11,78.6,10,11,3.8,3.7,,4.4,,4.2,3.8,4.4,3.97,3.7,4.6,3.8
AIG20240000501190,36,4.3,전반적 만족도,16,14,87.5,12,14,4.3,4.5,,4.6,,4.3,4.4,3.9,4.23,4.1,,4.1
AIG20240000501190,37,4.5,전반적 만족도,15,13,86.7,11,13,4.5,4.2,,4.4,,4.2,4.2,4.1,4.13,4.1,,4.2
AIG20240000501190,38,4.4,전반적 만족도,22,19,86.4,19,19,4.4,4.4,,4.5,,4.4,4.5,4.6,4.33,4.2,,4.4
AIG20240000501190,39,4.7,전반적 만족도,8,8,100,8,8,4.7,4.8,,4.8,,4.7,4.7,4.7,4.7,4.6,4.3,4.5
AIG20240000501190,40,4.6,전반적 만족도,17,15,88.2,15,15,4.6,4.6,,4.7,,4.6,4.6,4.4,4.4,4.6,,4.4
AIG20240000501190,41,4.7,전반적 만족도,22,18,81.8,18,18,4.7,4.6,,4.8,,4.7,4.6,4.8,4.5,4.6,5.0,4.7
AIG20240000501191,1,4.7,전반적 만족도,25,24,96,24,24,4.7,4.6,,4.7,,4.6,4.6,4.7,4.53,4.7,,4.5
AIG20240000501191,2,4.6,전반적 만족도,25,23,92,22,23,4.6,4.6,,4.6,,4.5,4.5,4.7,4.6,4.6,5.0,4.4
AIG20240000501191,3,4.9,전반적 만족도,25,24,96,24,24,4.9,4.9,,4.9,,4.8,4.9,4.9,4.87,4.9,,4.7
AIG20240000501191,4,4.8,전반적 만족도,24,24,100,24,24,4.8,4.6,,4.9,,4.7,4.8,4.9,4.7,4.8,5.0,4.4
AIG20240000501191,5,4.7,전반적 만족도,25,25,100,25,25,4.7,4.7,,4.8,,4.6,4.8,4.8,4.67,4.7,,4.4
AIG20240000501191,6,4.6,전반적 만족도,25,23,92,23,23,4.6,4.4,,4.6,,4.4,4.5,4.6,4.43,4.7,,4.4
AIG20240000501191,7,4.9,전반적 만족도,18,18,100,18,18,4.9,4.9,,4.8,,4.7,4.8,5.0,4.7,4.8,5.0,4.5
AIG20240000501191,8,5.0,전반적 만족도,19,17,89.5,17,17,5.0,4.8,,4.9,,4.9,5.0,5.0,4.83,5.0,,4.6
AIG20240000501191,9,4.8,전반적 만족도,20,20,100,19,20,4.8,4.8,,4.9,,4.8,4.8,4.8,4.77,4.9,,4.8
AIG20240000501191,10,4.2,전반적 만족도,22,22,100,20,22,4.2,4.4,,4.6,,4.3,4.4,4.6,4.23,4.4,5.0,4.2
AIG20240000501191,11,4.6,전반적 만족도,21,20,95.2,19,20,4.6,4.4,,4.7,,4.6,4.6,4.7,4.6,4.6,,4.4
AIG20240000501191,12,4.7,전반적 만족도,21,21,100,20,21,4.7,4.7,,4.7,,4.7,4.7,4.7,4.7,4.7,,4.7
AIG20240000501191,13,4.5,전반적 만족도,21,19,90.5,18,19,4.5,4.3,,4.6,,4.5,4.5,4.7,4.43,4.5,5.0,4.4
AIG20240000501191,14,4.4,전반적 만족도,18,15,83.3,14,15,4.4,4.6,,4.6,,4.4,4.4,4.7,4.5,4.6,,4.4
AIG20240000501191,15,4.4,전반적 만족도,17,14,82.4,13,14,4.4,4.4,,4.2,,4.2,4.3,4.8,4.3,4.1,,4.0
AIG20240000501192,1,4.6,전반적 만족도,27,24,88.9,24,24,4.6,4.7,,4.6,,4.4,4.6,4.6,4.43,4.5,4.6,4.5
AIG20240000501192,2,4.7,전반적 만족도,29,26,89.7,26,26,4.7,4.7,,4.7,,4.6,4.8,4.6,4.53,4.6,,4.5
AIG20240000501192,3,4.9,전반적 만족도,29,26,89.7,26,26,4.9,4.8,,4.9,,4.7,4.9,4.8,4.67,4.6,5.0,4.6
AIG20240000501192,4,4.8,전반적 만족도,30,28,93.3,27,28,4.8,4.8,,4.8,,4.7,4.8,4.7,4.73,4.8,5.0,4.7
AIG20240000501192,5,4.8,전반적 만족도,29,27,93.1,27,27,4.8,4.6,,4.7,,4.5,4.7,4.6,4.6,4.7,,4.5
AIG20240000501192,6,4.8,전반적 만족도,30,26,86.7,26,26,4.8,4.7,,4.8,,4.6,4.7,4.5,4.63,4.5,5.0,4.6
AIG20240000501192,7,4.8,전반적 만족도,29,28,96.6,28,28,4.8,4.8,,4.9,,4.7,4.9,4.6,4.63,4.6,4.3,4.7
AIG20240000501192,8,4.7,전반적 만족도,29,27,93.1,27,27,4.7,4.7,,4.8,,4.6,4.8,4.6,4.67,4.7,,4.6
AIG20240000501192,9,4.5,전반적 만족도,29,26,89.7,26,26,4.5,4.6,,4.6,,4.4,4.6,4.4,4.53,4.3,5.0,4.4
AIG20240000501192,10,4.4,전반적 만족도,30,24,80,22,24,4.4,4.4,,4.4,,4.3,4.5,4.3,4.33,4.5,5.0,4.2
AIG20240000501192,11,4.7,전반적 만족도,343,339,98.8,333,339,4.7,4.7,,4.8,,4.6,4.7,4.6,4.67,4.6,4.9,4.6
AIG20240000501192,12,4.8,전반적 만족도,425,235,55.3,232,235,4.8,4.8,,4.8,,4.7,4.8,4.7,4.77,4.6,4.8,4.7
AIG20240000501193,1,4.3,전반적 만족도,30,29,96.7,26,29,4.3,4.1,,4.8,,4.4,4.5,3.4,4.37,4.3,,4.4
AIG20240000501193,2,4.7,전반적 만족도,30,28,93.3,28,28,4.7,4.5,,4.9,,4.7,4.7,4.3,4.53,4.7,,4.7
AIG20240000501193,3,4.4,전반적 만족도,30,28,93.3,28,28,4.4,4.1,,4.8,,4.5,4.5,3.4,4.27,4.5,4.6,4.4
AIG20240000501193,4,4.3,전반적 만족도,30,28,93.3,25,28,4.3,4.3,,4.7,,4.4,4.5,4.0,4.33,4.4,,4.3
AIG20240000501193,5,4.1,전반적 만족도,30,29,96.7,25,29,4.1,3.8,,4.2,,4.2,4.3,3.7,4.07,4.1,,3.8
AIG20240000501193,6,4.2,전반적 만족도,30,26,86.7,25,26,4.2,3.9,,4.1,,4.1,4.3,3.6,4.0,4.1,,3.9
AIG20240000501193,7,4.6,전반적 만족도,30,26,86.7,26,26,4.6,4.5,,4.4,,4.5,4.7,4.3,4.37,4.4,,4.6
AIG20240000501194,1,4.4,전반적 만족도,33,33,100,32,33,4.4,4.1,,4.7,,4.4,4.5,4.1,4.47,4.3,5.0,4.4
AIG20240000501194,2,4.3,전반적 만족도,34,33,97.1,29,33,4.3,4.3,,4.3,,4.3,4.4,4.0,4.3,4.2,4.1,3.9
AIG20240000501194,3,4.3,전반적 만족도,38,38,100,32,38,4.3,4.1,,4.4,,4.2,4.2,4.5,4.37,4.1,4.4,4.1
AIG20240000501195,1,4.3,전반적 만족도,28,25,89.3,22,25,4.3,4.3,,4.5,,4.3,4.2,4.3,4.33,4.0,5.0,4.1
AIG20240000501195,2,4.6,전반적 만족도,28,25,89.3,24,25,4.6,4.6,,4.8,,4.6,4.7,4.5,4.57,4.6,4.8,4.5
AIG20240000501195,3,4.7,전반적 만족도,25,21,84,20,21,4.7,4.8,,4.8,,4.7,4.6,4.5,4.7,4.6,4.5,4.7
AIG20240000501195,4,4.0,전반적 만족도,24,21,87.5,17,21,4.0,3.9,,4.2,,4.1,4.2,3.8,4.1,3.8,4.0,3.8
AIG20240000501196,1,4.8,전반적 만족도,57,43,75.4,43,43,4.8,4.8,,4.8,,4.8,4.8,4.8,4.8,4.8,5.0,4.8
AIG20240000501196,2,4.4,전반적 만족도,60,47,78.3,41,47,4.4,4.5,,4.5,,4.4,4.5,4.6,4.5,4.5,5.0,4.4
AIG20240000501197,1,3.8,전반적 만족도,26,25,96.2,21,25,3.8,4.0,,4.1,,3.9,3.8,4.1,3.8,3.9,5.0,3.8
AIG20240000501197,2,4.8,전반적 만족도,27,22,81.5,22,22,4.8,4.8,,4.8,,4.8,4.8,4.8,4.73,4.8,,4.8
AIG20240000501197,3,4.1,전반적 만족도,25,22,88,17,22,4.1,4.1,,4.5,,4.0,4.1,4.4,4.0,4.0,4.3,4.1
AIG20240000501197,4,4.6,전반적 만족도,15,13,86.7,13,13,4.6,4.7,,4.8,,4.6,4.4,4.7,4.67,4.8,5.0,4.6
AIG20240000501197,5,5.0,전반적 만족도,30,29,96.7,29,29,5.0,4.8,,5.0,,4.9,4.9,5.0,4.8,4.9,5.0,5.0
AIG20240000501198,1,4.7,전반적 만족도,23,20,87,19,20,4.7,4.6,,4.6,,4.6,4.8,4.6,4.6,4.5,,4.4
AIG20240000501198,2,4.4,전반적 만족도,15,10,66.7,8,10,4.4,4.1,,4.6,,4.4,4.2,4.2,4.4,4.3,5.0,4.4
AIG20240000501198,3,4.9,전반적 만족도,18,14,77.8,14,14,4.9,4.7,,5.0,,4.9,4.9,4.5,4.67,4.8,,4.8
AIG20240000501198,4,2.9,전반적 만족도,19,12,63.2,8,12,2.9,2.7,,2.9,,3.0,3.5,2.8,3.07,2.7,0.7,2.8
AIG20240000501198,5,4.6,전반적 만족도,15,10,66.7,10,10,4.6,4.4,,4.6,,4.5,4.6,4.4,4.37,4.4,3.6,4.4
AIG20240000501198,6,5.0,전반적 만족도,25,19,76,19,19,5.0,4.8,,5.0,,5.0,5.0,4.6,4.8,5.0,,5.0
AIG20240000501200,1,4.7,전반적 만족도,29,23,79.3,23,23,4.7,4.7,,4.9,,4.7,4.8,4.9,4.8,4.8,,4.8
AIG20240000501200,2,4.9,전반적 만족도,30,29,96.7,29,29,4.9,4.9,,4.9,,4.9,4.9,4.9,4.87,4.7,5.0,4.9
AIG20240000501200,3,4.6,전반적 만족도,30,27,90,27,27,4.6,4.4,,4.7,,4.5,4.7,4.7,4.7,4.6,3.6,4.3
AIG20240000501200,4,4.4,전반적 만족도,30,28,93.3,26,28,4.4,4.3,,4.5,,4.4,4.5,4.3,4.43,4.5,,4.3
AIG20240000501200,5,3.9,전반적 만족도,28,25,89.3,21,25,3.9,3.7,,4.1,,3.9,4.2,4.0,3.93,3.8,4.3,3.5
AIG20240000501200,6,4.6,전반적 만족도,29,25,86.2,24,25,4.6,4.6,,4.7,,4.5,4.6,4.5,4.57,4.5,,4.4
AIG20240000501200,7,4.1,전반적 만족도,30,24,80,17,24,4.1,3.8,,4.4,,4.1,4.3,4.2,4.3,4.0,3.6,4.0
AIG20240000501200,8,4.4,전반적 만족도,29,12,41.4,11,12,4.4,4.5,,4.7,,4.5,4.6,4.7,4.43,4.4,,4.4
AIG20240000501200,9,3.3,전반적 만족도,30,24,80,10,24,3.3,3.7,,4.4,,3.8,3.9,4.3,3.5,3.2,,3.5
AIG20240000501200,10,4.4,전반적 만족도,30,24,80,23,24,4.4,4.5,,4.5,,4.5,4.5,4.6,4.5,4.3,,4.3
AIG20240000501204,1,4.3,전반적 만족도,28,26,92.9,24,26,4.3,3.9,,4.4,,4.3,4.5,4.2,4.43,4.3,4.0,4.3
AIG20240000501204,2,3.7,전반적 만족도,28,26,92.9,21,26,3.7,3.8,,3.8,,3.5,3.8,3.8,3.7,3.5,,3.5
AIG20240000501204,3,4.7,전반적 만족도,14,11,78.6,11,11,4.7,4.4,,4.9,,4.8,4.7,4.4,4.77,4.9,5.0,4.8
AIG20240000501208,1,4.6,전반적 만족도,54,37,68.5,35,37,4.6,4.7,,4.5,,4.5,4.6,4.8,4.53,4.6,5.0,4.5
AIG20240000501208,2,4.6,전반적 만족도,44,44,100,39,44,4.6,4.6,,4.8,,4.6,4.8,4.7,4.5,4.5,3.6,4.6
AIG20240000501209,1,3.9,전반적 만족도,56,41,73.2,34,41,3.9,3.7,,3.9,,3.8,3.8,3.9,3.73,3.7,3.8,3.8
AIG20240000501209,2,4.2,전반적 만족도,45,35,77.8,33,35,4.2,4.2,,4.3,,4.2,4.3,4.3,4.17,4.0,2.9,4.2
AIG20240000501209,3,3.9,전반적 만족도,40,27,67.5,22,27,3.9,3.6,,4.0,,3.9,3.9,3.9,3.83,3.8,3.5,3.9
AIG20240000501210,1,4.7,전반적 만족도,30,25,83.3,25,25,4.7,4.6,,4.8,,4.7,4.6,4.8,4.53,4.5,3.6,4.7
AIG20240000501210,2,4.3,전반적 만족도,30,19,63.3,14,19,4.3,4.2,,4.4,,4.2,4.2,4.6,4.27,4.0,5.0,4.3
AIG20240000501213,1,4.2,전반적 만족도,37,29,78.4,27,29,4.2,4.0,,4.2,,4.1,3.9,4.6,4.1,4.1,4.4,3.9
AIG20240000501213,2,3.5,전반적 만족도,35,27,77.1,19,27,3.5,3.3,,3.5,,3.4,3.6,4.0,3.47,3.3,,3.2
AIG20240000501213,3,4.5,전반적 만족도,36,26,72.2,24,26,4.5,4.5,,4.6,,4.4,4.5,4.6,4.43,4.5,,4.3
AIG20240000501213,4,3.7,전반적 만족도,36,21,58.3,15,21,3.7,4.0,,3.8,,3.9,3.5,4.1,3.87,3.8,5.0,3.7
AIG20240000501214,1,3.6,전반적 만족도,49,27,55.1,21,27,3.6,3.7,,4.2,,4.0,4.0,4.2,3.97,3.9,4.6,3.5
AIG20240000501214,2,2.6,전반적 만족도,30,22,73.3,9,22,2.6,2.5,,2.7,,2.7,3.0,3.0,2.67,2.3,2.0,2.6
AIG20240000501214,3,3.9,전반적 만족도,27,14,51.9,12,14,3.9,3.6,,4.3,,4.2,4.2,3.8,4.0,4.1,3.6,4.1
AIG20240000501217,1,4.9,전반적 만족도,27,24,88.9,24,24,4.9,4.9,,4.9,,4.9,4.9,5.0,4.97,5.0,5.0,4.8
AIG20240000501219,1,4.1,전반적 만족도,20,17,85,13,17,4.1,3.5,,4.2,,3.9,4.1,4.0,4.07,4.0,3.7,3.7
AIG20240000501219,2,4.8,전반적 만족도,21,18,85.7,18,18,4.8,4.3,,4.9,,4.7,4.7,4.6,4.53,4.6,4.3,4.7
AIG20240000501219,3,4.5,전반적 만족도,21,16,76.2,15,16,4.5,4.2,,4.7,,4.5,4.2,4.6,4.4,4.6,5.0,4.4
AIG20240000501219,4,4.7,전반적 만족도,25,23,92,22,23,4.7,4.3,,4.9,,4.6,4.5,4.7,4.53,4.7,4.7,4.6
AIG20240000501219,5,4.7,전반적 만족도,32,30,93.8,29,30,4.7,4.5,,4.7,,4.5,4.6,4.4,4.43,4.5,3.8,4.5
AIG20240000501221,1,2.4,전반적 만족도,10,9,90,4,9,2.4,2.5,,2.7,,2.7,3.0,2.8,2.9,2.6,2.4,2.9
AIG20240000501222,1,4.2,전반적 만족도,29,22,75.9,19,22,4.2,3.6,,4.3,,4.1,4.2,4.8,4.2,4.0,2.1,3.8
AIG20240000501222,2,2.9,전반적 만족도,30,21,70,9,21,2.9,2.6,,3.2,,2.9,3.0,4.0,3.07,2.7,2.7,2.7
AIG20240000501224,1,4.3,전반적 만족도,29,25,86.2,24,25,4.3,3.5,,4.7,,4.4,4.0,4.0,4.07,4.1,5.0,4.3
AIG20240000501224,2,4.5,전반적 만족도,12,9,75,8,9,4.5,4.3,,4.7,,4.6,4.6,4.6,4.43,4.5,5.0,4.3
AIG20240000501224,3,3.8,전반적 만족도,29,24,82.8,15,24,3.8,4.0,,3.9,,3.8,3.8,4.0,3.63,3.5,,3.8
AIG20240000501225,1,3.7,전반적 만족도,24,21,87.5,15,21,3.7,3.2,,4.1,,3.5,3.8,3.8,3.73,3.3,,3.7
AIG20240000501225,2,5.0,전반적 만족도,18,7,38.9,7,7,5.0,3.6,,5.0,,4.6,5.0,5.0,4.73,4.7,,5.0
AIG20240000501226,1,4.4,전반적 만족도,30,26,86.7,24,26,4.4,4.6,,4.4,,4.4,4.4,4.8,4.4,4.2,3.6,4.6
AIG20240000501226,2,4.0,전반적 만족도,27,22,81.5,16,22,4.0,4.1,,3.9,,3.8,4.1,4.3,4.03,4.0,3.6,3.9
AIG20240000501227,1,4.2,전반적 만족도,24,15,62.5,12,15,4.2,3.7,,4.6,,4.5,4.3,4.2,4.23,4.1,5.0,4.4
AIG20240000501227,2,3.6,전반적 만족도,27,12,44.4,7,12,3.6,3.2,,4.5,,4.0,3.1,3.6,3.57,3.3,2.9,3.8
AIG20240000501227,3,4.9,전반적 만족도,19,13,68.4,13,13,4.9,4.5,,4.9,,4.8,4.8,4.9,4.83,4.6,5.0,4.8
AIG20240000501230,1,4.2,전반적 만족도,31,21,67.7,20,21,4.2,4.3,,4.4,,4.2,4.5,4.5,4.57,4.5,2.1,4.3
AIG20240000501230,2,4.4,전반적 만족도,26,19,73.1,18,19,4.4,4.3,,4.6,,4.6,4.6,4.8,4.7,4.6,5.0,4.5
AIG20240000501230,3,4.4,전반적 만족도,27,18,66.7,17,18,4.4,4.3,,4.3,,4.4,4.5,4.6,4.47,4.5,3.6,4.2
AIG20240000501230,4,4.6,전반적 만족도,28,23,82.1,22,23,4.6,4.1,,4.4,,4.5,4.5,4.6,4.6,4.5,4.3,4.4
AIG20240000501233,1,3.8,전반적 만족도,30,19,63.3,12,19,3.8,3.7,,3.9,,3.5,4.1,4.0,3.97,3.6,3.0,3.4
AIG20240000501233,2,3.4,전반적 만족도,21,13,61.9,9,13,3.4,3.1,,3.9,,3.4,3.4,3.9,3.37,2.9,4.0,3.5
AIG20240000501236,1,4.6,전반적 만족도,11,8,72.7,8,8,4.6,4.4,,4.5,,4.5,4.5,4.3,4.33,4.2,5.0,4.3
AIG20240000501236,2,3.9,전반적 만족도,21,15,71.4,11,15,3.9,3.9,,4.3,,3.9,3.8,4.1,3.67,3.7,5.0,3.9
AIG20240000501236,3,4.8,전반적 만족도,9,9,100,9,9,4.8,4.8,,5.0,,4.8,4.8,4.9,4.83,4.8,,4.9
AIG20240000501236,4,4.4,전반적 만족도,15,12,80,11,12,4.4,4.2,,4.5,,4.4,4.5,4.2,4.23,4.2,,4.5
AIG20240000501236,5,4.6,전반적 만족도,16,6,37.5,6,6,4.6,4.9,,4.2,,4.4,4.1,4.8,4.27,4.4,5.0,4.5
AIG20240000501238,1,3.6,전반적 만족도,15,11,73.3,9,11,3.6,3.5,,4.2,,3.7,3.9,3.7,3.83,3.4,,3.9
AIG20240000501238,2,4.2,전반적 만족도,25,11,44,10,11,4.2,3.8,,4.5,,4.3,4.4,3.9,3.87,4.1,,4.5
AIG20240000501238,3,4.1,전반적 만족도,30,19,63.3,15,19,4.1,3.8,,4.3,,4.1,4.1,4.2,3.93,4.1,,4.5
AIG20240000501238,4,4.3,전반적 만족도,22,17,77.3,15,17,4.3,4.5,,4.6,,4.4,4.5,4.4,4.37,4.3,4.6,4.4
AIG20240000501238,5,4.8,전반적 만족도,25,19,76,19,19,4.8,4.5,,5.0,,4.7,4.6,4.8,4.73,4.8,5.0,4.8
AIG20240000501238,6,4.8,전반적 만족도,19,9,47.4,9,9,4.8,4.7,,4.7,,4.7,4.8,4.9,4.77,4.7,5.0,4.8
AIG20240000501239,1,4.8,전반적 만족도,18,15,83.3,15,15,4.8,4.7,,4.9,,4.8,4.8,4.8,4.77,4.7,5.0,4.9
AIG20240000501239,2,4.3,전반적 만족도,20,14,70,14,14,4.3,4.2,,4.6,,4.3,4.3,4.3,4.37,4.4,,4.2
AIG20240000501239,3,4.6,전반적 만족도,22,12,54.5,12,12,4.6,4.6,,4.6,,4.6,4.4,4.6,4.5,4.6,4.8,4.6
AIG20240000501242,1,4.8,전반적 만족도,16,13,81.3,13,13,4.8,4.7,,4.8,,4.7,4.6,4.9,4.63,4.7,5.0,4.7
AIG20240000501250,1,3.3,전반적 만족도,22,20,90.9,11,20,3.3,3.0,,3.3,,3.3,3.3,4.0,3.4,2.9,,3.4
AIG20240000501250,2,3.9,전반적 만족도,11,8,72.7,7,8,3.9,3.7,,3.9,,4.1,4.1,4.3,4.0,3.8,,3.8
AIG20240000501251,1,3.9,전반적 만족도,23,17,73.9,12,17,3.9,3.5,,4.2,,3.6,4.1,2.8,3.9,3.5,0.7,3.9
AIG20240000501251,2,3.1,전반적 만족도,23,18,78.3,9,18,3.1,3.6,,3.8,,3.2,3.0,3.3,3.03,3.0,5.0,3.6
AIG20240000501251,3,4.0,전반적 만족도,14,12,85.7,12,12,4.0,3.5,,4.4,,3.9,3.8,3.6,3.83,4.0,4.5,4.3
AIG20240000501252,1,4.1,전반적 만족도,25,13,52,13,13,4.1,3.8,,4.7,,4.1,4.2,4.0,4.07,4.5,3.9,4.3
AIG20240000501252,2,4.1,전반적 만족도,18,16,88.9,12,16,4.1,4.3,,4.5,,4.0,4.3,3.7,3.93,4.0,5.0,4.0
AIG20240000501252,3,4.6,전반적 만족도,21,16,76.2,16,16,4.6,4.5,,4.7,,4.4,4.7,4.4,4.53,4.6,3.9,4.5
AIG20240000501254,1,4.1,전반적 만족도,63,41,65.1,34,41,4.1,4.1,,4.2,,4.1,4.2,4.4,3.9,4.0,3.7,4.0
AIG20240000501254,2,4.4,전반적 만족도,70,41,58.6,38,41,4.4,4.3,,4.4,,4.3,4.3,4.5,4.07,4.4,3.7,4.3
AIG20240000501254,3,4.5,전반적 만족도,46,36,78.3,34,36,4.5,4.3,,4.7,,4.6,4.5,4.7,4.13,4.4,4.8,4.6
AIG20240000501255,1,4.0,전반적 만족도,50,43,86,38,43,4.0,3.9,,4.4,,4.2,4.2,4.4,4.03,4.2,4.5,4.2
AIG20240000501255,2,3.7,전반적 만족도,50,44,88,33,44,3.7,3.9,,4.0,,3.6,3.5,4.1,3.63,3.5,3.8,3.8
AIG20240000501257,1,4.7,전반적 만족도,27,21,77.8,20,21,4.7,4.6,,4.9,,4.6,4.6,4.6,4.6,4.6,4.5,4.6
AIG20240000501257,2,3.9,전반적 만족도,29,19,65.5,15,19,3.9,4.3,,3.8,,4.1,3.9,4.4,4.1,4.2,3.6,3.9
AIG20240000501257,3,4.6,전반적 만족도,23,20,87,18,20,4.6,4.4,,4.6,,4.3,4.4,4.2,4.8,4.5,1.4,4.6
AIG20240000501257,4,4.3,전반적 만족도,22,18,81.8,17,18,4.3,4.1,,4.5,,4.2,4.4,4.0,4.33,4.2,,4.3
AIG20240000501257,5,4.8,전반적 만족도,30,25,83.3,24,25,4.8,4.7,,5.0,,4.9,4.8,4.4,4.73,4.7,4.8,4.9
AIG20240000501257,6,4.3,전반적 만족도,27,24,88.9,24,24,4.3,4.1,,4.7,,4.2,4.4,4.1,4.07,4.3,3.6,4.4
AIG20240000501258,1,4.7,전반적 만족도,27,26,96.3,25,26,4.7,4.7,,4.7,,4.7,4.5,4.8,4.7,4.5,,4.6
AIG20240000501258,4,4.8,전반적 만족도,26,23,88.5,23,23,4.8,4.7,,4.6,,4.6,4.5,4.8,4.7,4.7,,4.7
AIG20240000501258,5,4.6,전반적 만족도,15,14,93.3,13,14,4.6,4.5,,4.5,,4.6,4.5,4.7,4.5,4.6,,4.4
AIG20240000501258,6,4.8,전반적 만족도,22,22,100,22,22,4.8,4.8,,4.9,,4.7,4.8,4.9,4.83,4.8,4.3,4.8
AIG20240000501258,7,4.6,전반적 만족도,32,29,90.6,29,29,4.6,4.5,,4.6,,4.5,4.6,4.6,4.47,4.5,3.9,4.5
AIG20240000501258,8,4.8,전반적 만족도,16,16,100,16,16,4.8,4.7,,4.8,,4.7,4.6,4.8,4.7,4.6,,4.7
AIG20240000501258,9,4.9,전반적 만족도,21,20,95.2,20,20,4.9,5.0,,4.9,,4.9,4.8,4.9,4.83,4.8,5.0,4.8
AIG20240000501258,10,4.8,전반적 만족도,16,15,93.8,14,15,4.8,4.5,,4.6,,4.6,4.6,4.8,4.63,4.7,,4.6
AIG20240000501258,11,4.1,전반적 만족도,25,23,92,20,23,4.1,4.1,,4.0,,3.9,4.2,4.2,4.0,3.9,,3.9
AIG20240000501258,12,4.6,전반적 만족도,25,24,96,24,24,4.6,4.5,,4.4,,4.4,4.3,4.7,4.37,4.5,,4.3
AIG20240000501258,13,4.4,전반적 만족도,17,17,100,13,17,4.4,4.2,,4.3,,4.1,4.2,4.5,4.17,4.3,,4.2
AIG20250000501335,1,4.4,전반적 만족도,15,9,60,9,9,4.4,4.4,,4.5,,4.3,4.5,4.3,4.17,4.2,3.6,4.0
AIG20250000501335,2,4.1,전반적 만족도,22,14,63.6,13,14,4.1,3.9,,4.6,,3.9,4.2,3.9,3.83,3.9,,4.2
AIG20250000501341,1,4.8,전반적 만족도,17,15,88.2,15,15,4.8,4.5,,4.7,,4.7,4.7,4.7,4.63,4.8,3.6,4.7
AIG20250000501341,2,4.6,전반적 만족도,30,26,86.7,26,26,4.6,4.6,,4.7,,4.6,4.6,4.6,4.63,4.6,5.0,4.5
AIG20250000501341,3,4.5,전반적 만족도,28,19,67.9,19,19,4.5,4.5,,4.4,,4.3,4.5,4.4,4.53,4.6,3.6,4.3
AIG20250000501341,4,3.8,전반적 만족도,34,8,23.5,7,8,3.8,3.8,,4.1,,4.0,4.1,4.1,3.9,3.9,,3.9
AIG20250000501341,5,4.6,전반적 만족도,29,24,82.8,24,24,4.6,4.6,,4.7,,4.6,4.8,4.6,4.67,4.7,3.9,4.6
AIG20250000501341,6,4.5,전반적 만족도,30,24,80,24,24,4.5,4.3,,4.3,,4.3,4.5,4.3,4.3,4.2,,4.1
AIG20250000501345,1,4.7,전반적 만족도,23,19,82.6,18,19,4.7,4.1,,4.7,,4.5,4.8,4.5,4.67,4.7,4.3,4.3
AIG20250000501352,2,4.5,전반적 만족도,19,14,73.7,11,14,4.5,4.6,,4.6,,4.5,4.7,4.8,4.53,4.4,3.9,4.6
AIG20250000501352,5,4.2,전반적 만족도,14,14,100,13,14,4.2,3.9,,4.3,,4.2,4.2,4.1,3.9,3.9,4.0,4.1
AIG20250000501355,1,5.0,전반적 만족도,16,15,93.8,15,15,5.0,5.0,,5.0,,5.0,5.0,5.0,5.0,5.0,5.0,5.0
AIG20250000501355,2,4.7,전반적 만족도,12,9,75,8,9,4.7,4.8,,4.8,,4.7,4.7,4.7,4.27,4.6,5.0,4.8
AIG20250000501355,3,4.9,전반적 만족도,17,10,58.8,10,10,4.9,4.9,,5.0,,5.0,5.0,5.0,4.9,4.9,5.0,5.0
AIG20250000501355,4,4.7,전반적 만족도,18,11,61.1,11,11,4.7,4.7,,4.8,,4.7,4.7,4.7,4.63,4.8,4.8,4.7
AIG20250000501355,5,5.0,전반적 만족도,18,1,5.6,1,1,5.0,5.0,,5.0,,4.9,5.0,5.0,5.0,5.0,,5.0
AIG20250000501362,1,5.0,전반적 만족도,3,2,66.7,2,2,5.0,5.0,,5.0,,5.0,5.0,5.0,5.0,3.9,,5.0
AIG20250000501364,1,4.7,전반적 만족도,49,29,59.2,28,29,4.7,4.8,,4.8,,4.7,4.8,4.7,4.6,4.7,4.0,4.8
AIG20250000501364,2,4.6,전반적 만족도,54,48,88.9,46,48,4.6,4.6,,4.9,,4.6,4.6,4.7,4.4,4.4,4.1,4.6
AIG20250000501364,3,4.8,전반적 만족도,46,32,69.6,32,32,4.8,4.5,,4.8,,4.6,4.7,4.7,4.43,4.8,4.6,4.7
AIG20250000501364,4,4.7,전반적 만족도,55,44,80,43,44,4.7,4.6,,4.9,,4.7,4.7,4.8,4.53,4.7,4.9,4.8
AIG20250000501364,5,4.7,전반적 만족도,54,47,87,45,47,4.7,4.6,,4.7,,4.7,4.7,4.7,4.33,4.6,3.7,4.6
AIG20250000501370,1,3.7,전반적 만족도,22,17,77.3,14,17,3.7,3.7,,4.5,,4.0,4.0,4.1,3.43,3.4,3.8,3.8
AIG20250000501370,2,3.6,전반적 만족도,13,12,92.3,8,12,3.6,3.2,,4.0,,3.6,3.8,3.4,3.4,3.3,2.9,3.5
AIG20250000501373,1,4.7,전반적 만족도,15,13,86.7,13,13,4.7,4.8,,4.7,,4.7,4.8,4.8,4.77,4.8,4.3,4.6
AIG20250000501373,2,4.7,전반적 만족도,16,15,93.8,14,15,4.7,4.3,,4.6,,4.6,4.7,4.5,4.4,4.7,5.0,4.3
AIG20250000501373,3,4.3,전반적 만족도,14,1,7.1,1,1,4.3,4.3,,5.0,,4.4,5.0,4.6,3.6,5.0,,4.6
AIG20250000501374,1,4.3,전반적 만족도,15,11,73.3,9,11,4.3,4.4,,4.3,,4.3,4.3,4.1,4.37,3.9,,4.3
AIG20250000501374,2,4.1,전반적 만족도,13,12,92.3,10,12,4.1,4.0,,4.5,,4.3,4.2,3.5,4.03,3.9,,4.5
AIG20250000501374,3,3.9,전반적 만족도,17,14,82.4,10,14,3.9,4.0,,4.0,,3.9,4.1,3.4,4.23,4.1,3.3,3.9
AIG20250000501379,1,4.7,전반적 만족도,25,17,68,17,17,4.7,4.1,,4.8,,4.5,4.7,4.0,4.67,4.6,5.0,4.7
AIG20250000501379,2,4.5,전반적 만족도,23,15,65.2,15,15,4.5,4.4,,4.9,,4.6,5.0,3.9,4.33,4.7,,4.6
AIG20250000501381,1,4.2,전반적 만족도,7,6,85.7,6,6,4.2,4.2,,4.3,,4.2,4.3,4.2,4.37,4.3,,4.0
AIG20250000501387,1,4.1,전반적 만족도,20,13,65,11,13,4.1,3.8,,3.9,,3.9,3.6,3.8,3.73,3.9,4.0,3.8
AIG20250000501387,2,3.6,전반적 만족도,21,14,66.7,9,14,3.6,3.4,,3.8,,3.5,3.6,3.2,3.33,3.3,3.6,4.0
AIG20250000501392,1,4.5,전반적 만족도,15,12,80,11,12,4.5,4.8,,4.6,,4.8,4.7,4.6,4.57,4.7,5.0,4.8
AIG20250000501392,2,4.4,전반적 만족도,22,16,72.7,15,16,4.4,4.5,,4.4,,4.5,4.6,4.4,4.3,4.3,3.6,4.5
AIG20250000501393,1,4.1,전반적 만족도,28,16,57.1,13,16,4.1,4.1,,4.4,,4.1,,4.2,3.8,3.9,3.9,4.1
AIG20250000501393,2,4.0,전반적 만족도,29,18,62.1,11,18,4.0,3.8,,4.4,,3.9,,4.1,3.75,3.7,3.6,3.9
AIG20250000501393,3,4.5,전반적 만족도,29,10,34.5,10,10,4.5,4.2,,4.5,,4.5,3.6,4.3,3.77,4.5,4.3,4.4
AIG20250000501393,4,3.4,전반적 만족도,54,21,38.9,15,21,3.4,3.3,,3.4,,3.6,,3.8,3.45,3.2,3.7,3.4
AIG20250000501393,5,4.1,전반적 만족도,29,22,75.9,19,22,4.1,4.1,,4.4,,4.2,,4.1,4.05,4.1,4.1,4.3
AIG20250000501396,1,4.0,전반적 만족도,11,10,90.9,10,10,4.0,4.5,,4.6,,4.2,4.3,4.5,4.0,4.5,4.6,4.7
AIG20250000501399,1,4.2,전반적 만족도,18,11,61.1,9,11,4.2,4.4,,4.6,,4.2,4.2,4.2,3.77,4.0,,4.2
AIG20250000501400,1,4.6,전반적 만족도,20,16,80,15,16,4.6,4.7,,4.6,,4.6,4.6,4.7,4.7,4.7,5.0,4.6
AIG20250000501400,2,4.7,전반적 만족도,13,11,84.6,11,11,4.7,4.7,,4.8,,4.7,4.8,4.8,4.43,4.8,5.0,4.8
AIG20250000501400,3,4.7,전반적 만족도,23,21,91.3,20,21,4.7,4.2,,4.8,,4.6,4.7,4.3,4.57,4.6,4.3,4.6
AIG20250000501415,1,5.0,전반적 만족도,7,5,71.4,5,5,5.0,4.6,,5.0,,5.0,5.0,4.8,5.0,4.9,,5.0
AIG20250000501427,1,5.0,전반적 만족도,10,8,80,8,8,5.0,5.0,,5.0,,5.0,5.0,5.0,5.0,5.0,5.0,5.0
AIG20250000501427,2,5.0,전반적 만족도,10,8,80,8,8,5.0,5.0,,5.0,,5.0,5.0,5.0,5.0,5.0,,5.0
AIG20250000501427,3,5.0,전반적 만족도,10,7,70,7,7,5.0,5.0,,5.0,,5.0,5.0,5.0,5.0,5.0,,5.0
AIG20250000501427,4,5.0,전반적 만족도,13,10,76.9,10,10,5.0,5.0,,5.0,,5.0,5.0,5.0,4.93,5.0,,5.0
AIG20250000501428,1,4.7,전반적 만족도,20,16,80,16,16,4.7,4.6,,4.8,,4.8,4.6,4.6,4.67,4.8,5.0,4.8
AIG20250000501428,2,4.9,전반적 만족도,20,15,75,15,15,4.9,5.0,,4.9,,4.8,5.0,4.7,4.83,4.9,,4.9
AIG20250000501434,1,4.0,전반적 만족도,15,10,66.7,9,10,4.0,3.9,,4.5,,4.2,4.4,3.9,3.9,4.3,3.9,4.3
AIG20250000501436,1,5.0,전반적 만족도,16,14,87.5,14,14,5.0,5.0,,5.0,,4.9,5.0,4.9,4.8,5.0,5.0,4.9
AIG20250000501436,2,4.7,전반적 만족도,27,27,100,26,27,4.7,4.6,,4.9,,4.6,4.7,4.7,4.7,4.8,4.6,4.7
AIG20250000501436,3,4.9,전반적 만족도,21,16,76.2,16,16,4.9,4.9,,5.0,,4.9,4.9,5.0,4.73,5.0,5.0,4.9
AIG20250000501439,1,4.1,전반적 만족도,34,26,76.5,24,26,4.1,4.2,,4.1,,4.0,4.2,4.1,4.13,4.0,3.8,3.9
AIG20250000501443,1,3.0,전반적 만족도,26,21,80.8,9,21,3.0,2.4,,3.5,,2.6,3.1,3.8,2.53,2.8,0.7,3.2
AIG20250000501443,2,2.7,전반적 만족도,23,19,82.6,9,19,2.7,2.5,,3.6,,2.6,2.8,3.6,2.7,2.7,2.9,3.3
AIG20250000501445,1,4.2,전반적 만족도,11,7,63.6,5,7,4.2,4.0,,4.4,,4.4,4.2,4.0,4.03,4.1,,4.4
AIG20250000501445,2,4.3,전반적 만족도,12,7,58.3,6,7,4.3,4.6,,4.3,,4.1,4.3,4.3,4.27,4.3,,4.2
AIG20250000501445,3,4.4,전반적 만족도,13,12,92.3,10,12,4.4,4.5,,4.5,,4.4,4.4,4.3,4.2,4.3,5.0,4.3
AIG20250000501446,1,4.6,전반적 만족도,10,9,90,7,9,4.6,4.4,,4.9,,4.6,4.7,4.6,4.67,4.4,,4.4
AIG20250000501447,1,4.4,전반적 만족도,14,12,85.7,10,12,4.4,4.2,,4.6,,4.5,4.6,4.0,4.27,4.2,3.9,4.3
AIG20250000501447,2,3.6,전반적 만족도,12,5,41.7,3,5,3.6,3.1,,4.1,,3.6,3.8,3.4,3.5,3.4,3.6,3.4
AIG20250000501447,5,4.1,전반적 만족도,11,10,90.9,9,10,4.1,3.6,,4.5,,4.1,3.9,3.6,3.87,3.9,,4.3
AIG20250000501454,1,4.3,전반적 만족도,22,22,100,19,22,4.3,4.4,,4.4,,4.3,4.4,4.3,3.97,4.0,,4.3
AIG20250000501456,1,5.0,전반적 만족도,19,14,73.7,13,14,5.0,5.0,,4.9,,5.0,5.0,5.0,4.93,4.9,5.0,5.0
AIG20250000501456,2,3.2,전반적 만족도,8,6,75,3,6,3.2,3.9,,2.9,,3.2,3.6,2.6,3.2,3.6,,2.9
AIG20250000501456,3,4.8,전반적 만족도,21,19,90.5,19,19,4.8,4.8,,5.0,,5.0,4.8,4.8,4.73,4.9,5.0,5.0
AIG20250000501459,1,4.2,전반적 만족도,20,18,90,14,18,4.2,4.2,,4.6,,4.4,4.5,4.1,4.33,4.2,3.9,4.3
AIG20250000501460,1,4.7,전반적 만족도,17,11,64.7,11,11,4.7,4.7,,4.8,,4.8,4.9,4.8,4.77,4.9,4.3,4.7
AIG20250000501460,2,5.0,전반적 만족도,14,12,85.7,12,12,5.0,5.0,,5.0,,5.0,5.0,5.0,5.0,5.0,,5.0
AIG20250000501460,4,5.0,전반적 만족도,20,17,85,17,17,5.0,5.0,,5.0,,5.0,5.0,4.9,4.93,5.0,5.0,5.0
AIG20250000501460,5,4.4,전반적 만족도,10,9,90,8,9,4.4,4.6,,4.5,,4.5,4.5,4.5,4.5,4.5,5.0,4.4
AIG20250000501460,7,4.6,전반적 만족도,19,16,84.2,15,16,4.6,4.8,,4.7,,4.6,4.6,4.7,4.73,4.6,5.0,4.6
AIG20250000501462,1,4.5,전반적 만족도,15,7,46.7,6,7,4.5,4.4,,4.9,,4.9,5.0,4.6,4.27,4.5,3.2,4.8
AIG20250000501472,1,4.8,전반적 만족도,20,18,90,17,18,4.8,4.8,,4.8,,4.7,4.7,4.7,4.73,4.7,4.3,4.8
AIG20250000501473,1,4.3,전반적 만족도,22,20,90.9,17,20,4.3,4.3,,4.6,,4.4,4.5,4.2,4.23,4.2,4.6,4.5
AIG20250000501473,2,3.9,전반적 만족도,20,17,85,12,17,3.9,3.5,,4.1,,3.6,3.7,3.1,3.83,3.8,4.3,4.1
AIG20250000501473,3,4.4,전반적 만족도,15,10,66.7,9,10,4.4,4.9,,4.6,,4.5,4.4,4.7,4.37,4.2,5.0,4.7
AIG20250000501475,1,5.0,전반적 만족도,10,10,100,10,10,5.0,4.9,,5.0,,5.0,5.0,5.0,4.73,5.0,5.0,5.0
AIG20250000501476,1,4.4,전반적 만족도,28,24,85.7,24,24,4.4,4.3,,4.4,,4.3,4.3,4.4,4.47,4.1,4.1,4.3
AIG20250000501478,1,4.1,전반적 만족도,16,15,93.8,14,15,4.1,4.3,,4.4,,4.3,4.4,4.4,4.3,4.4,5.0,4.4
AIG20250000501478,2,4.4,전반적 만족도,19,13,68.4,11,13,4.4,4.4,,4.3,,4.3,4.3,4.4,4.2,4.3,5.0,4.3
AIG20250000501479,1,4.6,전반적 만족도,6,5,83.3,5,5,4.6,4.4,,4.6,,4.5,4.6,4.0,4.6,4.1,,4.5
AIG20250000501479,2,4.4,전반적 만족도,7,5,71.4,4,5,4.4,4.4,,5.0,,4.5,5.0,4.4,4.47,4.3,2.9,4.6
AIG20250000501481,1,3.4,전반적 만족도,12,9,75,6,9,3.4,3.2,,3.8,,3.4,3.2,3.3,3.3,3.3,,3.6
AIG20250000501481,4,3.6,전반적 만족도,10,6,60,3,6,3.6,4.3,,3.6,,3.4,3.6,4.0,3.83,3.2,2.9,3.6
AIG20250000501484,1,4.6,전반적 만족도,23,19,82.6,19,19,4.6,4.7,,4.8,,4.6,4.6,4.8,4.63,4.6,4.8,4.7
AIG20250000501484,2,4.7,전반적 만족도,29,28,96.6,25,28,4.7,4.8,,4.8,,4.7,4.7,4.6,4.63,4.7,,4.6
AIG20250000501486,1,3.8,전반적 만족도,16,14,87.5,12,14,3.8,4.2,,4.1,,3.7,4.1,4.0,3.97,3.9,4.3,3.9
AIG20250000501486,2,4.0,전반적 만족도,21,15,71.4,13,15,4.0,4.2,,4.2,,3.8,4.0,4.4,4.1,3.8,4.3,4.2
AIG20250000501486,3,4.8,전반적 만족도,20,16,80,16,16,4.8,4.7,,4.8,,4.5,4.6,4.5,4.7,4.6,4.5,4.7
AIG20250000501488,1,4.0,전반적 만족도,21,11,52.4,10,11,4.0,3.4,,3.8,,3.8,4.3,3.7,4.23,4.0,4.3,4.0
AIG20250000501497,1,5.0,전반적 만족도,10,6,60,5,6,5.0,5.0,,5.0,,5.0,5.0,4.9,4.93,5.0,5.0,4.9
AIG20250000501503,1,3.9,전반적 만족도,66,54,81.8,40,54,3.9,4.0,,4.3,,3.8,4.0,4.2,3.83,3.7,3.1,4.0
AIG20250000501503,2,4.1,전반적 만족도,93,75,80.6,64,75,4.1,4.1,,4.4,,3.9,4.0,4.3,4.03,3.9,2.8,4.2
AIG20250000501503,3,4.5,전반적 만족도,128,103,80.5,99,103,4.5,4.4,,4.6,,4.4,4.4,4.5,4.23,4.3,4.0,4.5
AIG20250000501503,4,4.3,전반적 만족도,133,116,87.2,106,116,4.3,4.3,,4.5,,4.2,4.2,4.5,4.17,4.2,4.2,4.4
AIG20250000501509,1,4.2,전반적 만족도,7,6,85.7,5,6,4.2,4.6,,4.2,,4.2,4.3,4.5,4.07,3.7,,4.5
AIG20250000501509,2,4.2,전반적 만족도,30,25,83.3,24,25,4.2,4.2,,4.5,,4.3,4.5,4.4,4.13,4.1,2.9,4.4
AIG20250000501509,3,4.5,전반적 만족도,40,32,80,32,32,4.5,4.4,,4.8,,4.5,4.6,4.6,4.43,4.6,4.9,4.6
AIG20250000501509,4,4.2,전반적 만족도,51,37,72.5,36,37,4.2,4.1,,4.5,,4.3,4.3,4.4,4.0,4.1,4.6,4.3
AIG20250000501512,1,4.5,전반적 만족도,35,30,85.7,29,30,4.5,4.5,,4.8,,4.4,4.5,4.6,4.5,4.3,4.5,4.7
AIG20250000501512,2,4.1,전반적 만족도,52,46,88.5,41,46,4.1,4.1,,4.2,,4.0,4.1,4.2,3.93,3.8,4.5,4.2
AIG20250000501512,3,4.4,전반적 만족도,120,95,79.2,88,95,4.4,4.4,,4.5,,4.3,4.4,4.4,4.3,4.2,4.5,4.4
AIG20250000501512,4,4.2,전반적 만족도,84,70,83.3,63,70,4.2,4.3,,4.5,,4.2,4.4,4.3,4.3,4.1,4.2,4.3
AIG20250000501515,1,4.4,전반적 만족도,10,6,60,6,6,4.4,4.8,,4.8,,4.6,4.8,4.8,4.73,4.6,,4.6
AIG20250000501515,2,5.0,전반적 만족도,7,3,42.9,3,3,5.0,5.0,,5.0,,5.0,5.0,5.0,5.0,5.0,5.0,5.0
AIG20250000501515,3,4.6,전반적 만족도,11,6,54.5,6,6,4.6,4.8,,4.8,,4.4,4.5,4.9,4.63,4.3,,4.8
AIG20250000501515,4,3.8,전반적 만족도,14,10,71.4,7,10,3.8,3.7,,3.8,,3.8,4.4,4.0,4.0,3.3,2.9,3.8
AIG20250000501516,1,4.6,전반적 만족도,17,13,76.5,11,13,4.6,4.6,,4.7,,4.5,4.6,4.3,4.47,4.4,4.3,4.8
AIG20250000501520,1,4.3,전반적 만족도,10,9,90,9,9,4.3,4.4,,4.4,,4.2,4.3,4.2,4.0,4.0,5.0,4.2
AIG20250000501520,2,5.0,전반적 만족도,10,10,100,10,10,5.0,4.9,,4.9,,4.9,4.9,5.0,4.73,4.8,5.0,4.9
AIG20250000501522,1,4.1,전반적 만족도,22,18,81.8,13,18,4.1,3.8,,4.6,,4.2,4.1,3.9,4.07,4.0,3.8,4.5
AIG20250000501522,2,4.5,전반적 만족도,13,11,84.6,10,11,4.5,4.5,,4.8,,4.6,4.4,4.6,4.4,4.6,4.6,4.7
AIG20250000501522,3,3.9,전반적 만족도,27,17,63,10,17,3.9,3.3,,3.8,,3.9,3.9,3.4,3.43,3.5,,3.7
AIG20250000501522,4,4.1,전반적 만족도,18,13,72.2,10,13,4.1,4.2,,4.3,,4.0,3.9,4.3,4.0,4.0,4.3,4.1
AIG20250000501522,5,5.0,전반적 만족도,19,13,68.4,13,13,5.0,4.9,,5.0,,5.0,5.0,4.9,5.0,5.0,5.0,5.0
AIG20250000501522,6,4.6,전반적 만족도,29,23,79.3,22,23,4.6,4.6,,4.9,,4.6,4.4,4.6,4.3,4.4,4.8,4.5
AIG20250000501527,1,3.6,전반적 만족도,12,6,50,5,6,3.6,3.8,,4.0,,3.7,3.9,3.9,4.13,3.3,,3.7
AIG20250000501527,2,4.4,전반적 만족도,17,9,52.9,8,9,4.4,4.8,,4.8,,4.6,4.4,4.7,4.8,4.4,,4.6
AIG20250000501529,1,5.0,전반적 만족도,17,9,52.9,9,9,5.0,4.8,,5.0,,5.0,5.0,4.5,4.83,4.8,5.0,5.0
AIG20250000501529,2,3.8,전반적 만족도,14,9,64.3,7,9,3.8,4.0,,3.7,,3.8,3.7,4.4,3.83,3.7,,4.0
AIG20250000501529,3,3.1,전반적 만족도,12,10,83.3,7,10,3.1,2.7,,3.3,,3.3,3.2,3.2,3.3,3.1,,3.3
AIG20250000501545,1,3.8,전반적 만족도,14,3,21.4,3,3,3.8,3.8,,4.3,,4.0,,3.7,3.7,4.0,3.3,4.2
AIG20250000501545,2,3.6,전반적 만족도,37,19,51.4,15,19,3.6,3.8,,4.3,,3.7,,3.6,3.55,3.7,3.7,3.8
AIG20250000501545,3,4.3,전반적 만족도,37,23,62.2,20,23,4.3,4.3,,4.5,,4.4,,4.5,4.35,4.3,4.1,4.3
AIG20250000501545,4,3.7,전반적 만족도,73,46,63,36,46,3.7,3.6,,4.1,,3.7,,3.6,3.65,3.8,3.7,3.7
AIG20250000501545,5,3.9,전반적 만족도,48,40,83.3,28,40,3.9,3.8,,4.3,,3.9,,3.7,3.65,3.8,3.9,3.8
AIG20250000501545,6,4.0,전반적 만족도,32,26,81.3,22,26,4.0,4.0,,4.1,,4.0,,3.9,3.95,3.8,3.9,4.0
AIG20250000501559,1,4.9,전반적 만족도,6,6,100,6,6,4.9,4.8,,4.8,,4.8,4.8,4.9,4.83,4.9,,4.8
AIG20250000501559,2,4.6,전반적 만족도,6,5,83.3,5,5,4.6,4.6,,4.6,,4.6,4.7,4.8,4.53,4.3,,4.6
AIG20250000501559,3,3.8,전반적 만족도,8,7,87.5,6,7,3.8,3.2,,4.2,,3.9,3.9,3.7,3.8,3.3,,3.8
AIG20250000501562,1,4.6,전반적 만족도,10,7,70,6,7,4.6,4.6,,4.9,,4.8,4.9,4.0,4.53,4.7,4.3,4.8
AIG20250000501572,1,4.0,전반적 만족도,26,25,96.2,20,25,4.0,3.9,,4.4,,4.2,4.2,4.3,4.07,4.0,,3.6
AIG20250000501572,2,4.7,전반적 만족도,29,28,96.6,27,28,4.7,4.7,,4.8,,4.6,4.6,4.7,4.5,4.6,5.0,4.3
AIG20250000501572,3,4.3,전반적 만족도,25,15,60,11,15,4.3,4.3,,4.5,,4.3,4.5,4.2,4.07,4.2,5.0,4.1
AIG20250000501572,4,3.9,전반적 만족도,26,24,92.3,19,24,3.9,3.7,,4.2,,3.6,3.8,4.2,3.93,3.6,4.3,3.4
AIG20250000501572,5,4.1,전반적 만족도,30,17,56.7,13,17,4.1,4.2,,4.7,,4.2,4.3,4.9,4.43,4.2,5.0,4.0
AIG20250000501576,1,3.5,전반적 만족도,12,6,50,4,6,3.5,3.1,,3.6,,3.7,4.0,3.9,3.67,3.1,2.1,3.5
AIG20250000501578,1,2.9,전반적 만족도,8,3,37.5,2,3,2.9,3.3,,4.2,,3.9,3.9,4.3,3.03,3.1,2.9,4.0
AIG20250000501586,1,4.0,전반적 만족도,8,7,87.5,6,7,4.0,3.7,,4.4,,3.8,3.9,4.2,3.5,4.0,3.6,4.0
AIG20250000501586,2,4.2,전반적 만족도,22,15,68.2,14,15,4.2,3.5,,4.0,,4.0,4.4,4.2,4.07,4.0,,3.7
AIG20250000501588,1,5.0,전반적 만족도,3,3,100,3,3,5.0,5.0,,5.0,,5.0,5.0,5.0,5.0,5.0,5.0,5.0
AIG20250000501596,1,4.3,전반적 만족도,10,8,80,6,8,4.3,4.1,,4.3,,4.2,3.9,4.2,4.23,4.2,5.0,4.2
AIG20250000501602,1,4.7,전반적 만족도,14,10,71.4,10,10,4.7,4.6,,4.9,,4.6,4.7,4.9,4.53,4.8,4.3,4.7
AIG20250000501602,2,4.7,전반적 만족도,25,25,100,22,25,4.7,4.6,,4.8,,4.6,4.7,4.8,4.6,4.6,3.9,4.7
AIG20250000501602,3,4.7,전반적 만족도,13,9,69.2,9,9,4.7,4.8,,4.9,,4.7,4.7,4.6,4.6,4.8,5.0,4.7
AIG20250000501602,4,4.8,전반적 만족도,28,22,78.6,22,22,4.8,4.4,,4.9,,4.7,4.8,4.4,4.6,4.8,,4.6
AIG20250000501613,1,4.6,전반적 만족도,11,6,54.5,5,6,4.6,4.6,,4.5,,4.8,4.7,4.8,4.67,4.8,5.0,4.6
AIG20250000501613,2,4.7,전반적 만족도,11,8,72.7,8,8,4.7,5.0,,5.0,,5.0,4.9,5.0,5.0,4.7,,5.0
AIG20250000501622,1,4.7,전반적 만족도,14,7,50,5,7,4.7,4.8,,4.9,,4.5,4.6,3.5,4.67,4.4,,4.9
AIG20250000501638,1,4.5,전반적 만족도,18,16,88.9,16,16,4.5,4.2,,4.4,,4.3,4.6,4.2,4.27,4.6,4.1,4.3
AIG20250000501639,1,3.0,전반적 만족도,16,14,87.5,11,14,3.0,3.3,,2.0,,2.7,3.1,4.0,3.57,3.1,,1.9
AIG20250000501639,2,2.8,전반적 만족도,13,11,84.6,9,11,2.8,2.7,,2.4,,2.3,2.8,3.2,3.23,3.1,2.6,2.5
AIG20250000501639,3,3.2,전반적 만족도,14,12,85.7,6,12,3.2,2.6,,3.1,,3.1,3.5,3.3,3.37,3.0,,3.1
AIG20250000501639,4,4.5,전반적 만족도,8,7,87.5,6,7,4.5,3.6,,3.8,,4.3,4.2,4.6,4.1,4.3,5.0,3.7
AIG20250000501639,6,4.2,전반적 만족도,12,9,75,8,9,4.2,4.4,,4.1,,4.2,4.1,4.2,4.53,4.3,1.8,3.9
AIG20250000501639,7,3.6,전반적 만족도,19,16,84.2,12,16,3.6,3.3,,4.1,,3.8,3.8,3.4,3.57,3.7,,4.0
AIG20250000501640,1,4.0,전반적 만족도,18,11,61.1,9,11,4.0,3.6,,3.9,,3.8,4.0,4.0,3.9,3.8,3.8,3.7
AIG20250000501640,2,4.3,전반적 만족도,10,4,40,2,4,4.3,3.8,,3.8,,3.8,4.1,4.4,4.37,3.6,,3.8
AIG20250000501640,3,4.5,전반적 만족도,14,10,71.4,9,10,4.5,4.0,,4.4,,4.3,4.6,4.5,4.17,4.4,5.0,4.3
AIG20250000501640,4,4.0,전반적 만족도,13,11,84.6,9,11,4.0,3.3,,3.3,,3.7,3.6,4.2,3.63,3.5,,3.6
AIG20250000501640,6,3.8,전반적 만족도,22,16,72.7,13,16,3.8,3.4,,4.1,,3.8,3.8,3.9,3.4,3.5,3.6,3.8
AIG20250000501640,7,3.7,전반적 만족도,15,9,60,7,9,3.7,3.2,,4.7,,3.7,4.0,4.0,3.57,3.3,3.6,4.4
AIG20250000501640,8,4.8,전반적 만족도,9,4,44.4,4,4,4.8,4.5,,4.6,,4.6,5.0,5.0,4.8,4.3,,4.9
AIG20250000501645,1,4.8,전반적 만족도,20,19,95,19,19,4.8,4.7,,4.9,,4.8,4.9,4.7,4.57,4.7,5.0,4.8
AIG20250000501645,2,4.8,전반적 만족도,17,13,76.5,13,13,4.8,4.8,,4.9,,4.8,4.7,4.6,4.7,4.7,5.0,4.8
AIG20250000501645,3,4.5,전반적 만족도,18,16,88.9,16,16,4.5,4.7,,4.6,,4.6,4.6,4.7,4.4,4.5,5.0,4.5
AIG20250000501646,1,4.5,전반적 만족도,7,4,57.1,4,4,4.5,4.3,,4.4,,4.4,4.5,4.0,4.1,4.3,,4.4
AIG20250000501652,1,4.1,전반적 만족도,28,27,96.4,24,27,4.1,4.0,,3.8,,4.1,4.2,4.2,4.17,4.0,,4.0
AIG20250000501652,2,3.8,전반적 만족도,30,28,93.3,25,28,3.8,3.8,,4.0,,3.9,4.2,4.0,4.07,3.9,,4.1
AIG20250000501655,1,4.4,전반적 만족도,12,8,66.7,6,8,4.4,3.9,,4.4,,4.3,4.6,4.5,4.4,4.2,,4.3
AIG20250000501655,2,5.0,전반적 만족도,10,1,10,1,1,5.0,5.0,,5.0,,5.0,5.0,5.0,5.0,5.0,,5.0
AIG20250000501655,3,3.4,전반적 만족도,11,5,45.5,4,5,3.4,3.1,,3.2,,3.4,3.8,3.5,3.03,3.1,2.9,3.1
AIG20250000501655,4,5.0,전반적 만족도,16,2,12.5,2,2,5.0,3.6,,5.0,,4.9,4.6,4.6,4.6,4.6,,4.5
AIG20250000501655,5,5.0,전반적 만족도,13,1,7.7,1,1,5.0,5.0,,5.0,,5.0,5.0,5.0,5.0,5.0,,5.0
AIG20250000501656,1,3.7,전반적 만족도,15,7,46.7,3,7,3.7,3.7,,3.2,,3.4,4.0,4.6,3.9,3.3,2.9,3.4
AIG20250000501657,1,3.6,전반적 만족도,35,13,37.1,9,13,3.6,3.5,,3.8,,3.6,3.5,3.7,3.47,3.4,3.6,3.7
AIG20250000501657,2,3.0,전반적 만족도,35,6,17.1,3,6,3.0,3.1,,3.0,,3.1,3.4,3.8,3.27,2.7,2.1,2.8
AIG20250000501663,1,3.9,전반적 만족도,36,8,22.2,6,8,3.9,3.9,,4.2,,3.9,,4.2,4.2,4.0,4.3,4.1
AIG20250000501663,2,4.3,전반적 만족도,23,2,8.7,2,2,4.3,4.3,,4.6,,4.6,,4.5,5.0,4.6,4.3,4.6
AIG20250000501665,1,4.2,전반적 만족도,13,9,69.2,8,9,4.2,4.2,,4.9,,4.4,4.6,4.4,4.6,4.2,3.9,4.4
AIG20250000501666,1,4.1,전반적 만족도,25,18,72,13,18,4.1,3.7,,4.6,,4.0,4.4,4.2,4.17,4.1,4.3,4.5
AIG20250000501668,1,4.5,전반적 만족도,21,15,71.4,11,15,4.5,4.0,,4.8,,4.3,4.3,4.0,4.27,4.4,3.9,4.5
AIG20250000501669,1,3.7,전반적 만족도,27,16,59.3,12,16,3.7,4.0,,4.2,,3.6,4.0,3.8,3.93,3.6,3.4,4.0
AIG20250000501670,1,3.6,전반적 만족도,11,8,72.7,6,8,3.6,3.7,,3.5,,3.4,3.5,3.1,3.37,3.2,,3.4
AIG20250000501670,2,4.0,전반적 만족도,17,11,64.7,10,11,4.0,3.8,,4.0,,3.8,3.9,3.9,3.83,3.8,3.6,3.8
AIG20250000501671,1,3.4,전반적 만족도,24,19,79.2,12,19,3.4,3.4,,3.6,,3.3,3.5,3.1,3.57,3.3,3.9,3.3
AIG20250000501674,1,3.3,전반적 만족도,14,11,78.6,8,11,3.3,3.6,,3.2,,3.3,3.8,3.9,3.93,3.6,,3.3
AIG20250000501677,1,2.7,전반적 만족도,18,8,44.4,3,8,2.7,2.3,,4.3,,3.1,3.6,3.2,3.0,2.6,3.6,3.0
AIG20250000501678,1,4.6,전반적 만족도,16,10,62.5,10,10,4.6,4.1,,4.9,,4.7,4.9,4.9,4.53,4.6,5.0,4.9
AIG20250000501678,2,3.7,전반적 만족도,50,41,82,28,41,3.7,4.0,,3.6,,3.7,4.0,4.2,4.03,3.7,3.2,3.5
AIG20250000501679,1,3.5,전반적 만족도,20,14,70,10,14,3.5,3.1,,4.2,,3.4,3.5,3.6,3.73,3.2,3.6,3.7
AIG20250000501684,1,5.0,전반적 만족도,15,2,13.3,2,2,5.0,5.0,,5.0,,4.8,5.0,4.5,5.0,5.0,,5.0
AIG20250000501686,1,3.3,전반적 만족도,16,12,75,9,12,3.3,3.3,,3.6,,3.1,3.6,3.6,3.2,3.0,0.7,3.3
AIG20250000501686,2,3.6,전반적 만족도,14,8,57.1,6,8,3.6,3.8,,3.4,,3.8,4.0,3.8,3.67,2.6,0.7,3.9
AIG20250000501686,3,4.1,전반적 만족도,31,22,71,20,22,4.1,4.1,,4.4,,4.2,4.1,4.4,4.1,4.2,5.0,4.2
AIG20250000501694,1,4.0,전반적 만족도,12,7,58.3,6,7,4.0,4.1,,4.4,,4.0,4.3,4.2,3.43,3.8,4.6,4.1
AIG20250000501694,2,4.0,전반적 만족도,15,11,73.3,10,11,4.0,3.8,,4.2,,4.1,4.1,4.3,3.83,3.9,3.3,4.1
AIG20250000501694,3,4.1,전반적 만족도,16,14,87.5,12,14,4.1,4.0,,4.2,,4.2,4.3,4.1,3.8,3.9,3.6,4.0
AIG20250000501694,4,4.0,전반적 만족도,36,28,77.8,23,28,4.0,4.0,,4.1,,3.9,4.3,3.6,4.03,4.0,2.9,3.8
AIG20250000501694,5,4.4,전반적 만족도,20,17,85,15,17,4.4,4.4,,4.6,,4.5,4.3,4.7,4.0,4.3,,4.4
AIG20250000501703,1,4.5,전반적 만족도,7,4,57.1,4,4,4.5,4.5,,4.6,,4.4,5.0,4.7,4.73,4.6,3.9,4.6
AIG20250000501714,1,4.3,전반적 만족도,22,16,72.7,13,16,4.3,4.3,,4.6,,4.3,4.4,4.3,4.3,4.2,5.0,4.5
AIG20250000501714,2,4.1,전반적 만족도,20,15,75,11,15,4.1,3.3,,4.5,,3.9,4.2,3.5,3.97,3.9,4.3,3.9
AIG20250000501714,3,3.0,전반적 만족도,22,9,40.9,3,9,3.0,2.9,,3.5,,3.0,3.2,3.4,2.87,2.6,,3.0
AIG20250000501715,1,4.8,전반적 만족도,4,3,75,3,3,4.8,4.8,,4.9,,4.6,5.0,5.0,4.87,5.0,,4.9
AIG20250000501715,3,4.5,전반적 만족도,31,27,87.1,26,27,4.5,4.7,,4.8,,4.6,4.5,4.7,4.63,4.5,3.8,4.8
AIG20250000501715,4,5.0,전반적 만족도,5,4,80,4,4,5.0,5.0,,5.0,,5.0,5.0,5.0,5.0,5.0,,5.0
AIG20250000501719,1,4.1,전반적 만족도,50,38,76,32,38,4.1,4.1,,4.1,,4.0,3.9,4.1,3.83,3.8,3.8,3.8
AIG20250000501719,2,4.5,전반적 만족도,40,29,72.5,26,29,4.5,4.5,,4.4,,4.4,4.5,4.4,4.37,4.2,4.2,4.4
AIG20250000501719,3,4.8,전반적 만족도,56,35,62.5,35,35,4.8,4.8,,4.8,,4.8,4.8,4.9,4.6,4.7,4.5,4.7
AIG20250000501719,4,4.9,전반적 만족도,24,17,70.8,17,17,4.9,4.8,,4.8,,4.7,4.9,4.8,4.43,4.8,4.8,4.8
AIG20250000501721,1,4.9,전반적 만족도,32,30,93.8,30,30,4.9,4.7,,4.9,,4.9,4.9,4.7,4.87,4.9,,4.8
AIG20250000501722,1,4.0,전반적 만족도,10,7,70,7,7,4.0,3.5,,3.7,,3.9,3.9,4.5,3.57,4.0,,3.4
AIG20250000501724,1,4.5,전반적 만족도,22,18,81.8,15,18,4.5,4.4,,4.8,,4.6,4.5,4.3,4.33,4.4,,4.7
AIG20250000501724,2,4.0,전반적 만족도,19,13,68.4,10,13,4.0,4.0,,4.5,,4.1,4.1,4.5,3.93,4.1,,4.3
AIG20250000501724,3,4.5,전반적 만족도,22,17,77.3,15,17,4.5,4.7,,4.6,,4.6,4.6,4.6,4.23,4.2,5.0,4.7
AIG20250000501724,4,3.6,전반적 만족도,15,4,26.7,2,4,3.6,3.8,,3.6,,3.9,3.9,3.5,3.8,3.2,,3.6
AIG20250000501725,1,5.0,전반적 만족도,31,30,96.8,29,30,5.0,4.7,,4.9,,4.9,4.9,5.0,4.93,4.9,5.0,4.9
AIG20250000501725,2,4.5,전반적 만족도,20,20,100,20,20,4.5,4.4,,4.3,,4.4,4.5,4.8,4.77,4.7,2.9,4.5
AIG20250000501725,3,4.5,전반적 만족도,12,12,100,11,12,4.5,4.6,,4.7,,4.8,4.7,4.9,4.67,4.5,,4.7
AIG20250000501733,1,4.1,전반적 만족도,54,31,57.4,24,31,4.1,4.0,,4.4,,4.0,4.0,4.3,3.97,4.1,4.0,4.1
AIG20250000501733,2,4.7,전반적 만족도,42,31,73.8,29,31,4.7,4.6,,4.7,,4.6,4.5,4.7,4.53,4.7,5.0,4.6
AIG20250000501733,3,4.5,전반적 만족도,46,37,80.4,33,37,4.5,4.3,,4.5,,4.4,4.2,4.6,4.33,4.3,4.3,4.5
AIG20250000501733,4,3.9,전반적 만족도,47,29,61.7,22,29,3.9,4.0,,4.1,,3.8,3.8,4.0,3.93,3.9,3.6,3.8
AIG20250000501733,5,4.7,전반적 만족도,52,36,69.2,33,36,4.7,4.6,,4.8,,4.7,4.6,4.8,4.47,4.8,4.9,4.8
AIG20250000501733,6,4.4,전반적 만족도,46,34,73.9,30,34,4.4,4.5,,4.2,,4.4,4.4,4.5,4.33,4.3,4.3,4.4
AIG20250000501734,1,4.1,전반적 만족도,9,5,55.6,3,5,4.1,4.0,,4.4,,4.1,4.1,4.1,3.93,4.1,5.0,4.4
AIG20250000501735,1,4.0,전반적 만족도,20,18,90,16,18,4.0,4.1,,4.2,,4.1,3.9,4.1,4.13,3.8,5.0,4.0
AIG20250000501743,1,4.8,전반적 만족도,18,14,77.8,14,14,4.8,4.7,,4.8,,4.8,,4.8,4.7,4.8,4.8,4.8
AIG20250000501746,1,4.9,전반적 만족도,28,24,85.7,24,24,4.9,4.5,,4.7,,4.8,4.9,5.0,4.9,4.9,,4.8
AIG20250000501746,2,4.9,전반적 만족도,29,28,96.6,27,28,4.9,4.4,,4.7,,4.7,4.9,4.8,4.83,4.8,,4.7
AIG20250000501754,1,3.6,전반적 만족도,17,15,88.2,12,15,3.6,3.7,,3.4,,3.7,3.9,4.0,3.83,3.5,,3.7
AIG20250000501754,2,4.7,전반적 만족도,17,10,58.8,10,10,4.7,4.3,,4.6,,4.8,4.7,4.6,4.67,4.6,5.0,4.5
AIG20250000501757,1,4.4,전반적 만족도,34,28,82.4,25,28,4.4,4.0,,4.7,,4.4,4.6,4.6,4.27,4.0,3.9,4.2
AIG20250000501775,1,5.0,전반적 만족도,15,12,80,12,12,5.0,5.0,,5.0,,5.0,5.0,5.0,5.0,5.0,5.0,5.0
AIG20250000501779,1,4.3,전반적 만족도,22,20,90.9,18,20,4.3,4.3,,4.6,,4.2,4.5,4.4,4.3,4.4,,4.1
AIG20250000501779,2,4.1,전반적 만족도,25,23,92,20,23,4.1,4.1,,4.2,,4.3,4.3,4.2,4.5,4.0,,4.3
AIG20250000501779,3,4.8,전반적 만족도,14,14,100,14,14,4.8,4.7,,4.8,,4.6,4.8,4.7,4.77,4.7,5.0,4.6
AIG20250000501779,4,4.6,전반적 만족도,44,38,86.4,37,38,4.6,4.4,,4.8,,4.6,4.7,4.6,4.53,4.6,3.6,4.5
AIG20250000501779,5,4.5,전반적 만족도,28,21,75,20,21,4.5,4.3,,4.6,,4.5,4.6,4.4,4.5,4.4,2.9,4.4
AIG20250000501779,6,3.9,전반적 만족도,15,15,100,12,15,3.9,4.0,,4.2,,4.0,3.9,4.1,4.13,3.9,5.0,4.0
AIG20250000501779,7,4.6,전반적 만족도,34,8,23.5,8,8,4.6,4.2,,4.8,,4.4,4.7,4.3,4.47,4.6,,4.2
AIG20250000501781,1,4.6,전반적 만족도,23,12,52.2,10,12,4.6,4.9,,4.9,,4.7,4.7,4.8,4.67,4.6,5.0,4.9
AIG20250000501781,2,5.0,전반적 만족도,29,26,89.7,26,26,5.0,4.8,,4.9,,4.9,5.0,4.8,4.87,4.8,5.0,4.8
AIG20250000501781,3,3.8,전반적 만족도,26,20,76.9,15,20,3.8,3.6,,4.2,,3.9,4.2,3.4,3.87,3.8,3.6,4.0
AIG20250000540031,1,4.3,전반적 만족도,30,13,43.3,10,13,4.3,4.2,,4.3,,4.2,,4.2,4.25,4.3,4.3,4.2
AIG20250000541106,1,3.8,전반적 만족도,22,4,18.2,4,4,3.8,3.6,,3.8,,3.8,4.3,3.8,3.6,3.4,2.1,3.8
AIG20250000541108,1,4.8,전반적 만족도,20,19,95,18,19,4.8,4.6,,4.7,,4.5,4.4,4.6,4.37,4.5,5.0,4.6
AIG20250000543069,1,4.9,전반적 만족도,40,40,100,40,40,4.9,4.9,,4.9,,4.9,4.9,5.0,4.87,5.0,5.0,4.8
AIG20250000543071,1,4.3,전반적 만족도,21,20,95.2,17,20,4.3,4.3,,4.4,,4.3,4.4,4.3,4.3,4.2,2.9,4.4
AIG20250000543071,2,4.8,전반적 만족도,21,13,61.9,13,13,4.8,4.8,,4.9,,4.7,4.9,4.9,4.73,4.7,3.6,4.8
AIG20250000543075,1,4.8,전반적 만족도,49,38,77.6,38,38,4.8,4.7,,4.8,,4.5,4.8,4.7,4.67,4.8,5.0,4.6
AIG20250000543075,2,4.5,전반적 만족도,50,46,92,46,46,4.5,4.1,,4.5,,4.4,4.5,4.5,4.37,4.4,5.0,4.1
AIG20250000543077,1,4.8,전반적 만족도,30,4,13.3,4,4,4.8,4.6,,4.8,,4.8,4.8,4.8,4.8,4.6,,4.8
AIG20250000543086,1,4.7,전반적 만족도,11,10,90.9,10,10,4.7,4.6,,4.5,,4.4,4.8,4.5,4.6,4.6,,4.3
AIG20250000543095,1,4.6,전반적 만족도,21,20,95.2,20,20,4.6,4.8,,4.9,,4.8,4.8,4.9,4.73,4.8,,4.6
AIG20250000543105,2,4.7,전반적 만족도,14,11,78.6,11,11,4.7,4.6,,4.7,,4.5,4.8,4.6,4.67,4.4,3.9,4.5
AIG20250000543105,3,4.6,전반적 만족도,10,8,80,7,8,4.6,4.5,,4.6,,4.5,4.6,4.6,4.57,4.2,,4.5
AIG20250000543105,4,4.7,전반적 만족도,17,17,100,17,17,4.7,4.7,,4.7,,4.8,4.8,4.7,4.8,4.8,4.3,4.7
AIG20250000543105,5,4.7,전반적 만족도,19,16,84.2,16,16,4.7,4.7,,4.8,,4.7,4.7,4.8,4.5,4.6,,4.7
AIG20250000543107,1,4.9,전반적 만족도,30,27,90,27,27,4.9,4.8,,4.9,,4.9,4.9,4.9,4.87,4.9,5.0,4.9
AIG20250000543107,2,4.0,전반적 만족도,30,28,93.3,25,28,4.0,4.1,,4.2,,3.9,4.3,4.0,4.0,3.9,4.3,3.9
AIG20250000543108,1,4.7,전반적 만족도,28,27,96.4,27,27,4.7,4.7,,4.7,,4.6,4.7,4.7,4.73,4.8,4.8,4.6
AIG20250000543108,2,4.5,전반적 만족도,33,32,97,31,32,4.5,4.6,,4.6,,4.4,4.5,4.7,4.5,4.6,5.0,4.5
AIG20250000543125,1,3.5,전반적 만족도,14,10,71.4,8,10,3.5,3.1,,3.9,,3.4,3.4,2.5,3.5,3.2,,3.5
AIG20250000543125,2,4.7,전반적 만족도,14,8,57.1,8,8,4.7,4.1,,4.8,,4.4,4.6,4.6,4.53,4.5,,4.8
AIG20250000543139,1,4.3,전반적 만족도,15,14,93.3,14,14,4.3,4.1,,4.6,,4.2,4.5,4.3,4.37,4.3,,4.4
AIG20250000543140,1,4.4,전반적 만족도,6,6,100,5,6,4.4,4.3,,4.6,,4.4,4.4,4.5,4.5,4.4,,4.5
AIG20250000543143,1,4.8,전반적 만족도,26,20,76.9,20,20,4.8,4.8,,4.9,,4.8,4.8,4.8,4.7,4.8,,4.8
AIG20250000543145,1,4.5,전반적 만족도,19,16,84.2,15,16,4.5,4.3,,4.7,,4.4,4.4,4.7,4.47,4.5,4.8,4.3
AIG20250000543145,2,4.5,전반적 만족도,4,4,100,4,4,4.5,4.6,,4.6,,4.4,4.6,4.1,4.53,5.0,,4.6
AIG20250000543149,1,4.5,전반적 만족도,28,21,75,21,21,4.5,4.5,,4.7,,4.6,4.5,4.6,4.57,4.4,4.6,4.7
AIG20250000543150,1,3.9,전반적 만족도,20,19,95,14,19,3.9,3.5,,4.2,,3.8,4.2,3.6,4.1,3.5,,4.0
AIG20260000581141,1,4.8,전반적 만족도,27,15,55.6,14,15,4.8,4.7,,4.5,,4.6,4.8,4.7,4.67,4.6,4.3,4.2
AIG20260000581159,1,5.0,전반적 만족도,15,4,26.7,4,4,5.0,5.0,,5.0,,4.8,4.8,4.8,5.0,5.0,5.0,4.8
AIG20260000581162,1,4.5,전반적 만족도,24,4,16.7,3,4,4.5,3.9,,4.1,,3.4,4.3,4.4,3.53,3.8,,4.0
AIG20260000581163,1,4.7,전반적 만족도,8,5,62.5,5,5,4.7,4.1,,4.6,,4.3,4.7,4.9,4.53,4.4,,4.6
AIG20210000350106,1,3.5,setisfactionMap(2023년 이전 스키마),94,50,53.2,,,,,,,,,,,,,,
AIG20210000350106,2,4.5,setisfactionMap(2023년 이전 스키마),56,43,76.8,,,,,,,,,,,,,,
AIG20210000350106,3,4.5,setisfactionMap(2023년 이전 스키마),74,46,62.2,,,,,,,,,,,,,,
AIG20210000365837,1,3.7,setisfactionMap(2023년 이전 스키마),34,32,94.1,,,,,,,,,,,,,,
AIG20210000365837,2,4.5,setisfactionMap(2023년 이전 스키마),25,19,76,,,,,,,,,,,,,,
AIG20210000365837,3,4.4,setisfactionMap(2023년 이전 스키마),29,22,75.9,,,,,,,,,,,,,,
AIG20210000365837,4,4.6,setisfactionMap(2023년 이전 스키마),16,12,75,,,,,,,,,,,,,,
AIG20210000365837,5,5.0,setisfactionMap(2023년 이전 스키마),14,13,92.9,,,,,,,,,,,,,,
AIG20220000366671,1,3.5,setisfactionMap(2023년 이전 스키마),25,14,56,,,,,,,,,,,,,,
AIG20220000366671,2,4.2,setisfactionMap(2023년 이전 스키마),30,24,80,,,,,,,,,,,,,,
AIG20220000366677,1,4.9,setisfactionMap(2023년 이전 스키마),18,9,50,,,,,,,,,,,,,,
AIG20220000366679,1,4.8,setisfactionMap(2023년 이전 스키마),30,24,80,,,,,,,,,,,,,,
AIG20220000366679,2,4.7,setisfactionMap(2023년 이전 스키마),13,10,76.9,,,,,,,,,,,,,,
AIG20220000366681,1,4.9,setisfactionMap(2023년 이전 스키마),21,19,90.5,,,,,,,,,,,,,,
AIG20220000366682,1,4.2,setisfactionMap(2023년 이전 스키마),29,28,96.6,,,,,,,,,,,,,,
AIG20220000366682,2,4.5,setisfactionMap(2023년 이전 스키마),23,21,91.3,,,,,,,,,,,,,,
AIG20220000366692,1,4.6,setisfactionMap(2023년 이전 스키마),28,25,89.3,,,,,,,,,,,,,,
AIG20220000366692,2,4.6,setisfactionMap(2023년 이전 스키마),18,15,83.3,,,,,,,,,,,,,,
AIG20220000366697,1,4.8,setisfactionMap(2023년 이전 스키마),19,17,89.5,,,,,,,,,,,,,,
AIG20220000366697,2,4.6,setisfactionMap(2023년 이전 스키마),30,24,80,,,,,,,,,,,,,,
AIG20220000366697,3,4.5,setisfactionMap(2023년 이전 스키마),25,19,76,,,,,,,,,,,,,,
AIG20220000366697,4,4.5,setisfactionMap(2023년 이전 스키마),18,16,88.9,,,,,,,,,,,,,,
AIG20220000366700,1,4.2,setisfactionMap(2023년 이전 스키마),29,25,86.2,,,,,,,,,,,,,,
AIG20220000366700,2,4.4,setisfactionMap(2023년 이전 스키마),30,23,76.7,,,,,,,,,,,,,,
AIG20220000366700,3,4.1,setisfactionMap(2023년 이전 스키마),30,25,83.3,,,,,,,,,,,,,,
AIG20220000366700,4,4.1,setisfactionMap(2023년 이전 스키마),30,27,90,,,,,,,,,,,,,,
AIG20220000366700,5,4.2,setisfactionMap(2023년 이전 스키마),29,26,89.7,,,,,,,,,,,,,,
AIG20220000366703,1,4.5,setisfactionMap(2023년 이전 스키마),28,20,71.4,,,,,,,,,,,,,,
AIG20220000366703,2,4.5,setisfactionMap(2023년 이전 스키마),18,12,66.7,,,,,,,,,,,,,,
AIG20220000366703,3,4.6,setisfactionMap(2023년 이전 스키마),24,16,66.7,,,,,,,,,,,,,,
AIG20220000366707,1,4.0,setisfactionMap(2023년 이전 스키마),24,22,91.7,,,,,,,,,,,,,,
AIG20220000366708,1,4.5,setisfactionMap(2023년 이전 스키마),23,17,73.9,,,,,,,,,,,,,,
AIG20220000366720,1,3.9,setisfactionMap(2023년 이전 스키마),131,113,86.3,,,,,,,,,,,,,,
AIG20220000366720,2,4.2,setisfactionMap(2023년 이전 스키마),138,125,90.6,,,,,,,,,,,,,,
AIG20220000366720,3,3.8,setisfactionMap(2023년 이전 스키마),138,118,85.5,,,,,,,,,,,,,,
AIG20220000366720,4,4.0,setisfactionMap(2023년 이전 스키마),129,109,84.5,,,,,,,,,,,,,,
AIG20220000366720,5,4.0,setisfactionMap(2023년 이전 스키마),127,108,85,,,,,,,,,,,,,,
AIG20220000366721,1,3.6,setisfactionMap(2023년 이전 스키마),135,102,75.6,,,,,,,,,,,,,,
AIG20220000366721,2,4.1,setisfactionMap(2023년 이전 스키마),136,103,75.7,,,,,,,,,,,,,,
AIG20220000366721,3,4.1,setisfactionMap(2023년 이전 스키마),140,115,82.1,,,,,,,,,,,,,,
AIG20220000366721,4,4.3,setisfactionMap(2023년 이전 스키마),131,104,79.4,,,,,,,,,,,,,,
AIG20220000366721,5,4.0,setisfactionMap(2023년 이전 스키마),119,102,85.7,,,,,,,,,,,,,,
AIG20220000366722,1,4.6,setisfactionMap(2023년 이전 스키마),13,8,61.5,,,,,,,,,,,,,,
AIG20220000366722,2,4.6,setisfactionMap(2023년 이전 스키마),11,9,81.8,,,,,,,,,,,,,,
AIG20220000366724,1,4.8,setisfactionMap(2023년 이전 스키마),13,12,92.3,,,,,,,,,,,,,,
AIG20220000366724,2,4.5,setisfactionMap(2023년 이전 스키마),14,11,78.6,,,,,,,,,,,,,,
AIG20220000366725,1,5.0,setisfactionMap(2023년 이전 스키마),20,20,100,,,,,,,,,,,,,,
AIG20220000366725,2,4.6,setisfactionMap(2023년 이전 스키마),20,18,90,,,,,,,,,,,,,,
AIG20220000366726,1,4.4,setisfactionMap(2023년 이전 스키마),23,17,73.9,,,,,,,,,,,,,,
AIG20220000366729,1,4.4,setisfactionMap(2023년 이전 스키마),50,47,94,,,,,,,,,,,,,,
AIG20220000366729,2,4.6,setisfactionMap(2023년 이전 스키마),53,46,86.8,,,,,,,,,,,,,,
AIG20220000366729,3,4.5,setisfactionMap(2023년 이전 스키마),49,36,73.5,,,,,,,,,,,,,,
AIG20220000366729,4,4.4,setisfactionMap(2023년 이전 스키마),42,34,81,,,,,,,,,,,,,,
AIG20220000366729,5,4.4,setisfactionMap(2023년 이전 스키마),46,38,82.6,,,,,,,,,,,,,,
AIG20220000366729,6,4.5,setisfactionMap(2023년 이전 스키마),23,15,65.2,,,,,,,,,,,,,,
AIG20220000366732,1,4.9,setisfactionMap(2023년 이전 스키마),26,23,88.5,,,,,,,,,,,,,,
AIG20220000366732,2,4.3,setisfactionMap(2023년 이전 스키마),27,13,48.1,,,,,,,,,,,,,,
AIG20220000366733,1,4.8,setisfactionMap(2023년 이전 스키마),30,21,70,,,,,,,,,,,,,,
AIG20220000366733,2,4.9,setisfactionMap(2023년 이전 스키마),29,28,96.6,,,,,,,,,,,,,,
AIG20220000366733,3,5.0,setisfactionMap(2023년 이전 스키마),30,29,96.7,,,,,,,,,,,,,,
AIG20220000366736,1,3.2,setisfactionMap(2023년 이전 스키마),30,16,53.3,,,,,,,,,,,,,,
AIG20220000366736,2,4.7,setisfactionMap(2023년 이전 스키마),29,19,65.5,,,,,,,,,,,,,,
AIG20220000366736,3,4.9,setisfactionMap(2023년 이전 스키마),30,26,86.7,,,,,,,,,,,,,,
AIG20220000366736,4,4.3,setisfactionMap(2023년 이전 스키마),29,22,75.9,,,,,,,,,,,,,,
AIG20220000366739,1,4.6,setisfactionMap(2023년 이전 스키마),19,17,89.5,,,,,,,,,,,,,,
AIG20220000366739,2,3.4,setisfactionMap(2023년 이전 스키마),14,13,92.9,,,,,,,,,,,,,,
AIG20220000366743,1,4.0,setisfactionMap(2023년 이전 스키마),24,19,79.2,,,,,,,,,,,,,,
AIG20220000366743,2,4.1,setisfactionMap(2023년 이전 스키마),25,13,52,,,,,,,,,,,,,,
AIG20220000366743,3,4.1,setisfactionMap(2023년 이전 스키마),40,27,67.5,,,,,,,,,,,,,,
AIG20220000366746,1,4.3,setisfactionMap(2023년 이전 스키마),9,4,44.4,,,,,,,,,,,,,,
AIG20220000366748,1,4.7,setisfactionMap(2023년 이전 스키마),25,23,92,,,,,,,,,,,,,,
AIG20220000366748,2,3.4,setisfactionMap(2023년 이전 스키마),25,21,84,,,,,,,,,,,,,,
AIG20220000366748,3,3.9,setisfactionMap(2023년 이전 스키마),22,20,90.9,,,,,,,,,,,,,,
AIG20220000366748,4,4.5,setisfactionMap(2023년 이전 스키마),25,20,80,,,,,,,,,,,,,,
AIG20220000366748,5,2.7,setisfactionMap(2023년 이전 스키마),21,18,85.7,,,,,,,,,,,,,,
AIG20220000366754,1,5.0,setisfactionMap(2023년 이전 스키마),34,27,79.4,,,,,,,,,,,,,,
AIG20220000366761,1,3.9,setisfactionMap(2023년 이전 스키마),27,22,81.5,,,,,,,,,,,,,,
AIG20220000366767,1,3.8,setisfactionMap(2023년 이전 스키마),23,19,82.6,,,,,,,,,,,,,,
AIG20220000366767,2,3.8,setisfactionMap(2023년 이전 스키마),16,12,75,,,,,,,,,,,,,,
AIG20220000366768,1,4.2,setisfactionMap(2023년 이전 스키마),8,7,87.5,,,,,,,,,,,,,,
AIG20220000366771,1,4.5,setisfactionMap(2023년 이전 스키마),32,19,59.4,,,,,,,,,,,,,,
AIG20220000366772,1,4.5,setisfactionMap(2023년 이전 스키마),19,16,84.2,,,,,,,,,,,,,,
AIG20220000366772,2,4.5,setisfactionMap(2023년 이전 스키마),26,22,84.6,,,,,,,,,,,,,,
AIG20220000366772,3,4.9,setisfactionMap(2023년 이전 스키마),20,18,90,,,,,,,,,,,,,,
AIG20220000366774,1,5.0,setisfactionMap(2023년 이전 스키마),23,17,73.9,,,,,,,,,,,,,,
AIG20220000366777,1,5.0,setisfactionMap(2023년 이전 스키마),21,16,76.2,,,,,,,,,,,,,,
AIG20220000366784,1,5.0,setisfactionMap(2023년 이전 스키마),6,2,33.3,,,,,,,,,,,,,,
AIG20220000366785,1,4.7,setisfactionMap(2023년 이전 스키마),28,27,96.4,,,,,,,,,,,,,,
AIG20220000366785,2,4.5,setisfactionMap(2023년 이전 스키마),26,23,88.5,,,,,,,,,,,,,,
AIG20220000366785,3,4.4,setisfactionMap(2023년 이전 스키마),24,24,100,,,,,,,,,,,,,,
AIG20220000366787,1,4.6,setisfactionMap(2023년 이전 스키마),22,17,77.3,,,,,,,,,,,,,,
AIG20220000366787,2,4.7,setisfactionMap(2023년 이전 스키마),17,10,58.8,,,,,,,,,,,,,,
AIG20220000366787,3,4.8,setisfactionMap(2023년 이전 스키마),13,13,100,,,,,,,,,,,,,,
AIG20220000366789,1,4.5,setisfactionMap(2023년 이전 스키마),25,24,96,,,,,,,,,,,,,,
AIG20220000366789,2,4.8,setisfactionMap(2023년 이전 스키마),25,15,60,,,,,,,,,,,,,,
AIG20220000366789,3,4.8,setisfactionMap(2023년 이전 스키마),25,18,72,,,,,,,,,,,,,,
AIG20220000366789,4,4.6,setisfactionMap(2023년 이전 스키마),25,19,76,,,,,,,,,,,,,,
AIG20220000366789,5,4.8,setisfactionMap(2023년 이전 스키마),25,21,84,,,,,,,,,,,,,,
AIG20220000366789,6,4.9,setisfactionMap(2023년 이전 스키마),25,19,76,,,,,,,,,,,,,,
AIG20220000366789,7,4.3,setisfactionMap(2023년 이전 스키마),25,24,96,,,,,,,,,,,,,,
AIG20220000366789,8,4.4,setisfactionMap(2023년 이전 스키마),25,23,92,,,,,,,,,,,,,,
AIG20220000366789,9,4.7,setisfactionMap(2023년 이전 스키마),25,24,96,,,,,,,,,,,,,,
AIG20220000366789,10,4.8,setisfactionMap(2023년 이전 스키마),25,24,96,,,,,,,,,,,,,,
AIG20220000366789,11,4.6,setisfactionMap(2023년 이전 스키마),25,24,96,,,,,,,,,,,,,,
AIG20220000366789,12,4.8,setisfactionMap(2023년 이전 스키마),25,25,100,,,,,,,,,,,,,,
AIG20220000366793,1,3.8,setisfactionMap(2023년 이전 스키마),10,8,80,,,,,,,,,,,,,,
AIG20220000366793,2,4.9,setisfactionMap(2023년 이전 스키마),13,12,92.3,,,,,,,,,,,,,,
AIG20220000366797,1,4.6,setisfactionMap(2023년 이전 스키마),23,18,78.3,,,,,,,,,,,,,,
AIG20220000366797,2,4.0,setisfactionMap(2023년 이전 스키마),23,22,95.7,,,,,,,,,,,,,,
AIG20220000366799,1,4.4,setisfactionMap(2023년 이전 스키마),51,37,72.5,,,,,,,,,,,,,,
AIG20220000366799,2,4.2,setisfactionMap(2023년 이전 스키마),53,43,81.1,,,,,,,,,,,,,,
AIG20220000366799,3,3.9,setisfactionMap(2023년 이전 스키마),50,40,80,,,,,,,,,,,,,,
AIG20220000366801,1,3.6,setisfactionMap(2023년 이전 스키마),22,19,86.4,,,,,,,,,,,,,,
AIG20220000366801,2,4.0,setisfactionMap(2023년 이전 스키마),13,8,61.5,,,,,,,,,,,,,,
AIG20220000366803,1,4.1,setisfactionMap(2023년 이전 스키마),28,17,60.7,,,,,,,,,,,,,,
AIG20220000366804,1,5.0,setisfactionMap(2023년 이전 스키마),11,10,90.9,,,,,,,,,,,,,,
AIG20220000366804,2,3.8,setisfactionMap(2023년 이전 스키마),10,9,90,,,,,,,,,,,,,,
AIG20220000366806,1,4.1,setisfactionMap(2023년 이전 스키마),31,23,74.2,,,,,,,,,,,,,,
AIG20220000366806,2,3.2,setisfactionMap(2023년 이전 스키마),46,34,73.9,,,,,,,,,,,,,,
AIG20220000366806,3,4.5,setisfactionMap(2023년 이전 스키마),16,8,50,,,,,,,,,,,,,,
AIG20220000366806,4,4.7,setisfactionMap(2023년 이전 스키마),38,28,73.7,,,,,,,,,,,,,,
AIG20220000366809,1,4.6,setisfactionMap(2023년 이전 스키마),16,13,81.3,,,,,,,,,,,,,,
AIG20220000366816,2,4.8,setisfactionMap(2023년 이전 스키마),30,17,56.7,,,,,,,,,,,,,,
AIG20220000366817,1,5.0,setisfactionMap(2023년 이전 스키마),20,20,100,,,,,,,,,,,,,,
AIG20220000366817,2,4.8,setisfactionMap(2023년 이전 스키마),20,19,95,,,,,,,,,,,,,,
AIG20220000366817,3,4.9,setisfactionMap(2023년 이전 스키마),20,19,95,,,,,,,,,,,,,,
AIG20220000366818,1,4.1,setisfactionMap(2023년 이전 스키마),9,8,88.9,,,,,,,,,,,,,,
AIG20220000366825,1,3.7,setisfactionMap(2023년 이전 스키마),20,15,75,,,,,,,,,,,,,,
AIG20220000366826,1,3.9,setisfactionMap(2023년 이전 스키마),23,22,95.7,,,,,,,,,,,,,,
AIG20220000366826,2,4.2,setisfactionMap(2023년 이전 스키마),23,18,78.3,,,,,,,,,,,,,,
AIG20220000366827,1,4.8,setisfactionMap(2023년 이전 스키마),13,12,92.3,,,,,,,,,,,,,,
AIG20220000366827,2,4.3,setisfactionMap(2023년 이전 스키마),20,17,85,,,,,,,,,,,,,,
AIG20220000366834,1,4.3,setisfactionMap(2023년 이전 스키마),22,20,90.9,,,,,,,,,,,,,,
AIG20220000366838,1,4.4,setisfactionMap(2023년 이전 스키마),90,69,76.7,,,,,,,,,,,,,,
AIG20220000366838,2,4.4,setisfactionMap(2023년 이전 스키마),90,75,83.3,,,,,,,,,,,,,,
AIG20220000366843,1,4.5,setisfactionMap(2023년 이전 스키마),17,13,76.5,,,,,,,,,,,,,,
AIG20220000366843,2,4.6,setisfactionMap(2023년 이전 스키마),21,16,76.2,,,,,,,,,,,,,,
AIG20220000366853,1,3.2,setisfactionMap(2023년 이전 스키마),19,9,47.4,,,,,,,,,,,,,,
AIG20220000366853,2,4.5,setisfactionMap(2023년 이전 스키마),16,12,75,,,,,,,,,,,,,,
AIG20220000366854,1,4.2,setisfactionMap(2023년 이전 스키마),27,26,96.3,,,,,,,,,,,,,,
AIG20220000366854,2,3.2,setisfactionMap(2023년 이전 스키마),17,12,70.6,,,,,,,,,,,,,,
AIG20220000366854,3,3.8,setisfactionMap(2023년 이전 스키마),23,20,87,,,,,,,,,,,,,,
AIG20220000366854,4,4.5,setisfactionMap(2023년 이전 스키마),19,18,94.7,,,,,,,,,,,,,,
AIG20220000366854,5,3.8,setisfactionMap(2023년 이전 스키마),30,19,63.3,,,,,,,,,,,,,,
AIG20220000366854,6,4.3,setisfactionMap(2023년 이전 스키마),9,7,77.8,,,,,,,,,,,,,,
AIG20220000366854,7,2.4,setisfactionMap(2023년 이전 스키마),19,16,84.2,,,,,,,,,,,,,,
AIG20220000366854,8,2.7,setisfactionMap(2023년 이전 스키마),29,21,72.4,,,,,,,,,,,,,,
AIG20220000366857,1,3.4,setisfactionMap(2023년 이전 스키마),25,20,80,,,,,,,,,,,,,,
AIG20220000366858,1,4.8,setisfactionMap(2023년 이전 스키마),29,26,89.7,,,,,,,,,,,,,,
AIG20220000366858,2,4.8,setisfactionMap(2023년 이전 스키마),24,23,95.8,,,,,,,,,,,,,,
AIG20220000366862,1,4.8,setisfactionMap(2023년 이전 스키마),23,17,73.9,,,,,,,,,,,,,,
AIG20220000366862,2,4.5,setisfactionMap(2023년 이전 스키마),22,12,54.5,,,,,,,,,,,,,,
AIG20220000366871,1,4.8,setisfactionMap(2023년 이전 스키마),25,24,96,,,,,,,,,,,,,,
AIG20220000366871,2,4.8,setisfactionMap(2023년 이전 스키마),18,18,100,,,,,,,,,,,,,,
AIG20220000366873,1,4.2,setisfactionMap(2023년 이전 스키마),26,20,76.9,,,,,,,,,,,,,,
AIG20220000366873,2,4.2,setisfactionMap(2023년 이전 스키마),28,23,82.1,,,,,,,,,,,,,,
AIG20220000366877,1,4.3,setisfactionMap(2023년 이전 스키마),13,12,92.3,,,,,,,,,,,,,,
AIG20220000366880,1,4.6,setisfactionMap(2023년 이전 스키마),30,26,86.7,,,,,,,,,,,,,,
AIG20220000366880,2,4.5,setisfactionMap(2023년 이전 스키마),26,19,73.1,,,,,,,,,,,,,,
AIG20220000366892,1,4.8,setisfactionMap(2023년 이전 스키마),19,14,73.7,,,,,,,,,,,,,,
AIG20220000366893,1,2.6,setisfactionMap(2023년 이전 스키마),20,20,100,,,,,,,,,,,,,,
AIG20220000366893,2,4.8,setisfactionMap(2023년 이전 스키마),25,24,96,,,,,,,,,,,,,,
AIG20220000366893,3,4.7,setisfactionMap(2023년 이전 스키마),27,25,92.6,,,,,,,,,,,,,,
AIG20220000366893,4,4.0,setisfactionMap(2023년 이전 스키마),10,8,80,,,,,,,,,,,,,,
AIG20220000366894,1,4.6,setisfactionMap(2023년 이전 스키마),10,9,90,,,,,,,,,,,,,,
AIG20220000366896,1,4.2,setisfactionMap(2023년 이전 스키마),29,22,75.9,,,,,,,,,,,,,,
AIG20220000366896,2,4.0,setisfactionMap(2023년 이전 스키마),28,24,85.7,,,,,,,,,,,,,,
AIG20220000366896,3,3.8,setisfactionMap(2023년 이전 스키마),29,24,82.8,,,,,,,,,,,,,,
AIG20220000366896,4,4.4,setisfactionMap(2023년 이전 스키마),29,18,62.1,,,,,,,,,,,,,,
AIG20220000366896,5,4.0,setisfactionMap(2023년 이전 스키마),20,15,75,,,,,,,,,,,,,,
AIG20220000366896,6,4.9,setisfactionMap(2023년 이전 스키마),20,17,85,,,,,,,,,,,,,,
AIG20220000366896,7,4.3,setisfactionMap(2023년 이전 스키마),16,10,62.5,,,,,,,,,,,,,,
AIG20220000366909,1,4.7,setisfactionMap(2023년 이전 스키마),7,7,100,,,,,,,,,,,,,,
AIG20220000366913,1,4.9,setisfactionMap(2023년 이전 스키마),25,23,92,,,,,,,,,,,,,,
AIG20220000366913,2,4.6,setisfactionMap(2023년 이전 스키마),21,16,76.2,,,,,,,,,,,,,,
AIG20220000366913,3,4.8,setisfactionMap(2023년 이전 스키마),15,11,73.3,,,,,,,,,,,,,,
AIG20220000366913,4,4.7,setisfactionMap(2023년 이전 스키마),16,13,81.3,,,,,,,,,,,,,,
AIG20220000366914,1,4.7,setisfactionMap(2023년 이전 스키마),19,12,63.2,,,,,,,,,,,,,,
AIG20220000366914,2,4.5,setisfactionMap(2023년 이전 스키마),12,4,33.3,,,,,,,,,,,,,,
AIG20220000366915,1,2.7,setisfactionMap(2023년 이전 스키마),20,15,75,,,,,,,,,,,,,,
AIG20220000366918,1,4.0,setisfactionMap(2023년 이전 스키마),21,9,42.9,,,,,,,,,,,,,,
AIG20220000366918,2,4.1,setisfactionMap(2023년 이전 스키마),25,16,64,,,,,,,,,,,,,,
AIG20220000366918,3,4.4,setisfactionMap(2023년 이전 스키마),21,18,85.7,,,,,,,,,,,,,,
AIG20220000366918,4,4.0,setisfactionMap(2023년 이전 스키마),23,15,65.2,,,,,,,,,,,,,,
AIG20220000366925,1,4.1,setisfactionMap(2023년 이전 스키마),25,22,88,,,,,,,,,,,,,,
AIG20220000366925,2,4.4,setisfactionMap(2023년 이전 스키마),26,25,96.2,,,,,,,,,,,,,,
AIG20220000366925,3,4.2,setisfactionMap(2023년 이전 스키마),26,25,96.2,,,,,,,,,,,,,,
AIG20220000366925,4,4.4,setisfactionMap(2023년 이전 스키마),26,26,100,,,,,,,,,,,,,,
AIG20220000366987,1,4.4,setisfactionMap(2023년 이전 스키마),19,16,84.2,,,,,,,,,,,,,,
AIG20220000366987,2,4.4,setisfactionMap(2023년 이전 스키마),25,16,64,,,,,,,,,,,,,,
AIG20220000409199,1,3.3,setisfactionMap(2023년 이전 스키마),23,20,87,,,,,,,,,,,,,,
AIG20220000409202,1,4.5,setisfactionMap(2023년 이전 스키마),20,11,55,,,,,,,,,,,,,,
AIG20220000409207,1,4.3,setisfactionMap(2023년 이전 스키마),24,24,100,,,,,,,,,,,,,,
AIG20220000409213,1,4.8,setisfactionMap(2023년 이전 스키마),30,29,96.7,,,,,,,,,,,,,,
AIG20220000409213,2,4.2,setisfactionMap(2023년 이전 스키마),30,28,93.3,,,,,,,,,,,,,,
AIG20220000409215,1,5.0,setisfactionMap(2023년 이전 스키마),18,16,88.9,,,,,,,,,,,,,,
AIG20220000409222,1,4.6,setisfactionMap(2023년 이전 스키마),10,7,70,,,,,,,,,,,,,,
AIG20220000409222,2,4.8,setisfactionMap(2023년 이전 스키마),8,6,75,,,,,,,,,,,,,,
AIG20220000409223,1,3.2,setisfactionMap(2023년 이전 스키마),21,17,81,,,,,,,,,,,,,,
AIG20220000409224,1,3.4,setisfactionMap(2023년 이전 스키마),8,6,75,,,,,,,,,,,,,,
AIG20220000409238,1,4.9,setisfactionMap(2023년 이전 스키마),18,16,88.9,,,,,,,,,,,,,,
AIG20220000409240,1,4.7,setisfactionMap(2023년 이전 스키마),20,16,80,,,,,,,,,,,,,,
AIG20220000409240,2,4.8,setisfactionMap(2023년 이전 스키마),20,18,90,,,,,,,,,,,,,,
AIG20220000409247,1,4.7,setisfactionMap(2023년 이전 스키마),22,19,86.4,,,,,,,,,,,,,,
AIG20220000409247,2,4.4,setisfactionMap(2023년 이전 스키마),22,18,81.8,,,,,,,,,,,,,,
AIG20220000409247,3,4.8,setisfactionMap(2023년 이전 스키마),22,21,95.5,,,,,,,,,,,,,,
AIG20220000409252,1,3.7,setisfactionMap(2023년 이전 스키마),16,11,68.8,,,,,,,,,,,,,,
AIG20220000409253,1,3.8,setisfactionMap(2023년 이전 스키마),21,12,57.1,,,,,,,,,,,,,,
AIG20220000409253,2,4.0,setisfactionMap(2023년 이전 스키마),14,6,42.9,,,,,,,,,,,,,,
AIG20220000409255,1,4.8,setisfactionMap(2023년 이전 스키마),23,18,78.3,,,,,,,,,,,,,,
AIG20220000409255,2,4.5,setisfactionMap(2023년 이전 스키마),16,13,81.3,,,,,,,,,,,,,,
AIG20220000409265,1,5.0,setisfactionMap(2023년 이전 스키마),30,22,73.3,,,,,,,,,,,,,,
AIG20220000409270,1,3.9,setisfactionMap(2023년 이전 스키마),19,14,73.7,,,,,,,,,,,,,,
AIG20220000409270,2,3.9,setisfactionMap(2023년 이전 스키마),23,17,73.9,,,,,,,,,,,,,,
AIG20220000409270,3,3.5,setisfactionMap(2023년 이전 스키마),22,16,72.7,,,,,,,,,,,,,,
AIG20220000409277,1,4.4,setisfactionMap(2023년 이전 스키마),28,27,96.4,,,,,,,,,,,,,,
AIG20220000409278,1,4.6,setisfactionMap(2023년 이전 스키마),28,26,92.9,,,,,,,,,,,,,,
AIG20220000409278,2,4.8,setisfactionMap(2023년 이전 스키마),30,27,90,,,,,,,,,,,,,,
AIG20220000409279,1,4.7,setisfactionMap(2023년 이전 스키마),25,23,92,,,,,,,,,,,,,,
AIG20220000409279,2,4.8,setisfactionMap(2023년 이전 스키마),13,11,84.6,,,,,,,,,,,,,,
AIG20220000409283,1,4.5,setisfactionMap(2023년 이전 스키마),19,18,94.7,,,,,,,,,,,,,,
AIG20220000409284,1,4.3,setisfactionMap(2023년 이전 스키마),48,39,81.3,,,,,,,,,,,,,,
AIG20220000409285,1,4.4,setisfactionMap(2023년 이전 스키마),20,13,65,,,,,,,,,,,,,,
AIG20220000409285,2,4.4,setisfactionMap(2023년 이전 스키마),25,19,76,,,,,,,,,,,,,,
AIG20220000409291,1,4.8,setisfactionMap(2023년 이전 스키마),17,10,58.8,,,,,,,,,,,,,,
AIG20220000409295,1,4.8,setisfactionMap(2023년 이전 스키마),12,11,91.7,,,,,,,,,,,,,,
AIG20220000409297,1,4.0,setisfactionMap(2023년 이전 스키마),5,4,80,,,,,,,,,,,,,,
AIG20220000409298,1,4.5,setisfactionMap(2023년 이전 스키마),12,7,58.3,,,,,,,,,,,,,,
AIG20220000409299,1,4.2,setisfactionMap(2023년 이전 스키마),11,10,90.9,,,,,,,,,,,,,,
AIG20220000409304,1,4.3,setisfactionMap(2023년 이전 스키마),19,15,78.9,,,,,,,,,,,,,,
AIG20220000409305,1,4.1,setisfactionMap(2023년 이전 스키마),11,9,81.8,,,,,,,,,,,,,,
AIG20220000409312,1,4.7,setisfactionMap(2023년 이전 스키마),5,3,60,,,,,,,,,,,,,,
AIG20220000409326,1,4.9,setisfactionMap(2023년 이전 스키마),36,31,86.1,,,,,,,,,,,,,,
AIG20220000409326,2,4.6,setisfactionMap(2023년 이전 스키마),35,31,88.6,,,,,,,,,,,,,,
AIG20220000409326,3,4.7,setisfactionMap(2023년 이전 스키마),34,28,82.4,,,,,,,,,,,,,,
AIG20220000409326,4,4.1,setisfactionMap(2023년 이전 스키마),55,48,87.3,,,,,,,,,,,,,,
AIG20220000409326,5,4.2,setisfactionMap(2023년 이전 스키마),48,37,77.1,,,,,,,,,,,,,,
AIG20220000409326,6,4.6,setisfactionMap(2023년 이전 스키마),41,36,87.8,,,,,,,,,,,,,,
AIG20220000409328,1,4.2,setisfactionMap(2023년 이전 스키마),29,29,100,,,,,,,,,,,,,,
AIG20220000409333,1,5.0,setisfactionMap(2023년 이전 스키마),15,12,80,,,,,,,,,,,,,,
AIG20220000409335,1,4.7,setisfactionMap(2023년 이전 스키마),12,10,83.3,,,,,,,,,,,,,,
AIG20220000409335,2,4.4,setisfactionMap(2023년 이전 스키마),24,17,70.8,,,,,,,,,,,,,,
AIG20220000409339,1,4.7,setisfactionMap(2023년 이전 스키마),19,15,78.9,,,,,,,,,,,,,,
AIG20220000409343,1,4.6,setisfactionMap(2023년 이전 스키마),90,84,93.3,,,,,,,,,,,,,,
AIG20220000409345,1,4.3,setisfactionMap(2023년 이전 스키마),70,59,84.3,,,,,,,,,,,,,,
AIG20220000409349,1,4.6,setisfactionMap(2023년 이전 스키마),14,9,64.3,,,,,,,,,,,,,,
AIG20220000409350,1,3.8,setisfactionMap(2023년 이전 스키마),21,14,66.7,,,,,,,,,,,,,,
AIG20220000409355,1,4.4,setisfactionMap(2023년 이전 스키마),24,16,66.7,,,,,,,,,,,,,,
AIG20220000409355,2,4.6,setisfactionMap(2023년 이전 스키마),26,22,84.6,,,,,,,,,,,,,,
AIG20220000409355,3,4.7,setisfactionMap(2023년 이전 스키마),30,21,70,,,,,,,,,,,,,,
AIG20220000409356,1,4.6,setisfactionMap(2023년 이전 스키마),17,15,88.2,,,,,,,,,,,,,,
AIG20220000409356,2,4.1,setisfactionMap(2023년 이전 스키마),25,16,64,,,,,,,,,,,,,,
AIG20220000409357,1,4.8,setisfactionMap(2023년 이전 스키마),30,22,73.3,,,,,,,,,,,,,,
AIG20220000409357,2,4.0,setisfactionMap(2023년 이전 스키마),29,25,86.2,,,,,,,,,,,,,,
AIG20220000409357,3,4.7,setisfactionMap(2023년 이전 스키마),30,23,76.7,,,,,,,,,,,,,,
AIG20220000409369,1,4.8,setisfactionMap(2023년 이전 스키마),12,9,75,,,,,,,,,,,,,,
AIG20220000409369,2,4.9,setisfactionMap(2023년 이전 스키마),13,9,69.2,,,,,,,,,,,,,,
AIG20220000409373,1,3.6,setisfactionMap(2023년 이전 스키마),19,19,100,,,,,,,,,,,,,,
AIG20220000409373,2,4.0,setisfactionMap(2023년 이전 스키마),12,11,91.7,,,,,,,,,,,,,,
AIG20220000409382,1,3.3,setisfactionMap(2023년 이전 스키마),12,10,83.3,,,,,,,,,,,,,,
AIG20220000409385,1,4.9,setisfactionMap(2023년 이전 스키마),26,22,84.6,,,,,,,,,,,,,,
AIG20220000409390,1,4.3,setisfactionMap(2023년 이전 스키마),17,17,100,,,,,,,,,,,,,,
AIG20220000409391,1,4.6,setisfactionMap(2023년 이전 스키마),36,25,69.4,,,,,,,,,,,,,,
AIG20220000409392,1,4.3,setisfactionMap(2023년 이전 스키마),30,25,83.3,,,,,,,,,,,,,,
AIG20220000409398,1,2.4,setisfactionMap(2023년 이전 스키마),29,25,86.2,,,,,,,,,,,,,,
AIG20220000409402,1,4.0,setisfactionMap(2023년 이전 스키마),25,20,80,,,,,,,,,,,,,,
AIG20220000409408,1,4.7,setisfactionMap(2023년 이전 스키마),12,11,91.7,,,,,,,,,,,,,,
AIG20220000409409,2,4.0,setisfactionMap(2023년 이전 스키마),7,5,71.4,,,,,,,,,,,,,,
AIG20220000409413,1,3.6,setisfactionMap(2023년 이전 스키마),16,12,75,,,,,,,,,,,,,,
AIG20220000409415,1,3.4,setisfactionMap(2023년 이전 스키마),100,87,87,,,,,,,,,,,,,,
AIG20220000409416,1,3.8,setisfactionMap(2023년 이전 스키마),100,84,84,,,,,,,,,,,,,,
AIG20220000409417,1,4.0,setisfactionMap(2023년 이전 스키마),100,87,87,,,,,,,,,,,,,,
AIG20220000409418,1,4.2,setisfactionMap(2023년 이전 스키마),25,6,24,,,,,,,,,,,,,,
AIG20220000409418,2,4.0,setisfactionMap(2023년 이전 스키마),34,23,67.6,,,,,,,,,,,,,,
AIG20220000409420,1,4.1,setisfactionMap(2023년 이전 스키마),21,17,81,,,,,,,,,,,,,,
AIG20220000409421,1,3.9,setisfactionMap(2023년 이전 스키마),24,24,100,,,,,,,,,,,,,,
AIG20220000409421,2,4.2,setisfactionMap(2023년 이전 스키마),27,27,100,,,,,,,,,,,,,,
AIG20220000409421,3,4.4,setisfactionMap(2023년 이전 스키마),23,21,91.3,,,,,,,,,,,,,,
AIG20220000409421,4,4.0,setisfactionMap(2023년 이전 스키마),24,23,95.8,,,,,,,,,,,,,,
AIG20220000409426,1,4.6,setisfactionMap(2023년 이전 스키마),17,11,64.7,,,,,,,,,,,,,,
AIG20220000409430,1,4.6,setisfactionMap(2023년 이전 스키마),25,21,84,,,,,,,,,,,,,,
AIG20220000409436,1,4.0,setisfactionMap(2023년 이전 스키마),30,26,86.7,,,,,,,,,,,,,,
AIG20220000409437,1,4.1,setisfactionMap(2023년 이전 스키마),29,23,79.3,,,,,,,,,,,,,,
AIG20220000409437,2,4.8,setisfactionMap(2023년 이전 스키마),28,21,75,,,,,,,,,,,,,,
AIG20220000409437,3,3.9,setisfactionMap(2023년 이전 스키마),29,23,79.3,,,,,,,,,,,,,,
AIG20220000409445,1,4.8,setisfactionMap(2023년 이전 스키마),7,5,71.4,,,,,,,,,,,,,,
AIG20220000409445,2,4.3,setisfactionMap(2023년 이전 스키마),15,12,80,,,,,,,,,,,,,,
AIG20220000409455,1,4.8,setisfactionMap(2023년 이전 스키마),23,22,95.7,,,,,,,,,,,,,,
AIG20220000409455,2,4.8,setisfactionMap(2023년 이전 스키마),25,23,92,,,,,,,,,,,,,,
AIG20220000409455,3,4.5,setisfactionMap(2023년 이전 스키마),25,25,100,,,,,,,,,,,,,,
AIG20220000409455,4,4.7,setisfactionMap(2023년 이전 스키마),25,24,96,,,,,,,,,,,,,,
AIG20220000409455,5,4.5,setisfactionMap(2023년 이전 스키마),25,21,84,,,,,,,,,,,,,,
AIG20220000409455,6,4.9,setisfactionMap(2023년 이전 스키마),25,22,88,,,,,,,,,,,,,,
AIG20220000412286,1,4.7,setisfactionMap(2023년 이전 스키마),22,17,77.3,,,,,,,,,,,,,,
AIG20220000412363,1,3.1,전반적 만족도,28,23,82.1,13,23,3.1,3.4,3.0,3.4,3.8,3.2,3.5,3.6,3.4,3.1,,
AIG20220000412363,2,3.0,전반적 만족도,27,23,85.2,9,23,3.0,2.9,2.9,3.6,3.2,3.0,3.0,2.7,2.87,2.9,3.9,
AIG20220000412363,3,4.5,전반적 만족도,20,17,85,16,17,4.5,4.2,4.3,4.8,4.6,4.4,4.6,4.6,4.3,4.6,4.3,
AIG20220000412363,4,3.4,전반적 만족도,22,18,81.8,12,18,3.4,3.3,3.4,4.0,3.7,3.5,3.6,3.8,3.6,3.5,,
AIG20220000412363,5,4.2,전반적 만족도,14,12,85.7,10,12,4.2,4.3,4.4,4.4,4.5,4.3,4.2,4.4,3.97,4.3,,
AIG20220000412364,1,4.8,전반적 만족도,18,17,94.4,17,17,4.8,4.6,4.3,4.5,4.5,4.6,4.5,4.5,4.6,4.9,5.0,
AIG20220000412364,2,4.5,전반적 만족도,23,20,87,17,20,4.5,4.2,4.3,4.4,4.5,4.4,4.3,4.6,4.47,4.4,,
AIG20220000412364,3,4.3,전반적 만족도,20,20,100,19,20,4.3,4.3,3.9,3.9,4.2,4.0,4.0,4.2,4.17,4.5,,
AIG20220000412364,4,4.6,전반적 만족도,38,34,89.5,33,34,4.6,4.5,4.5,4.5,4.6,4.5,4.4,4.3,4.53,4.4,5.0,
AIG20220000412364,5,4.6,전반적 만족도,33,29,87.9,25,29,4.6,4.6,4.5,4.6,4.6,4.4,4.2,4.5,4.53,4.5,5.0,
AIG20220000412364,6,4.6,전반적 만족도,29,28,96.6,28,28,4.6,4.2,4.4,4.4,4.6,4.4,4.3,4.4,4.47,4.5,,
AIG20220000412364,7,4.7,전반적 만족도,20,19,95,18,19,4.7,4.6,4.6,4.6,4.7,4.6,4.7,4.5,4.63,4.7,,
AIG20220000412364,8,4.8,전반적 만족도,32,27,84.4,27,27,4.8,4.7,4.8,4.7,4.8,4.7,4.6,4.6,4.67,4.8,5.0,
AIG20220000412364,10,3.7,전반적 만족도,30,29,96.7,21,29,3.7,3.6,3.7,3.6,3.9,3.7,4.0,3.6,3.87,3.5,4.0,
AIG20220000412366,1,4.5,전반적 만족도,28,16,57.1,15,16,4.5,4.4,4.5,4.6,4.7,4.5,4.6,4.8,4.4,4.6,,
AIG20220000412366,2,3.8,전반적 만족도,26,19,73.1,11,19,3.8,3.6,3.5,4.3,3.9,3.8,3.8,4.2,3.87,3.7,,
AIG20220000412366,3,4.4,전반적 만족도,28,23,82.1,23,23,4.4,4.5,4.3,4.7,4.5,4.4,4.6,4.5,4.3,4.4,4.3,
AIG20220000412366,4,4.6,전반적 만족도,28,27,96.4,24,27,4.6,4.3,4.5,4.8,4.6,4.5,4.6,4.4,4.43,4.6,3.8,
AIG20220000412366,5,4.7,전반적 만족도,28,21,75,21,21,4.7,4.5,4.7,4.7,4.7,4.7,4.6,4.6,4.7,4.7,4.8,
AIG20220000412366,6,4.8,전반적 만족도,28,27,96.4,27,27,4.8,4.6,4.8,4.7,4.8,4.7,4.7,4.7,4.77,4.8,4.6,
AIG20220000412366,7,4.7,전반적 만족도,27,20,74.1,20,20,4.7,4.6,4.6,4.7,4.7,4.7,4.6,4.7,4.5,4.5,5.0,
AIG20220000412366,8,4.3,전반적 만족도,26,19,73.1,18,19,4.3,3.9,4.2,4.5,4.4,4.2,4.3,4.5,4.07,4.1,0.7,
AIG20220000412368,1,4.7,setisfactionMap(2023년 이전 스키마),11,7,63.6,,,,,,,,,,,,,,
AIG20220000412368,2,3.6,전반적 만족도,23,17,73.9,15,17,3.6,3.7,3.9,4.0,4.0,3.6,3.9,3.2,3.83,4.0,4.3,
AIG20220000412368,3,4.1,전반적 만족도,20,19,95,16,19,4.1,4.1,4.0,4.0,4.1,4.0,4.2,4.2,4.13,4.1,3.6,
AIG20220000412368,4,3.9,전반적 만족도,22,12,54.5,9,12,3.9,4.0,4.1,3.9,4.0,4.0,4.0,4.1,4.0,3.8,3.6,
AIG20220000412368,5,1.9,전반적 만족도,18,14,77.8,8,14,1.9,2.2,2.4,3.0,3.1,2.4,3.0,2.2,2.5,2.4,4.3,
AIG20220000412368,6,3.6,전반적 만족도,15,15,100,14,15,3.6,3.2,3.7,3.7,3.8,3.4,4.1,3.7,3.7,3.8,3.2,
AIG20220000412369,1,4.0,전반적 만족도,30,22,73.3,18,22,4.0,3.9,3.9,4.1,4.1,3.8,3.9,4.2,3.87,3.8,3.1,
AIG20220000412369,2,4.7,전반적 만족도,30,26,86.7,26,26,4.7,4.5,4.6,4.7,4.7,4.6,4.6,4.6,4.57,4.6,4.4,
AIG20220000412369,3,4.3,전반적 만족도,26,21,80.8,21,21,4.3,4.3,4.6,4.7,4.6,4.4,4.6,4.7,4.5,4.4,,
AIG20220000412369,4,4.4,전반적 만족도,29,22,75.9,21,22,4.4,4.5,4.4,4.6,4.5,4.3,4.6,4.5,4.5,4.5,,
AIG20220000412369,5,4.3,전반적 만족도,29,22,75.9,20,22,4.3,4.0,4.2,4.3,4.3,4.3,4.1,4.6,4.23,4.2,4.3,
AIG20220000412370,1,4.9,setisfactionMap(2023년 이전 스키마),25,23,92,,,,,,,,,,,,,,
AIG20220000412370,2,4.9,setisfactionMap(2023년 이전 스키마),24,21,87.5,,,,,,,,,,,,,,
AIG20220000412370,3,4.8,전반적 만족도,25,21,84,21,21,4.8,4.7,4.8,4.8,4.7,4.8,4.9,4.9,4.8,4.8,,
AIG20220000412370,4,3.8,전반적 만족도,25,20,80,17,20,3.8,3.9,3.9,3.7,3.7,3.8,4.0,3.4,3.87,3.9,3.2,
AIG20220000412370,5,4.6,전반적 만족도,25,16,64,14,16,4.6,4.3,4.5,4.6,4.6,4.4,4.5,4.6,4.47,4.4,,
AIG20220000412370,6,3.8,전반적 만족도,21,18,85.7,16,18,3.8,3.9,3.9,3.9,4.1,4.0,4.0,4.1,4.13,3.9,,
AIG20220000412370,7,3.0,전반적 만족도,30,24,80,14,24,3.0,2.6,3.2,3.1,3.2,3.2,3.4,3.2,3.07,3.0,2.1,
AIG20220000412370,8,4.5,전반적 만족도,25,18,72,17,18,4.5,4.2,4.6,4.7,4.5,4.4,4.5,4.5,4.43,4.4,,
AIG20220000412370,9,4.0,전반적 만족도,25,14,56,9,14,4.0,3.9,4.0,4.0,4.0,3.9,4.0,3.9,4.03,3.9,,
AIG20220000412370,10,4.3,전반적 만족도,27,16,59.3,16,16,4.3,4.5,4.3,4.4,4.4,4.3,4.2,4.5,4.37,4.4,,
AIG20220000412370,11,3.7,전반적 만족도,19,15,78.9,14,15,3.7,3.0,4.0,4.2,4.2,3.9,4.2,3.8,3.77,3.9,,
AIG20220000412370,12,4.8,전반적 만족도,25,21,84,20,21,4.8,4.6,4.7,4.8,4.8,4.7,4.8,4.8,4.7,4.8,,
AIG20220000412370,13,4.9,전반적 만족도,27,21,77.8,21,21,4.9,4.7,4.8,4.9,4.9,4.9,5.0,5.0,4.87,4.8,,
AIG20220000412370,14,4.7,전반적 만족도,26,22,84.6,22,22,4.7,4.7,4.7,4.7,4.7,4.6,4.7,4.8,4.7,4.7,,
AIG20220000412370,15,5.0,전반적 만족도,21,15,71.4,15,15,5.0,4.9,4.9,4.8,4.9,4.9,5.0,4.9,4.93,5.0,,
AIG20220000412370,16,4.5,전반적 만족도,25,25,100,24,25,4.5,4.3,4.4,4.6,4.3,4.4,4.4,4.5,4.33,4.3,5.0,
AIG20220000412370,17,4.2,전반적 만족도,21,19,90.5,18,19,4.2,4.0,4.3,4.2,4.3,4.2,4.4,4.2,4.1,4.4,,
AIG20220000412370,18,4.3,전반적 만족도,19,17,89.5,14,17,4.3,4.2,4.2,4.6,4.4,4.3,4.4,4.6,3.93,4.1,,
AIG20220000412370,19,4.8,전반적 만족도,24,20,83.3,19,20,4.8,4.4,4.9,4.8,4.8,4.8,4.9,4.8,4.5,4.6,5.0,
AIG20220000412370,20,4.5,전반적 만족도,28,23,82.1,21,23,4.5,4.4,4.4,4.4,4.5,4.5,4.6,4.5,4.6,4.7,4.3,
AIG20220000412370,21,4.6,전반적 만족도,29,27,93.1,24,27,4.6,4.6,4.6,4.7,4.7,4.5,4.6,4.7,4.57,4.6,5.0,
AIG20220000412370,22,4.2,전반적 만족도,21,12,57.1,12,12,4.2,4.5,4.2,4.6,4.5,4.1,4.3,4.5,4.4,4.5,,
AIG20220000412371,1,4.5,전반적 만족도,13,7,53.8,7,7,4.5,4.7,4.6,4.7,4.7,4.8,4.6,4.6,4.7,4.8,,
AIG20220000412371,2,4.3,전반적 만족도,18,13,72.2,10,13,4.3,4.4,4.5,4.5,4.3,4.4,4.3,4.3,4.3,4.3,,
AIG20220000412371,3,4.1,전반적 만족도,24,13,54.2,10,13,4.1,4.1,4.2,4.1,4.1,4.2,4.0,3.9,3.97,3.8,3.6,
AIG20220000412371,4,3.3,전반적 만족도,12,3,25,2,3,3.3,4.0,3.6,3.5,3.1,3.4,3.6,3.1,3.27,2.9,,
AIG20220000412371,5,4.6,전반적 만족도,15,6,40,6,6,4.6,4.8,4.8,4.9,4.8,4.8,4.6,4.8,4.53,4.6,5.0,
AIG20220000412371,6,3.0,전반적 만족도,12,4,33.3,3,4,3.0,2.7,2.9,2.5,2.9,3.1,2.9,2.7,2.77,2.9,1.4,
AIG20220000412371,7,3.9,전반적 만족도,24,19,79.2,15,19,3.9,3.3,4.2,4.4,4.0,4.1,3.9,3.6,3.8,3.5,4.6,
AIG20220000412371,8,2.3,전반적 만족도,8,5,62.5,0,5,2.3,2.4,2.9,2.2,2.5,2.7,2.1,2.0,3.13,2.6,2.1,
AIG20230000412568,1,5.0,전반적 만족도,11,9,81.8,9,9,5.0,5.0,5.0,5.0,5.0,5.0,5.0,5.0,5.0,5.0,5.0,
AIG20230000412568,2,5.0,전반적 만족도,10,9,90,9,9,5.0,5.0,5.0,4.9,5.0,4.9,4.9,4.9,4.73,4.9,5.0,
AIG20230000412569,1,4.5,전반적 만족도,21,11,52.4,9,11,4.5,4.4,4.5,4.7,4.5,4.5,4.8,4.4,4.5,4.5,2.9,
AIG20230000412569,2,4.4,전반적 만족도,22,19,86.4,18,19,4.4,4.7,4.5,4.5,4.5,4.5,4.4,4.5,4.33,4.5,4.3,
AIG20230000412569,3,4.7,전반적 만족도,22,16,72.7,15,16,4.7,4.6,4.8,4.8,4.7,4.7,4.8,4.6,4.43,4.6,4.8,
AIG20230000412569,4,4.6,전반적 만족도,21,17,81,16,17,4.6,4.3,4.6,4.7,4.5,4.5,4.6,4.6,4.23,4.5,5.0,
AIG20230000412569,5,4.9,전반적 만족도,14,7,50,7,7,4.9,4.6,4.8,4.8,4.8,4.8,4.8,4.8,4.47,4.8,,
AIG20230000412571,1,4.5,전반적 만족도,12,11,91.7,10,11,4.5,4.6,4.3,4.5,4.2,4.4,4.5,4.4,4.37,4.1,4.3,
AIG20230000412571,2,4.7,전반적 만족도,14,13,92.9,13,13,4.7,4.8,4.9,4.8,4.8,4.8,4.8,4.8,4.7,4.8,,
AIG20230000412571,3,4.9,전반적 만족도,10,8,80,8,8,4.9,4.9,4.9,4.9,4.9,4.8,4.9,4.9,4.7,4.9,,
AIG20230000412571,4,4.8,전반적 만족도,17,16,94.1,16,16,4.8,4.8,4.8,4.7,4.8,4.7,4.9,4.7,4.63,4.9,,
AIG20230000412571,5,4.9,전반적 만족도,20,18,90,18,18,4.9,4.8,4.8,4.9,4.8,4.8,4.8,4.7,4.67,4.6,4.8,
AIG20230000412571,6,4.7,전반적 만족도,10,9,90,9,9,4.7,4.8,4.6,4.8,4.8,4.8,4.7,4.7,4.6,4.8,5.0,
AIG20230000412571,7,4.5,전반적 만족도,18,18,100,18,18,4.5,4.6,4.2,4.5,4.2,4.4,4.5,4.6,4.6,4.5,5.0,
AIG20230000412571,8,4.8,전반적 만족도,20,17,85,17,17,4.8,4.8,4.7,4.8,4.8,4.7,4.8,4.7,4.73,4.7,4.8,
AIG20230000412571,9,4.9,전반적 만족도,11,9,81.8,9,9,4.9,4.9,4.9,4.9,4.9,4.9,4.9,4.9,4.8,4.9,5.0,
AIG20230000412572,1,3.9,전반적 만족도,15,8,53.3,6,8,3.9,4.0,4.2,4.1,4.2,3.9,4.1,3.9,3.97,3.7,5.0,
AIG20230000412572,2,4.2,전반적 만족도,18,15,83.3,12,15,4.2,4.2,4.2,4.2,4.4,4.3,4.4,4.4,4.13,4.2,,
AIG20230000412572,3,4.9,전반적 만족도,16,12,75,12,12,4.9,4.8,4.9,4.9,4.8,4.9,4.9,4.9,4.6,4.9,4.6,
AIG20230000412572,4,4.5,전반적 만족도,13,9,69.2,8,9,4.5,4.5,4.7,4.8,4.7,4.6,4.7,4.6,4.43,4.4,3.6,
AIG20230000412573,1,4.5,전반적 만족도,11,7,63.6,7,7,4.5,4.3,4.6,4.5,4.6,4.4,4.4,4.4,4.4,4.1,4.3,
AIG20230000412578,1,3.9,전반적 만족도,8,6,75,5,6,3.9,4.0,4.0,3.7,4.0,4.0,4.2,4.3,3.73,3.7,,
AIG20230000412578,2,3.9,전반적 만족도,16,13,81.3,10,13,3.9,4.0,4.0,4.4,4.0,4.0,4.2,4.1,4.13,4.2,4.3,
AIG20230000412578,3,4.4,전반적 만족도,10,9,90,8,9,4.4,4.6,4.4,4.6,4.4,4.5,4.8,4.8,4.37,4.5,,
AIG20230000412578,4,4.6,전반적 만족도,13,12,92.3,11,12,4.6,4.3,4.6,4.9,4.8,4.6,4.6,4.4,4.37,4.5,,
AIG20230000412578,5,4.0,전반적 만족도,19,17,89.5,17,17,4.0,3.9,4.1,4.1,4.2,4.1,4.1,4.1,4.03,4.1,,
AIG20230000412578,6,2.3,전반적 만족도,16,15,93.8,12,15,2.3,2.6,3.1,2.9,3.1,2.6,2.8,3.2,2.63,2.5,3.2,
AIG20230000412578,7,3.9,전반적 만족도,10,9,90,7,9,3.9,3.5,4.2,4.4,4.3,4.1,3.8,4.0,4.17,4.0,5.0,
AIG20230000412578,8,4.9,전반적 만족도,18,12,66.7,12,12,4.9,4.9,4.9,4.9,4.9,4.8,4.7,4.9,4.57,4.9,,
AIG20230000412578,9,4.5,전반적 만족도,20,19,95,18,19,4.5,4.1,4.5,4.7,4.6,4.6,4.6,4.4,4.3,4.5,5.0,
AIG20230000412578,10,3.8,전반적 만족도,14,8,57.1,6,8,3.8,3.9,3.9,4.4,4.0,4.0,4.0,3.6,3.63,3.8,,
AIG20230000412578,11,4.3,전반적 만족도,20,15,75,14,15,4.3,4.3,4.4,4.5,4.2,4.4,4.3,4.4,4.2,4.3,,
AIG20230000412579,1,4.3,전반적 만족도,15,12,80,11,12,4.3,4.6,4.5,4.4,4.5,4.5,4.2,4.4,4.5,4.1,,
AIG20230000412579,3,3.7,전반적 만족도,24,6,25,3,6,3.7,3.6,4.2,4.5,4.5,4.3,3.8,4.2,4.13,3.5,,
AIG20230000412579,4,4.4,전반적 만족도,24,19,79.2,17,19,4.4,4.3,4.6,4.7,4.7,4.4,4.6,4.5,4.33,4.2,,
AIG20230000412579,5,4.8,전반적 만족도,17,17,100,16,17,4.8,4.6,4.8,4.9,4.8,4.7,4.9,4.6,4.8,4.8,,
AIG20230000412579,6,5.0,전반적 만족도,16,16,100,16,16,5.0,5.0,5.0,5.0,5.0,5.0,5.0,5.0,5.0,5.0,,
AIG20230000412579,7,4.4,전반적 만족도,13,8,61.5,8,8,4.4,4.6,4.5,4.6,4.5,4.5,4.5,4.5,4.3,4.1,,
AIG20230000412579,8,4.8,전반적 만족도,20,16,80,15,15,4.8,5.0,5.0,5.0,4.9,4.9,4.7,4.9,4.83,4.9,,
AIG20230000412579,9,4.7,전반적 만족도,11,10,90.9,10,10,4.7,4.6,4.7,4.9,4.8,4.7,4.9,4.4,4.5,4.8,,
AIG20230000412579,10,4.8,전반적 만족도,29,23,79.3,23,23,4.8,4.8,4.8,4.9,4.8,4.8,4.7,4.8,4.73,4.8,5.0,
AIG20230000412579,11,4.7,전반적 만족도,20,17,85,17,17,4.7,4.0,4.5,4.8,4.7,4.5,4.6,3.8,4.5,4.6,4.3,
AIG20230000412579,12,4.8,전반적 만족도,21,21,100,21,21,4.8,4.7,4.7,4.8,4.8,4.8,4.7,4.7,4.57,4.8,5.0,
AIG20230000412579,13,4.5,전반적 만족도,20,16,80,14,16,4.5,4.7,4.6,4.7,4.7,4.6,4.7,4.7,4.57,4.4,5.0,
AIG20230000412579,14,4.2,전반적 만족도,24,19,79.2,18,19,4.2,4.4,4.3,4.5,4.4,4.2,4.2,4.5,4.17,4.2,,
AIG20230000412579,15,4.7,전반적 만족도,18,15,83.3,15,15,4.7,4.7,4.7,4.9,4.7,4.6,4.7,4.5,4.47,4.6,3.6,
AIG20230000412579,16,4.7,전반적 만족도,19,14,73.7,14,14,4.7,4.8,4.9,5.0,4.9,4.9,4.9,4.9,4.9,4.9,3.9,
AIG20230000412579,17,4.7,전반적 만족도,19,5,26.3,5,5,4.7,4.9,4.9,4.8,4.8,4.8,4.8,4.8,4.87,4.6,3.6,
AIG20230000412579,18,4.2,전반적 만족도,16,11,68.8,11,11,4.2,4.0,4.1,4.1,4.0,4.1,4.1,3.9,4.1,4.0,,
AIG20230000412579,19,5.0,전반적 만족도,13,10,76.9,10,10,5.0,5.0,5.0,5.0,5.0,5.0,5.0,5.0,5.0,5.0,5.0,
AIG20230000412579,20,5.0,전반적 만족도,14,14,100,14,14,5.0,4.9,5.0,5.0,4.9,4.8,4.9,5.0,4.6,4.9,,
AIG20230000412579,21,4.7,전반적 만족도,17,15,88.2,15,15,4.7,4.8,4.8,4.9,4.8,4.7,4.7,4.8,4.73,4.8,,
AIG20230000412579,22,4.6,전반적 만족도,18,16,88.9,15,16,4.6,4.5,4.5,4.5,4.5,4.5,4.4,4.4,4.43,4.6,5.0,
AIG20230000412579,23,4.9,전반적 만족도,12,8,66.7,7,8,4.9,5.0,4.8,4.8,4.8,4.9,4.7,4.9,4.8,4.7,,
AIG20230000412580,1,2.9,전반적 만족도,29,17,58.6,10,17,2.9,3.4,3.3,2.1,3.2,2.8,2.9,3.6,3.37,2.7,,
AIG20230000412580,2,4.1,전반적 만족도,27,18,66.7,15,18,4.1,3.6,3.8,4.2,4.1,4.0,4.1,4.0,4.2,3.8,,
AIG20230000412580,3,3.8,전반적 만족도,29,16,55.2,14,16,3.8,3.9,3.8,3.5,3.8,4.0,3.9,4.0,4.1,4.1,,
AIG20230000412580,4,3.9,전반적 만족도,30,28,93.3,23,28,3.9,3.6,3.9,4.5,4.2,4.1,4.2,3.7,4.13,4.0,5.0,
AIG20230000412580,5,3.7,전반적 만족도,28,21,75,15,21,3.7,3.8,3.7,3.8,3.8,3.8,3.8,4.0,3.93,3.7,,
AIG20230000412580,6,3.8,전반적 만족도,16,14,87.5,10,14,3.8,3.8,3.8,2.7,3.7,3.7,3.7,4.1,3.67,3.3,5.0,
AIG20230000412580,7,3.9,전반적 만족도,18,16,88.9,12,16,3.9,4.0,3.8,4.3,4.3,4.3,4.2,4.3,3.97,3.7,4.6,
AIG20230000412580,8,4.2,전반적 만족도,23,23,100,18,23,4.2,4.1,4.2,4.5,4.3,4.4,4.3,4.1,4.07,3.9,5.0,
AIG20230000412581,1,4.8,전반적 만족도,20,13,65,12,13,4.8,4.2,4.5,4.9,4.5,4.8,4.8,4.8,4.57,4.7,,
AIG20230000412581,2,4.8,전반적 만족도,30,22,73.3,20,22,4.8,4.6,4.7,4.8,4.7,4.7,4.7,4.4,4.57,4.6,,
AIG20230000412581,3,4.8,전반적 만족도,22,16,72.7,15,16,4.8,4.8,4.8,4.8,4.8,4.8,5.0,4.8,4.57,4.6,4.6,
AIG20230000412581,4,4.8,전반적 만족도,17,7,41.2,7,7,4.8,4.8,4.6,4.8,4.8,4.7,4.8,4.8,4.7,4.8,,
AIG20230000412581,5,5.0,전반적 만족도,15,11,73.3,11,11,5.0,5.0,5.0,5.0,5.0,5.0,5.0,4.9,4.6,4.6,5.0,
AIG20230000412581,6,4.9,전반적 만족도,11,5,45.5,5,5,4.9,4.9,4.6,5.0,4.9,4.8,4.8,4.6,4.73,4.7,5.0,
AIG20230000412581,7,2.6,전반적 만족도,15,10,66.7,5,10,2.6,2.6,2.9,3.2,2.9,3.0,3.0,1.9,2.93,2.5,2.4,
AIG20230000412581,8,4.2,전반적 만족도,9,7,77.8,3,7,4.2,3.9,4.4,4.2,4.0,4.0,4.5,4.0,4.03,3.8,,
AIG20230000412586,1,4.6,전반적 만족도,51,45,88.2,43,45,4.6,4.3,4.5,4.5,4.7,4.6,4.7,4.6,4.5,4.2,5.0,
AIG20230000412586,2,4.6,전반적 만족도,58,51,87.9,48,51,4.6,4.6,4.4,4.6,4.6,4.6,4.7,4.7,4.47,4.4,4.6,
AIG20230000412586,3,4.8,전반적 만족도,37,33,89.2,33,33,4.8,4.6,4.7,4.8,4.7,4.8,4.8,4.8,4.77,4.7,4.8,
AIG20230000412586,4,4.4,전반적 만족도,119,95,79.8,87,95,4.4,4.2,4.3,4.3,4.4,4.4,4.5,4.5,4.37,4.1,4.0,
AIG20230000412586,5,4.4,전반적 만족도,56,42,75,41,42,4.4,4.2,4.4,4.5,4.6,4.4,4.5,4.5,4.3,4.2,3.8,
AIG20230000412586,6,4.5,전반적 만족도,81,73,90.1,70,73,4.5,4.2,4.4,4.5,4.5,4.4,4.6,4.5,4.23,4.3,4.0,
AIG20230000412586,7,4.4,전반적 만족도,37,33,89.2,30,33,4.4,4.5,4.5,4.7,4.6,4.5,4.5,4.6,4.37,4.5,5.0,
AIG20230000412586,8,4.3,전반적 만족도,37,33,89.2,27,33,4.3,4.2,4.2,4.3,4.3,4.3,4.3,4.2,4.1,4.0,3.7,
AIG20230000412586,9,4.3,전반적 만족도,20,17,85,15,17,4.3,4.3,4.4,4.6,4.5,4.4,4.6,4.4,4.43,4.2,2.1,
AIG20230000412586,10,3.9,전반적 만족도,19,16,84.2,13,16,3.9,3.9,4.1,4.3,4.2,4.1,4.1,4.2,4.0,3.8,5.0,
AIG20230000412586,11,3.9,전반적 만족도,46,40,87,31,40,3.9,3.8,3.9,4.1,4.2,4.0,4.2,4.0,3.97,3.7,3.6,
AIG20230000412586,12,3.8,전반적 만족도,46,29,63,22,29,3.8,3.8,3.8,4.1,4.1,3.8,3.9,4.0,3.97,3.7,3.9,
AIG20230000412586,13,4.4,전반적 만족도,24,22,91.7,22,22,4.4,4.5,4.4,4.7,4.7,4.5,4.4,4.6,4.3,4.4,4.3,
AIG20230000412586,14,4.1,전반적 만족도,36,35,97.2,31,35,4.1,4.0,4.2,4.2,4.3,4.2,4.3,4.3,4.2,4.1,4.0,
AIG20230000412586,15,4.3,전반적 만족도,41,32,78,31,32,4.3,4.2,4.2,4.3,4.5,4.3,4.4,4.3,4.2,4.1,4.3,
AIG20230000412586,16,3.8,전반적 만족도,43,34,79.1,24,34,3.8,3.8,3.7,4.1,4.2,3.8,3.9,3.9,3.97,3.7,4.0,
AIG20230000412586,17,4.3,전반적 만족도,28,22,78.6,19,22,4.3,4.2,4.3,4.4,4.4,4.3,4.2,4.4,4.0,3.9,5.0,
AIG20230000412586,18,4.2,전반적 만족도,28,21,75,16,21,4.2,4.0,4.2,4.5,4.4,4.3,4.5,4.0,4.23,3.9,4.1,
AIG20230000412586,19,4.1,전반적 만족도,47,34,72.3,29,34,4.1,4.2,4.3,4.2,4.3,4.1,4.1,4.2,4.1,4.0,4.3,
AIG20230000412586,20,4.0,전반적 만족도,19,15,78.9,13,15,4.0,4.0,4.2,4.4,4.3,4.1,4.3,4.1,4.13,3.8,3.8,
AIG20230000412586,21,4.1,전반적 만족도,23,19,82.6,18,19,4.1,4.2,4.2,4.3,4.4,4.2,4.1,4.3,4.13,4.0,3.9,
AIG20230000412586,22,3.9,전반적 만족도,18,16,88.9,12,16,3.9,3.9,4.2,4.2,4.3,4.0,4.2,4.0,3.87,3.6,5.0,
AIG20230000412586,23,4.4,전반적 만족도,27,24,88.9,22,24,4.4,4.4,4.4,4.7,4.6,4.4,4.6,4.4,4.1,4.1,4.3,
AIG20230000412587,1,4.6,전반적 만족도,11,10,90.9,7,10,4.6,4.6,4.6,4.6,4.6,4.6,4.4,4.6,4.47,4.2,,
AIG20230000412587,2,4.7,전반적 만족도,9,7,77.8,7,7,4.7,4.9,4.5,4.8,4.9,4.7,4.8,4.9,4.9,4.8,,
AIG20230000412591,1,3.8,전반적 만족도,33,21,63.6,17,21,3.8,3.7,3.7,3.7,3.9,3.6,3.9,3.7,3.77,3.6,,
AIG20230000412591,2,4.2,전반적 만족도,28,21,75,20,21,4.2,4.1,4.1,4.2,4.2,4.2,4.2,4.1,4.23,4.3,,
AIG20230000412591,3,4.1,전반적 만족도,29,23,79.3,20,23,4.1,3.8,3.8,4.1,4.1,4.1,4.2,3.7,3.9,3.8,,
AIG20230000412591,4,4.4,전반적 만족도,28,24,85.7,23,24,4.4,4.3,4.4,4.6,4.4,4.4,4.4,4.2,4.37,4.4,,
AIG20230000412591,5,4.6,전반적 만족도,28,22,78.6,21,22,4.6,4.3,4.7,4.8,4.8,4.7,4.8,4.4,4.47,4.6,,
AIG20230000412591,6,4.4,전반적 만족도,29,20,69,19,20,4.4,4.5,4.4,4.7,4.6,4.5,4.6,4.3,4.43,4.3,,
AIG20230000412591,7,4.0,전반적 만족도,29,25,86.2,24,25,4.0,3.8,3.7,3.8,3.9,3.9,4.0,3.9,3.93,3.6,3.2,
AIG20230000412591,8,4.0,전반적 만족도,23,21,91.3,18,21,4.0,4.0,4.0,4.3,4.3,4.2,4.2,3.9,4.27,4.0,4.3,
AIG20230000412591,9,4.2,전반적 만족도,25,23,92,22,23,4.2,3.9,4.1,4.4,4.2,4.3,4.2,3.9,3.97,4.0,3.6,
AIG20230000412595,2,5.0,전반적 만족도,10,6,60,6,6,5.0,5.0,5.0,4.9,5.0,5.0,5.0,5.0,5.0,5.0,5.0,
AIG20230000412595,4,5.0,전반적 만족도,10,8,80,8,8,5.0,5.0,5.0,4.5,5.0,5.0,5.0,5.0,4.8,5.0,5.0,
AIG20230000412600,1,4.7,전반적 만족도,22,16,72.7,16,16,4.7,4.6,4.6,4.6,4.7,4.6,4.7,4.6,4.6,4.6,,
AIG20230000412600,2,4.9,전반적 만족도,17,10,58.8,8,9,4.9,4.6,4.9,4.9,4.9,4.8,4.9,4.5,4.63,4.6,,
AIG20230000412601,1,4.6,전반적 만족도,30,21,70,21,21,4.6,4.4,4.5,4.5,4.5,4.4,4.6,4.5,4.53,4.3,4.3,
AIG20230000412601,2,5.0,전반적 만족도,11,6,54.5,6,6,5.0,4.8,4.8,5.0,4.8,4.8,4.9,4.9,4.9,4.9,,
AIG20230000412601,3,3.9,전반적 만족도,17,15,88.2,13,15,3.9,3.8,3.9,3.8,4.2,3.9,4.0,3.8,4.17,3.8,,
AIG20230000412601,4,4.6,전반적 만족도,16,13,81.3,13,13,4.6,4.6,4.5,4.7,4.7,4.5,4.6,4.4,4.7,4.7,,
AIG20230000412601,5,4.3,전반적 만족도,13,11,84.6,11,11,4.3,4.2,4.4,4.3,4.5,4.1,4.2,4.5,4.27,4.2,,
AIG20230000412601,6,5.0,전반적 만족도,10,8,80,8,8,5.0,4.7,5.0,5.0,5.0,4.9,5.0,4.7,4.8,4.8,,
AIG20230000412602,1,4.3,전반적 만족도,17,7,41.2,5,7,4.3,4.5,4.1,4.5,4.1,4.2,4.1,3.7,4.33,4.0,,
AIG20230000412602,2,4.8,전반적 만족도,11,9,81.8,9,9,4.8,4.4,4.8,5.0,4.7,4.8,4.8,4.8,4.5,4.8,,
AIG20230000412602,3,4.3,전반적 만족도,9,3,33.3,2,3,4.3,4.0,4.0,4.2,4.0,4.1,4.6,4.0,4.2,3.6,2.9,
AIG20230000412603,1,3.9,전반적 만족도,16,11,68.8,7,11,3.9,3.7,3.8,3.7,3.7,3.7,3.9,4.0,3.87,3.9,,
AIG20230000412603,2,4.6,전반적 만족도,23,20,87,17,20,4.6,4.7,4.7,4.9,4.8,4.7,4.8,4.6,4.5,4.6,,
AIG20230000412603,3,3.8,전반적 만족도,21,17,81,13,17,3.8,4.0,3.8,3.9,4.0,3.8,3.8,4.0,3.73,3.9,3.6,
AIG20230000412603,4,4.4,전반적 만족도,21,16,76.2,15,16,4.4,4.6,4.6,4.6,4.6,4.5,4.5,4.5,4.43,4.6,3.9,
AIG20230000412603,5,4.6,전반적 만족도,18,10,55.6,9,10,4.6,4.4,4.6,4.6,4.5,4.6,4.8,4.5,4.5,4.6,,
AIG20230000412603,6,4.8,전반적 만족도,21,16,76.2,16,16,4.8,4.8,4.8,5.0,4.9,4.9,4.8,4.8,4.9,4.7,3.9,
AIG20230000412603,7,4.5,전반적 만족도,17,12,70.6,11,12,4.5,4.6,4.6,4.9,4.8,4.5,4.5,4.6,4.23,4.5,5.0,
AIG20230000412603,8,3.9,전반적 만족도,14,10,71.4,9,10,3.9,3.8,3.8,4.1,4.1,3.9,3.8,4.2,3.83,4.0,,
AIG20230000412603,9,4.6,전반적 만족도,15,11,73.3,11,11,4.6,4.5,4.3,4.8,4.4,4.6,4.6,4.6,4.3,4.5,4.3,
AIG20230000412603,10,4.2,전반적 만족도,13,11,84.6,10,11,4.2,4.1,4.2,4.3,4.3,4.3,4.1,4.1,4.17,4.1,5.0,
AIG20230000412603,11,4.5,전반적 만족도,12,11,91.7,11,11,4.5,4.7,4.6,4.6,4.5,4.6,4.5,4.7,4.63,4.7,,
AIG20230000412606,1,4.6,전반적 만족도,17,15,88.2,14,15,4.6,4.5,4.5,4.5,4.5,4.7,4.6,4.5,4.43,4.5,,
AIG20230000412606,2,3.3,전반적 만족도,24,19,79.2,8,19,3.3,3.5,3.3,2.9,3.1,3.1,3.3,3.3,3.5,2.9,2.9,
AIG20230000412606,3,3.9,전반적 만족도,22,15,68.2,12,15,3.9,3.6,3.8,4.1,3.9,4.0,3.6,4.3,3.93,3.9,5.0,
AIG20230000412606,4,2.3,전반적 만족도,20,14,70,14,14,2.3,2.9,2.7,2.5,2.6,2.5,2.1,2.8,2.63,2.3,2.9,
AIG20230000412606,5,2.9,전반적 만족도,20,15,75,7,15,2.9,3.8,3.4,3.0,3.2,3.0,3.1,3.2,3.5,2.7,,
AIG20230000412606,6,4.1,전반적 만족도,15,14,93.3,11,14,4.1,4.4,4.3,4.7,4.3,4.3,4.1,3.9,4.37,4.4,5.0,
AIG20230000412606,7,4.7,전반적 만족도,18,15,83.3,14,15,4.7,4.6,4.6,4.7,4.5,4.6,4.5,4.5,4.53,4.5,5.0,
AIG20230000412606,8,5.0,전반적 만족도,23,20,87,19,20,5.0,4.9,5.0,5.0,5.0,4.9,5.0,4.9,4.97,5.0,5.0,
AIG20230000412606,9,5.0,전반적 만족도,17,13,76.5,13,13,5.0,5.0,5.0,5.0,5.0,5.0,5.0,5.0,5.0,5.0,5.0,
AIG20230000412606,10,4.7,전반적 만족도,12,9,75,8,9,4.7,4.9,4.7,4.9,5.0,4.6,4.7,4.8,4.6,4.6,,
AIG20230000412607,1,3.1,전반적 만족도,19,15,78.9,7,15,3.1,3.8,3.8,3.9,3.6,3.5,3.6,3.7,3.2,2.7,,
AIG20230000412607,2,4.4,전반적 만족도,15,9,60,8,9,4.4,4.0,4.2,4.4,4.4,4.3,4.2,4.0,4.43,4.1,,
AIG20230000412607,3,3.5,전반적 만족도,12,9,75,6,9,3.5,3.9,3.9,3.5,3.4,3.8,3.9,4.1,3.57,3.3,1.4,
AIG20230000412607,4,4.1,전반적 만족도,13,5,38.5,4,5,4.1,4.4,4.4,4.4,4.4,4.1,4.3,4.1,4.43,4.3,3.9,
AIG20230000412607,5,4.4,전반적 만족도,19,9,47.4,8,9,4.4,4.7,4.6,4.8,4.5,4.6,4.7,4.6,4.57,4.5,3.6,
AIG20230000412607,6,3.9,전반적 만족도,23,11,47.8,8,11,3.9,3.6,4.1,4.6,4.1,4.0,4.2,3.8,3.77,3.8,3.9,
AIG20230000412610,1,4.5,전반적 만족도,23,18,78.3,17,18,4.5,4.6,4.7,4.9,4.7,4.7,4.7,4.6,4.33,4.5,,
AIG20230000412610,2,3.9,전반적 만족도,19,10,52.6,8,10,3.9,3.7,3.7,4.0,3.8,3.8,4.1,4.2,3.7,3.9,3.6,
AIG20230000412610,3,3.6,전반적 만족도,18,10,55.6,9,10,3.6,3.6,3.6,4.0,3.6,3.6,3.9,3.6,3.4,3.6,3.6,
AIG20230000412610,4,4.5,전반적 만족도,10,8,80,8,8,4.5,4.3,4.4,4.8,4.6,4.5,4.5,4.3,4.1,4.3,2.9,
AIG20230000412614,1,3.8,전반적 만족도,21,7,33.3,6,7,3.8,3.5,3.8,4.1,3.8,3.9,4.0,3.5,3.57,3.5,,
AIG20230000412614,2,3.6,전반적 만족도,17,1,5.9,1,1,3.6,2.9,3.9,5.0,3.9,3.6,4.3,3.6,2.1,4.3,,
AIG20230000412615,1,5.0,전반적 만족도,12,7,58.3,7,7,5.0,5.0,5.0,5.0,5.0,5.0,5.0,5.0,5.0,5.0,,
AIG20230000412615,2,4.5,전반적 만족도,10,6,60,6,6,4.5,5.0,5.0,4.9,4.9,4.8,4.8,5.0,4.8,4.6,,
AIG20230000412616,1,3.8,전반적 만족도,24,21,87.5,14,21,3.8,3.7,3.8,3.9,3.9,3.8,3.7,4.1,3.87,3.8,,
AIG20230000412616,2,3.8,전반적 만족도,24,18,75,15,18,3.8,3.6,3.8,3.9,4.0,3.8,4.0,4.4,3.8,3.9,5.0,
AIG20230000412616,3,4.6,전반적 만족도,18,13,72.2,13,13,4.6,4.6,4.3,4.6,4.4,4.3,4.4,4.4,4.47,4.6,,
AIG20230000412616,4,4.7,전반적 만족도,12,11,91.7,11,11,4.7,4.5,4.7,4.7,4.8,4.7,4.7,4.7,4.5,4.7,4.8,
AIG20230000412622,1,3.9,전반적 만족도,12,9,75,7,9,3.9,4.4,3.9,3.7,3.9,3.9,3.9,4.2,3.8,3.9,,
AIG20230000412622,2,4.0,전반적 만족도,14,3,21.4,3,3,4.0,4.0,4.0,4.4,4.0,4.2,4.0,3.9,3.5,3.8,,
AIG20230000412641,1,3.4,전반적 만족도,30,23,76.7,14,23,3.4,3.2,3.4,3.7,4.0,3.4,3.4,3.3,3.53,2.7,3.6,
AIG20230000412641,2,4.4,전반적 만족도,30,21,70,21,21,4.4,4.3,4.4,4.5,4.5,4.4,4.4,4.2,4.23,4.3,4.3,
AIG20230000412641,3,3.8,전반적 만족도,24,19,79.2,16,19,3.8,3.7,3.7,3.9,4.1,3.8,3.9,3.9,4.17,3.5,3.6,
AIG20230000412641,4,4.5,전반적 만족도,25,19,76,18,19,4.5,4.4,4.7,4.8,4.8,4.4,4.2,4.6,4.33,4.2,5.0,
AIG20230000412641,5,3.8,전반적 만족도,27,18,66.7,13,18,3.8,3.8,3.7,3.9,4.1,3.7,3.8,3.2,3.73,3.5,3.6,
AIG20230000412641,6,4.2,전반적 만족도,36,27,75,25,27,4.2,4.1,4.1,4.2,4.3,4.0,4.0,4.3,4.03,3.8,4.5,
AIG20230000412641,7,4.6,전반적 만족도,36,30,83.3,30,30,4.6,4.3,4.5,4.8,4.7,4.5,4.5,4.6,4.4,4.5,3.2,
AIG20230000412641,8,4.5,전반적 만족도,32,29,90.6,28,29,4.5,4.4,4.7,4.9,4.6,4.6,4.6,4.7,4.57,4.5,4.3,
AIG20230000412641,9,3.8,전반적 만족도,37,30,81.1,27,30,3.8,3.4,3.7,4.3,4.2,3.8,3.9,3.3,3.73,3.9,4.0,
AIG20230000412641,10,4.7,전반적 만족도,29,27,93.1,27,27,4.7,4.3,4.7,4.9,4.8,4.7,4.7,4.3,4.2,4.4,4.4,
AIG20230000412641,11,3.3,전반적 만족도,21,18,85.7,14,18,3.3,2.9,3.4,3.5,3.6,3.3,3.4,3.3,3.57,3.2,3.6,
AIG20230000412641,12,4.2,전반적 만족도,38,36,94.7,32,36,4.2,4.2,4.3,4.4,4.4,4.3,4.3,4.4,4.2,4.3,3.7,
AIG20230000412641,13,4.3,전반적 만족도,35,31,88.6,30,31,4.3,4.0,4.1,4.2,4.3,4.2,4.2,4.1,4.03,3.9,4.3,
AIG20230000412641,14,4.7,전반적 만족도,12,11,91.7,11,11,4.7,4.5,4.7,4.8,4.8,4.5,4.5,4.7,4.63,4.8,4.3,
AIG20230000412645,1,4.8,전반적 만족도,20,17,85,17,17,4.8,4.6,4.7,4.8,4.7,4.8,4.9,4.7,4.67,4.7,3.6,
AIG20230000412645,2,4.8,전반적 만족도,18,17,94.4,17,17,4.8,4.4,4.6,4.8,4.7,4.8,4.8,4.6,4.7,4.6,2.9,
AIG20230000412645,3,4.3,전반적 만족도,21,21,100,15,21,4.3,4.1,4.3,4.4,4.3,4.2,4.3,4.3,4.1,4.0,5.0,
AIG20230000412645,4,4.7,전반적 만족도,20,17,85,16,17,4.7,4.8,4.8,4.8,4.7,4.7,4.9,4.4,4.83,4.7,4.0,
AIG20230000412645,5,5.0,전반적 만족도,18,18,100,18,18,5.0,5.0,5.0,5.0,5.0,5.0,5.0,5.0,4.97,5.0,5.0,
AIG20230000412645,6,5.0,전반적 만족도,19,18,94.7,18,18,5.0,5.0,5.0,5.0,5.0,5.0,5.0,5.0,5.0,5.0,5.0,
AIG20230000412645,7,5.0,전반적 만족도,30,29,96.7,29,29,5.0,5.0,5.0,5.0,5.0,5.0,5.0,5.0,4.97,5.0,5.0,
AIG20230000412645,8,5.0,전반적 만족도,19,15,78.9,15,15,5.0,5.0,5.0,5.0,5.0,4.9,5.0,5.0,5.0,5.0,5.0,
AIG20230000412645,9,5.0,전반적 만족도,20,20,100,20,20,5.0,5.0,5.0,4.9,4.9,4.9,5.0,5.0,5.0,4.9,5.0,
AIG20230000412645,10,4.9,전반적 만족도,22,20,90.9,20,20,4.9,4.8,4.9,4.9,4.8,4.8,4.9,4.8,4.9,4.9,5.0,
AIG20230000412645,11,5.0,전반적 만족도,21,21,100,21,21,5.0,5.0,5.0,5.0,4.9,5.0,5.0,5.0,5.0,5.0,4.8,
AIG20230000412645,12,5.0,전반적 만족도,15,11,73.3,11,11,5.0,4.8,4.9,5.0,4.9,5.0,4.9,4.9,4.8,4.9,,
AIG20230000412645,13,5.0,전반적 만족도,23,22,95.7,21,22,5.0,4.9,4.9,5.0,4.9,4.9,5.0,4.9,4.93,5.0,5.0,
AIG20230000412645,14,5.0,전반적 만족도,14,13,92.9,13,13,5.0,5.0,5.0,5.0,5.0,5.0,5.0,5.0,4.97,5.0,5.0,
AIG20230000412645,16,5.0,전반적 만족도,14,12,85.7,11,12,5.0,5.0,5.0,4.9,4.9,4.9,5.0,5.0,4.77,4.6,5.0,
AIG20230000412652,1,5.0,전반적 만족도,8,6,75,5,6,5.0,5.0,5.0,5.0,5.0,5.0,5.0,5.0,5.0,5.0,,
AIG20230000412652,2,5.0,전반적 만족도,10,9,90,9,9,5.0,5.0,5.0,5.0,5.0,5.0,5.0,5.0,5.0,5.0,,
AIG20230000412654,1,4.5,전반적 만족도,20,14,70,13,14,4.5,4.1,4.5,4.5,4.3,4.3,3.9,4.1,4.13,4.5,,
AIG20230000412654,2,3.1,전반적 만족도,21,12,57.1,10,12,3.1,3.4,3.2,3.2,3.1,3.0,3.1,2.9,3.33,2.7,2.9,
AIG20230000412654,3,2.9,전반적 만족도,17,12,70.6,6,12,2.9,3.1,3.3,3.1,3.0,3.2,3.2,2.3,2.93,2.8,3.6,
AIG20230000412656,1,4.0,전반적 만족도,40,31,77.5,26,31,4.0,4.1,3.8,4.3,4.3,4.0,4.1,4.1,3.97,3.7,3.6,
AIG20230000412656,2,4.4,전반적 만족도,41,32,78,27,32,4.4,4.1,4.4,4.5,4.5,4.4,4.5,4.5,4.27,4.0,3.6,
AIG20230000412656,3,4.5,전반적 만족도,44,30,68.2,28,30,4.5,4.2,4.3,4.5,4.5,4.3,4.4,4.2,4.07,3.9,3.9,
AIG20230000412656,4,4.4,전반적 만족도,43,32,74.4,30,32,4.4,4.5,4.4,4.6,4.6,4.4,4.6,4.3,4.23,3.9,4.1,
AIG20230000412656,5,4.5,전반적 만족도,42,37,88.1,37,37,4.5,4.4,4.5,4.5,4.6,4.5,4.5,4.6,4.2,4.2,4.3,
AIG20230000412656,6,4.4,전반적 만족도,49,35,71.4,34,35,4.4,4.5,4.5,4.7,4.8,4.5,4.5,4.5,4.27,4.4,4.5,
AIG20230000412656,7,4.6,전반적 만족도,30,16,53.3,16,16,4.6,4.5,4.7,4.8,4.8,4.5,4.6,4.5,4.53,4.6,4.6,
AIG20230000412656,8,4.1,전반적 만족도,32,23,71.9,21,23,4.1,4.3,4.2,4.4,4.4,4.2,4.2,4.2,3.87,4.0,4.7,
AIG20230000412656,9,4.0,전반적 만족도,47,41,87.2,31,41,4.0,4.0,3.9,4.3,4.3,4.1,4.1,4.1,3.77,3.7,3.9,
AIG20230000412656,10,4.4,전반적 만족도,51,39,76.5,38,39,4.4,4.3,4.3,4.5,4.5,4.4,4.5,4.3,4.0,4.3,4.1,
AIG20230000412656,11,4.0,전반적 만족도,56,37,66.1,33,37,4.0,4.1,4.1,4.4,4.4,4.1,4.1,4.1,3.83,3.8,4.4,
AIG20230000412656,12,3.5,전반적 만족도,40,28,70,26,28,3.5,3.8,3.9,3.9,4.0,3.8,3.9,3.9,3.6,3.5,3.6,
AIG20230000412656,13,3.9,전반적 만족도,41,20,48.8,19,20,3.9,3.9,3.9,4.1,4.1,3.9,3.7,3.8,3.63,3.7,4.6,
AIG20230000412656,14,3.8,전반적 만족도,48,24,50,20,24,3.8,3.7,3.8,4.3,4.1,3.9,3.9,3.8,3.53,3.6,3.9,
AIG20230000412656,15,3.8,전반적 만족도,35,28,80,25,28,3.8,4.0,4.0,4.2,4.1,3.9,3.9,4.0,3.77,3.7,,
AIG20230000412656,16,4.2,전반적 만족도,21,9,42.9,8,9,4.2,4.2,4.3,4.4,4.4,4.3,4.6,4.0,4.27,3.9,3.6,
AIG20230000412656,17,4.1,전반적 만족도,47,35,74.5,32,35,4.1,4.1,4.1,4.3,4.2,4.0,4.2,4.0,3.8,4.1,4.0,
AIG20230000412656,18,4.1,전반적 만족도,46,37,80.4,31,37,4.1,4.3,4.3,4.3,4.4,4.1,4.1,4.2,4.07,3.9,4.8,
AIG20230000412662,1,4.3,전반적 만족도,66,57,86.4,49,57,4.3,4.1,4.2,4.5,4.4,4.2,4.3,4.2,4.0,4.3,4.6,
AIG20230000412662,2,4.5,전반적 만족도,77,68,88.3,62,68,4.5,4.3,4.4,4.6,4.5,4.5,4.5,4.4,4.17,4.2,4.3,
AIG20230000412662,3,4.5,전반적 만족도,42,36,85.7,34,36,4.5,4.6,4.6,4.8,4.7,4.6,4.7,4.5,4.23,4.1,5.0,
AIG20230000412662,4,3.7,전반적 만족도,71,52,73.2,32,52,3.7,3.7,3.8,4.0,3.9,3.7,3.8,3.8,3.6,3.3,4.1,
AIG20230000412662,5,3.8,전반적 만족도,63,44,69.8,37,44,3.8,4.0,4.0,4.3,4.3,3.9,4.1,4.1,3.77,3.8,4.0,
AIG20230000412662,6,4.2,전반적 만족도,40,27,67.5,25,27,4.2,4.2,4.3,4.6,4.5,4.2,4.3,4.3,4.03,4.2,3.6,
AIG20230000412662,7,3.9,전반적 만족도,15,8,53.3,6,8,3.9,3.5,4.2,4.7,4.5,4.3,4.3,4.1,3.97,3.8,4.3,
AIG20230000412662,8,4.2,전반적 만족도,10,8,80,6,8,4.2,4.5,4.6,4.5,4.6,4.3,4.6,4.6,4.5,4.0,3.2,
AIG20230000412662,10,4.2,전반적 만족도,24,18,75,17,18,4.2,4.4,4.5,4.5,4.6,4.3,4.4,4.4,4.17,4.2,,
AIG20230000412662,11,4.0,전반적 만족도,25,17,68,14,17,4.0,4.0,4.2,4.2,4.2,4.1,4.0,4.1,4.1,4.1,2.9,
AIG20230000412662,12,4.3,전반적 만족도,21,16,76.2,14,16,4.3,4.0,4.3,4.4,4.4,4.3,4.4,4.4,4.07,4.1,,
AIG20230000412662,13,4.1,전반적 만족도,12,10,83.3,7,10,4.1,4.0,4.1,4.2,4.3,4.1,4.2,4.3,3.87,4.0,,
AIG20230000412662,14,3.9,전반적 만족도,11,10,90.9,10,10,3.9,3.7,4.0,4.1,3.9,3.8,3.8,4.0,3.7,3.9,,
AIG20230000412663,1,3.6,전반적 만족도,7,3,42.9,2,3,3.6,4.3,3.5,2.9,3.3,4.1,4.0,4.0,4.3,4.0,,
AIG20230000412664,1,4.9,전반적 만족도,18,13,72.2,13,13,4.9,4.9,4.9,4.7,4.9,4.9,4.9,4.7,4.8,4.9,,
AIG20230000412664,2,4.0,전반적 만족도,25,18,72,13,18,4.0,4.0,4.3,4.4,4.1,4.1,4.1,3.5,4.03,4.0,3.6,
AIG20230000412664,3,4.5,전반적 만족도,18,13,72.2,12,13,4.5,4.2,4.2,4.4,4.4,4.4,4.7,4.0,4.4,4.5,,
AIG20230000412664,4,3.2,전반적 만족도,21,19,90.5,11,19,3.2,3.8,3.2,3.1,3.4,3.2,3.5,3.7,3.27,3.0,2.1,
AIG20230000412664,5,4.5,전반적 만족도,14,9,64.3,8,9,4.5,4.5,4.7,4.6,4.5,4.4,4.5,4.2,4.67,4.8,,
AIG20230000412664,6,4.4,전반적 만족도,22,16,72.7,14,16,4.4,4.4,4.4,4.4,4.4,4.4,4.6,4.3,4.4,4.4,3.9,
AIG20230000412667,1,1.8,전반적 만족도,17,9,52.9,1,9,1.8,2.3,1.8,2.3,2.0,1.9,1.9,2.3,2.07,1.4,2.9,
AIG20230000412667,2,4.0,전반적 만족도,26,11,42.3,7,11,4.0,4.0,4.4,4.2,4.1,3.8,3.8,3.5,3.7,3.5,,
AIG20230000412667,3,3.6,전반적 만족도,24,18,75,18,18,3.6,3.5,3.5,3.0,3.1,3.4,3.3,3.8,3.4,3.6,,
AIG20230000412667,4,4.7,전반적 만족도,25,19,76,19,19,4.7,4.6,4.6,4.8,4.7,4.7,4.8,4.7,4.57,4.6,,
AIG20230000412667,5,4.5,전반적 만족도,14,6,42.9,6,6,4.5,4.6,4.6,4.6,4.6,4.5,4.5,4.2,4.57,4.6,,
AIG20230000412667,6,4.6,전반적 만족도,13,10,76.9,10,10,4.6,4.6,4.8,4.7,4.6,4.6,4.6,4.6,4.5,4.4,,
AIG20230000412667,7,4.7,전반적 만족도,23,11,47.8,11,11,4.7,4.5,4.4,4.5,4.5,4.4,4.4,4.4,4.43,4.4,,
AIG20230000412667,8,3.8,전반적 만족도,21,16,76.2,14,16,3.8,3.4,3.7,4.1,3.8,3.7,3.8,3.5,3.8,3.8,2.9,
AIG20230000412667,9,3.7,전반적 만족도,19,13,68.4,12,13,3.7,3.6,3.7,3.8,3.7,3.7,3.7,3.5,3.67,3.6,,
AIG20230000412667,10,3.4,전반적 만족도,18,9,50,7,9,3.4,2.9,3.7,3.5,3.6,3.8,3.9,3.2,3.37,3.3,,
AIG20230000412667,11,4.3,전반적 만족도,14,9,64.3,6,9,4.3,4.4,4.4,4.4,4.3,4.3,4.4,4.3,3.97,4.0,,
AIG20230000412667,12,4.4,전반적 만족도,18,10,55.6,9,10,4.4,4.1,4.5,4.8,4.5,4.4,4.4,3.9,3.97,4.4,,
AIG20230000412670,1,4.1,전반적 만족도,29,25,86.2,20,25,4.1,4.3,4.3,4.5,4.5,4.3,4.6,4.3,4.23,4.0,3.9,
AIG20230000412670,2,3.6,전반적 만족도,45,35,77.8,27,35,3.6,3.9,3.8,3.8,4.2,3.9,4.0,3.9,3.6,3.4,,
AIG20230000412670,3,3.7,전반적 만족도,32,23,71.9,15,23,3.7,4.0,3.7,3.9,4.1,3.8,3.8,4.1,3.8,3.3,3.6,
AIG20230000412670,4,4.2,전반적 만족도,16,15,93.8,12,15,4.2,4.1,4.2,4.5,4.4,4.2,4.3,4.3,4.13,3.8,4.3,
AIG20230000412670,5,4.0,전반적 만족도,15,12,80,11,12,4.0,4.0,4.1,4.4,4.3,4.1,4.1,4.3,4.03,3.6,,
AIG20230000412670,6,4.5,전반적 만족도,15,11,73.3,10,11,4.5,4.7,4.4,4.5,4.6,4.6,4.7,4.6,4.43,4.0,5.0,
AIG20230000412670,7,4.5,전반적 만족도,21,18,85.7,17,18,4.5,4.4,4.5,4.7,4.7,4.5,4.5,4.4,4.37,4.2,,
AIG20230000412670,8,3.7,전반적 만족도,20,18,90,13,18,3.7,3.8,3.7,3.6,4.1,3.9,4.1,4.0,3.87,3.7,3.8,
AIG20230000412672,1,5.0,전반적 만족도,14,13,92.9,13,13,5.0,4.9,5.0,5.0,5.0,5.0,5.0,4.9,4.93,4.9,5.0,
AIG20230000412674,1,4.5,전반적 만족도,24,21,87.5,20,21,4.5,4.4,4.5,4.7,4.4,4.4,4.4,4.2,4.27,4.4,,
AIG20230000412674,2,3.8,전반적 만족도,24,20,83.3,19,20,3.8,3.3,3.6,4.3,3.6,3.8,3.7,2.5,3.67,3.9,5.0,
AIG20230000412674,3,2.9,전반적 만족도,14,11,78.6,7,11,2.9,3.4,3.1,3.0,2.8,3.2,3.2,2.6,3.43,3.2,3.6,
AIG20230000412674,4,4.6,전반적 만족도,15,11,73.3,11,11,4.6,4.3,4.6,4.8,4.6,4.8,4.8,3.3,4.13,4.5,5.0,
AIG20230000412678,1,4.8,전반적 만족도,12,7,58.3,6,7,4.8,4.6,4.7,4.8,4.8,4.7,4.6,4.4,4.63,4.6,,
AIG20230000412678,2,3.8,전반적 만족도,14,7,50,5,7,3.8,4.5,3.9,4.3,4.2,3.9,3.2,4.1,3.53,3.9,5.0,
AIG20230000412678,3,3.9,전반적 만족도,23,13,56.5,11,13,3.9,3.9,4.3,4.4,4.3,4.0,3.9,3.6,3.67,3.9,5.0,
AIG20230000412678,4,3.8,전반적 만족도,14,9,64.3,7,9,3.8,4.4,4.2,3.9,3.8,4.0,4.4,4.5,4.07,3.8,,
AIG20230000412678,5,4.4,전반적 만족도,20,9,45,7,9,4.4,4.4,4.4,4.5,4.4,4.3,4.2,4.6,4.37,4.0,,
AIG20230000412679,1,3.8,전반적 만족도,21,13,61.9,8,13,3.8,4.0,3.7,4.1,4.1,3.9,4.0,3.9,3.67,3.5,2.9,
AIG20230000412679,2,3.1,전반적 만족도,17,17,100,11,17,3.1,3.6,3.2,3.2,3.0,3.0,3.2,3.8,2.93,2.9,,
AIG20230000412679,3,4.9,전반적 만족도,11,8,72.7,8,8,4.9,4.5,5.0,5.0,4.9,4.9,4.8,4.4,4.63,4.6,,
AIG20230000412679,4,4.7,전반적 만족도,15,10,66.7,10,10,4.7,4.9,4.9,5.0,4.9,4.9,4.7,4.9,4.87,4.9,5.0,
AIG20230000412679,5,4.1,전반적 만족도,15,12,80,9,12,4.1,3.9,4.3,4.5,4.5,4.2,4.4,4.5,4.37,4.0,4.3,
AIG20230000412682,1,2.3,전반적 만족도,22,15,68.2,4,15,2.3,2.3,2.8,2.7,3.0,2.6,3.2,2.8,3.03,2.3,2.1,
AIG20230000412682,2,4.3,전반적 만족도,18,13,72.2,12,13,4.3,4.3,4.0,4.2,4.2,4.1,4.2,4.3,4.27,4.2,5.0,
AIG20230000412682,3,4.4,전반적 만족도,20,13,65,11,12,4.4,4.2,4.1,4.3,4.5,4.3,4.5,3.6,4.27,4.2,5.0,
AIG20230000412682,4,4.8,전반적 만족도,16,14,87.5,14,14,4.8,4.7,4.7,4.9,4.9,4.9,4.9,4.7,4.57,4.8,3.6,
AIG20230000412682,5,4.7,전반적 만족도,18,17,94.4,17,17,4.7,4.7,4.8,4.9,4.9,4.7,4.8,4.7,4.67,4.8,4.6,
AIG20230000412684,1,4.9,전반적 만족도,14,11,78.6,11,11,4.9,4.8,4.8,5.0,4.9,4.9,4.9,4.5,4.77,4.9,,
AIG20230000412684,2,5.0,전반적 만족도,11,8,72.7,8,8,5.0,5.0,5.0,5.0,5.0,5.0,5.0,5.0,5.0,5.0,,
AIG20230000412685,1,4.0,전반적 만족도,17,15,88.2,12,15,4.0,4.4,4.0,4.1,4.2,3.7,4.0,4.5,3.9,4.0,4.3,
AIG20230000412685,2,4.8,전반적 만족도,20,15,75,15,15,4.8,4.7,4.8,4.8,4.8,4.7,4.8,4.8,4.7,5.0,5.0,
AIG20230000412687,1,3.7,전반적 만족도,18,11,61.1,6,11,3.7,3.6,3.7,3.8,3.7,3.8,3.7,3.6,3.5,3.4,4.1,
AIG20230000412687,2,2.8,전반적 만족도,13,8,61.5,3,8,2.8,2.5,3.3,3.3,3.2,2.9,3.9,2.5,3.03,2.7,1.7,
AIG20230000412687,3,3.8,전반적 만족도,24,20,83.3,17,20,3.8,3.7,3.8,4.0,3.8,3.9,3.9,3.6,3.83,4.0,,
AIG20230000412687,4,4.7,전반적 만족도,17,11,64.7,11,11,4.7,4.6,4.8,4.9,4.9,4.8,4.9,4.6,4.53,4.7,5.0,
AIG20230000412687,5,2.4,전반적 만족도,11,10,90.9,5,10,2.4,2.9,2.6,1.9,2.4,2.6,2.6,2.7,3.13,2.8,2.1,
AIG20230000412688,1,4.5,전반적 만족도,10,8,80,8,8,4.5,4.6,4.6,4.6,4.4,4.6,4.5,4.2,4.43,4.0,,
AIG20230000412688,2,4.3,전반적 만족도,20,17,85,16,17,4.3,4.4,4.4,4.4,4.2,4.4,4.4,4.6,4.13,4.4,,
AIG20230000412688,3,4.1,전반적 만족도,24,16,66.7,16,16,4.1,3.6,3.9,4.2,3.9,4.1,4.3,4.2,4.03,4.2,4.6,
AIG20230000412688,4,4.5,전반적 만족도,23,18,78.3,16,18,4.5,4.1,4.4,4.5,4.3,4.6,4.7,4.4,4.23,4.6,5.0,
AIG20230000412688,5,4.3,전반적 만족도,19,14,73.7,12,14,4.3,4.4,4.5,4.3,4.4,4.4,4.3,4.3,4.1,4.2,,
AIG20230000412688,6,3.7,전반적 만족도,11,9,81.8,5,9,3.7,3.9,4.0,4.0,3.8,3.7,3.8,3.6,3.73,3.6,,
AIG20230000412688,7,4.0,전반적 만족도,9,5,55.6,4,5,4.0,4.3,3.9,4.1,4.0,3.9,3.6,3.7,3.43,3.9,,
AIG20230000412688,8,3.8,전반적 만족도,10,3,30,2,3,3.8,4.3,4.2,4.3,4.3,4.0,3.9,4.2,3.5,3.3,5.0,
AIG20230000412688,9,4.9,전반적 만족도,9,5,55.6,5,5,4.9,5.0,4.9,5.0,4.9,4.7,4.8,5.0,4.63,4.9,4.6,
AIG20230000412692,1,4.6,전반적 만족도,19,8,42.1,8,8,4.6,4.6,4.6,4.4,4.4,4.4,4.6,4.8,4.0,4.6,,
AIG20230000412692,2,4.5,전반적 만족도,24,13,54.2,12,13,4.5,4.0,4.5,4.6,4.4,4.4,4.5,4.3,4.07,4.2,,
AIG20230000412692,3,4.5,전반적 만족도,17,11,64.7,11,11,4.5,4.5,4.7,4.6,4.7,4.6,4.6,4.6,4.4,4.7,,
AIG20230000412692,4,4.6,전반적 만족도,10,4,40,3,4,4.6,4.6,4.6,4.6,4.6,4.2,4.5,4.6,4.5,4.5,,
AIG20230000412692,5,4.0,전반적 만족도,11,6,54.5,5,6,4.0,4.2,4.4,4.3,4.4,4.1,4.5,4.1,4.03,4.0,,
AIG20230000412694,1,4.6,전반적 만족도,38,34,89.5,32,34,4.6,4.4,4.6,4.7,4.6,4.5,4.6,4.5,4.43,4.4,,
AIG20230000412694,2,4.1,전반적 만족도,41,33,80.5,30,33,4.1,3.9,4.2,4.3,4.2,4.2,4.3,4.2,4.2,3.9,2.1,
AIG20230000412694,3,4.4,전반적 만족도,25,22,88,21,22,4.4,4.1,4.4,4.4,4.4,4.4,4.4,4.6,4.27,4.2,4.3,
AIG20230000412694,4,4.2,전반적 만족도,23,17,73.9,16,17,4.2,4.0,4.4,4.4,4.4,4.2,4.3,4.3,4.0,3.9,3.8,
AIG20230000412694,5,4.5,전반적 만족도,24,13,54.2,12,13,4.5,4.2,4.6,4.6,4.6,4.4,4.3,4.2,4.2,4.3,4.3,
AIG20230000412694,6,4.6,전반적 만족도,17,12,70.6,11,12,4.6,4.7,4.7,4.8,4.8,4.7,4.7,4.4,4.6,4.5,4.6,
AIG20230000412697,1,4.5,전반적 만족도,30,18,60,18,18,4.5,4.3,4.5,4.6,4.6,4.3,4.5,4.3,4.37,4.3,5.0,
AIG20230000412697,2,4.3,전반적 만족도,44,36,81.8,33,36,4.3,4.4,4.4,4.6,4.5,4.4,4.3,4.4,4.3,4.1,5.0,
AIG20230000412697,3,3.7,전반적 만족도,19,13,68.4,9,13,3.7,3.5,3.7,3.9,3.4,3.7,3.5,3.7,3.83,3.6,3.9,
AIG20230000412697,4,4.8,전반적 만족도,15,8,53.3,8,8,4.8,4.6,4.7,4.7,4.6,4.7,4.9,4.7,4.33,4.6,5.0,
AIG20230000412697,5,4.7,전반적 만족도,12,10,83.3,8,10,4.7,4.9,4.8,4.9,4.8,4.8,4.7,4.8,4.87,4.6,,
AIG20230000412697,6,4.9,전반적 만족도,24,11,45.8,11,11,4.9,4.6,4.7,4.8,4.7,4.6,4.8,4.4,4.53,4.7,5.0,
AIG20230000412697,7,4.2,전반적 만족도,18,14,77.8,12,14,4.2,4.1,4.2,4.5,4.2,4.3,4.4,4.2,4.3,4.2,4.0,
AIG20230000412697,8,4.0,전반적 만족도,22,15,68.2,12,15,4.0,3.7,4.1,3.9,3.9,3.9,4.3,4.0,3.57,3.5,5.0,
AIG20230000412697,9,4.1,전반적 만족도,29,16,55.2,11,16,4.1,4.0,3.9,4.1,4.2,4.1,4.2,4.0,3.87,3.3,3.8,
AIG20230000412698,1,5.0,전반적 만족도,11,4,36.4,4,4,5.0,5.0,4.9,5.0,4.9,4.9,4.8,5.0,4.87,4.8,,
AIG20230000412698,2,4.4,전반적 만족도,7,7,100,7,7,4.4,4.0,4.6,4.8,4.5,4.3,4.0,4.2,4.0,4.2,5.0,
AIG20230000412698,3,4.5,전반적 만족도,12,11,91.7,9,11,4.5,4.6,4.8,4.8,4.7,4.8,4.9,4.9,4.83,4.4,5.0,
AIG20230000412698,5,5.0,전반적 만족도,8,6,75,6,6,5.0,5.0,5.0,5.0,4.9,5.0,4.8,4.8,5.0,5.0,,
AIG20230000412699,1,4.4,전반적 만족도,58,52,89.7,51,52,4.4,4.2,4.3,4.6,4.5,4.3,4.5,4.3,4.17,4.1,4.6,
AIG20230000412699,2,4.3,전반적 만족도,59,55,93.2,50,55,4.3,3.9,4.1,4.4,4.4,4.2,4.4,3.7,4.07,3.7,4.2,
AIG20230000412699,3,4.0,전반적 만족도,60,50,83.3,45,50,4.0,4.0,4.1,4.5,4.5,4.1,4.2,4.0,3.97,3.9,4.8,
AIG20230000412699,4,4.1,전반적 만족도,82,61,74.4,53,61,4.1,4.2,4.2,4.3,4.4,4.2,4.4,4.2,4.03,4.0,4.1,
AIG20230000412699,5,4.1,전반적 만족도,101,86,85.1,78,86,4.1,3.9,4.2,4.4,4.4,4.0,4.1,4.0,4.0,4.0,4.1,
AIG20230000412699,6,4.3,전반적 만족도,63,46,73,44,46,4.3,4.3,4.4,4.5,4.5,4.3,4.3,4.2,4.3,4.4,4.4,
AIG20230000412699,7,4.4,전반적 만족도,26,19,73.1,18,19,4.4,4.4,4.2,4.4,4.4,4.2,4.4,4.4,4.3,4.4,4.3,
AIG20230000412699,8,4.2,전반적 만족도,30,27,90,25,27,4.2,4.2,4.4,4.4,4.4,4.4,4.4,4.4,4.03,4.2,4.0,
AIG20230000412705,1,5.0,전반적 만족도,12,7,58.3,7,7,5.0,4.9,5.0,5.0,5.0,4.9,5.0,5.0,4.93,5.0,5.0,
AIG20230000412705,2,4.9,전반적 만족도,12,11,91.7,11,11,4.9,5.0,5.0,5.0,5.0,5.0,4.9,5.0,5.0,4.9,5.0,
AIG20230000412705,3,4.6,전반적 만족도,21,14,66.7,14,14,4.6,4.6,4.8,4.8,4.8,4.7,4.7,4.3,4.57,4.7,5.0,
AIG20230000412705,4,5.0,전반적 만족도,11,8,72.7,8,8,5.0,5.0,5.0,5.0,5.0,5.0,5.0,5.0,5.0,5.0,5.0,
AIG20230000412705,5,4.7,전반적 만족도,22,19,86.4,19,19,4.7,4.7,4.7,4.8,4.8,4.8,4.7,4.7,4.7,4.7,5.0,
AIG20230000412705,6,5.0,전반적 만족도,11,8,72.7,8,8,5.0,5.0,5.0,5.0,5.0,5.0,5.0,5.0,4.97,5.0,5.0,
AIG20230000412705,7,4.9,전반적 만족도,9,5,55.6,5,5,4.9,5.0,5.0,5.0,4.9,4.9,4.9,4.9,4.83,4.9,,
AIG20230000412705,8,4.7,전반적 만족도,16,13,81.3,13,13,4.7,4.7,4.9,4.9,4.9,4.9,4.7,4.8,4.37,4.7,4.8,
AIG20230000412705,9,4.6,전반적 만족도,9,6,66.7,6,6,4.6,4.8,4.9,4.8,4.8,4.7,4.9,4.8,4.63,4.9,5.0,
AIG20230000412712,1,3.7,전반적 만족도,23,17,73.9,10,17,3.7,3.1,3.6,3.8,3.9,3.8,3.7,3.6,3.73,3.1,1.4,
AIG20230000412712,2,3.8,전반적 만족도,21,18,85.7,13,18,3.8,4.0,3.9,4.0,4.2,4.1,4.1,3.7,4.03,3.7,,
AIG20230000412712,3,4.8,전반적 만족도,14,10,71.4,10,10,4.8,4.8,4.9,4.9,4.8,4.7,4.9,4.8,4.77,4.9,,
AIG20230000412712,4,4.1,전반적 만족도,19,17,89.5,13,17,4.1,4.2,4.1,4.0,4.1,4.1,4.2,4.2,3.77,3.5,4.8,
AIG20230000412712,5,4.7,전반적 만족도,18,14,77.8,14,14,4.7,4.6,4.7,4.8,4.8,4.7,4.6,4.6,4.5,4.6,,
AIG20230000412712,6,4.8,전반적 만족도,15,8,53.3,8,8,4.8,4.9,4.7,4.9,4.6,4.6,4.6,4.8,4.27,4.6,,
AIG20230000412712,7,4.4,전반적 만족도,22,18,81.8,16,18,4.4,4.6,4.7,4.8,4.6,4.7,4.4,4.6,4.37,4.2,5.0,
AIG20230000412712,8,4.7,전반적 만족도,10,9,90,9,9,4.7,4.7,4.7,4.8,4.8,4.6,4.4,4.6,4.67,4.5,,
AIG20230000412712,10,4.6,전반적 만족도,14,10,71.4,9,10,4.6,4.8,4.6,4.7,4.8,4.5,4.7,4.8,4.43,4.5,4.3,
AIG20230000412712,12,4.8,전반적 만족도,20,18,90,18,18,4.8,4.7,4.8,4.8,4.7,4.7,4.7,4.6,4.4,4.8,5.0,
AIG20230000412713,1,4.4,전반적 만족도,24,22,91.7,20,22,4.4,4.1,4.3,4.4,4.6,4.4,4.3,4.8,4.1,4.4,5.0,
AIG20230000412713,2,4.1,전반적 만족도,37,35,94.6,29,35,4.1,3.7,4.0,3.8,4.1,3.9,4.1,4.3,4.07,4.1,4.0,
AIG20230000412713,3,4.1,전반적 만족도,28,26,92.9,23,26,4.1,4.2,4.2,4.4,4.3,4.0,4.1,4.5,3.87,4.1,4.3,
AIG20230000412713,4,4.3,전반적 만족도,37,26,70.3,23,26,4.3,4.3,4.3,4.4,4.3,4.3,4.4,4.7,4.1,4.2,3.8,
AIG20230000412713,5,4.4,전반적 만족도,25,23,92,22,23,4.4,4.5,4.3,4.5,4.5,4.4,4.2,4.7,4.23,4.3,4.3,
AIG20230000412718,1,4.3,전반적 만족도,34,26,76.5,22,26,4.3,4.3,4.3,4.4,4.4,4.3,4.4,4.4,4.1,4.0,4.3,
AIG20230000412718,2,4.5,전반적 만족도,57,31,54.4,29,31,4.5,4.6,4.7,4.7,4.7,4.6,4.8,4.5,4.5,4.3,4.5,
AIG20230000412718,3,4.1,전반적 만족도,40,30,75,25,30,4.1,4.0,4.0,4.2,4.2,4.1,4.1,4.1,3.9,3.6,4.1,
AIG20230000412718,4,4.4,전반적 만족도,63,39,61.9,36,39,4.4,4.3,4.5,4.5,4.5,4.3,4.5,4.4,4.1,4.3,4.6,
AIG20230000412718,5,4.1,전반적 만족도,37,23,62.2,21,23,4.1,4.0,4.1,4.2,4.4,4.1,4.4,4.0,3.83,3.9,4.3,
AIG20230000412718,6,4.2,전반적 만족도,26,19,73.1,18,19,4.2,4.1,4.3,4.3,4.4,4.1,4.0,4.2,4.0,4.1,4.6,
AIG20230000412718,7,4.0,전반적 만족도,29,21,72.4,17,21,4.0,4.0,4.1,4.2,4.4,4.0,4.0,4.2,3.83,3.9,4.8,
AIG20230000412718,8,4.0,전반적 만족도,57,31,54.4,27,31,4.0,3.8,4.0,4.2,4.3,4.0,4.3,4.2,3.6,3.8,4.4,
AIG20230000412718,9,3.4,전반적 만족도,32,26,81.3,19,26,3.4,3.7,3.8,3.7,4.1,3.6,3.8,3.7,3.37,3.3,4.8,
AIG20230000412718,10,3.2,전반적 만족도,45,24,53.3,12,24,3.2,3.3,3.4,3.6,3.5,3.3,3.4,3.3,3.4,3.0,3.1,
AIG20230000412718,11,3.1,전반적 만족도,35,22,62.9,11,22,3.1,3.2,3.5,3.7,3.8,3.2,3.0,3.5,2.93,2.6,3.6,
AIG20230000412718,12,4.1,전반적 만족도,25,10,40,6,10,4.1,4.3,4.2,4.2,4.3,4.1,3.9,4.3,4.07,4.1,4.4,
AIG20230000412718,13,3.4,전반적 만족도,33,17,51.5,12,17,3.4,3.7,3.9,3.9,3.9,3.6,3.3,3.6,3.57,3.4,4.5,
AIG20230000412718,14,3.1,전반적 만족도,25,16,64,11,16,3.1,3.2,3.6,3.7,3.7,3.5,3.8,3.5,3.27,3.2,3.0,
AIG20230000412718,15,3.6,전반적 만족도,22,14,63.6,10,14,3.6,3.7,3.8,3.8,3.9,3.7,4.0,3.9,3.67,3.7,3.6,
AIG20230000412718,16,2.3,전반적 만족도,17,8,47.1,1,8,2.3,2.5,2.9,3.8,3.7,2.4,2.3,2.9,2.57,1.9,2.1,
AIG20230000412718,17,3.9,전반적 만족도,18,11,61.1,9,11,3.9,3.9,4.3,4.3,4.3,3.9,4.5,4.0,3.63,3.6,3.9,
AIG20230000412718,18,2.9,전반적 만족도,19,9,47.4,3,9,2.9,2.8,3.1,2.9,3.2,2.8,3.0,3.2,3.17,2.5,2.7,
AIG20230000412718,19,3.6,전반적 만족도,27,20,74.1,14,20,3.6,3.4,3.9,4.0,4.0,3.5,3.8,3.6,3.67,3.5,3.9,
AIG20230000412718,20,3.6,전반적 만족도,28,15,53.6,12,15,3.6,3.6,3.9,3.8,3.8,3.6,3.4,3.9,3.47,3.2,3.9,
AIG20230000412718,21,3.3,전반적 만족도,31,17,54.8,12,17,3.3,3.3,3.6,3.6,3.6,3.5,3.7,3.4,3.03,3.2,3.3,
AIG20230000412720,1,4.2,전반적 만족도,65,50,76.9,43,50,4.2,4.2,4.2,4.1,4.4,4.2,4.3,4.3,4.23,3.8,4.4,
AIG20230000412720,2,4.5,전반적 만족도,20,10,50,10,10,4.5,4.5,4.5,4.6,4.6,4.5,4.6,4.4,4.13,4.2,3.6,
AIG20230000412720,3,3.9,전반적 만족도,26,18,69.2,16,18,3.9,3.8,3.9,4.3,3.9,3.8,3.7,3.8,3.57,3.7,5.0,
AIG20230000412720,4,4.1,전반적 만족도,35,24,68.6,21,24,4.1,3.9,4.0,4.3,4.3,4.1,4.3,3.9,4.13,4.0,4.0,
AIG20230000412720,5,4.3,전반적 만족도,18,13,72.2,12,13,4.3,4.2,4.4,4.5,4.5,4.4,4.8,4.4,4.43,4.3,3.6,
AIG20230000412720,6,3.8,전반적 만족도,17,11,64.7,9,11,3.8,4.0,3.9,4.0,3.9,3.7,4.0,3.9,3.87,3.8,,
AIG20230000412730,1,3.5,전반적 만족도,24,22,91.7,17,22,3.5,3.8,3.6,3.6,3.5,3.4,3.5,3.7,3.37,3.2,2.9,
AIG20230000412730,2,3.8,전반적 만족도,17,14,82.4,11,14,3.8,4.1,4.2,4.0,4.1,4.0,4.0,4.2,4.13,4.1,4.0,
AIG20230000412730,3,3.4,전반적 만족도,22,17,77.3,12,17,3.4,3.4,3.4,3.6,3.5,3.5,3.4,3.5,3.3,3.4,2.1,
AIG20230000412730,4,3.0,전반적 만족도,28,21,75,11,21,3.0,3.3,3.1,2.7,3.1,3.0,3.0,3.4,3.0,2.7,,
AIG20230000412730,5,5.0,전반적 만족도,20,15,75,15,15,5.0,4.9,5.0,5.0,4.9,4.9,5.0,4.9,4.87,4.9,5.0,
AIG20230000412730,6,4.9,전반적 만족도,11,8,72.7,8,8,4.9,4.9,4.9,4.9,4.9,4.9,4.9,4.9,4.9,4.9,5.0,
AIG20230000412730,7,2.2,전반적 만족도,15,13,86.7,3,13,2.2,3.1,2.8,2.4,2.7,2.4,2.6,3.2,2.47,2.4,2.6,
AIG20230000412730,8,4.7,전반적 만족도,15,14,93.3,13,14,4.7,4.7,4.7,4.8,4.7,4.8,5.0,4.6,4.73,4.7,2.9,
AIG20230000412731,1,2.3,전반적 만족도,15,10,66.7,4,10,2.3,2.2,2.3,2.6,2.3,2.3,2.7,3.0,2.3,1.8,,
AIG20230000412731,2,4.2,전반적 만족도,10,6,60,6,6,4.2,4.2,4.2,4.3,4.2,4.2,4.2,4.4,4.17,4.2,,
AIG20230000412733,1,4.0,전반적 만족도,22,17,77.3,12,17,4.0,3.7,3.8,4.0,3.7,3.9,4.0,3.6,3.9,3.7,3.2,
AIG20230000412733,2,4.3,전반적 만족도,17,14,82.4,13,14,4.3,4.1,4.5,4.7,4.5,4.5,4.4,3.9,4.17,4.4,4.6,
AIG20230000412733,3,3.7,전반적 만족도,20,14,70,13,14,3.7,4.0,3.9,3.8,3.8,3.5,3.8,3.6,3.87,3.6,,
AIG20230000412735,1,4.3,전반적 만족도,23,21,91.3,18,21,4.3,3.3,4.3,4.4,4.4,4.2,4.3,4.4,3.97,3.7,3.9,
AIG20230000412735,2,3.4,전반적 만족도,28,26,92.9,20,26,3.4,2.9,3.6,3.5,3.8,3.5,3.7,3.5,3.73,3.4,3.3,
AIG20230000412735,3,4.5,전반적 만족도,25,21,84,19,21,4.5,4.5,4.5,4.7,4.7,4.6,4.6,4.8,4.67,4.7,4.5,
AIG20230000412735,4,4.0,전반적 만족도,18,15,83.3,11,15,4.0,3.2,4.3,4.7,4.4,4.0,4.1,3.7,4.03,3.6,,
AIG20230000412735,5,4.6,전반적 만족도,18,15,83.3,15,15,4.6,4.3,4.4,4.5,4.3,4.4,4.6,4.5,4.53,4.6,4.3,
AIG20230000412735,6,4.0,전반적 만족도,16,10,62.5,8,10,4.0,3.8,4.1,4.2,4.0,3.8,4.3,4.4,3.7,3.9,,
AIG20230000412735,7,4.4,전반적 만족도,16,11,68.8,10,11,4.4,4.1,4.4,4.7,4.5,4.3,4.5,4.4,4.33,4.3,2.9,
AIG20230000412735,8,3.7,전반적 만족도,23,17,73.9,14,17,3.7,3.7,3.9,4.3,4.1,3.9,4.2,3.9,3.7,3.8,2.5,
AIG20230000412735,9,4.4,전반적 만족도,20,20,100,18,20,4.4,4.3,4.5,4.7,4.6,4.5,4.4,4.5,4.4,4.5,5.0,
AIG20230000412735,10,2.2,전반적 만족도,17,11,64.7,4,11,2.2,2.5,2.5,2.9,3.4,2.5,2.6,3.1,2.37,2.5,0.7,
AIG20230000412736,1,4.8,전반적 만족도,21,10,47.6,10,10,4.8,4.9,4.9,4.9,5.0,4.9,4.9,4.9,4.53,4.9,,
AIG20230000412736,2,5.0,전반적 만족도,16,15,93.8,15,15,5.0,5.0,5.0,5.0,5.0,5.0,5.0,5.0,4.97,5.0,,
AIG20230000412736,3,4.2,전반적 만족도,22,17,77.3,13,17,4.2,4.6,4.4,4.3,4.5,4.5,4.3,4.6,4.4,4.3,,
AIG20230000412736,4,5.0,전반적 만족도,13,11,84.6,11,11,5.0,5.0,5.0,5.0,5.0,5.0,5.0,5.0,5.0,5.0,,
AIG20230000412736,5,4.8,전반적 만족도,12,9,75,9,9,4.8,4.7,4.8,4.9,4.8,4.8,4.8,4.8,4.7,4.8,5.0,
AIG20230000412736,6,5.0,전반적 만족도,17,17,100,17,17,5.0,5.0,4.9,5.0,4.9,5.0,5.0,5.0,5.0,5.0,4.3,
AIG20230000412736,7,5.0,전반적 만족도,19,14,73.7,14,14,5.0,5.0,5.0,5.0,5.0,5.0,5.0,5.0,5.0,5.0,5.0,
AIG20230000412740,2,4.4,전반적 만족도,14,8,57.1,5,8,4.4,4.3,4.3,4.0,4.3,4.1,4.6,4.6,4.5,4.0,2.9,
AIG20230000412740,3,4.3,전반적 만족도,13,3,23.1,2,3,4.3,4.3,4.3,4.3,4.3,4.3,5.0,4.3,4.53,3.6,2.9,
AIG20230000412740,4,3.3,전반적 만족도,9,5,55.6,2,5,3.3,3.4,3.5,2.4,3.4,3.3,3.6,3.9,3.77,3.6,,
AIG20230000412740,5,4.6,전반적 만족도,20,14,70,14,14,4.6,4.3,4.5,4.8,4.6,4.6,4.6,4.0,4.3,4.6,4.6,
AIG20230000412740,6,1.9,전반적 만족도,10,3,30,1,3,1.9,2.9,2.3,3.1,2.3,2.6,2.1,2.4,2.37,2.4,,
AIG20230000412740,9,2.1,전반적 만족도,14,3,21.4,1,3,2.1,2.6,3.3,3.6,3.2,3.1,3.3,3.1,2.97,2.1,,
AIG20230000412740,10,2.8,전반적 만족도,15,10,66.7,4,10,2.8,3.1,3.8,3.5,3.3,3.3,3.4,3.1,3.17,2.9,,
AIG20230000412740,11,2.9,전반적 만족도,12,1,8.3,0,1,2.9,2.9,2.9,2.9,2.9,2.9,2.9,2.9,2.9,2.9,,
AIG20230000412742,1,4.1,전반적 만족도,89,74,83.1,59,74,4.1,4.1,4.0,4.1,4.2,3.9,4.0,4.3,4.13,3.7,4.5,
AIG20230000412742,2,4.0,전반적 만족도,38,31,81.6,24,31,4.0,3.9,4.0,4.1,4.1,3.9,4.0,4.1,3.53,3.1,4.6,
AIG20230000412742,3,3.7,전반적 만족도,58,48,82.8,33,48,3.7,3.8,3.9,3.9,4.0,3.6,3.7,3.9,3.73,3.0,4.0,
AIG20230000412742,4,4.3,전반적 만족도,38,34,89.5,30,34,4.3,4.3,4.5,4.5,4.6,4.3,4.4,4.6,4.4,4.3,4.1,
AIG20230000412742,5,3.8,전반적 만족도,38,35,92.1,26,35,3.8,3.8,4.0,4.2,4.3,3.8,4.1,4.0,4.07,3.7,4.1,
AIG20230000412742,6,4.7,전반적 만족도,48,37,77.1,36,37,4.7,4.6,4.8,4.7,4.8,4.7,4.8,4.7,4.7,4.6,4.6,
AIG20230000412742,7,4.3,전반적 만족도,18,12,66.7,11,12,4.3,4.2,4.6,4.6,4.6,4.4,4.5,4.5,4.4,4.2,5.0,
AIG20230000412742,8,4.4,전반적 만족도,10,9,90,8,9,4.4,4.4,4.5,4.5,4.5,4.2,4.5,4.5,4.37,4.4,4.8,
AIG20230000412742,9,4.6,전반적 만족도,9,7,77.8,6,7,4.6,4.4,4.9,4.9,4.9,4.7,4.9,4.6,4.57,4.2,4.3,
AIG20230000412744,2,3.1,전반적 만족도,11,7,63.6,5,7,3.1,3.1,3.0,3.2,2.9,3.1,3.4,3.5,3.47,3.1,1.8,
AIG20230000412744,3,2.7,전반적 만족도,18,12,66.7,7,12,2.7,2.6,2.8,3.2,2.7,2.7,2.9,3.5,2.7,2.5,2.9,
AIG20230000412744,5,4.6,전반적 만족도,15,7,46.7,7,7,4.6,4.3,4.7,4.2,4.5,4.6,4.4,4.8,4.7,4.5,,
AIG20230000412747,1,4.2,전반적 만족도,91,83,91.2,68,83,4.2,4.2,4.3,4.4,4.4,4.2,4.3,4.2,4.17,3.9,4.4,
AIG20230000412747,2,4.5,전반적 만족도,47,40,85.1,37,40,4.5,4.4,4.6,4.6,4.5,4.5,4.5,4.4,4.27,4.3,4.6,
AIG20230000412747,3,4.0,전반적 만족도,53,47,88.7,35,47,4.0,4.2,4.2,4.3,4.4,4.1,4.2,4.3,4.1,3.7,4.9,
AIG20230000412747,4,4.6,전반적 만족도,38,29,76.3,28,29,4.6,4.7,4.6,4.7,4.7,4.6,4.6,4.6,4.53,4.3,4.8,
AIG20230000412747,5,4.3,전반적 만족도,54,41,75.9,37,41,4.3,4.4,4.4,4.4,4.4,4.4,4.4,4.4,4.37,4.3,4.0,
AIG20230000412747,6,4.3,전반적 만족도,65,43,66.2,38,43,4.3,4.3,4.4,4.5,4.4,4.4,4.5,4.4,4.17,4.1,3.7,
AIG20230000412747,7,4.1,전반적 만족도,49,37,75.5,27,37,4.1,4.2,4.2,4.3,4.3,4.0,4.2,4.1,4.03,3.6,4.1,
AIG20230000412747,8,4.4,전반적 만족도,36,32,88.9,28,32,4.4,4.6,4.6,4.5,4.5,4.5,4.4,4.6,4.4,4.3,4.7,
AIG20230000412747,9,3.8,전반적 만족도,20,16,80,14,16,3.8,4.2,4.3,4.2,4.0,4.0,4.0,4.1,4.0,3.5,4.1,
AIG20230000412748,1,4.4,전반적 만족도,110,101,91.8,89,101,4.4,4.5,4.5,4.6,4.6,4.4,4.6,4.4,4.27,4.0,4.4,
AIG20230000412748,2,4.3,전반적 만족도,106,88,83,74,88,4.3,4.3,4.4,4.4,4.4,4.2,4.4,4.3,4.17,4.0,4.8,
AIG20230000412748,3,4.6,전반적 만족도,84,76,90.5,70,76,4.6,4.5,4.5,4.7,4.6,4.5,4.6,4.6,4.4,4.2,4.8,
AIG20230000412748,4,4.5,전반적 만족도,117,102,87.2,95,102,4.5,4.6,4.6,4.7,4.7,4.5,4.7,4.6,4.43,4.4,4.4,
AIG20230000412748,5,3.9,전반적 만족도,57,42,73.7,38,42,3.9,4.0,4.0,4.2,4.2,4.0,4.0,3.9,4.1,3.9,5.0,
AIG20230000412748,6,4.4,전반적 만족도,110,84,76.4,78,84,4.4,4.3,4.4,4.5,4.5,4.4,4.5,4.3,4.2,4.2,4.3,
AIG20230000412748,7,4.2,전반적 만족도,134,117,87.3,99,117,4.2,4.2,4.3,4.4,4.4,4.3,4.3,4.3,4.23,4.0,3.9,
AIG20230000412748,8,4.3,전반적 만족도,46,42,91.3,39,42,4.3,4.3,4.3,4.4,4.4,4.4,4.5,4.3,4.2,4.0,4.4,
AIG20230000412748,9,4.2,전반적 만족도,130,110,84.6,90,110,4.2,4.2,4.2,4.4,4.4,4.2,4.3,4.3,4.23,4.1,4.8,
AIG20230000412748,10,4.5,전반적 만족도,109,97,89,90,97,4.5,4.5,4.6,4.7,4.7,4.5,4.5,4.6,4.43,4.3,4.6,
AIG20230000412748,11,4.4,전반적 만족도,118,97,82.2,83,97,4.4,4.4,4.4,4.5,4.5,4.4,4.4,4.4,4.33,4.2,4.3,
AIG20230000412748,12,4.7,전반적 만족도,63,57,90.5,53,57,4.7,4.6,4.8,4.8,4.8,4.7,4.7,4.7,4.47,4.6,4.8,
AIG20230000412750,1,4.9,전반적 만족도,21,19,90.5,18,19,4.9,5.0,4.9,5.0,5.0,4.8,4.9,4.9,4.87,5.0,5.0,
AIG20230000412750,2,5.0,전반적 만족도,12,11,91.7,11,11,5.0,5.0,5.0,5.0,5.0,5.0,5.0,5.0,5.0,5.0,,
AIG20230000412750,3,4.9,전반적 만족도,17,16,94.1,14,16,4.9,4.9,4.8,4.8,4.8,4.9,4.8,4.9,4.87,4.6,5.0,
AIG20230000412750,4,5.0,전반적 만족도,13,10,76.9,9,10,5.0,4.9,5.0,5.0,5.0,4.9,4.9,4.7,4.6,5.0,,
AIG20230000412750,5,5.0,전반적 만족도,30,22,73.3,22,22,5.0,4.9,5.0,5.0,5.0,5.0,5.0,4.9,5.0,5.0,5.0,
AIG20230000412750,6,5.0,전반적 만족도,24,15,62.5,15,15,5.0,5.0,5.0,5.0,5.0,5.0,5.0,5.0,4.9,5.0,,
AIG20230000412750,7,5.0,전반적 만족도,23,19,82.6,19,19,5.0,5.0,5.0,5.0,5.0,5.0,5.0,5.0,5.0,5.0,5.0,
AIG20230000412750,8,4.9,전반적 만족도,16,14,87.5,13,14,4.9,4.9,4.9,4.9,4.9,4.9,4.9,4.9,4.93,4.8,5.0,
AIG20230000412750,9,4.8,전반적 만족도,18,14,77.8,13,14,4.8,4.7,4.7,4.7,4.7,4.7,5.0,4.7,4.8,4.7,2.1,
AIG20230000412750,10,5.0,전반적 만족도,18,14,77.8,14,14,5.0,5.0,5.0,5.0,5.0,5.0,4.9,5.0,4.97,5.0,5.0,
AIG20230000412750,11,5.0,전반적 만족도,14,14,100,14,14,5.0,5.0,5.0,5.0,5.0,5.0,5.0,5.0,5.0,5.0,5.0,
AIG20230000412750,12,5.0,전반적 만족도,16,15,93.8,15,15,5.0,5.0,5.0,5.0,5.0,5.0,5.0,5.0,5.0,5.0,5.0,
AIG20230000412750,13,5.0,전반적 만족도,20,17,85,17,17,5.0,5.0,5.0,5.0,5.0,4.9,4.9,5.0,4.97,4.9,5.0,
AIG20230000412750,14,4.9,전반적 만족도,10,9,90,9,9,4.9,5.0,4.9,5.0,4.9,4.9,5.0,5.0,4.87,4.9,,
AIG20230000412750,15,4.6,전반적 만족도,13,11,84.6,9,11,4.6,4.6,4.6,4.6,4.6,4.6,4.6,4.6,4.73,4.5,,
AIG20230000412750,16,5.0,전반적 만족도,15,10,66.7,8,10,5.0,5.0,5.0,5.0,4.9,4.9,5.0,5.0,4.97,4.9,5.0,
AIG20230000412753,1,4.5,전반적 만족도,30,24,80,22,24,4.5,4.7,4.5,4.5,4.6,4.5,4.5,4.6,4.53,4.3,3.9,
AIG20230000412753,2,4.8,전반적 만족도,18,12,66.7,10,12,4.8,4.6,4.8,4.8,4.7,4.6,4.9,4.9,4.7,4.7,4.6,
AIG20230000412753,3,4.5,전반적 만족도,16,11,68.8,10,11,4.5,4.7,4.7,4.9,4.7,4.7,4.7,4.0,4.47,4.6,,
AIG20230000412753,4,4.8,전반적 만족도,28,14,50,14,14,4.8,4.7,4.7,5.0,4.8,4.7,4.9,4.9,4.8,4.8,,
AIG20230000412753,5,5.0,전반적 만족도,12,10,83.3,10,10,5.0,5.0,5.0,5.0,5.0,5.0,5.0,5.0,5.0,5.0,5.0,
AIG20230000412753,6,4.5,전반적 만족도,19,13,68.4,13,13,4.5,4.4,4.6,4.8,4.3,4.4,4.7,4.5,4.5,4.6,4.3,
AIG20230000412753,7,5.0,전반적 만족도,15,11,73.3,11,11,5.0,5.0,5.0,5.0,5.0,5.0,5.0,5.0,5.0,5.0,,
AIG20230000412755,1,3.9,전반적 만족도,20,13,65,12,13,3.9,3.7,4.0,4.6,4.3,3.7,4.2,4.0,3.67,4.0,,
AIG20230000412755,2,4.0,전반적 만족도,20,9,45,8,9,4.0,4.2,4.2,4.4,4.0,3.9,4.4,4.3,4.07,3.9,,
AIG20230000412755,3,3.9,전반적 만족도,20,19,95,14,19,3.9,4.0,4.3,4.6,4.1,4.0,4.2,4.4,3.83,3.8,5.0,
AIG20230000412755,4,3.6,전반적 만족도,20,11,55,8,11,3.6,3.4,3.6,4.1,3.6,3.5,3.9,4.2,3.4,3.2,1.4,
AIG20230000412755,5,3.1,전반적 만족도,20,14,70,12,14,3.1,3.1,3.6,3.7,3.8,3.1,3.4,3.6,2.87,3.0,2.9,
AIG20230000412755,6,3.0,전반적 만족도,17,14,82.4,9,14,3.0,2.4,3.1,3.7,3.6,2.9,2.9,3.7,2.97,2.7,,
AIG20230000412755,7,4.5,전반적 만족도,13,8,61.5,8,8,4.5,4.0,4.6,4.6,4.5,4.3,3.7,4.9,4.1,4.4,4.6,
AIG20230000412755,8,4.3,전반적 만족도,15,9,60,8,9,4.3,4.0,4.3,4.6,4.6,4.4,4.6,4.5,4.27,4.3,5.0,
AIG20230000412755,9,4.7,전반적 만족도,9,8,88.9,8,8,4.7,4.4,4.6,4.6,4.6,4.4,4.6,4.9,4.5,4.5,5.0,
AIG20230000412755,10,4.4,전반적 만족도,18,17,94.4,16,17,4.4,4.2,4.4,4.6,4.6,4.2,4.5,4.3,4.23,4.4,4.3,
AIG20230000412755,11,4.6,전반적 만족도,23,14,60.9,14,14,4.6,4.6,4.8,4.9,4.8,4.7,4.8,4.8,4.53,4.8,,
AIG20230000412755,12,4.8,전반적 만족도,13,9,69.2,9,9,4.8,4.8,4.8,4.9,4.8,4.7,4.6,4.7,4.77,4.8,5.0,
AIG20230000412755,13,4.1,전반적 만족도,12,10,83.3,10,10,4.1,4.2,4.5,4.4,4.4,4.4,4.0,4.5,4.33,4.4,,
AIG20230000412755,14,4.5,전반적 만족도,11,11,100,10,11,4.5,4.4,4.4,4.7,4.6,4.6,4.5,4.5,4.3,4.4,,
AIG20230000412755,15,4.6,전반적 만족도,8,7,87.5,7,7,4.6,4.2,4.6,4.5,4.5,4.6,4.6,4.4,4.5,4.6,,
AIG20230000412755,16,4.9,전반적 만족도,9,8,88.9,8,8,4.9,4.9,4.9,4.9,4.9,4.9,4.9,4.9,4.73,4.7,,
AIG20230000412757,1,3.9,전반적 만족도,17,15,88.2,11,15,3.9,3.9,3.6,4.1,3.3,3.6,3.7,2.9,3.8,3.6,5.0,
AIG20230000412757,2,3.1,전반적 만족도,22,10,45.5,3,10,3.1,2.9,2.6,4.1,3.1,3.3,3.1,3.0,2.63,2.8,,
AIG20230000412757,3,4.7,전반적 만족도,15,10,66.7,10,10,4.7,4.7,4.7,4.9,4.6,4.8,4.9,4.8,4.57,4.7,,
AIG20230000412757,4,3.4,전반적 만족도,15,7,46.7,2,7,3.4,3.1,3.5,3.7,3.5,3.4,3.5,2.4,2.97,3.2,5.0,
AIG20230000412757,5,4.2,전반적 만족도,14,9,64.3,7,9,4.2,4.4,4.2,4.2,4.3,4.2,4.3,4.2,4.27,4.3,,
AIG20230000412757,6,5.0,전반적 만족도,9,2,22.2,2,2,5.0,4.6,4.5,4.8,4.5,4.8,5.0,4.8,4.63,5.0,5.0,
AIG20230000412764,1,4.0,전반적 만족도,9,7,77.8,5,7,4.0,3.6,4.2,4.3,4.0,3.9,3.9,3.9,3.8,3.9,,
AIG20230000412764,2,4.4,전반적 만족도,8,5,62.5,5,5,4.4,4.1,4.4,4.3,4.2,4.2,4.4,4.5,4.5,4.4,,
AIG20230000412765,1,4.2,전반적 만족도,10,9,90,6,9,4.2,4.4,4.5,4.6,4.6,4.5,4.4,4.3,4.2,4.3,,
AIG20230000412765,3,5.0,전반적 만족도,9,5,55.6,5,5,5.0,4.6,5.0,5.0,5.0,5.0,5.0,5.0,4.47,5.0,,
AIG20230000412765,4,4.7,전반적 만족도,16,9,56.3,9,9,4.7,4.0,4.3,4.5,4.6,4.5,4.6,4.4,4.23,4.4,5.0,
AIG20230000412765,5,4.5,전반적 만족도,10,9,90,9,9,4.5,4.7,4.7,4.7,4.5,4.6,4.6,4.8,4.4,4.7,,
AIG20230000412765,6,4.8,전반적 만족도,8,6,75,6,6,4.8,4.6,5.0,5.0,4.9,5.0,5.0,5.0,4.9,4.9,,
AIG20230000412765,7,4.4,전반적 만족도,15,11,73.3,9,11,4.4,4.4,4.5,4.6,4.7,4.5,4.4,4.4,4.3,4.2,4.6,
AIG20230000412765,8,5.0,전반적 만족도,16,9,56.3,9,9,5.0,5.0,5.0,5.0,5.0,5.0,5.0,5.0,5.0,5.0,,
AIG20230000412766,1,3.1,전반적 만족도,72,61,84.7,27,61,3.1,3.1,3.1,3.8,3.7,3.1,3.6,3.5,3.53,2.6,2.7,
AIG20230000412766,2,3.6,전반적 만족도,64,48,75,29,48,3.6,3.2,3.6,4.1,4.1,3.5,3.9,3.8,3.73,2.9,3.3,
AIG20230000412766,3,3.6,전반적 만족도,63,45,71.4,30,45,3.6,3.7,3.9,3.8,4.0,3.9,4.0,3.9,3.93,3.2,3.6,
AIG20230000412766,4,3.7,전반적 만족도,36,24,66.7,15,24,3.7,3.0,3.7,4.1,4.1,3.7,4.0,4.0,3.7,2.6,3.6,
AIG20230000412766,5,4.0,전반적 만족도,39,28,71.8,16,28,4.0,3.5,3.7,3.9,3.9,3.9,4.3,3.8,3.73,3.4,4.8,
AIG20230000412766,6,4.1,전반적 만족도,47,35,74.5,27,35,4.1,4.0,4.2,4.3,4.4,4.1,4.4,4.2,4.2,3.6,4.0,
AIG20230000412766,7,3.9,전반적 만족도,82,59,72,47,59,3.9,3.9,4.0,4.0,4.1,4.0,4.0,4.2,4.0,3.8,4.4,
AIG20230000412766,8,3.8,전반적 만족도,24,19,79.2,15,19,3.8,4.1,4.1,4.1,4.2,3.7,3.9,4.0,3.8,3.5,3.9,
AIG20230000412766,10,3.4,전반적 만족도,41,32,78,17,32,3.4,3.7,3.8,3.9,3.9,3.5,3.9,3.4,3.5,3.1,4.0,
AIG20230000412766,11,3.8,전반적 만족도,47,20,42.6,16,20,3.8,4.0,4.0,4.0,4.0,3.9,3.9,4.0,3.87,3.5,3.8,
AIG20230000412766,12,4.3,전반적 만족도,34,22,64.7,17,22,4.3,4.2,4.4,4.6,4.6,4.3,4.4,4.4,4.17,4.1,4.0,
AIG20230000412766,13,3.8,전반적 만족도,50,34,68,24,34,3.8,3.8,4.0,3.9,4.1,3.9,4.1,4.0,3.73,3.4,3.6,
AIG20230000412766,14,3.8,전반적 만족도,22,16,72.7,10,16,3.8,3.9,3.7,4.2,4.0,3.8,4.4,3.9,3.9,3.2,3.3,
AIG20230000412766,15,4.1,전반적 만족도,14,10,71.4,9,10,4.1,4.1,4.1,4.2,4.1,4.1,4.1,4.0,4.0,4.0,,
AIG20230000412766,16,4.4,전반적 만족도,17,10,58.8,9,10,4.4,4.5,4.4,4.5,4.5,4.4,4.4,4.5,4.23,4.4,4.5,
AIG20230000412766,17,4.1,전반적 만족도,59,14,23.7,12,14,4.1,4.0,4.2,4.1,4.2,4.0,5.0,4.1,4.3,4.0,4.1,
AIG20230000412766,18,4.6,전반적 만족도,12,8,66.7,7,8,4.6,4.4,4.4,4.4,4.4,4.3,4.8,4.4,4.63,4.4,4.4,
AIG20230000412766,19,4.0,전반적 만족도,12,6,50,6,6,4.0,4.0,4.1,4.0,4.2,4.1,4.0,4.0,4.0,3.8,,
AIG20230000412766,20,4.6,전반적 만족도,36,16,44.4,15,16,4.6,4.3,4.5,4.6,4.6,4.5,4.4,4.5,4.4,4.3,5.0,
AIG20230000412770,1,4.5,전반적 만족도,31,18,58.1,15,18,4.5,3.9,3.9,4.8,4.5,4.3,4.6,4.6,4.37,4.1,3.9,
AIG20230000412770,2,4.3,전반적 만족도,28,19,67.9,16,19,4.3,4.2,4.4,4.5,4.4,4.2,4.4,4.4,4.2,3.9,,
AIG20230000412770,3,4.1,전반적 만족도,25,16,64,13,16,4.1,4.3,4.4,4.5,4.7,4.1,4.1,4.4,4.43,3.5,2.9,
AIG20230000412770,4,4.2,전반적 만족도,16,8,50,8,8,4.2,4.3,4.5,4.5,4.4,4.2,4.2,4.3,3.77,3.7,5.0,
AIG20230000412770,5,4.4,전반적 만족도,10,8,80,8,8,4.4,4.4,4.5,4.6,4.8,4.3,4.5,4.2,4.3,3.8,4.3,
AIG20230000412770,6,4.0,전반적 만족도,10,6,60,5,6,4.0,3.9,3.7,3.8,3.8,3.5,3.7,4.0,3.6,3.5,,
AIG20230000412770,7,3.9,전반적 만족도,11,9,81.8,6,9,3.9,4.0,4.1,4.1,4.4,3.8,3.9,3.9,3.9,3.8,5.0,
AIG20230000412770,9,3.9,전반적 만족도,29,22,75.9,17,22,3.9,3.8,4.0,3.9,4.1,3.8,3.7,3.8,4.0,3.8,3.6,
AIG20230000412770,11,4.0,전반적 만족도,24,10,41.7,8,10,4.0,4.0,4.0,3.8,4.2,3.7,3.7,4.2,4.0,3.8,,
AIG20230000412770,12,4.1,전반적 만족도,26,18,69.2,16,18,4.1,4.4,4.6,4.5,4.5,4.2,4.3,4.3,4.13,4.1,3.9,
AIG20230000412770,13,4.3,전반적 만족도,21,19,90.5,18,19,4.3,4.4,4.4,4.3,4.4,4.3,4.2,4.3,3.97,4.0,4.8,
AIG20230000412770,14,4.5,전반적 만족도,24,15,62.5,13,15,4.5,4.8,4.7,4.8,4.8,4.5,4.4,4.5,4.47,4.3,3.6,
AIG20230000412770,15,4.2,전반적 만족도,35,27,77.1,21,27,4.2,4.3,4.2,4.4,4.2,4.3,4.6,4.1,4.13,4.2,3.6,
AIG20230000412770,16,4.6,전반적 만족도,25,13,52,12,13,4.6,4.6,4.5,4.6,4.7,4.5,4.4,4.7,4.13,4.3,5.0,
AIG20230000412770,17,4.4,전반적 만족도,50,41,82,37,41,4.4,4.3,4.4,4.5,4.4,4.3,4.3,4.4,4.1,4.1,4.3,
AIG20230000412780,1,3.9,전반적 만족도,25,25,100,19,25,3.9,4.0,3.8,3.7,3.9,3.8,3.8,3.9,3.73,3.6,,
AIG20230000412786,1,3.7,전반적 만족도,17,12,70.6,8,12,3.7,3.3,3.4,3.3,3.3,3.5,3.9,4.0,3.97,3.6,,
AIG20230000412786,2,4.6,전반적 만족도,10,8,80,7,8,4.6,3.9,4.4,4.8,4.5,4.5,4.3,4.4,4.17,4.6,5.0,
AIG20230000412786,3,3.6,전반적 만족도,24,20,83.3,15,20,3.6,3.9,3.7,3.2,3.7,3.6,3.9,4.1,3.63,3.5,2.6,
AIG20230000412786,4,3.1,전반적 만족도,13,11,84.6,6,11,3.1,3.1,3.2,3.0,3.1,3.3,3.2,3.3,3.17,3.1,,
AIG20230000412786,5,3.6,전반적 만족도,11,8,72.7,5,8,3.6,3.7,4.1,3.8,4.0,4.1,4.1,4.3,3.97,3.8,,
AIG20230000412790,1,2.9,전반적 만족도,12,3,25,1,3,2.9,2.9,4.2,4.2,4.0,4.0,2.9,4.6,3.13,2.9,,
AIG20230000412790,2,3.7,전반적 만족도,12,8,66.7,8,8,3.7,3.7,3.7,3.5,3.7,3.6,3.6,3.7,3.53,3.4,0.7,
AIG20230000412794,1,1.5,전반적 만족도,30,27,90,1,27,1.5,1.2,1.4,1.8,1.6,1.5,1.6,2.2,1.57,1.3,2.3,
AIG20230000412794,2,3.1,전반적 만족도,30,24,80,12,24,3.1,2.7,3.0,3.1,3.3,2.9,3.0,3.8,3.1,2.8,2.9,
AIG20230000412794,3,3.3,전반적 만족도,29,27,93.1,19,27,3.3,2.9,3.4,3.5,3.3,3.2,3.3,3.6,3.43,3.1,3.2,
AIG20230000412794,4,4.4,전반적 만족도,28,19,67.9,18,19,4.4,3.9,4.5,4.7,4.4,4.4,4.3,4.6,4.33,4.4,4.6,
AIG20230000412794,5,3.5,전반적 만족도,24,20,83.3,17,20,3.5,3.3,3.1,3.0,3.2,3.4,3.3,4.5,3.27,3.7,4.2,
AIG20230000412794,6,3.5,전반적 만족도,24,17,70.8,14,17,3.5,3.3,3.6,4.1,3.9,3.7,3.9,4.2,3.6,3.8,3.6,
AIG20230000412794,7,4.5,전반적 만족도,20,12,60,11,12,4.5,4.3,4.4,4.6,4.3,4.2,4.0,4.9,4.03,4.3,5.0,
AIG20230000412794,8,4.0,전반적 만족도,15,11,73.3,9,11,4.0,3.9,4.0,4.1,4.1,3.8,4.0,4.2,3.5,3.8,4.3,
AIG20230000412794,9,4.1,전반적 만족도,27,20,74.1,20,20,4.1,3.8,4.0,4.1,4.3,4.0,4.2,4.4,4.13,4.1,3.8,
AIG20230000412794,10,4.3,전반적 만족도,28,25,89.3,24,25,4.3,4.0,4.5,4.4,4.4,4.2,4.3,4.4,3.97,4.0,3.6,
AIG20230000412794,11,4.0,전반적 만족도,26,24,92.3,22,24,4.0,4.0,3.9,4.3,3.9,3.8,3.6,4.4,3.73,3.8,4.0,
AIG20230000412794,12,4.1,전반적 만족도,24,18,75,14,18,4.1,3.8,4.1,4.1,4.3,3.7,4.1,4.2,3.7,4.0,3.6,
AIG20230000412794,13,3.3,전반적 만족도,25,18,72,11,18,3.3,3.3,3.1,3.3,3.4,3.1,3.5,3.3,3.2,3.2,2.5,
AIG20230000412794,14,4.0,전반적 만족도,25,16,64,12,16,4.0,3.3,4.0,4.3,3.9,4.0,4.0,4.0,3.73,4.0,2.9,
AIG20230000412794,15,4.8,전반적 만족도,25,15,60,14,15,4.8,4.3,4.7,4.7,4.6,4.5,4.8,4.4,4.23,4.6,4.3,
AIG20230000412795,1,3.4,전반적 만족도,17,14,82.4,8,14,3.4,3.3,3.5,3.3,3.8,3.2,3.6,3.6,3.53,3.1,,
AIG20230000412795,2,3.8,전반적 만족도,18,16,88.9,9,16,3.8,3.4,3.5,3.2,3.8,3.6,3.9,4.2,3.57,3.2,,
AIG20230000412795,3,2.6,전반적 만족도,19,15,78.9,4,15,2.6,2.2,2.8,2.2,3.2,2.7,3.0,3.0,2.93,2.0,2.9,
AIG20230000412795,4,4.0,전반적 만족도,15,14,93.3,11,14,4.0,3.5,3.9,4.3,4.2,3.8,4.1,4.0,3.93,3.9,,
AIG20230000412795,5,4.4,전반적 만족도,17,11,64.7,11,11,4.4,4.1,4.2,4.6,4.6,4.3,4.2,4.1,4.37,4.4,,
AIG20230000412795,6,4.8,전반적 만족도,9,9,100,9,9,4.8,4.9,4.8,4.9,4.9,4.7,4.9,4.9,4.77,4.8,,
AIG20230000412795,7,4.7,전반적 만족도,10,9,90,9,9,4.7,4.6,4.6,4.8,4.9,4.5,4.6,4.6,4.53,4.7,5.0,
AIG20230000412795,8,4.4,전반적 만족도,11,10,90.9,9,10,4.4,4.3,4.4,4.8,4.8,4.3,4.6,4.6,4.23,4.4,,
AIG20230000412795,9,4.3,전반적 만족도,8,7,87.5,4,7,4.3,4.2,4.1,4.2,4.3,4.1,4.4,4.2,4.27,4.2,5.0,
AIG20230000412795,10,2.0,전반적 만족도,9,7,77.8,1,7,2.0,1.7,1.8,1.5,2.7,1.9,2.3,2.3,2.33,1.5,,
AIG20230000412795,11,3.5,전반적 만족도,15,13,86.7,8,13,3.5,3.4,3.7,4.6,4.1,4.2,4.0,3.2,3.57,2.9,,
AIG20230000412795,12,4.8,전반적 만족도,13,12,92.3,12,12,4.8,4.3,4.4,4.8,4.5,4.6,4.8,4.4,4.7,4.6,3.9,
AIG20230000412797,1,4.1,전반적 만족도,9,7,77.8,6,7,4.1,4.0,4.0,4.3,4.0,4.0,4.0,4.3,3.93,4.0,,
AIG20230000412797,3,5.0,전반적 만족도,7,6,85.7,6,6,5.0,5.0,5.0,5.0,5.0,5.0,5.0,4.9,4.9,4.9,,
AIG20230000412798,1,4.7,전반적 만족도,12,11,91.7,10,11,4.7,4.6,4.7,4.8,4.6,4.7,4.8,4.7,4.5,4.7,,
AIG20230000412799,1,5.0,전반적 만족도,18,15,83.3,15,15,5.0,5.0,5.0,5.0,4.9,4.9,4.9,5.0,4.93,5.0,5.0,
AIG20230000412799,2,5.0,전반적 만족도,12,12,100,12,12,5.0,5.0,5.0,5.0,5.0,5.0,5.0,5.0,4.87,4.8,,
AIG20230000412799,3,4.8,전반적 만족도,8,6,75,6,6,4.8,4.7,4.6,4.8,4.7,4.7,4.8,4.7,4.63,4.7,,
AIG20230000412800,1,4.6,전반적 만족도,20,18,90,17,18,4.6,4.5,4.5,4.6,4.5,4.6,4.5,4.6,4.47,4.6,4.3,
AIG20230000412800,2,4.3,전반적 만족도,9,5,55.6,4,5,4.3,4.3,4.2,4.2,4.1,4.2,3.9,4.1,4.03,4.3,5.0,
AIG20230000412800,3,4.9,전반적 만족도,20,16,80,15,16,4.9,4.6,4.9,4.8,4.8,4.7,4.8,4.6,4.8,4.7,5.0,
AIG20230000412803,1,4.8,전반적 만족도,7,7,100,7,7,4.8,4.5,4.9,4.9,4.8,4.7,5.0,4.9,4.87,4.8,4.3,
AIG20230000412803,2,4.6,전반적 만족도,22,21,95.5,20,21,4.6,4.7,4.8,4.7,4.6,4.6,4.4,4.8,4.63,4.6,4.8,
AIG20230000412803,3,4.6,전반적 만족도,15,2,13.3,2,2,4.6,3.9,4.1,4.5,3.8,4.1,4.6,4.3,3.8,4.3,,
AIG20230000412803,4,4.8,전반적 만족도,18,17,94.4,17,17,4.8,4.8,4.8,4.9,4.9,4.8,4.8,4.9,4.7,4.7,,
AIG20230000412803,5,4.9,전반적 만족도,15,12,80,12,12,4.9,4.9,4.9,4.9,4.9,4.9,4.9,4.9,4.9,4.9,,
AIG20230000412803,6,4.5,전반적 만족도,13,13,100,13,13,4.5,4.7,4.7,4.6,4.6,4.6,4.7,4.8,4.57,4.5,,
AIG20230000412804,1,5.0,전반적 만족도,26,23,88.5,23,23,5.0,4.9,4.9,4.9,4.9,4.9,5.0,4.9,4.9,4.8,,
AIG20230000412804,2,4.0,전반적 만족도,21,13,61.9,10,13,4.0,4.0,4.0,4.1,4.1,4.0,4.1,4.2,3.97,3.8,,
AIG20230000412804,3,4.3,전반적 만족도,28,21,75,17,21,4.3,4.3,4.2,4.3,4.2,4.3,4.6,4.5,4.57,4.6,,
AIG20230000412804,4,4.6,전반적 만족도,16,13,81.3,12,13,4.6,4.4,4.5,4.6,4.6,4.5,4.6,4.5,4.57,4.4,,
AIG20230000412804,5,4.4,전반적 만족도,16,12,75,11,12,4.4,4.4,4.2,4.2,4.4,4.2,4.6,4.5,4.17,4.2,,
AIG20230000412804,6,4.8,전반적 만족도,24,23,95.8,23,23,4.8,4.7,4.8,4.7,4.8,4.8,4.7,4.7,4.73,4.7,5.0,
AIG20230000412804,7,3.6,전반적 만족도,24,22,91.7,17,22,3.6,3.6,3.7,3.9,3.8,3.8,4.0,3.7,3.63,3.7,,
AIG20230000412804,8,3.1,전반적 만족도,21,17,81,7,17,3.1,2.9,3.1,3.2,3.0,3.2,2.8,3.2,2.97,2.8,,
AIG20230000412815,1,4.5,전반적 만족도,28,21,75,21,21,4.5,4.6,4.6,4.7,4.6,4.6,4.5,4.7,4.5,4.6,4.8,
AIG20230000412815,2,3.8,전반적 만족도,23,22,95.7,19,22,3.8,3.6,4.1,4.1,4.0,3.7,3.9,3.7,3.77,3.8,4.3,
AIG20230000412815,3,4.5,전반적 만족도,25,17,68,16,17,4.5,4.7,4.5,4.7,4.8,4.5,4.6,4.8,4.67,4.7,,
AIG20230000412815,4,4.2,전반적 만족도,20,14,70,12,14,4.2,3.8,4.4,4.3,4.4,4.3,4.4,4.2,4.2,4.4,,
AIG20230000412815,6,4.7,전반적 만족도,21,14,66.7,14,14,4.7,4.7,4.7,4.8,4.8,4.7,4.7,4.7,4.77,4.8,,
AIG20230000412815,7,4.7,전반적 만족도,19,14,73.7,13,14,4.7,4.7,4.7,4.8,4.8,4.7,4.7,4.7,4.6,4.8,,
AIG20230000412815,8,3.8,전반적 만족도,17,4,23.5,4,4,3.8,3.8,3.6,3.5,3.5,3.4,3.6,3.3,3.53,3.4,,
AIG20230000412815,9,4.8,전반적 만족도,29,27,93.1,27,27,4.8,4.8,4.8,4.9,4.9,4.7,4.9,4.8,4.8,4.8,,
AIG20230000412815,10,4.8,전반적 만족도,23,17,73.9,17,17,4.8,4.8,4.9,4.9,4.8,4.8,4.8,4.9,4.8,4.9,3.6,
AIG20230000412815,11,4.4,전반적 만족도,21,14,66.7,13,14,4.4,4.6,4.6,4.5,4.4,4.4,4.5,4.3,4.57,4.4,5.0,
AIG20230000412815,12,4.8,전반적 만족도,23,21,91.3,20,21,4.8,4.5,4.4,4.5,4.5,4.3,4.6,4.4,4.47,4.5,,
AIG20230000412815,13,4.9,전반적 만족도,17,14,82.4,14,14,4.9,4.5,4.7,4.9,4.8,4.6,4.9,4.2,4.43,4.7,4.3,
AIG20230000412815,14,4.9,전반적 만족도,28,27,96.4,27,27,4.9,4.8,4.8,4.9,4.9,4.8,4.8,4.7,4.8,4.9,5.0,
AIG20230000412815,16,4.6,전반적 만족도,30,28,93.3,26,28,4.6,4.5,4.6,4.7,4.6,4.5,4.6,4.7,4.43,4.5,,
AIG20230000412815,17,4.5,전반적 만족도,23,16,69.6,13,16,4.5,4.5,4.6,4.6,4.4,4.5,4.6,4.6,4.4,4.2,,
AIG20230000412816,1,4.4,전반적 만족도,13,9,69.2,7,9,4.4,4.4,4.3,4.2,4.2,4.3,4.4,4.3,4.27,4.0,,
AIG20230000412816,2,3.8,전반적 만족도,7,7,100,5,7,3.8,4.0,3.8,3.8,4.0,3.8,4.1,3.9,3.77,3.5,,
AIG20230000412816,3,4.0,전반적 만족도,10,6,60,5,6,4.0,3.6,4.1,4.2,4.0,4.2,4.5,4.5,3.73,4.0,,
AIG20230000412816,4,4.4,전반적 만족도,9,7,77.8,7,7,4.4,4.4,4.3,4.6,4.6,4.2,4.4,4.1,4.27,4.2,,
AIG20230000412816,5,4.0,전반적 만족도,18,17,94.4,16,17,4.0,4.0,4.1,4.3,4.2,4.1,4.2,4.3,4.17,4.0,5.0,
AIG20230000412816,6,3.1,전반적 만족도,12,8,66.7,4,8,3.1,2.5,3.2,2.7,2.9,3.2,3.4,3.4,3.07,3.0,,
AIG20230000412816,7,4.6,전반적 만족도,11,5,45.5,5,5,4.6,4.6,4.6,4.6,4.6,4.5,4.5,4.6,4.5,4.6,5.0,
AIG20230000412816,8,3.8,전반적 만족도,13,10,76.9,7,10,3.8,3.8,3.6,4.2,4.0,3.8,4.1,3.6,3.57,3.5,,
AIG20230000412817,1,4.7,전반적 만족도,12,11,91.7,11,11,4.7,4.5,4.9,5.0,5.0,4.7,4.7,4.4,4.67,4.8,4.6,
AIG20230000412817,2,2.7,전반적 만족도,8,6,75,2,6,2.7,2.7,3.8,3.9,3.5,2.8,3.4,1.7,3.6,2.4,2.9,
AIG20230000412817,3,4.4,전반적 만족도,8,5,62.5,5,5,4.4,3.7,4.7,4.7,4.7,4.6,5.0,3.2,4.63,5.0,5.0,
AIG20230000412819,1,4.9,전반적 만족도,17,12,70.6,12,12,4.9,4.9,4.9,4.9,4.9,4.9,4.9,4.9,4.9,4.9,5.0,
AIG20230000412819,2,4.9,전반적 만족도,20,15,75,15,15,4.9,5.0,4.9,5.0,4.9,4.9,4.9,4.9,4.9,4.9,5.0,
AIG20230000412819,3,4.9,전반적 만족도,19,12,63.2,12,12,4.9,4.9,5.0,5.0,5.0,5.0,4.9,5.0,4.9,5.0,,
AIG20230000412819,4,4.4,전반적 만족도,21,17,81,16,17,4.4,4.4,4.5,4.5,4.5,4.4,4.4,4.6,4.3,4.5,5.0,
AIG20230000412819,5,5.0,전반적 만족도,18,12,66.7,12,12,5.0,4.8,5.0,5.0,4.8,5.0,5.0,4.9,4.93,4.9,,
AIG20230000412819,6,4.9,전반적 만족도,14,9,64.3,9,9,4.9,4.9,4.9,4.9,4.9,4.9,4.9,4.9,4.8,4.9,,
AIG20230000412819,7,4.0,전반적 만족도,17,11,64.7,10,11,4.0,4.4,4.2,4.3,4.3,4.3,4.4,4.1,4.17,4.4,4.3,
AIG20230000412819,8,4.6,전반적 만족도,13,11,84.6,10,11,4.6,4.7,4.7,4.8,4.8,4.7,4.7,4.6,4.77,4.7,,
AIG20230000412819,9,4.5,전반적 만족도,17,12,70.6,11,12,4.5,4.6,4.6,4.7,4.4,4.6,4.6,4.4,4.5,4.3,,
AIG20230000412819,10,5.0,전반적 만족도,13,8,61.5,8,8,5.0,4.9,4.8,4.8,4.9,5.0,5.0,4.9,5.0,5.0,,
AIG20230000412826,1,4.5,전반적 만족도,29,23,79.3,21,23,4.5,4.5,4.4,4.6,4.7,4.5,4.7,4.7,4.53,4.2,2.1,
AIG20230000412826,2,4.5,전반적 만족도,23,21,91.3,20,21,4.5,4.2,4.6,4.6,4.7,4.5,4.5,4.8,4.3,4.3,5.0,
AIG20230000412826,3,2.8,전반적 만족도,23,18,78.3,8,18,2.8,3.3,3.4,2.4,3.5,2.8,3.1,4.0,3.03,2.9,2.9,
AIG20230000412826,4,5.0,전반적 만족도,28,25,89.3,25,25,5.0,4.9,4.9,5.0,4.9,4.9,4.9,4.9,4.9,4.9,,
AIG20230000412826,5,5.0,전반적 만족도,25,21,84,21,21,5.0,4.9,4.9,5.0,4.9,4.9,5.0,4.7,4.9,4.8,,
AIG20230000412826,6,3.8,전반적 만족도,22,11,50,9,11,3.8,3.4,4.2,4.5,4.3,3.9,4.0,3.1,3.73,4.0,4.3,
AIG20230000412826,7,4.7,전반적 만족도,23,21,91.3,20,21,4.7,4.4,4.7,4.7,4.7,4.6,4.8,4.6,4.57,4.6,,
AIG20230000412826,8,4.3,전반적 만족도,30,30,100,25,30,4.3,4.2,4.4,4.4,4.5,4.3,4.4,4.3,4.3,4.2,2.9,
AIG20230000412826,9,4.3,전반적 만족도,30,25,83.3,23,25,4.3,3.9,4.3,4.7,4.3,4.5,4.6,4.2,4.33,4.3,3.8,
AIG20230000412826,11,4.9,전반적 만족도,24,23,95.8,23,23,4.9,4.7,4.9,5.0,4.8,4.8,4.9,4.9,4.73,4.8,,
AIG20230000412826,12,3.1,전반적 만족도,23,21,91.3,12,21,3.1,3.1,3.3,3.4,3.5,3.2,3.1,3.6,3.23,3.0,5.0,
AIG20230000412826,13,4.3,전반적 만족도,23,18,78.3,16,18,4.3,4.2,4.3,4.5,4.4,4.4,4.4,4.4,4.3,4.4,,
AIG20230000412830,1,3.9,전반적 만족도,7,7,100,7,7,3.9,4.1,4.4,4.5,4.2,4.5,4.1,3.9,4.37,4.4,,
AIG20230000412830,2,3.9,전반적 만족도,13,9,69.2,7,9,3.9,4.3,4.1,4.2,4.0,3.7,4.1,4.0,3.87,3.7,,
AIG20230000412830,3,4.6,전반적 만족도,8,5,62.5,5,5,4.6,4.6,4.6,4.6,4.6,4.5,4.6,4.5,4.6,4.6,,
AIG20230000412830,4,3.3,전반적 만족도,10,7,70,3,7,3.3,3.4,3.1,3.5,3.6,3.3,3.4,3.3,3.53,3.2,2.5,
AIG20230000412830,5,3.6,전반적 만족도,8,7,87.5,6,7,3.6,4.0,4.3,4.5,4.2,3.6,4.2,4.0,4.17,4.4,,
AIG20230000412830,6,3.1,전반적 만족도,15,10,66.7,6,10,3.1,3.4,3.3,3.0,3.1,2.9,3.6,2.9,3.6,2.9,1.8,
AIG20230000412830,7,3.6,전반적 만족도,12,10,83.3,7,10,3.6,3.8,3.7,3.7,3.8,3.6,3.8,3.4,3.27,3.6,3.9,
AIG20230000412830,8,4.3,전반적 만족도,11,6,54.5,4,6,4.3,4.3,4.3,4.4,4.5,4.3,4.3,4.2,4.23,4.3,,
AIG20230000412830,9,3.2,전반적 만족도,14,9,64.3,7,9,3.2,3.5,3.6,3.3,3.6,3.5,3.3,3.0,3.0,3.1,4.3,
AIG20230000412831,1,4.5,전반적 만족도,40,36,90,34,36,4.5,4.3,4.3,4.7,4.6,4.4,4.6,4.7,4.2,4.5,5.0,
AIG20230000412831,2,3.7,전반적 만족도,24,22,91.7,13,22,3.7,2.6,3.9,4.2,3.9,3.6,3.9,3.9,3.53,3.4,2.9,
AIG20230000412832,1,4.4,전반적 만족도,10,9,90,8,9,4.4,4.4,4.3,4.5,4.6,4.3,4.4,4.6,4.53,4.3,,
AIG20230000412832,2,3.7,전반적 만족도,16,13,81.3,7,13,3.7,3.6,3.7,4.0,4.0,3.7,3.9,3.9,3.73,3.1,,
AIG20230000412832,3,3.7,전반적 만족도,19,14,73.7,8,14,3.7,3.7,3.8,4.1,4.1,3.8,4.0,4.2,3.7,3.4,,
AIG20230000412832,4,3.2,전반적 만족도,13,8,61.5,4,8,3.2,3.7,3.3,3.8,3.7,3.6,3.5,4.0,3.37,3.1,,
AIG20230000412832,5,4.1,전반적 만족도,12,8,66.7,8,8,4.1,4.4,4.2,4.2,4.3,3.9,4.1,4.2,4.53,4.4,,
AIG20230000412832,6,3.6,전반적 만족도,17,14,82.4,8,14,3.6,3.7,3.8,3.9,4.0,3.7,3.9,3.6,3.93,3.6,,
AIG20230000412832,7,4.1,전반적 만족도,16,15,93.8,12,15,4.1,3.9,4.3,4.5,4.3,4.2,4.1,3.8,4.2,3.8,,
AIG20230000412832,8,2.9,전반적 만족도,14,7,50,2,7,2.9,2.8,3.2,3.6,3.9,3.2,3.5,3.8,3.37,2.8,2.9,
AIG20230000412832,9,4.3,전반적 만족도,7,2,28.6,2,2,4.3,5.0,4.6,5.0,5.0,4.8,4.6,4.8,4.73,4.6,,
AIG20230000412832,10,2.9,전반적 만족도,13,4,30.8,1,4,2.9,3.8,3.5,3.8,4.2,3.3,3.6,4.1,3.67,2.9,,
AIG20230000412832,11,4.0,전반적 만족도,14,6,42.9,5,6,4.0,3.8,4.0,4.1,4.2,3.8,4.0,4.2,4.27,3.9,,
AIG20230000412832,12,2.8,전반적 만족도,14,11,78.6,4,11,2.8,2.3,3.0,3.4,3.3,3.1,3.2,2.6,2.9,2.7,,
AIG20230000412832,13,4.0,전반적 만족도,17,11,64.7,10,11,4.0,3.6,3.9,4.0,4.1,3.9,4.1,3.4,4.13,3.6,,
AIG20230000412832,14,4.1,전반적 만족도,10,4,40,2,4,4.1,4.5,4.2,4.3,4.3,4.2,4.3,4.4,4.0,3.9,,
AIG20230000412832,15,4.3,전반적 만족도,6,4,66.7,4,4,4.3,4.5,4.2,4.7,4.8,4.5,4.3,4.2,4.23,4.6,,
AIG20230000412834,1,4.3,전반적 만족도,28,23,82.1,19,23,4.3,3.5,4.1,4.3,4.0,4.2,4.5,3.5,4.4,4.1,4.3,
AIG20230000412834,2,4.5,전반적 만족도,28,26,92.9,26,26,4.5,3.5,4.1,4.7,4.5,4.4,4.7,3.7,4.6,4.4,4.3,
AIG20230000412834,3,4.9,전반적 만족도,28,24,85.7,24,24,4.9,4.8,4.8,4.9,4.9,4.9,4.9,4.8,4.87,4.9,5.0,
AIG20230000412834,4,4.9,전반적 만족도,28,20,71.4,20,20,4.9,4.9,4.8,4.9,4.9,4.8,4.8,4.9,4.9,4.9,5.0,
AIG20230000412834,5,4.3,전반적 만족도,28,22,78.6,21,22,4.3,4.2,4.1,4.4,4.3,4.3,4.4,4.3,4.3,4.3,5.0,
AIG20230000412834,6,4.2,전반적 만족도,33,19,57.6,18,19,4.2,3.5,4.0,4.5,4.5,4.2,4.6,4.2,4.47,4.3,2.9,
AIG20230000412839,1,4.4,전반적 만족도,31,29,93.5,27,29,4.4,4.4,4.5,4.5,4.6,4.4,4.4,4.5,4.23,4.5,5.0,
AIG20230000412839,2,4.5,전반적 만족도,14,13,92.9,13,13,4.5,4.2,4.5,4.6,4.6,4.5,4.6,4.6,4.13,4.4,,
AIG20230000412839,3,4.5,전반적 만족도,24,22,91.7,22,22,4.5,4.3,4.5,4.6,4.6,4.5,4.5,4.2,4.53,4.6,5.0,
AIG20230000412839,4,3.2,전반적 만족도,19,17,89.5,13,17,3.2,3.3,3.8,3.5,3.8,3.5,3.4,3.5,3.2,3.2,2.9,
AIG20230000412839,5,4.0,전반적 만족도,17,16,94.1,15,16,4.0,3.8,4.3,4.5,4.1,4.2,4.0,3.8,4.07,4.1,,
AIG20230000412839,6,4.0,전반적 만족도,20,14,70,8,14,4.0,4.1,4.3,4.1,4.3,4.1,4.1,4.2,3.93,3.3,5.0,
AIG20230000412839,7,4.4,전반적 만족도,25,18,72,18,18,4.4,4.2,4.4,4.5,4.6,4.3,4.4,4.1,4.0,4.2,4.5,
AIG20230000412839,8,4.2,전반적 만족도,21,14,66.7,12,14,4.2,4.1,4.3,4.4,4.4,4.2,4.1,3.6,3.97,4.2,4.3,
AIG20230000412839,9,4.5,전반적 만족도,12,10,83.3,9,10,4.5,4.4,4.7,4.9,4.9,4.6,4.7,4.5,4.43,4.6,4.6,
AIG20230000412840,1,4.5,전반적 만족도,15,13,86.7,11,13,4.5,3.7,4.5,4.3,4.4,4.4,4.2,4.9,4.0,4.3,3.8,
AIG20230000412840,2,4.5,전반적 만족도,14,11,78.6,11,11,4.5,4.2,4.6,4.9,4.7,4.5,4.4,4.7,3.93,4.4,,
AIG20230000412840,4,4.5,전반적 만족도,15,13,86.7,11,13,4.5,3.7,4.5,4.3,4.4,4.4,4.2,4.9,4.0,4.3,3.8,
AIG20230000412842,1,4.1,전반적 만족도,28,20,71.4,16,20,4.1,3.9,3.9,4.6,4.1,4.3,4.5,4.0,4.1,4.0,2.9,
AIG20230000412842,2,4.5,전반적 만족도,28,20,71.4,18,20,4.5,4.4,4.3,4.6,4.3,4.4,4.5,4.1,4.23,4.4,5.0,
AIG20230000412842,3,4.3,전반적 만족도,19,9,47.4,6,9,4.3,3.9,4.2,4.6,4.4,4.1,4.4,4.2,4.03,4.0,,
AIG20230000412842,4,2.6,전반적 만족도,24,18,75,9,18,2.6,3.5,3.1,2.6,3.5,2.7,3.1,3.3,3.0,2.6,2.9,
AIG20230000412842,6,4.4,전반적 만족도,20,17,85,16,17,4.4,4.1,4.3,4.4,4.2,4.2,4.2,4.0,4.07,4.2,5.0,
AIG20230000412847,1,4.6,전반적 만족도,22,14,63.6,13,14,4.6,4.3,4.7,4.7,4.7,4.5,4.6,4.6,4.37,4.3,5.0,
AIG20230000412847,2,4.2,전반적 만족도,69,52,75.4,44,51,4.2,4.1,4.3,4.3,4.5,4.3,4.3,4.3,4.07,4.0,4.5,
AIG20230000412847,3,4.0,전반적 만족도,83,64,77.1,59,64,4.0,3.8,4.2,4.2,4.3,4.1,4.1,4.2,4.03,3.9,4.5,
AIG20230000412847,4,3.7,전반적 만족도,36,32,88.9,26,32,3.7,3.8,4.1,4.3,4.3,4.0,4.0,4.1,3.83,3.7,4.8,
AIG20230000412847,5,4.2,전반적 만족도,41,28,68.3,24,28,4.2,4.0,4.3,4.4,4.5,4.3,4.3,4.3,4.13,4.0,3.6,
AIG20230000412847,6,4.7,전반적 만족도,7,7,100,7,7,4.7,4.5,4.6,4.7,4.8,4.6,4.7,4.7,4.4,4.4,,
AIG20230000412849,1,4.0,전반적 만족도,9,8,88.9,7,8,4.0,3.4,4.0,4.5,4.0,4.1,4.0,4.2,3.87,3.8,,
AIG20230000412849,2,2.9,전반적 만족도,10,7,70,4,7,2.9,3.5,3.2,3.5,3.6,3.4,3.0,3.7,3.3,2.7,,
AIG20230000412849,3,5.0,전반적 만족도,9,4,44.4,3,4,5.0,5.0,4.9,5.0,5.0,4.9,5.0,4.7,4.37,4.3,5.0,
AIG20230000412852,1,4.7,전반적 만족도,22,19,86.4,19,19,4.7,4.6,4.7,4.9,4.9,4.5,4.7,4.5,4.5,4.7,5.0,
AIG20230000412852,2,4.5,전반적 만족도,25,23,92,23,23,4.5,4.5,4.6,4.6,4.6,4.5,4.6,4.6,4.6,4.7,5.0,
AIG20230000412852,3,4.3,전반적 만족도,22,19,86.4,19,19,4.3,4.0,4.5,4.7,4.4,4.3,4.4,4.2,4.07,4.2,5.0,
AIG20230000412852,4,4.8,전반적 만족도,27,22,81.5,22,22,4.8,4.6,4.8,4.8,4.8,4.8,4.8,4.5,4.57,4.6,5.0,
AIG20230000412852,5,4.9,전반적 만족도,24,19,79.2,19,19,4.9,4.8,4.9,4.9,4.9,4.8,4.9,4.7,4.77,4.7,5.0,
AIG20230000412852,6,4.8,전반적 만족도,25,21,84,21,21,4.8,4.8,4.8,4.9,4.9,4.8,4.8,4.8,4.8,4.9,5.0,
AIG20230000412852,7,4.7,전반적 만족도,23,17,73.9,17,17,4.7,4.5,4.7,4.7,4.6,4.5,4.7,4.5,4.5,4.7,,
AIG20230000412852,8,3.7,전반적 만족도,19,14,73.7,11,14,3.7,3.7,3.9,4.2,4.0,3.9,3.8,3.8,3.8,3.6,4.3,
AIG20230000412852,9,3.9,전반적 만족도,16,12,75,8,12,3.9,4.0,4.1,4.1,4.0,4.0,4.3,3.8,3.83,3.8,3.2,
AIG20230000412856,1,4.8,전반적 만족도,15,12,80,11,12,4.8,4.8,4.7,4.8,4.6,4.7,4.7,4.5,4.53,4.8,,
AIG20230000412856,2,4.1,전반적 만족도,29,25,86.2,25,25,4.1,3.9,4.0,4.4,4.3,4.0,4.0,4.2,3.87,4.1,3.9,
AIG20230000412856,3,4.0,전반적 만족도,16,15,93.8,12,15,4.0,4.3,3.7,3.9,3.9,3.8,3.9,4.0,3.87,3.8,5.0,
AIG20230000412856,4,4.7,전반적 만족도,10,9,90,9,9,4.7,3.7,4.1,4.8,4.1,4.4,4.6,3.6,4.23,4.3,5.0,
AIG20230000412857,1,4.9,전반적 만족도,18,12,66.7,12,12,4.9,4.8,4.9,4.9,4.9,4.8,4.9,4.8,4.8,4.8,4.5,
AIG20230000412857,2,4.8,전반적 만족도,22,17,77.3,17,17,4.8,4.8,4.9,4.9,4.9,4.9,5.0,4.9,4.83,4.7,3.9,
AIG20230000412857,3,4.6,전반적 만족도,24,23,95.8,23,23,4.6,4.7,4.4,4.7,4.6,4.5,4.6,4.6,4.37,4.7,5.0,
AIG20230000412857,4,4.8,전반적 만족도,28,23,82.1,23,23,4.8,4.6,4.7,4.8,4.7,4.7,4.7,4.7,4.73,4.8,4.8,
AIG20230000412857,5,4.7,전반적 만족도,20,13,65,13,13,4.7,4.8,4.6,4.8,4.7,4.7,4.7,4.8,4.63,4.8,,
AIG20230000412857,6,4.9,전반적 만족도,30,20,66.7,20,20,4.9,4.8,4.8,4.9,4.9,4.8,4.9,4.9,4.77,4.9,5.0,
AIG20230000412857,7,4.9,전반적 만족도,22,22,100,22,22,4.9,4.8,4.8,4.9,4.7,4.8,4.9,4.7,4.63,4.8,,
AIG20230000412857,8,4.5,전반적 만족도,29,27,93.1,26,27,4.5,4.4,4.4,4.6,4.4,4.4,4.6,4.5,4.47,4.5,,
AIG20230000412857,9,4.7,전반적 만족도,21,19,90.5,19,19,4.7,4.8,4.7,4.8,4.8,4.6,4.7,4.8,4.43,4.6,4.6,
AIG20230000412857,10,4.7,전반적 만족도,30,28,93.3,28,28,4.7,4.7,4.8,4.8,4.8,4.7,4.8,4.7,4.6,4.8,,
AIG20230000412857,11,4.7,전반적 만족도,26,21,80.8,20,21,4.7,4.7,4.7,4.8,4.7,4.6,4.8,4.6,4.67,4.8,5.0,
AIG20230000412857,12,4.8,전반적 만족도,19,19,100,19,19,4.8,4.8,4.8,4.8,4.8,4.7,4.8,4.8,4.63,4.8,5.0,
AIG20230000412857,13,4.0,전반적 만족도,11,9,81.8,9,9,4.0,4.3,4.2,4.2,4.2,4.0,4.4,4.4,4.4,4.4,4.3,
AIG20230000412857,14,4.8,전반적 만족도,26,21,80.8,21,21,4.8,4.7,4.7,4.8,4.7,4.8,4.8,4.8,4.37,4.7,5.0,
AIG20230000412863,1,4.6,전반적 만족도,9,9,100,9,9,4.6,4.6,4.6,4.8,4.6,4.6,4.7,4.6,4.27,4.7,3.6,
AIG20230000412863,2,3.6,전반적 만족도,20,12,60,11,12,3.6,3.7,3.8,3.5,3.8,3.7,3.5,4.0,3.9,3.5,,
AIG20230000412863,3,4.0,전반적 만족도,19,17,89.5,17,17,4.0,4.2,4.0,3.9,3.8,4.1,3.9,4.2,3.77,3.9,,
AIG20230000412863,4,4.6,전반적 만족도,17,16,94.1,16,16,4.6,4.5,4.8,4.6,4.8,4.5,4.5,4.5,4.6,4.7,4.3,
AIG20230000412863,5,4.8,전반적 만족도,15,9,60,9,9,4.8,4.9,4.8,5.0,5.0,4.8,4.7,4.9,4.47,4.8,,
AIG20230000412866,1,4.9,전반적 만족도,16,15,93.8,15,15,4.9,4.8,4.8,4.9,4.8,4.8,4.8,4.7,4.77,4.8,4.3,
AIG20230000412866,2,4.6,전반적 만족도,19,18,94.7,16,18,4.6,4.6,4.7,4.8,4.7,4.6,4.5,4.3,4.33,4.2,4.3,
AIG20230000412866,3,4.1,전반적 만족도,15,13,86.7,11,13,4.1,4.4,4.4,4.2,4.3,3.9,4.2,4.0,3.9,4.0,4.3,
AIG20230000412866,4,4.7,전반적 만족도,15,15,100,15,15,4.7,4.4,4.7,4.8,4.8,4.7,4.6,4.3,4.37,4.5,5.0,
AIG20230000412866,5,3.5,전반적 만족도,12,8,66.7,7,8,3.5,3.4,3.7,4.1,3.8,3.8,3.7,3.7,3.53,3.3,,
AIG20230000412866,6,5.0,전반적 만족도,19,15,78.9,15,15,5.0,4.8,5.0,5.0,5.0,5.0,5.0,4.9,4.8,5.0,,
AIG20230000412866,7,4.4,전반적 만족도,23,20,87,20,20,4.4,4.0,4.4,4.6,4.4,4.4,4.5,4.1,4.33,4.4,,
AIG20230000412866,8,4.8,전반적 만족도,17,13,76.5,13,13,4.8,4.7,4.8,4.9,4.8,4.8,4.8,4.8,4.7,4.7,4.3,
AIG20230000412866,9,4.8,전반적 만족도,5,3,60,3,3,4.8,4.8,4.3,5.0,5.0,4.8,5.0,5.0,5.0,4.8,,
AIG20230000412866,10,4.7,전반적 만족도,13,12,92.3,12,12,4.7,4.7,4.6,4.8,4.6,4.6,4.7,4.6,4.6,4.6,,
AIG20230000412866,11,4.9,전반적 만족도,10,8,80,8,8,4.9,4.6,4.9,4.9,4.9,4.9,5.0,4.7,4.93,5.0,4.6,
AIG20230000412866,12,4.8,전반적 만족도,13,9,69.2,9,9,4.8,4.3,4.6,4.7,4.6,4.8,4.6,4.4,4.67,4.7,,
AIG20230000412868,1,4.6,전반적 만족도,12,9,75,9,9,4.6,4.7,4.6,4.7,4.6,4.6,4.7,4.7,4.47,4.6,,
AIG20230000412868,2,4.3,전반적 만족도,15,12,80,11,12,4.3,4.1,4.4,4.5,4.5,4.2,4.4,4.3,4.27,4.4,,
AIG20230000412868,3,4.6,전반적 만족도,22,20,90.9,20,20,4.6,4.5,4.3,4.7,4.3,4.5,4.7,4.2,4.67,4.5,4.4,
AIG20230000412868,4,5.0,전반적 만족도,11,3,27.3,3,3,5.0,5.0,4.9,4.8,4.9,4.9,5.0,4.9,4.53,5.0,,
AIG20230000412868,5,4.6,전반적 만족도,26,20,76.9,19,20,4.6,4.5,4.8,4.7,4.7,4.6,4.8,4.6,4.57,4.7,,
AIG20230000412868,6,4.5,전반적 만족도,28,25,89.3,24,25,4.5,4.2,4.6,4.6,4.6,4.5,4.6,4.3,4.47,4.5,4.3,
AIG20230000412868,7,4.5,전반적 만족도,17,12,70.6,12,12,4.5,4.6,4.5,4.8,4.6,4.5,4.6,4.4,4.4,4.3,,
AIG20230000412868,8,4.3,전반적 만족도,17,11,64.7,9,11,4.3,3.9,4.3,4.5,4.2,4.2,4.1,4.1,3.77,3.6,4.3,
AIG20230000412868,9,4.6,전반적 만족도,16,14,87.5,14,14,4.6,4.7,4.8,4.6,4.7,4.7,4.7,4.6,4.53,4.6,,
AIG20230000412868,10,4.8,전반적 만족도,19,14,73.7,14,14,4.8,4.7,4.7,4.8,4.8,4.8,4.8,4.6,4.73,4.7,4.3,
AIG20230000412871,1,3.6,전반적 만족도,25,17,68,14,17,3.6,3.8,3.7,3.7,3.8,3.6,3.6,4.0,3.67,3.7,4.6,
AIG20230000412871,2,3.5,전반적 만족도,19,12,63.2,7,12,3.5,3.3,3.4,3.3,3.4,3.5,3.5,3.6,3.13,3.0,,
AIG20230000412871,3,3.2,전반적 만족도,18,14,77.8,8,14,3.2,3.4,3.3,3.2,3.4,3.2,2.9,3.9,3.3,3.0,3.6,
AIG20230000412871,4,4.7,전반적 만족도,22,19,86.4,17,19,4.7,4.5,4.6,4.8,4.7,4.6,4.6,4.7,4.43,4.5,4.8,
AIG20230000412871,5,4.2,전반적 만족도,23,19,82.6,16,19,4.2,4.1,4.2,4.2,4.2,4.2,4.1,4.2,4.0,4.1,,
AIG20230000412875,1,4.2,전반적 만족도,45,18,40,16,18,4.2,4.0,4.4,4.6,4.6,4.0,4.6,4.3,3.87,4.2,4.5,
AIG20230000412875,2,4.4,전반적 만족도,40,17,42.5,14,17,4.4,4.1,4.1,4.4,4.3,4.2,4.5,4.3,4.07,4.1,,
AIG20230000412876,1,4.2,전반적 만족도,60,35,58.3,31,35,4.2,3.7,4.1,4.6,4.5,4.3,4.7,3.9,4.37,4.0,4.1,
AIG20230000412876,2,4.4,전반적 만족도,58,40,69,34,40,4.4,4.1,4.2,4.4,4.5,4.4,4.5,4.0,4.23,4.0,4.8,
AIG20230000412876,3,4.7,전반적 만족도,58,44,75.9,44,44,4.7,4.7,4.8,4.8,4.8,4.7,4.8,4.4,4.63,4.4,4.7,
AIG20230000412876,4,4.3,전반적 만족도,59,44,74.6,38,44,4.3,4.1,4.3,4.3,4.5,4.2,4.4,4.0,4.3,4.2,4.5,
AIG20230000412876,5,4.8,전반적 만족도,22,17,77.3,17,17,4.8,4.6,4.7,4.8,4.8,4.7,4.8,4.5,4.53,4.4,5.0,
AIG20230000412876,6,4.1,전반적 만족도,40,36,90,30,36,4.1,4.2,4.3,4.4,4.4,4.1,4.3,4.0,4.07,4.0,3.6,
AIG20230000412876,7,4.6,전반적 만족도,33,28,84.8,26,28,4.6,4.3,4.6,4.8,4.8,4.5,4.7,4.1,4.53,4.4,4.9,
AIG20230000412880,1,4.6,전반적 만족도,17,12,70.6,12,12,4.6,4.7,4.7,4.8,4.8,4.6,4.7,4.7,4.6,4.5,5.0,
AIG20230000412880,2,4.9,전반적 만족도,17,7,41.2,7,7,4.9,4.8,4.9,5.0,4.9,4.9,5.0,4.9,4.93,4.9,4.3,
AIG20230000412881,1,3.4,전반적 만족도,32,12,37.5,5,12,3.4,3.3,3.7,4.0,4.1,3.7,3.9,4.0,3.53,3.3,2.9,
AIG20230000412881,2,4.5,전반적 만족도,22,19,86.4,19,19,4.5,4.7,4.6,4.8,4.7,4.5,4.5,4.7,4.43,4.6,,
AIG20230000412881,3,3.9,전반적 만족도,30,22,73.3,18,22,3.9,3.7,3.9,3.9,4.2,3.9,4.1,3.9,3.73,4.0,,
AIG20230000412881,4,4.4,전반적 만족도,29,23,79.3,22,23,4.4,4.3,4.6,4.5,4.6,4.5,4.5,4.3,4.33,4.5,5.0,
AIG20230000412881,5,4.5,전반적 만족도,36,27,75,27,27,4.5,4.3,4.5,4.7,4.6,4.3,4.5,4.5,4.37,4.5,5.0,
AIG20230000412881,6,4.2,전반적 만족도,36,32,88.9,30,32,4.2,4.1,4.3,4.4,4.3,4.2,4.2,4.2,4.17,4.2,4.3,
AIG20230000412883,1,2.9,전반적 만족도,32,16,50,5,16,2.9,2.5,3.4,4.2,3.7,3.5,3.7,3.5,3.33,2.9,,
AIG20230000412883,2,4.5,전반적 만족도,32,29,90.6,27,29,4.5,4.6,4.4,4.7,4.6,4.5,4.5,4.5,4.5,4.5,4.5,
AIG20230000412883,3,4.2,전반적 만족도,36,31,86.1,30,31,4.2,4.1,4.4,4.5,4.5,4.2,4.4,4.3,4.2,4.4,4.3,
AIG20230000412883,4,4.2,전반적 만족도,34,29,85.3,28,29,4.2,4.2,4.3,4.6,4.5,4.4,4.3,4.3,4.2,4.3,4.3,
AIG20230000412883,5,4.2,전반적 만족도,36,34,94.4,30,34,4.2,4.2,4.2,4.5,4.4,4.3,4.4,4.2,4.13,4.2,3.9,
AIG20230000412883,6,4.8,전반적 만족도,36,23,63.9,23,23,4.8,4.8,4.8,4.9,4.8,4.8,4.8,4.8,4.67,4.7,5.0,
AIG20230000412885,1,4.4,전반적 만족도,28,19,67.9,18,19,4.4,4.6,4.4,4.8,4.7,4.4,4.6,4.6,4.33,4.5,,
AIG20230000412885,2,4.6,전반적 만족도,26,22,84.6,19,22,4.6,4.7,4.6,4.7,4.7,4.6,4.6,4.7,4.53,4.6,5.0,
AIG20230000412885,3,4.7,전반적 만족도,36,28,77.8,26,28,4.7,4.6,4.8,4.8,4.8,4.7,4.8,4.7,4.67,4.7,,
AIG20230000412885,4,4.9,전반적 만족도,36,33,91.7,33,33,4.9,4.7,4.9,4.9,4.9,4.9,4.8,4.8,4.77,4.8,5.0,
AIG20230000412885,5,4.4,전반적 만족도,30,27,90,26,27,4.4,4.6,4.6,4.5,4.6,4.5,4.6,4.5,4.5,4.5,4.6,
AIG20230000412885,6,4.7,전반적 만족도,30,25,83.3,25,25,4.7,4.5,4.7,4.7,4.8,4.7,4.8,4.6,4.57,4.6,3.6,
AIG20230000412892,1,4.3,전반적 만족도,26,26,100,25,26,4.3,4.1,4.0,4.3,4.2,4.1,4.5,4.6,4.43,4.5,4.3,
AIG20230000412892,2,4.7,전반적 만족도,30,28,93.3,27,28,4.7,4.5,4.5,4.7,4.7,4.6,4.8,4.7,4.57,4.7,5.0,
AIG20230000412892,3,4.9,전반적 만족도,30,28,93.3,28,28,4.9,4.5,4.8,4.9,4.9,4.8,4.8,4.8,4.73,4.8,,
AIG20230000412892,4,4.7,전반적 만족도,29,29,100,29,29,4.7,4.7,4.8,4.8,4.8,4.7,4.8,4.8,4.7,4.7,5.0,
AIG20230000412892,6,4.8,전반적 만족도,26,26,100,25,26,4.8,4.8,4.8,4.9,4.9,4.8,4.8,4.9,4.8,4.8,5.0,
AIG20230000412892,7,4.8,전반적 만족도,30,28,93.3,28,28,4.8,4.7,4.8,4.8,4.8,4.8,4.9,4.8,4.8,4.8,3.9,
AIG20230000412892,8,4.8,전반적 만족도,32,31,96.9,30,31,4.8,4.7,4.7,4.8,4.8,4.7,4.8,4.9,4.77,4.7,4.3,
AIG20230000412895,1,3.3,전반적 만족도,24,18,75,8,18,3.3,3.3,3.4,3.8,3.5,3.2,3.5,3.0,3.67,3.3,,
AIG20230000412895,2,4.1,전반적 만족도,24,22,91.7,18,22,4.1,3.8,3.6,4.3,4.1,3.8,3.9,3.8,3.6,4.1,3.6,
AIG20230000412895,3,3.1,전반적 만족도,24,20,83.3,11,20,3.1,2.6,3.1,3.8,3.2,2.9,3.3,3.3,2.9,3.0,,
AIG20230000412895,4,3.0,전반적 만족도,27,18,66.7,8,18,3.0,3.2,2.8,2.8,3.0,2.8,2.9,3.2,2.8,2.5,,
AIG20230000412895,5,3.8,전반적 만족도,24,18,75,15,18,3.8,3.3,4.0,4.5,4.2,3.4,3.7,3.3,3.47,3.6,,
AIG20230000412895,6,1.7,전반적 만족도,20,14,70,1,14,1.7,2.4,2.2,2.6,2.5,1.9,1.9,3.3,1.97,1.3,,
AIG20230000412895,7,3.6,전반적 만족도,19,15,78.9,10,15,3.6,4.1,4.0,4.0,3.9,3.5,4.1,3.8,3.4,3.4,3.2,
AIG20230000412895,8,3.8,전반적 만족도,18,17,94.4,13,17,3.8,3.9,3.5,4.2,3.9,3.5,3.9,3.8,3.87,3.7,,
AIG20230000412895,9,3.7,전반적 만족도,16,14,87.5,8,14,3.7,3.3,3.7,3.6,3.8,3.7,3.8,4.3,3.53,3.4,,
AIG20230000412895,10,4.4,전반적 만족도,11,9,81.8,8,9,4.4,4.6,4.6,4.6,4.7,4.6,4.7,4.6,4.13,4.6,5.0,
AIG20230000412895,11,4.4,전반적 만족도,17,16,94.1,15,16,4.4,4.6,4.6,4.7,4.6,4.4,4.4,4.4,4.1,4.4,,
AIG20230000412895,12,3.2,전반적 만족도,24,15,62.5,10,15,3.2,3.2,3.5,4.0,3.8,3.0,3.5,3.7,3.27,3.0,,
AIG20230000412895,13,4.6,전반적 만족도,22,19,86.4,19,19,4.6,4.6,4.6,4.8,4.7,4.3,4.7,4.8,4.5,4.5,5.0,
AIG20230000412895,14,4.8,전반적 만족도,15,11,73.3,11,11,4.8,4.7,4.6,4.9,4.6,4.7,4.6,4.8,4.4,4.7,5.0,
AIG20230000412895,15,4.5,전반적 만족도,15,10,66.7,10,10,4.5,3.9,4.5,4.6,4.5,4.3,4.5,4.1,4.03,4.4,4.3,
AIG20230000412897,1,4.2,전반적 만족도,22,18,81.8,18,18,4.2,4.1,4.4,4.6,4.3,4.0,4.7,4.4,4.47,4.0,3.4,
AIG20230000412897,2,4.5,전반적 만족도,22,17,77.3,14,17,4.5,4.2,4.4,4.5,4.5,4.4,4.7,4.4,4.47,4.2,,
AIG20230000412897,3,3.5,전반적 만족도,29,22,75.9,14,22,3.5,3.9,3.5,3.3,3.6,3.5,3.8,3.8,3.67,3.3,3.6,
AIG20230000412897,4,3.8,전반적 만족도,16,9,56.3,6,9,3.8,3.7,3.7,3.9,3.5,3.9,4.0,4.2,3.77,3.3,,
AIG20230000412897,5,4.5,전반적 만족도,24,20,83.3,19,20,4.5,4.0,4.1,4.7,4.3,4.1,4.4,4.1,4.0,4.1,4.3,
AIG20230000412897,6,4.1,전반적 만족도,27,22,81.5,18,22,4.1,3.9,4.1,4.2,4.1,4.1,4.0,3.8,3.87,3.7,5.0,
AIG20230000412897,7,4.7,전반적 만족도,27,22,81.5,22,22,4.7,4.3,4.7,4.8,4.6,4.7,4.6,4.5,4.67,4.7,3.9,
AIG20230000412897,8,4.4,전반적 만족도,29,26,89.7,26,26,4.4,4.5,4.6,4.8,4.7,4.6,4.5,4.4,4.53,4.5,4.5,
AIG20230000412897,9,3.0,전반적 만족도,27,20,74.1,12,20,3.0,3.0,2.9,3.0,3.0,3.0,3.1,3.6,3.03,2.7,5.0,
AIG20230000412897,10,4.2,전반적 만족도,29,27,93.1,26,27,4.2,4.1,4.0,4.0,4.0,4.0,4.2,3.9,4.13,4.0,3.8,
AIG20230000412897,11,4.5,전반적 만족도,29,25,86.2,24,25,4.5,4.4,4.5,4.5,4.5,4.4,4.5,4.4,4.5,4.3,4.5,
AIG20230000412897,12,3.9,전반적 만족도,28,22,78.6,17,22,3.9,3.9,4.0,4.3,4.2,4.1,4.0,3.8,3.9,4.0,4.3,
AIG20230000412897,13,3.1,전반적 만족도,30,23,76.7,9,23,3.1,3.4,3.1,3.2,3.4,3.0,3.4,3.2,3.27,3.0,2.1,
AIG20230000412897,14,4.0,전반적 만족도,23,21,91.3,18,21,4.0,4.0,4.3,4.6,4.3,4.1,4.3,4.1,4.2,4.4,3.9,
AIG20230000412897,16,3.9,전반적 만족도,17,16,94.1,11,16,3.9,2.9,3.7,4.1,3.9,3.8,4.1,3.7,3.7,3.6,2.9,
AIG20230000412897,17,3.3,전반적 만족도,19,17,89.5,9,17,3.3,3.2,3.6,3.8,3.7,3.9,3.4,3.7,3.8,3.5,4.3,
AIG20230000412904,1,5.0,전반적 만족도,24,20,83.3,20,20,5.0,5.0,5.0,5.0,4.9,5.0,4.9,4.9,5.0,5.0,,
AIG20230000412904,2,4.0,전반적 만족도,20,17,85,14,17,4.0,4.3,4.0,4.1,4.1,3.9,4.2,4.1,4.0,3.7,,
AIG20230000412904,3,4.1,전반적 만족도,27,20,74.1,16,20,4.1,3.5,4.3,4.6,4.0,4.3,4.2,3.8,3.93,4.0,3.9,
AIG20230000412904,5,4.6,전반적 만족도,27,24,88.9,23,24,4.6,4.6,4.7,4.8,4.7,4.7,4.6,4.5,4.7,4.6,,
AIG20230000455437,1,3.4,전반적 만족도,8,8,100,5,8,3.4,4.0,,4.2,,3.8,3.2,4.2,3.9,3.8,5.0,4.0
AIG20230000455437,2,4.6,전반적 만족도,9,6,66.7,6,6,4.6,4.6,,4.9,,4.7,4.6,4.6,4.6,4.6,,4.8
AIG20230000455460,1,4.8,전반적 만족도,18,17,94.4,17,17,4.8,5.0,,4.9,,4.8,4.8,4.9,4.77,4.7,,4.9
AIG20230000455460,2,4.8,전반적 만족도,18,16,88.9,16,16,4.8,5.0,,5.0,,4.9,4.9,4.8,4.9,4.8,,4.9
AIG20230000455460,3,4.8,전반적 만족도,16,15,93.8,15,15,4.8,5.0,,5.0,,4.9,5.0,5.0,4.9,5.0,,5.0
AIG20230000455460,4,4.6,전반적 만족도,24,17,70.8,17,17,4.6,4.9,,4.8,,4.8,4.6,4.9,4.83,4.8,5.0,4.8
AIG20230000455460,5,5.0,전반적 만족도,11,10,90.9,10,10,5.0,4.9,,5.0,,4.9,4.9,4.9,4.9,4.9,5.0,4.9
AIG20230000455460,6,5.0,전반적 만족도,25,19,76,19,19,5.0,5.0,,5.0,,5.0,5.0,5.0,4.93,5.0,5.0,5.0
AIG20230000455460,7,5.0,전반적 만족도,9,8,88.9,8,8,5.0,4.9,,5.0,,4.9,5.0,4.9,4.9,5.0,,5.0
AIG20230000455460,8,5.0,전반적 만족도,17,15,88.2,15,15,5.0,4.7,,4.9,,4.9,4.9,5.0,4.9,5.0,,5.0
AIG20230000455460,9,5.0,전반적 만족도,14,9,64.3,9,9,5.0,5.0,,5.0,,5.0,5.0,5.0,4.97,4.9,5.0,4.9
AIG20230000455460,10,4.8,전반적 만족도,16,13,81.3,13,13,4.8,4.7,,4.9,,4.7,4.8,4.4,4.73,4.8,,4.9
AIG20230000455498,1,3.4,전반적 만족도,16,9,56.3,7,9,3.4,3.9,,3.7,,3.4,4.0,4.4,3.67,3.9,2.9,3.7
AIG20230000455498,2,4.1,전반적 만족도,22,13,59.1,10,13,4.1,3.9,,4.3,,4.1,4.4,4.3,4.03,3.9,3.9,3.8
AIG20230000455498,3,4.5,전반적 만족도,23,20,87,19,20,4.5,4.4,,4.7,,4.4,4.4,4.6,4.33,4.5,5.0,4.6
AIG20230000455498,4,3.6,전반적 만족도,20,16,80,12,16,3.6,3.3,,3.6,,3.5,3.6,3.1,3.6,3.6,3.6,3.6
AIG20230000455507,1,4.5,전반적 만족도,12,11,91.7,11,11,4.5,4.6,,4.6,,4.5,4.5,4.6,4.47,4.5,,4.6
AIG20230000455507,2,4.4,전반적 만족도,21,21,100,20,21,4.4,4.4,,4.4,,4.3,4.3,4.5,4.33,4.4,5.0,4.4
AIG20230000455507,4,3.8,전반적 만족도,19,18,94.7,14,18,3.8,4.0,,4.1,,4.0,4.0,4.1,3.9,3.9,,4.0
AIG20230000455507,5,4.8,전반적 만족도,20,20,100,20,20,4.8,4.9,,4.9,,4.8,4.9,4.9,4.87,4.8,,4.8
AIG20230000455522,1,3.3,전반적 만족도,45,41,91.1,19,41,3.3,3.3,,3.6,,3.5,3.5,3.3,3.73,3.2,3.8,3.5
AIG20230000455522,2,4.8,전반적 만족도,31,27,87.1,26,27,4.8,4.7,,4.9,,4.8,4.7,4.5,4.87,4.7,5.0,4.8
AIG20230000455522,3,4.5,전반적 만족도,31,30,96.8,29,30,4.5,4.2,,4.6,,4.5,4.5,4.5,4.47,4.5,,4.5
AIG20230000455522,4,4.2,전반적 만족도,35,28,80,25,28,4.2,4.0,,4.6,,4.3,4.3,4.1,4.27,4.3,,4.3
AIG20230000455522,5,4.6,전반적 만족도,27,27,100,25,27,4.6,4.5,,4.8,,4.7,4.7,4.7,4.7,4.6,4.9,4.7
AIG20230000455523,1,2.6,전반적 만족도,21,17,81,4,17,2.6,2.7,,2.1,,2.3,2.5,3.2,3.2,1.8,5.0,2.6
AIG20230000455523,2,3.3,전반적 만족도,24,19,79.2,13,19,3.3,3.4,,2.8,,3.0,3.2,3.1,3.47,3.3,2.9,3.1
AIG20230000455523,3,4.2,전반적 만족도,28,25,89.3,24,25,4.2,4.1,,4.6,,4.3,4.3,4.1,4.17,4.1,3.8,4.3
AIG20230000455523,4,3.9,전반적 만족도,25,23,92,20,23,3.9,3.4,,4.5,,4.1,4.4,3.9,4.07,4.1,3.0,4.1
AIG20230000455523,5,4.6,전반적 만족도,35,32,91.4,31,32,4.6,4.5,,4.8,,4.6,4.6,4.6,4.63,4.7,4.8,4.6
AIG20230000455530,1,4.5,전반적 만족도,23,23,100,23,23,4.5,4.6,,4.9,,4.6,4.6,4.6,4.77,4.6,4.6,4.7
AIG20230000455530,2,4.7,전반적 만족도,30,29,96.7,29,29,4.7,4.5,,4.7,,4.6,4.6,4.4,4.63,4.7,,4.6
AIG20230000455530,3,3.9,전반적 만족도,23,20,87,18,20,3.9,3.9,,4.0,,4.0,3.9,4.1,4.0,3.9,,3.9
AIG20230000455530,4,4.4,전반적 만족도,18,16,88.9,16,16,4.4,4.4,,4.7,,4.5,4.5,4.6,4.37,4.5,4.3,4.6
AIG20230000455530,5,4.7,전반적 만족도,24,22,91.7,22,22,4.7,4.7,,4.7,,4.6,4.7,4.6,4.63,4.7,5.0,4.7
AIG20230000455540,1,3.9,전반적 만족도,20,10,50,10,10,3.9,4.3,,4.1,,4.2,4.1,4.7,4.27,4.2,,4.2
AIG20230000455548,1,4.8,전반적 만족도,11,9,81.8,8,9,4.8,4.8,,4.8,,4.8,4.8,4.6,4.67,4.8,,4.7
AIG20230000455548,2,2.9,전반적 만족도,7,5,71.4,3,5,2.9,2.9,,2.5,,2.4,2.9,2.9,2.8,3.0,,2.9
AIG20230000455548,3,4.2,전반적 만족도,19,9,47.4,8,9,4.2,4.0,,4.4,,4.3,4.2,3.7,4.37,4.1,,4.5
AIG20230000455548,5,2.6,전반적 만족도,16,5,31.3,1,5,2.6,3.0,,3.6,,3.1,3.1,2.2,2.17,2.3,,3.1
AIG20230000455548,6,3.9,전반적 만족도,12,6,50,6,6,3.9,3.5,,4.5,,4.1,4.2,3.6,3.67,3.2,,4.3
AIG20230000455548,7,3.9,전반적 만족도,9,5,55.6,3,5,3.9,3.7,,4.1,,3.9,3.3,3.7,3.73,3.6,3.6,4.1
AIG20230000455548,8,2.3,전반적 만족도,7,6,85.7,1,6,2.3,2.7,,4.8,,2.5,2.1,2.1,2.83,2.3,2.9,4.6
AIG20230000455548,10,1.9,전반적 만족도,26,8,30.8,1,8,1.9,2.2,,2.8,,2.3,2.4,2.3,2.3,1.9,,2.8
AIG20230000455554,1,4.6,전반적 만족도,16,8,50,7,8,4.6,4.6,4.6,4.6,4.7,4.7,4.9,4.6,4.63,4.6,4.3,
AIG20230000455554,2,4.6,전반적 만족도,19,17,89.5,17,17,4.6,4.7,4.8,4.8,4.7,4.6,4.7,4.6,4.6,4.7,,
AIG20230000455554,3,3.8,전반적 만족도,17,11,64.7,7,11,3.8,4.0,3.9,4.0,3.9,3.9,4.1,3.9,3.67,3.6,2.9,
AIG20230000455554,4,4.8,전반적 만족도,21,12,57.1,11,12,4.8,4.9,4.8,4.8,4.8,4.8,4.9,4.9,4.8,4.8,4.3,
AIG20230000455554,6,4.5,전반적 만족도,16,12,75,11,12,4.5,4.5,4.7,4.7,4.6,4.6,4.8,4.6,4.67,4.7,5.0,
AIG20230000455554,7,4.0,전반적 만족도,19,14,73.7,12,14,4.0,4.1,4.2,4.2,4.2,4.0,4.1,4.1,4.0,4.0,5.0,
AIG20230000455554,8,4.9,전반적 만족도,11,5,45.5,5,5,4.9,5.0,5.0,5.0,5.0,5.0,5.0,5.0,5.0,5.0,,
AIG20230000455554,9,4.9,전반적 만족도,12,8,66.7,8,8,4.9,4.8,5.0,5.0,5.0,4.9,4.8,4.8,4.9,4.9,,
AIG20230000455554,10,4.7,전반적 만족도,18,14,77.8,13,14,4.7,4.6,4.8,4.9,4.9,4.8,4.8,4.6,4.63,4.7,5.0,
AIG20230000455554,11,4.7,전반적 만족도,15,11,73.3,10,11,4.7,4.4,4.6,4.7,4.6,4.4,4.5,4.8,4.33,4.5,,
AIG20230000455554,12,3.6,전반적 만족도,14,6,42.9,4,6,3.6,3.2,3.8,3.9,3.8,4.0,3.9,3.8,3.33,3.5,2.9,
AIG20230000455555,1,5.0,전반적 만족도,16,15,93.8,15,15,5.0,5.0,5.0,5.0,5.0,5.0,5.0,5.0,4.97,5.0,5.0,
AIG20230000455555,2,5.0,전반적 만족도,24,19,79.2,19,19,5.0,5.0,4.9,5.0,4.9,5.0,4.9,5.0,4.97,5.0,5.0,
AIG20230000455555,3,5.0,전반적 만족도,16,9,56.3,9,9,5.0,5.0,5.0,5.0,5.0,5.0,5.0,5.0,5.0,5.0,,
AIG20230000455555,4,4.9,전반적 만족도,11,10,90.9,10,10,4.9,4.8,5.0,5.0,5.0,5.0,5.0,4.7,4.9,5.0,,
AIG20230000455555,5,4.5,전반적 만족도,14,11,78.6,9,11,4.5,4.4,4.6,4.5,4.6,4.4,4.4,4.5,4.5,4.3,4.3,
AIG20230000455555,6,4.7,전반적 만족도,7,5,71.4,5,5,4.7,4.9,5.0,5.0,5.0,4.9,4.9,5.0,4.97,5.0,,
AIG20230000455555,7,4.6,전반적 만족도,12,6,50,6,6,4.6,4.9,4.4,4.5,4.5,4.6,4.6,4.5,4.47,4.5,5.0,
AIG20230000455557,1,3.7,전반적 만족도,11,7,63.6,7,7,3.7,4.1,4.1,4.2,4.3,4.2,4.0,4.0,4.13,4.2,3.9,
AIG20230000455560,1,4.2,전반적 만족도,19,16,84.2,15,16,4.2,4.1,4.2,4.7,4.6,4.3,4.5,3.0,4.2,4.2,5.0,
AIG20230000455560,2,4.1,전반적 만족도,11,5,45.5,5,5,4.1,4.0,4.2,4.3,4.3,4.2,4.3,4.0,3.97,4.0,,
AIG20230000455568,1,4.6,전반적 만족도,17,4,23.5,3,4,4.6,4.3,4.6,4.8,4.8,4.4,4.5,4.3,4.63,4.6,4.3,
AIG20230000455568,2,4.6,전반적 만족도,8,5,62.5,5,5,4.6,4.3,4.3,4.8,4.5,4.4,4.5,4.4,4.03,4.4,2.9,
AIG20230000455568,3,4.3,전반적 만족도,6,5,83.3,4,5,4.3,4.7,4.1,4.4,4.2,4.1,4.3,4.5,4.1,4.1,,
AIG20230000455568,4,4.8,전반적 만족도,6,4,66.7,4,4,4.8,5.0,4.9,5.0,4.8,4.9,4.6,5.0,4.3,4.8,5.0,
AIG20230000455573,1,4.6,전반적 만족도,15,12,80,11,12,4.6,4.8,4.8,4.9,4.9,4.7,4.8,4.9,4.77,4.8,5.0,
AIG20230000455573,3,4.7,전반적 만족도,19,14,73.7,14,14,4.7,4.8,4.7,4.8,4.7,4.8,4.7,4.9,4.73,4.5,5.0,
AIG20230000455573,5,4.8,전반적 만족도,14,13,92.9,12,13,4.8,4.7,4.7,4.7,4.8,4.7,4.7,4.8,4.7,4.7,4.8,
AIG20230000455573,6,4.6,전반적 만족도,19,11,57.9,11,11,4.6,4.2,4.6,4.5,4.5,4.6,4.6,4.7,4.33,4.5,5.0,
AIG20230000455573,10,3.8,전반적 만족도,6,3,50,3,3,3.8,4.0,4.3,4.5,4.2,4.2,4.0,4.4,4.2,4.3,,
AIG20230000455575,1,4.7,전반적 만족도,8,5,62.5,5,5,4.7,4.9,5.0,5.0,4.9,4.9,4.8,4.9,4.53,5.0,5.0,
AIG20230000455575,2,4.8,전반적 만족도,13,8,61.5,8,8,4.8,4.8,4.7,4.8,4.7,4.8,4.9,4.8,4.67,4.9,5.0,
AIG20230000455575,3,4.5,전반적 만족도,11,9,81.8,9,9,4.5,4.5,4.5,4.5,4.5,4.5,4.5,4.4,4.53,4.5,4.6,
AIG20230000455575,4,4.3,전반적 만족도,8,5,62.5,5,5,4.3,3.7,4.3,4.1,4.3,4.2,4.3,3.6,4.0,4.1,,
AIG20230000455576,1,5.0,전반적 만족도,10,7,70,7,7,5.0,4.9,4.8,5.0,4.9,5.0,4.8,4.9,4.97,4.9,5.0,
AIG20230000455576,2,4.8,전반적 만족도,13,10,76.9,10,10,4.8,4.3,4.7,4.8,4.6,4.7,4.4,4.0,4.33,4.5,,
AIG20230000455576,3,4.8,전반적 만족도,20,16,80,15,16,4.8,4.9,4.9,4.7,4.9,4.9,4.9,4.9,4.87,4.9,,
AIG20230000455576,4,3.9,전반적 만족도,16,10,62.5,8,10,3.9,4.1,4.1,4.5,4.1,4.0,3.8,4.1,4.0,3.4,,
AIG20230000455576,5,3.7,전반적 만족도,18,9,50,5,9,3.7,3.3,4.1,4.0,4.1,3.7,4.1,4.0,3.67,3.4,2.9,
AIG20230000455578,2,4.7,전반적 만족도,12,11,91.7,10,11,4.7,4.6,4.6,4.8,4.8,4.7,4.6,4.6,4.6,4.8,5.0,
AIG20230000455578,3,3.3,전반적 만족도,10,7,70,4,7,3.3,3.5,3.8,3.6,3.7,3.4,3.6,3.3,3.8,3.1,4.3,
AIG20230000455581,1,4.1,전반적 만족도,24,13,54.2,12,13,4.1,4.1,3.8,4.0,4.1,3.9,4.3,4.0,4.23,3.6,,
AIG20230000455581,2,4.6,전반적 만족도,24,23,95.8,22,23,4.6,4.3,4.5,4.6,4.6,4.5,4.5,4.0,4.5,4.4,4.8,
AIG20230000455581,3,4.5,전반적 만족도,22,18,81.8,17,18,4.5,4.8,4.8,4.9,4.8,4.7,4.5,4.8,4.77,4.4,5.0,
AIG20230000455581,4,4.9,전반적 만족도,20,20,100,20,20,4.9,4.7,4.6,4.9,5.0,4.8,4.9,4.5,4.93,5.0,4.8,
AIG20230000455581,5,4.7,전반적 만족도,23,18,78.3,18,18,4.7,4.8,4.8,4.8,4.8,4.6,4.7,4.8,4.77,4.7,5.0,
AIG20230000455581,6,4.7,전반적 만족도,28,21,75,21,21,4.7,4.2,4.6,4.8,4.7,4.6,4.8,4.5,4.63,4.6,4.6,
AIG20230000455581,7,4.5,전반적 만족도,22,21,95.5,20,21,4.5,4.3,4.4,4.8,4.7,4.3,4.7,4.4,4.5,4.4,4.3,
AIG20230000455581,8,4.2,전반적 만족도,24,23,95.8,23,23,4.2,4.0,4.2,4.5,4.5,4.2,4.4,4.4,4.33,4.2,3.6,
AIG20230000455581,9,4.4,전반적 만족도,24,20,83.3,19,20,4.4,4.1,4.3,4.4,4.5,4.3,4.3,4.4,4.33,4.1,4.8,
AIG20230000455581,10,4.7,전반적 만족도,25,24,96,24,24,4.7,4.5,4.5,4.8,4.7,4.6,4.6,4.4,4.57,4.5,4.3,
AIG20230000455585,1,4.6,전반적 만족도,9,7,77.8,6,7,4.6,4.3,4.7,4.7,4.6,4.4,4.9,4.7,4.7,4.3,4.6,
AIG20230000455585,2,4.4,전반적 만족도,11,9,81.8,9,9,4.4,4.3,4.5,4.8,4.6,4.5,4.4,4.6,4.4,4.4,5.0,
AIG20230000455585,3,2.9,전반적 만족도,9,8,88.9,6,8,2.9,3.8,3.0,2.9,3.4,3.3,3.3,4.1,3.7,3.3,2.9,
AIG20230000455586,1,4.5,전반적 만족도,7,4,57.1,4,4,4.5,3.6,4.2,4.2,4.1,4.0,3.6,4.4,3.93,3.9,4.3,
AIG20230000455587,1,4.7,전반적 만족도,50,40,80,39,40,4.7,4.7,4.6,4.8,4.7,4.7,4.7,4.7,4.6,4.7,5.0,
AIG20230000455587,2,4.5,전반적 만족도,75,71,94.7,66,71,4.5,4.6,4.3,4.7,4.7,4.4,4.5,4.4,4.23,4.5,4.3,
AIG20230000455587,3,4.7,전반적 만족도,61,54,88.5,52,54,4.7,4.8,4.7,4.8,4.7,4.7,4.7,4.7,4.63,4.7,4.8,
AIG20230000455587,4,4.7,전반적 만족도,80,73,91.3,73,73,4.7,4.6,4.7,4.8,4.7,4.7,4.7,4.6,4.53,4.8,5.0,
AIG20230000455588,1,4.3,전반적 만족도,8,5,62.5,3,5,4.3,4.4,4.3,4.3,4.3,4.3,4.1,4.2,3.73,4.1,5.0,
AIG20230000455588,2,4.5,전반적 만족도,8,7,87.5,7,7,4.5,4.4,4.6,4.3,4.5,4.3,4.4,4.5,4.47,4.5,,
AIG20230000455588,4,4.4,전반적 만족도,26,21,80.8,21,21,4.4,4.4,4.5,4.6,4.6,4.6,4.6,4.3,4.27,4.4,4.0,
AIG20230000455588,6,4.6,전반적 만족도,19,13,68.4,13,13,4.6,4.6,4.6,4.6,4.3,4.6,4.7,4.6,4.5,4.6,4.3,
AIG20230000455588,7,4.8,전반적 만족도,17,14,82.4,14,14,4.8,4.8,5.0,4.9,4.9,4.9,4.9,4.7,4.77,5.0,5.0,
AIG20230000455588,8,4.3,전반적 만족도,20,13,65,12,13,4.3,4.6,4.6,4.6,4.5,4.5,4.4,4.5,4.27,4.5,5.0,
AIG20230000455589,1,4.1,전반적 만족도,14,10,71.4,6,10,4.1,3.8,3.9,4.1,4.0,4.0,4.3,3.8,3.93,3.9,2.9,
AIG20230000455589,2,3.2,전반적 만족도,20,12,60,8,12,3.2,3.9,3.4,3.5,3.4,3.5,3.3,3.3,3.97,3.5,3.8,
AIG20230000455589,3,3.9,전반적 만족도,11,8,72.7,5,8,3.9,3.9,4.0,4.1,4.0,4.0,3.9,4.0,3.67,3.9,4.3,
AIG20230000455589,4,3.2,전반적 만족도,12,4,33.3,3,4,3.2,3.0,2.7,2.4,2.9,2.9,1.9,2.9,3.17,3.6,5.0,
AIG20230000455589,5,4.5,전반적 만족도,8,4,50,3,4,4.5,4.6,4.8,5.0,4.6,4.5,4.6,4.3,4.63,4.6,,
AIG20230000455590,1,4.9,전반적 만족도,50,40,80,40,40,4.9,4.7,4.8,4.9,4.8,4.8,4.8,4.8,4.5,4.8,3.6,
AIG20230000455590,2,4.7,전반적 만족도,75,61,81.3,60,61,4.7,4.8,4.7,4.8,4.8,4.7,4.7,4.7,4.27,4.7,5.0,
AIG20230000455590,3,4.7,전반적 만족도,59,46,78,45,46,4.7,4.6,4.7,4.8,4.8,4.7,4.7,4.7,4.5,4.7,5.0,
AIG20230000455590,4,4.4,전반적 만족도,57,43,75.4,39,43,4.4,4.5,4.4,4.6,4.5,4.4,4.4,4.5,4.17,4.4,5.0,
AIG20230000455591,1,4.5,전반적 만족도,22,20,90.9,20,20,4.5,4.4,4.4,4.6,4.6,4.4,4.5,4.3,4.27,4.3,4.6,
AIG20230000455591,2,4.6,전반적 만족도,22,18,81.8,18,18,4.6,4.3,4.7,4.7,4.7,4.5,4.8,4.1,4.6,4.6,2.9,
AIG20230000455591,3,4.3,전반적 만족도,18,9,50,8,9,4.3,4.0,4.5,4.2,4.0,4.4,4.6,4.0,4.17,4.1,4.3,
AIG20230000455592,1,4.6,전반적 만족도,22,19,86.4,19,19,4.6,4.6,4.7,4.8,4.8,4.8,4.7,4.6,4.53,4.7,4.3,
AIG20230000455592,2,4.8,전반적 만족도,14,13,92.9,12,13,4.8,4.8,4.8,4.9,4.8,4.8,4.8,4.8,4.73,4.8,5.0,
AIG20230000455592,3,4.8,전반적 만족도,15,13,86.7,13,13,4.8,4.7,4.9,4.9,4.8,4.8,4.8,4.5,4.7,4.9,4.3,
AIG20230000455592,5,4.4,전반적 만족도,14,11,78.6,11,11,4.4,4.5,4.6,4.6,4.6,4.6,4.7,4.5,4.37,4.5,,
AIG20230000455592,6,4.1,전반적 만족도,8,8,100,6,8,4.1,4.1,4.2,4.4,4.1,4.2,4.3,4.2,4.07,4.3,,
AIG20230000455593,1,4.2,전반적 만족도,40,29,72.5,26,29,4.2,4.3,4.4,4.5,4.6,3.9,4.4,4.2,4.2,4.1,4.6,
AIG20230000455593,2,4.4,전반적 만족도,47,31,66,30,31,4.4,4.3,4.6,4.7,4.7,4.4,4.6,4.2,4.43,4.4,4.8,
AIG20230000455593,3,4.3,전반적 만족도,30,20,66.7,20,20,4.3,3.9,4.3,4.6,4.6,4.3,4.0,4.2,4.13,4.3,4.7,
AIG20230000455593,4,4.6,전반적 만족도,29,20,69,20,20,4.6,4.3,4.5,4.8,4.7,4.7,4.6,4.7,4.43,4.6,4.8,
AIG20230000455593,5,4.1,전반적 만족도,10,5,50,5,5,4.1,4.4,4.2,4.5,4.4,4.4,4.1,4.6,4.17,4.1,,
AIG20230000455593,6,4.0,전반적 만족도,23,15,65.2,14,15,4.0,4.0,4.2,4.1,4.3,4.0,4.2,3.9,3.97,4.2,3.9,
AIG20230000455593,7,4.6,전반적 만족도,15,12,80,12,12,4.6,4.9,4.9,4.9,4.8,4.8,4.8,4.6,4.67,4.6,,
AIG20230000455593,8,4.3,전반적 만족도,28,22,78.6,20,22,4.3,4.3,4.4,4.5,4.5,4.4,4.3,4.5,4.2,4.3,5.0,
AIG20230000455593,9,3.9,전반적 만족도,34,21,61.8,16,21,3.9,3.5,4.0,4.5,4.4,4.1,3.9,4.1,3.97,3.8,5.0,
AIG20230000455593,10,4.0,전반적 만족도,46,28,60.9,23,28,4.0,4.1,4.1,4.3,4.3,4.1,4.1,4.2,3.83,4.0,4.3,
AIG20230000455593,11,4.0,전반적 만족도,22,16,72.7,14,16,4.0,3.8,4.3,4.3,4.4,4.2,4.3,4.2,3.83,3.8,4.0,
AIG20230000455593,12,4.3,전반적 만족도,17,13,76.5,12,13,4.3,4.4,4.2,4.5,4.4,4.4,4.6,4.5,4.3,4.2,4.5,
AIG20230000455593,13,3.4,전반적 만족도,45,18,40,12,18,3.4,3.3,3.4,3.8,3.7,3.6,3.2,3.5,3.27,3.3,4.0,
AIG20230000455593,14,3.6,전반적 만족도,28,13,46.4,7,13,3.6,3.6,4.4,4.5,4.4,4.0,4.0,3.4,3.7,3.5,3.9,
AIG20230000455594,1,3.0,전반적 만족도,17,13,76.5,5,13,3.0,3.2,3.5,3.6,3.6,3.4,3.1,3.7,3.07,2.7,5.0,
AIG20230000455595,1,3.5,전반적 만족도,33,24,72.7,11,24,3.5,3.4,3.8,4.2,4.1,3.3,3.9,2.9,3.43,3.6,3.6,
AIG20230000455595,2,4.1,전반적 만족도,37,32,86.5,28,32,4.1,3.9,4.0,4.4,4.1,4.1,4.1,4.0,3.87,4.1,4.3,
AIG20230000455595,3,4.4,전반적 만족도,22,16,72.7,16,16,4.4,4.3,4.6,4.6,4.6,4.5,4.7,4.5,4.17,4.4,4.3,
AIG20230000455595,4,4.2,전반적 만족도,18,14,77.8,14,14,4.2,4.0,4.2,4.3,4.3,4.2,4.4,4.1,4.03,4.3,4.0,
AIG20230000455595,5,4.3,전반적 만족도,12,9,75,7,9,4.3,4.4,4.5,4.7,4.5,4.5,4.5,4.6,4.07,4.4,5.0,
AIG20230000455595,6,4.2,전반적 만족도,40,24,60,19,24,4.2,3.9,4.1,4.2,4.0,4.0,4.0,4.2,3.87,3.9,2.9,
AIG20230000455595,7,3.9,전반적 만족도,54,38,70.4,26,38,3.9,3.9,4.1,4.3,4.2,4.0,3.9,4.0,3.47,3.7,4.4,
AIG20230000455595,8,3.8,전반적 만족도,31,30,96.8,22,30,3.8,3.8,3.9,4.2,4.1,4.0,3.9,3.9,3.57,3.7,5.0,
AIG20230000455595,9,3.9,전반적 만족도,38,30,78.9,24,30,3.9,3.5,3.9,4.0,3.8,4.0,4.1,3.7,3.13,3.5,4.3,
AIG20230000455595,10,3.7,전반적 만족도,30,21,70,18,21,3.7,3.8,3.9,4.0,4.1,3.8,3.8,3.9,3.57,3.6,4.8,
AIG20230000455595,11,4.5,전반적 만족도,18,15,83.3,14,15,4.5,4.1,4.5,4.6,4.6,4.5,4.2,4.5,4.07,4.1,4.3,
AIG20230000455595,12,4.4,전반적 만족도,19,15,78.9,15,15,4.4,4.4,4.6,4.6,4.6,4.6,4.6,4.7,3.9,4.3,5.0,
AIG20230000455595,13,4.5,전반적 만족도,14,12,85.7,10,12,4.5,4.1,4.6,4.6,4.5,4.7,4.4,4.7,4.4,4.3,4.0,
AIG20230000455595,14,4.6,전반적 만족도,31,18,58.1,16,18,4.6,4.4,4.7,4.8,4.6,4.5,4.5,4.5,4.3,4.2,5.0,
AIG20230000455595,15,4.1,전반적 만족도,47,33,70.2,26,33,4.1,3.9,4.3,4.3,4.0,4.2,4.2,4.1,3.73,3.9,2.9,
AIG20230000455596,1,4.5,전반적 만족도,21,9,42.9,8,9,4.5,4.3,4.6,4.8,4.7,4.6,4.4,4.2,4.47,4.4,5.0,
AIG20230000455596,2,4.9,전반적 만족도,21,17,81,17,17,4.9,4.6,4.6,4.9,4.8,4.8,4.8,4.4,4.5,4.7,,
AIG20230000455597,1,4.5,전반적 만족도,9,7,77.8,7,7,4.5,4.4,4.8,4.5,4.6,4.6,4.8,4.7,4.73,4.8,,
AIG20230000455597,2,4.9,전반적 만족도,14,10,71.4,10,10,4.9,4.8,4.9,4.9,4.9,4.9,4.9,4.8,4.77,4.9,,
AIG20230000455598,1,4.5,전반적 만족도,23,21,91.3,20,21,4.5,4.4,4.5,4.7,4.5,4.5,4.4,4.6,4.27,4.5,4.3,
AIG20230000455598,2,4.5,전반적 만족도,25,25,100,24,25,4.5,4.3,4.5,4.7,4.5,4.5,4.5,4.5,4.23,4.5,,
AIG20230000455599,1,4.9,전반적 만족도,11,11,100,10,11,4.9,4.9,4.8,4.9,4.8,4.8,4.8,4.9,4.73,4.9,,
AIG20230000455599,2,4.8,전반적 만족도,11,9,81.8,9,9,4.8,4.5,4.6,4.8,4.7,4.7,5.0,4.8,4.5,4.8,4.0,
AIG20230000455599,3,4.9,전반적 만족도,18,15,83.3,15,15,4.9,4.9,4.9,5.0,5.0,4.9,5.0,4.9,4.83,4.9,,
AIG20230000455599,4,5.0,전반적 만족도,7,6,85.7,6,6,5.0,5.0,5.0,5.0,5.0,5.0,5.0,5.0,5.0,5.0,,
AIG20230000455601,1,4.9,전반적 만족도,13,10,76.9,10,10,4.9,4.8,4.8,4.8,4.9,4.8,5.0,4.8,4.5,4.4,,
AIG20230000455601,2,5.0,전반적 만족도,11,9,81.8,9,9,5.0,4.8,4.8,4.8,4.8,4.8,4.9,4.8,4.83,5.0,,
AIG20230000455601,4,4.8,전반적 만족도,8,7,87.5,7,7,4.8,4.2,4.7,5.0,4.9,4.8,4.6,4.9,4.8,4.9,5.0,
AIG20230000455601,5,4.4,전반적 만족도,11,9,81.8,7,9,4.4,4.1,4.2,4.2,4.3,4.2,4.3,4.5,4.37,4.1,4.6,
AIG20230000455602,1,4.0,전반적 만족도,22,16,72.7,13,16,4.0,4.3,4.2,4.1,4.2,4.2,4.3,4.2,4.23,4.2,3.9,
AIG20230000455602,2,4.9,전반적 만족도,27,22,81.5,20,22,4.9,4.7,4.7,4.8,4.8,4.8,4.9,4.8,4.73,4.7,4.6,
AIG20230000455602,4,4.9,전반적 만족도,22,17,77.3,17,17,4.9,4.8,4.8,4.6,4.9,4.8,4.8,4.9,4.67,4.9,4.7,
AIG20230000455602,5,4.5,전반적 만족도,24,15,62.5,12,15,4.5,4.6,4.4,4.3,4.4,4.4,4.3,4.6,4.27,4.4,4.3,
AIG20230000455602,6,4.9,전반적 만족도,29,24,82.8,23,24,4.9,4.9,4.9,4.9,4.9,4.8,4.9,4.8,4.67,4.8,5.0,
AIG20230000455602,7,4.9,전반적 만족도,26,20,76.9,20,20,4.9,4.8,4.8,4.8,4.9,4.8,4.9,4.9,4.87,4.9,4.5,
AIG20230000455602,8,4.5,전반적 만족도,21,13,61.9,13,13,4.5,4.3,4.5,4.6,4.4,4.4,4.5,4.2,4.43,4.5,,
AIG20230000455602,9,4.5,전반적 만족도,25,22,88,20,22,4.5,4.4,4.5,4.7,4.5,4.5,4.4,4.5,4.4,4.6,5.0,
AIG20230000455602,10,4.7,전반적 만족도,30,25,83.3,25,25,4.7,4.6,4.6,4.7,4.7,4.7,4.7,4.7,4.57,4.7,5.0,
AIG20230000455602,11,4.9,전반적 만족도,28,23,82.1,23,23,4.9,4.9,4.9,4.9,4.9,4.9,5.0,4.9,4.93,4.9,2.9,
AIG20230000455602,12,4.4,전반적 만족도,30,26,86.7,21,26,4.4,4.3,4.3,4.7,4.3,4.3,4.3,4.2,4.13,4.2,4.5,
AIG20230000455602,14,4.4,전반적 만족도,17,17,100,17,17,4.4,4.4,4.3,4.4,4.4,4.2,4.5,4.4,4.0,4.5,3.8,
AIG20230000455602,15,4.5,전반적 만족도,19,15,78.9,14,15,4.5,4.4,4.5,4.4,4.6,4.5,4.7,4.5,4.43,4.6,4.4,
AIG20230000455602,18,4.3,전반적 만족도,19,15,78.9,14,15,4.3,4.2,4.3,4.4,4.4,4.2,4.5,4.4,4.23,4.2,3.6,
AIG20230000455602,19,4.0,전반적 만족도,17,16,94.1,14,16,4.0,4.1,4.2,4.2,4.2,4.1,4.0,4.1,4.17,4.1,4.3,
AIG20230000455602,20,4.8,전반적 만족도,29,21,72.4,20,21,4.8,4.8,4.7,4.8,4.8,4.8,4.8,4.7,4.57,4.7,5.0,
AIG20230000455604,1,4.0,전반적 만족도,21,19,90.5,17,19,4.0,4.1,4.0,4.0,3.9,4.0,4.0,4.0,4.03,3.8,3.6,
AIG20230000455604,2,4.2,전반적 만족도,19,14,73.7,14,14,4.2,4.1,3.9,4.2,3.8,4.1,4.2,3.5,4.27,4.3,,
AIG20230000455604,3,3.7,전반적 만족도,24,19,79.2,15,19,3.7,3.8,3.3,3.8,3.6,3.7,3.8,3.8,3.87,3.9,3.9,
AIG20230000455604,4,3.7,전반적 만족도,12,9,75,8,9,3.7,3.9,3.8,3.6,3.8,3.9,4.1,3.8,4.07,3.7,,
AIG20230000455604,5,4.5,전반적 만족도,17,11,64.7,11,11,4.5,4.6,4.5,4.9,4.6,4.6,4.7,3.8,4.47,4.7,,
AIG20230000455604,6,3.8,전반적 만족도,18,13,72.2,11,13,3.8,4.0,4.2,4.3,4.0,4.0,4.1,4.2,3.87,4.0,,
AIG20230000455604,7,3.9,전반적 만족도,15,11,73.3,10,11,3.9,3.7,4.0,4.1,3.9,3.9,3.4,4.0,3.53,3.6,4.3,
AIG20230000455609,1,4.1,전반적 만족도,28,24,85.7,19,24,4.1,3.9,4.4,4.5,4.5,4.3,4.4,3.6,4.07,3.9,4.6,
AIG20230000455609,2,4.7,전반적 만족도,28,20,71.4,20,20,4.7,4.6,4.5,4.8,4.7,4.7,4.8,4.6,4.73,4.5,,
AIG20230000455609,3,4.0,전반적 만족도,25,20,80,20,20,4.0,4.1,4.1,4.2,4.4,4.1,4.1,4.3,3.97,4.1,4.0,
AIG20230000455609,4,4.6,전반적 만족도,23,19,82.6,17,19,4.6,4.4,4.5,4.6,4.6,4.6,4.6,4.6,4.43,4.5,5.0,
AIG20230000455609,5,4.2,전반적 만족도,22,18,81.8,14,18,4.2,4.3,4.3,4.9,4.6,4.3,4.5,3.8,4.13,4.3,4.3,
AIG20230000455609,6,4.1,전반적 만족도,19,17,89.5,15,17,4.1,3.9,4.3,4.4,4.3,4.1,4.2,4.3,4.2,4.2,5.0,
AIG20230000455609,7,4.4,전반적 만족도,14,11,78.6,11,11,4.4,3.6,4.2,4.6,4.1,4.4,4.2,3.9,4.0,4.0,5.0,
AIG20230000455609,8,3.8,전반적 만족도,25,19,76,13,19,3.8,3.8,3.9,3.4,4.1,3.8,3.9,3.9,3.93,3.6,2.1,
AIG20230000455609,9,4.6,전반적 만족도,18,16,88.9,16,16,4.6,4.3,4.6,4.7,4.7,4.5,4.3,4.4,4.23,4.5,5.0,
AIG20230000455610,1,3.9,전반적 만족도,6,2,33.3,2,2,3.9,3.9,3.9,3.9,4.1,4.1,3.9,3.8,3.9,3.9,,
AIG20230000455610,2,4.8,전반적 만족도,4,4,100,4,4,4.8,4.6,4.8,4.8,4.8,4.8,4.6,4.8,4.17,4.6,,
AIG20230000455610,3,5.0,전반적 만족도,3,1,33.3,1,1,5.0,5.0,5.0,5.0,5.0,5.0,5.0,5.0,5.0,5.0,,
AIG20230000455611,1,4.6,전반적 만족도,17,13,76.5,12,13,4.6,4.3,4.3,4.6,4.5,4.6,4.7,4.9,4.4,4.5,4.5,
AIG20230000455611,2,4.4,전반적 만족도,13,11,84.6,10,11,4.4,4.4,4.3,4.4,4.5,4.3,4.4,4.5,4.13,4.3,4.6,
AIG20230000455611,3,4.4,전반적 만족도,19,16,84.2,15,16,4.4,4.2,4.1,4.2,4.3,4.2,4.3,4.2,4.2,4.2,5.0,
AIG20230000455611,4,4.6,전반적 만족도,35,29,82.9,28,29,4.6,4.5,4.6,4.6,4.6,4.6,4.7,4.5,4.5,4.6,4.5,
AIG20230000455611,5,4.1,전반적 만족도,14,11,78.6,9,11,4.1,4.0,4.1,4.3,4.2,4.2,3.7,4.3,3.33,4.0,5.0,
AIG20230000455611,6,4.4,전반적 만족도,18,11,61.1,11,11,4.4,4.4,4.7,4.7,4.7,4.5,4.7,4.6,4.33,4.2,4.3,
AIG20230000455611,7,4.6,전반적 만족도,6,4,66.7,4,4,4.6,4.3,4.4,4.4,4.6,4.5,4.3,4.6,4.43,3.9,5.0,
AIG20230000455611,8,4.6,전반적 만족도,9,8,88.9,7,8,4.6,4.5,4.8,4.6,4.7,4.7,4.8,4.6,4.6,4.6,5.0,
AIG20230000455612,1,4.7,전반적 만족도,13,9,69.2,9,9,4.7,4.3,4.8,4.9,4.7,4.7,4.9,4.8,4.4,4.5,4.5,
AIG20230000455612,2,4.4,전반적 만족도,19,16,84.2,15,16,4.4,4.3,4.6,4.5,4.7,4.4,4.4,4.6,4.3,4.6,5.0,
AIG20230000455612,3,4.7,전반적 만족도,17,9,52.9,9,9,4.7,4.7,4.8,4.9,4.8,4.7,4.6,4.6,4.5,4.8,5.0,
AIG20230000455612,4,4.0,전반적 만족도,19,15,78.9,13,15,4.0,3.9,4.2,4.2,4.3,4.2,4.2,4.3,3.7,4.0,4.5,
AIG20230000455612,5,4.5,전반적 만족도,11,9,81.8,9,9,4.5,4.4,4.4,4.6,4.7,4.7,4.6,4.7,4.23,4.5,5.0,
AIG20230000455612,6,4.5,전반적 만족도,40,32,80,31,32,4.5,4.5,4.6,4.6,4.6,4.5,4.5,4.5,4.37,4.5,4.4,
AIG20230000455615,1,4.0,전반적 만족도,24,21,87.5,17,21,4.0,4.2,4.1,4.5,4.4,4.4,4.2,4.3,3.93,4.0,5.0,
AIG20230000455615,2,4.8,전반적 만족도,18,15,83.3,15,15,4.8,4.9,4.8,4.8,4.9,4.8,4.7,4.7,4.8,4.8,4.5,
AIG20230000455615,3,4.9,전반적 만족도,25,22,88,22,22,4.9,4.9,4.7,4.9,4.8,4.8,4.9,4.8,4.73,4.8,5.0,
AIG20230000455615,4,4.8,전반적 만족도,14,13,92.9,11,13,4.8,4.8,4.8,4.6,4.7,4.7,4.8,4.6,4.83,4.7,5.0,
AIG20230000455615,6,4.6,전반적 만족도,22,19,86.4,18,19,4.6,4.7,4.8,4.8,4.7,4.6,4.6,4.7,4.73,4.5,5.0,
AIG20230000455615,7,4.9,전반적 만족도,12,6,50,6,6,4.9,5.0,4.7,5.0,4.8,4.7,4.9,4.9,4.6,4.8,,
AIG20230000455615,8,4.6,전반적 만족도,13,9,69.2,8,9,4.6,4.6,4.6,4.6,4.6,4.6,4.6,4.8,4.6,4.6,,
AIG20230000455615,9,4.3,전반적 만족도,25,19,76,16,19,4.3,4.2,4.1,4.2,4.1,4.3,4.3,4.2,4.2,4.1,5.0,
AIG20230000455615,10,4.6,전반적 만족도,19,18,94.7,18,18,4.6,4.6,4.5,4.7,4.6,4.6,4.6,4.6,4.53,4.6,4.6,
AIG20230000455615,11,4.9,전반적 만족도,20,20,100,20,20,4.9,4.9,4.9,5.0,4.8,4.9,4.8,5.0,4.93,4.8,5.0,
AIG20230000455616,1,4.6,전반적 만족도,9,6,66.7,6,6,4.6,4.5,4.7,4.8,4.5,4.6,4.8,4.4,4.57,4.4,4.3,
AIG20230000455618,1,4.1,전반적 만족도,19,14,73.7,10,14,4.1,3.2,4.4,4.4,4.3,4.2,4.4,4.3,3.9,3.9,5.0,
AIG20230000455618,2,3.2,전반적 만족도,10,7,70,3,7,3.2,2.9,3.3,3.5,2.7,3.4,3.8,3.7,2.93,2.8,,
AIG20230000455619,1,3.2,전반적 만족도,22,15,68.2,10,15,3.2,3.0,3.2,3.4,3.3,3.2,3.1,3.1,3.2,3.0,,
AIG20230000455619,2,4.6,전반적 만족도,8,5,62.5,4,5,4.6,4.9,4.2,4.1,4.2,4.5,4.5,4.6,4.53,4.4,5.0,
AIG20230000455622,1,4.1,전반적 만족도,23,19,82.6,16,19,4.1,4.5,4.5,4.6,4.6,4.5,4.5,4.5,4.33,4.5,5.0,
AIG20230000455622,2,4.4,전반적 만족도,22,16,72.7,15,16,4.4,4.5,4.5,4.7,4.6,4.3,4.5,4.5,4.47,4.5,4.6,
AIG20230000455622,3,4.8,전반적 만족도,19,15,78.9,15,15,4.8,5.0,4.9,4.9,4.9,4.8,4.9,4.8,4.9,4.9,5.0,
AIG20230000455622,4,4.5,전반적 만족도,22,20,90.9,17,20,4.5,4.4,4.5,4.7,4.6,4.5,4.7,4.5,4.27,4.5,5.0,
AIG20230000455623,1,4.9,전반적 만족도,19,16,84.2,16,16,4.9,4.9,5.0,5.0,5.0,5.0,4.9,5.0,4.87,5.0,5.0,
AIG20230000455623,2,4.7,전반적 만족도,20,19,95,19,19,4.7,4.8,4.8,4.8,4.6,4.8,4.7,4.8,4.73,4.7,5.0,
AIG20230000455623,3,4.8,전반적 만족도,20,18,90,18,18,4.8,4.8,4.8,4.8,4.8,4.8,4.8,4.8,4.8,4.8,,
AIG20230000455623,4,5.0,전반적 만족도,27,27,100,27,27,5.0,5.0,5.0,5.0,5.0,5.0,5.0,5.0,4.93,5.0,5.0,
AIG20230000455623,5,4.9,전반적 만족도,27,27,100,27,27,4.9,4.9,4.9,4.9,4.9,4.9,4.9,4.9,4.83,4.9,5.0,
AIG20230000455628,1,3.8,전반적 만족도,23,19,82.6,15,19,3.8,4.0,4.0,4.3,4.1,3.9,4.0,4.1,3.8,3.7,,
AIG20230000455628,2,4.4,전반적 만족도,23,15,65.2,12,15,4.4,4.3,4.4,4.5,4.5,4.4,4.5,3.6,3.97,4.3,3.6,
AIG20230000455628,3,4.4,전반적 만족도,22,17,77.3,14,17,4.4,4.0,4.3,4.5,4.4,4.4,4.4,4.1,4.2,4.4,3.6,
AIG20230000455630,1,3.5,전반적 만족도,20,19,95,12,19,3.5,3.3,3.7,3.5,3.4,3.8,3.5,3.8,3.5,3.2,5.0,
AIG20230000455630,2,4.3,전반적 만족도,28,27,96.4,22,27,4.3,4.4,4.4,4.5,4.5,4.5,4.4,4.4,4.27,4.2,4.5,
AIG20230000455630,3,4.3,전반적 만족도,23,19,82.6,15,19,4.3,4.3,4.5,4.6,4.6,4.5,4.5,4.6,4.43,4.4,3.6,
AIG20230000455630,4,4.8,전반적 만족도,13,9,69.2,9,9,4.8,4.8,4.9,4.9,4.9,4.9,4.9,4.9,4.83,4.9,4.6,
AIG20230000455630,5,4.0,전반적 만족도,16,12,75,8,12,4.0,4.3,4.1,4.0,4.2,4.1,4.1,4.2,4.13,4.0,5.0,
AIG20230000455630,6,4.2,전반적 만족도,19,12,63.2,9,12,4.2,4.0,4.2,4.4,4.2,4.2,4.2,4.3,4.07,4.2,4.3,
AIG20230000455630,7,4.7,전반적 만족도,16,13,81.3,11,13,4.7,4.4,4.8,4.8,4.6,4.7,4.7,4.5,4.57,4.6,5.0,
AIG20230000455630,8,5.0,전반적 만족도,12,5,41.7,5,5,5.0,4.9,4.6,5.0,4.6,5.0,4.8,4.9,4.93,4.7,3.6,
AIG20230000455631,1,4.5,전반적 만족도,25,19,76,17,19,4.5,4.5,4.4,4.6,4.4,4.5,4.7,4.8,4.7,4.4,,
AIG20230000455631,2,4.4,전반적 만족도,18,13,72.2,8,13,4.4,4.3,4.6,4.6,4.5,4.4,4.4,4.6,4.33,4.2,5.0,
AIG20230000455631,3,4.7,전반적 만족도,19,16,84.2,14,16,4.7,4.8,4.9,4.9,4.9,4.8,4.8,4.7,4.7,4.8,,
AIG20230000455631,4,4.6,전반적 만족도,30,20,66.7,19,20,4.6,4.6,4.6,4.5,4.6,4.6,4.6,4.7,4.57,4.5,4.0,
AIG20230000455631,5,4.7,전반적 만족도,28,24,85.7,24,24,4.7,4.8,4.8,4.9,4.8,4.7,4.5,4.9,4.73,4.7,4.9,
AIG20230000455631,6,4.8,전반적 만족도,24,15,62.5,15,15,4.8,4.5,4.7,4.8,4.7,4.7,4.6,4.7,4.83,4.7,5.0,
AIG20230000455631,7,4.1,전반적 만족도,28,23,82.1,20,23,4.1,4.4,4.2,4.4,4.3,4.2,4.3,4.2,4.2,4.1,3.6,
AIG20230000455631,8,3.1,전반적 만족도,19,10,52.6,5,10,3.1,3.4,3.6,3.5,3.7,3.5,3.7,3.6,3.23,3.1,,
AIG20230000455632,1,3.9,전반적 만족도,9,8,88.9,7,8,3.9,3.8,3.8,4.3,4.0,4.1,3.7,4.3,3.67,3.8,,
AIG20230000455633,1,4.4,전반적 만족도,24,17,70.8,15,17,4.4,4.5,4.4,4.8,4.7,4.3,4.5,4.6,4.2,4.4,,
AIG20230000455633,2,4.7,전반적 만족도,23,18,78.3,18,18,4.7,4.6,4.9,4.9,4.9,4.8,4.7,4.7,4.53,4.8,5.0,
AIG20230000455633,3,4.7,전반적 만족도,14,12,85.7,12,12,4.7,4.8,4.9,4.8,4.8,4.7,4.7,4.7,4.8,4.8,,
AIG20230000455633,4,4.1,전반적 만족도,20,14,70,14,14,4.1,4.3,4.3,4.2,4.2,4.2,4.1,4.2,4.2,4.2,2.9,
AIG20230000455633,5,4.3,전반적 만족도,17,14,82.4,11,14,4.3,4.2,4.3,4.3,4.4,4.3,4.3,4.2,4.2,4.1,3.9,
AIG20230000455633,6,4.6,전반적 만족도,18,16,88.9,14,16,4.6,4.5,4.7,4.7,4.6,4.6,4.2,4.6,4.47,4.5,,
AIG20230000455634,1,4.8,전반적 만족도,20,18,90,18,18,4.8,4.7,4.7,4.8,4.9,4.7,4.9,4.9,4.8,4.8,5.0,
AIG20230000455635,1,3.3,전반적 만족도,21,20,95.2,13,20,3.3,3.7,3.4,3.4,3.7,3.4,3.7,3.6,3.5,2.8,2.5,
AIG20230000455635,2,4.6,전반적 만족도,28,22,78.6,22,22,4.6,3.8,4.4,4.9,4.7,4.4,4.8,4.1,4.23,4.5,4.3,
AIG20230000455635,3,4.1,전반적 만족도,27,23,85.2,17,23,4.1,3.4,4.0,4.9,4.3,4.5,4.6,4.6,4.5,4.1,3.4,
AIG20230000455635,4,4.9,전반적 만족도,30,29,96.7,28,29,4.9,4.8,4.9,4.9,4.9,4.9,4.8,4.9,4.7,4.8,5.0,
AIG20230000455635,5,3.7,전반적 만족도,30,28,93.3,20,28,3.7,3.7,3.7,3.6,3.9,3.8,3.8,3.8,3.8,3.4,,
AIG20230000455635,6,4.6,전반적 만족도,30,24,80,23,24,4.6,4.3,4.7,4.9,4.7,4.6,4.7,4.4,4.57,4.5,,
AIG20230000455635,7,4.8,전반적 만족도,30,25,83.3,24,25,4.8,4.5,4.8,4.8,4.8,4.8,4.9,4.7,4.77,4.8,2.1,
AIG20230000455635,8,4.0,전반적 만족도,29,20,69,17,20,4.0,3.9,4.0,4.3,4.1,4.1,4.1,3.9,3.9,3.7,,
AIG20230000455635,9,4.8,전반적 만족도,30,27,90,27,27,4.8,4.6,4.8,4.9,4.9,4.8,4.8,4.5,4.73,4.8,4.6,
AIG20230000455635,10,4.8,전반적 만족도,30,24,80,23,24,4.8,4.7,4.8,4.9,4.8,4.7,4.8,4.5,4.57,4.6,4.6,
AIG20230000455635,11,4.9,전반적 만족도,16,12,75,12,12,4.9,5.0,5.0,5.0,5.0,5.0,5.0,5.0,5.0,5.0,,
AIG20230000455635,12,4.7,전반적 만족도,26,24,92.3,24,24,4.7,4.8,4.8,4.8,4.8,4.7,4.8,4.5,4.67,4.6,4.5,
AIG20230000455635,13,4.4,전반적 만족도,23,19,82.6,18,19,4.4,4.4,4.5,4.6,4.5,4.4,4.5,4.4,4.43,4.5,3.6,
AIG20230000455635,14,4.8,전반적 만족도,29,25,86.2,25,25,4.8,4.8,4.8,4.9,4.9,4.8,4.8,4.6,4.6,4.7,4.3,
AIG20230000455635,15,4.7,전반적 만족도,30,25,83.3,25,25,4.7,4.5,4.7,4.9,4.8,4.7,4.8,4.7,4.67,4.6,5.0,
AIG20230000455635,16,4.5,전반적 만족도,28,25,89.3,24,25,4.5,4.4,4.6,4.7,4.7,4.6,4.7,4.1,4.4,4.5,5.0,
AIG20230000455635,17,4.5,전반적 만족도,24,18,75,17,18,4.5,4.6,4.7,4.8,4.8,4.6,4.6,4.5,4.4,4.5,5.0,
AIG20230000455635,18,4.1,전반적 만족도,27,24,88.9,22,24,4.1,4.0,4.4,4.6,4.5,4.3,4.1,4.4,4.17,4.0,4.3,
AIG20230000455635,19,4.7,전반적 만족도,26,23,88.5,23,23,4.7,4.5,4.7,4.9,4.8,4.7,4.5,4.8,4.6,4.6,4.8,
AIG20230000455635,20,4.7,전반적 만족도,23,16,69.6,16,16,4.7,4.4,4.7,4.8,4.8,4.6,4.7,4.6,4.4,4.6,5.0,
AIG20230000455635,21,4.7,전반적 만족도,26,24,92.3,24,24,4.7,4.6,4.8,5.0,4.9,4.8,4.6,4.9,4.6,4.8,5.0,
AIG20230000455635,22,4.7,전반적 만족도,17,12,70.6,11,12,4.7,4.8,4.7,4.9,4.9,4.8,4.9,4.7,4.57,4.6,5.0,
AIG20230000455635,23,4.9,전반적 만족도,23,21,91.3,21,21,4.9,4.7,4.9,4.9,4.9,4.8,4.8,4.5,4.5,4.8,5.0,
AIG20230000455635,24,4.8,전반적 만족도,21,19,90.5,19,19,4.8,4.7,4.8,4.9,4.9,4.7,4.7,4.8,4.7,4.7,5.0,
AIG20230000455635,25,4.5,전반적 만족도,30,23,76.7,22,23,4.5,4.5,4.5,4.8,4.7,4.5,4.5,4.6,4.53,4.5,4.1,
AIG20230000455637,1,5.0,전반적 만족도,14,9,64.3,9,9,5.0,4.9,4.8,5.0,4.9,4.9,5.0,5.0,4.93,5.0,,
AIG20230000455637,2,4.8,전반적 만족도,20,19,95,19,19,4.8,4.8,4.8,4.8,4.8,4.7,4.7,4.8,4.73,4.8,4.5,
AIG20230000455640,1,4.4,전반적 만족도,30,28,93.3,25,28,4.4,4.4,4.3,4.6,4.5,4.4,4.4,4.5,4.37,4.2,5.0,
AIG20230000455640,2,4.1,전반적 만족도,26,21,80.8,19,21,4.1,4.3,4.3,4.1,4.5,4.1,4.0,4.6,4.1,4.0,5.0,
AIG20230000455640,3,4.9,전반적 만족도,29,28,96.6,28,28,4.9,4.9,4.9,4.9,4.9,4.9,4.8,4.9,4.8,4.9,5.0,
AIG20230000455640,4,4.8,전반적 만족도,14,12,85.7,11,12,4.8,4.8,4.8,4.8,4.8,4.8,4.8,4.8,4.8,4.6,5.0,
AIG20230000455640,5,4.5,전반적 만족도,27,26,96.3,26,26,4.5,4.4,4.6,4.6,4.6,4.6,4.8,4.4,4.4,4.6,3.9,
AIG20230000455640,6,4.9,전반적 만족도,14,13,92.9,13,13,4.9,4.9,4.9,5.0,4.8,4.9,4.9,4.9,4.8,4.9,,
AIG20230000455640,7,3.8,전반적 만족도,10,9,90,6,9,3.8,4.0,4.0,3.8,3.8,3.8,3.9,3.3,4.07,3.7,,
AIG20230000455640,8,4.9,전반적 만족도,18,12,66.7,12,12,4.9,5.0,4.8,4.9,4.9,4.9,5.0,4.9,4.77,5.0,,
AIG20230000455640,9,5.0,전반적 만족도,13,11,84.6,11,11,5.0,5.0,5.0,5.0,5.0,5.0,5.0,5.0,5.0,5.0,5.0,
AIG20230000455640,12,5.0,전반적 만족도,26,26,100,26,26,5.0,4.9,5.0,5.0,5.0,5.0,4.9,4.9,4.93,4.9,5.0,
AIG20230000455640,13,4.8,전반적 만족도,10,9,90,8,9,4.8,4.8,5.0,5.0,4.9,4.9,5.0,5.0,4.93,4.9,4.8,
AIG20230000455640,14,4.8,전반적 만족도,12,9,75,9,9,4.8,4.8,4.8,5.0,4.9,4.9,4.8,4.8,4.7,4.8,,
AIG20230000455640,15,4.9,전반적 만족도,10,10,100,9,10,4.9,4.9,4.9,5.0,4.8,4.9,4.9,4.8,4.77,4.6,,
AIG20230000455640,16,3.4,전반적 만족도,17,15,88.2,8,15,3.4,3.6,3.5,3.6,3.5,3.5,3.6,3.4,3.9,3.3,3.3,
AIG20230000455640,17,4.9,전반적 만족도,20,17,85,17,17,4.9,4.7,4.9,4.9,4.9,5.0,5.0,4.9,4.73,4.9,4.5,
AIG20230000455642,1,4.8,전반적 만족도,12,12,100,11,12,4.8,4.8,4.8,4.8,4.8,4.8,4.8,4.8,4.8,4.8,,
AIG20230000455642,2,4.5,전반적 만족도,26,24,92.3,23,24,4.5,4.6,4.7,4.7,4.7,4.6,4.7,4.7,4.3,4.5,4.5,
AIG20230000455646,1,4.3,전반적 만족도,35,24,68.6,24,24,4.3,4.4,4.4,4.5,4.5,4.3,4.4,4.4,4.33,4.3,,
AIG20230000455646,2,4.6,전반적 만족도,40,25,62.5,24,25,4.6,4.6,4.7,4.7,4.7,4.6,4.6,4.8,4.7,4.6,4.6,
AIG20230000455646,3,4.6,전반적 만족도,37,29,78.4,28,29,4.6,4.4,4.7,4.8,4.7,4.6,4.5,4.9,4.5,4.6,4.6,
AIG20230000455653,1,3.9,전반적 만족도,85,74,87.1,57,74,3.9,3.9,4.2,4.4,4.4,4.0,4.2,4.1,3.77,3.6,4.4,
AIG20230000455653,2,4.6,전반적 만족도,18,15,83.3,15,15,4.6,4.4,4.5,4.7,4.7,4.3,4.7,4.5,4.23,4.4,3.9,
AIG20230000455653,3,4.0,전반적 만족도,142,131,92.3,101,131,4.0,3.9,4.0,4.2,4.2,4.0,4.1,4.0,4.0,3.7,4.1,
AIG20230000455653,4,4.1,전반적 만족도,86,76,88.4,72,76,4.1,4.0,4.2,4.3,4.4,4.1,4.2,4.2,4.03,3.9,3.9,
AIG20230000455653,5,4.3,전반적 만족도,54,49,90.7,47,49,4.3,4.0,4.3,4.6,4.4,4.1,4.3,4.3,4.2,4.2,3.9,
AIG20230000455653,6,4.3,전반적 만족도,115,92,80,80,92,4.3,4.3,4.4,4.4,4.5,4.3,4.3,4.4,4.17,4.2,4.2,
AIG20230000455653,7,4.1,전반적 만족도,92,71,77.2,62,71,4.1,4.1,4.3,4.3,4.4,4.2,4.3,4.2,4.2,4.0,3.9,
AIG20230000455653,8,4.6,전반적 만족도,82,67,81.7,63,67,4.6,4.5,4.5,4.7,4.7,4.4,4.6,4.6,4.3,4.4,4.5,
AIG20230000455653,9,4.3,전반적 만족도,56,48,85.7,41,48,4.3,4.3,4.5,4.5,4.5,4.3,4.4,4.4,4.23,4.1,5.0,
AIG20230000455653,10,4.5,전반적 만족도,65,57,87.7,54,57,4.5,4.3,4.5,4.7,4.6,4.4,4.6,4.6,4.33,4.4,4.4,
AIG20230000455653,11,4.4,전반적 만족도,57,44,77.2,39,44,4.4,4.4,4.5,4.5,4.5,4.4,4.4,4.5,4.2,4.2,4.7,
AIG20230000455655,1,4.0,전반적 만족도,59,49,83.1,41,49,4.0,4.2,4.1,4.3,4.3,4.1,4.2,4.2,4.1,3.7,4.3,
AIG20230000455655,2,4.6,전반적 만족도,32,28,87.5,27,28,4.6,4.6,4.6,4.6,4.8,4.6,4.6,4.7,4.4,4.5,4.3,
AIG20230000455655,3,4.2,전반적 만족도,61,55,90.2,48,55,4.2,4.3,4.3,4.4,4.4,4.1,4.4,4.3,4.27,4.0,4.4,
AIG20230000455655,4,4.3,전반적 만족도,69,58,84.1,55,58,4.3,4.5,4.6,4.6,4.7,4.4,4.6,4.6,4.4,4.3,3.9,
AIG20230000455655,5,4.4,전반적 만족도,99,84,84.8,79,84,4.4,4.4,4.5,4.6,4.6,4.4,4.6,4.5,4.23,4.3,3.8,
AIG20230000455655,6,4.2,전반적 만족도,149,119,79.9,106,119,4.2,4.3,4.5,4.5,4.5,4.3,4.5,4.4,4.27,4.1,3.9,
AIG20230000455655,7,4.5,전반적 만족도,94,73,77.7,67,73,4.5,4.5,4.6,4.7,4.7,4.5,4.6,4.6,4.53,4.3,3.9,
AIG20230000455655,8,4.3,전반적 만족도,56,44,78.6,41,44,4.3,4.4,4.5,4.6,4.6,4.4,4.5,4.7,4.23,4.3,5.0,
AIG20230000455655,9,4.3,전반적 만족도,49,37,75.5,36,37,4.3,4.4,4.4,4.5,4.4,4.3,4.4,4.4,4.13,4.2,3.6,
AIG20230000455656,1,4.3,전반적 만족도,91,79,86.8,71,79,4.3,4.5,4.4,4.6,4.6,4.4,4.5,4.5,4.27,4.0,4.5,
AIG20230000455656,2,4.1,전반적 만족도,97,72,74.2,64,72,4.1,3.8,4.1,4.3,4.3,4.1,4.2,4.0,4.0,3.9,4.5,
AIG20230000455656,3,4.0,전반적 만족도,74,59,79.7,51,59,4.0,4.1,4.2,4.3,4.4,4.2,4.2,4.3,4.07,4.1,4.1,
AIG20230000455656,4,4.4,전반적 만족도,62,54,87.1,47,54,4.4,4.4,4.4,4.5,4.5,4.4,4.4,4.5,4.23,4.3,4.4,
AIG20230000455656,5,4.6,전반적 만족도,54,39,72.2,39,39,4.6,4.5,4.7,4.8,4.7,4.6,4.7,4.8,4.47,4.5,4.3,
AIG20230000455656,6,4.3,전반적 만족도,113,97,85.8,87,97,4.3,4.4,4.4,4.6,4.6,4.4,4.5,4.4,4.37,4.2,4.2,
AIG20230000455656,7,4.5,전반적 만족도,81,67,82.7,62,67,4.5,4.6,4.6,4.7,4.6,4.5,4.6,4.6,4.4,4.4,4.3,
AIG20230000455656,8,3.7,전반적 만족도,31,21,67.7,13,21,3.7,4.1,4.1,4.3,4.3,4.0,3.8,4.1,4.07,3.6,4.0,
AIG20230000455656,9,4.6,전반적 만족도,82,62,75.6,60,62,4.6,4.5,4.6,4.6,4.6,4.5,4.6,4.6,4.43,4.3,4.4,
AIG20230000455656,10,4.5,전반적 만족도,87,67,77,62,67,4.5,4.3,4.4,4.5,4.5,4.4,4.5,4.4,4.33,4.3,4.3,
AIG20230000455656,11,4.5,전반적 만족도,90,82,91.1,80,82,4.5,4.5,4.6,4.6,4.6,4.5,4.6,4.6,4.37,4.3,4.8,
AIG20230000455658,1,4.6,전반적 만족도,12,8,66.7,7,8,4.6,4.6,4.5,4.7,4.5,4.6,4.7,4.3,4.53,4.7,,
AIG20230000455658,2,3.8,전반적 만족도,19,18,94.7,14,18,3.8,3.8,3.8,3.8,4.0,3.9,3.9,3.8,3.9,3.8,4.0,
AIG20230000455658,3,4.6,전반적 만족도,13,10,76.9,9,10,4.6,4.6,4.6,4.4,4.4,4.7,4.6,4.5,4.6,4.4,,
AIG20230000455659,1,4.4,전반적 만족도,25,19,76,18,19,4.4,4.6,4.6,4.7,4.7,4.4,4.5,4.6,4.43,4.4,,
AIG20230000455659,2,3.6,전반적 만족도,19,10,52.6,8,10,3.6,3.9,3.4,3.6,3.6,3.5,3.7,4.3,3.8,3.5,2.9,
AIG20230000455661,1,4.5,전반적 만족도,25,21,84,21,21,4.5,4.5,4.5,4.7,4.6,4.4,4.4,4.6,4.53,4.5,,
AIG20230000455661,2,2.9,전반적 만족도,25,18,72,11,18,2.9,2.4,2.6,3.0,2.9,2.7,3.0,2.8,3.17,2.8,,
AIG20230000455661,3,2.5,전반적 만족도,25,20,80,9,20,2.5,2.3,2.8,2.8,2.8,2.7,2.8,3.1,2.77,2.1,,
AIG20230000455664,1,3.9,전반적 만족도,32,17,53.1,13,17,3.9,3.6,4.0,4.4,4.2,4.1,4.2,4.2,3.93,3.6,4.3,
AIG20230000455664,2,4.2,전반적 만족도,55,41,74.5,39,41,4.2,4.1,4.2,4.4,4.4,4.2,4.3,4.0,4.1,4.0,3.6,
AIG20230000455664,3,4.4,전반적 만족도,53,42,79.2,40,42,4.4,4.4,4.5,4.6,4.6,4.5,4.5,4.4,4.2,4.4,4.4,
AIG20230000455664,4,4.2,전반적 만족도,38,25,65.8,24,25,4.2,4.3,4.1,4.4,4.4,4.3,4.3,4.2,4.3,4.2,5.0,
AIG20230000455664,5,4.1,전반적 만족도,75,64,85.3,58,64,4.1,4.2,4.3,4.4,4.4,4.2,4.2,4.2,3.93,4.0,4.0,
AIG20230000455664,6,3.6,전반적 만족도,57,46,80.7,37,46,3.6,3.8,3.7,3.3,4.0,3.6,3.6,4.0,3.77,3.4,4.5,
AIG20230000455664,7,3.6,전반적 만족도,48,35,72.9,26,35,3.6,3.6,3.7,4.1,3.8,3.8,3.9,3.6,3.47,3.3,3.3,
AIG20230000455665,1,4.5,전반적 만족도,13,13,100,12,13,4.5,4.5,4.5,4.8,4.6,4.5,4.7,4.5,4.27,4.3,4.3,
AIG20230000455666,1,3.3,전반적 만족도,19,12,63.2,7,12,3.3,3.2,3.3,3.5,3.6,3.4,3.4,3.6,3.4,3.3,4.3,
AIG20230000455666,2,4.0,전반적 만족도,13,6,46.2,5,6,4.0,3.7,3.5,4.3,3.9,4.3,4.3,3.2,3.63,3.9,5.0,
AIG20230000455666,3,4.6,전반적 만족도,11,9,81.8,9,9,4.6,4.7,4.6,4.9,4.9,4.8,4.8,4.9,4.57,4.4,5.0,
AIG20230000455666,4,4.1,전반적 만족도,20,12,60,10,12,4.1,3.9,4.4,4.7,4.4,4.4,4.4,3.6,3.9,4.0,5.0,
AIG20230000455666,5,4.1,전반적 만족도,22,17,77.3,14,17,4.1,4.4,4.2,3.9,4.0,4.1,4.0,3.9,3.77,4.0,5.0,
AIG20230000455666,6,5.0,전반적 만족도,14,11,78.6,11,11,5.0,4.9,5.0,5.0,5.0,4.9,5.0,4.9,4.9,4.9,4.6,
AIG20230000455666,7,4.4,전반적 만족도,15,8,53.3,7,8,4.4,4.6,4.5,4.7,4.5,4.5,4.5,4.2,4.33,4.5,5.0,
AIG20230000455669,1,5.0,전반적 만족도,15,9,60,9,9,5.0,4.6,5.0,5.0,4.9,4.9,5.0,4.4,4.87,5.0,5.0,
AIG20230000455673,1,4.3,전반적 만족도,8,4,50,3,4,4.3,4.3,4.3,4.3,4.3,4.1,3.9,4.1,4.23,3.9,,
AIG20230000455673,2,4.8,전반적 만족도,11,9,81.8,9,9,4.8,4.8,4.9,4.9,4.9,4.8,4.8,4.9,4.8,4.8,5.0,
AIG20230000455673,3,5.0,전반적 만족도,5,3,60,3,3,5.0,5.0,5.0,5.0,5.0,4.8,5.0,5.0,4.63,5.0,,
AIG20230000455675,1,4.3,전반적 만족도,15,13,86.7,12,13,4.3,4.2,4.0,4.7,4.1,4.4,4.3,4.7,3.97,4.2,4.3,
AIG20230000455675,2,1.7,전반적 만족도,13,9,69.2,0,9,1.7,2.2,2.0,2.6,2.1,2.1,2.1,2.6,2.07,1.9,,
AIG20230000455675,3,3.6,전반적 만족도,15,9,60,8,9,3.6,2.9,3.7,3.8,3.8,3.3,3.6,4.0,3.07,3.2,3.6,
AIG20230000455675,4,3.8,전반적 만족도,16,10,62.5,7,10,3.8,4.0,3.6,4.3,3.8,3.9,4.0,4.1,3.77,3.8,2.9,
AIG20230000455675,5,3.9,전반적 만족도,11,10,90.9,9,10,3.9,3.9,4.0,4.5,4.1,4.1,4.2,4.4,3.77,3.9,3.6,
AIG20230000455675,6,4.0,전반적 만족도,13,6,46.2,5,6,4.0,3.7,4.2,4.0,4.1,3.7,4.2,3.8,3.47,3.7,,
AIG20230000455683,1,1.8,전반적 만족도,24,15,62.5,1,15,1.8,2.6,2.9,2.5,2.7,2.5,2.1,3.4,2.17,1.8,1.9,
AIG20230000455687,1,4.3,전반적 만족도,15,10,66.7,7,10,4.3,4.4,4.1,4.4,4.0,4.3,4.2,4.7,4.07,4.4,4.3,
AIG20230000455687,2,4.3,전반적 만족도,16,9,56.3,9,9,4.3,4.8,4.1,4.4,4.5,4.3,4.6,4.5,4.27,4.3,,
AIG20230000455687,3,5.0,전반적 만족도,15,7,46.7,6,7,5.0,5.0,5.0,5.0,5.0,5.0,5.0,5.0,5.0,5.0,,
AIG20230000455687,4,4.3,전반적 만족도,18,12,66.7,9,12,4.3,4.3,4.2,4.6,4.3,4.2,4.5,4.4,4.0,4.0,2.1,
AIG20230000455687,5,4.5,전반적 만족도,14,7,50,6,7,4.5,4.7,4.6,4.6,4.6,4.6,4.5,4.5,4.53,4.6,,
AIG20230000455687,6,4.9,전반적 만족도,13,11,84.6,11,11,4.9,4.9,4.9,4.9,4.9,4.9,4.9,4.9,4.9,4.9,,
AIG20230000455687,7,4.9,전반적 만족도,12,7,58.3,7,7,4.9,4.6,4.7,5.0,4.2,4.9,4.9,4.2,4.9,5.0,,
AIG20230000455687,8,4.1,전반적 만족도,18,15,83.3,14,15,4.1,4.5,4.4,4.5,4.5,4.4,4.4,4.5,4.13,4.3,3.9,
AIG20230000455687,9,4.7,전반적 만족도,10,9,90,9,9,4.7,4.8,4.8,4.8,4.7,4.7,4.7,4.7,4.63,4.6,,
AIG20230000455687,10,4.7,전반적 만족도,14,11,78.6,11,11,4.7,4.8,4.9,5.0,4.8,4.8,4.9,4.7,4.5,4.8,5.0,
AIG20230000455687,11,4.4,전반적 만족도,15,10,66.7,10,10,4.4,4.4,4.4,4.5,4.4,4.5,4.4,4.4,4.4,4.4,5.0,
AIG20230000455687,12,4.7,전반적 만족도,11,5,45.5,4,5,4.7,4.1,4.8,4.9,4.4,4.6,4.6,4.9,4.3,4.1,5.0,
AIG20230000455692,1,4.5,전반적 만족도,11,7,63.6,7,7,4.5,4.0,4.4,4.7,4.3,4.3,4.5,4.2,4.07,4.3,,
AIG20230000455692,2,4.0,전반적 만족도,15,11,73.3,9,11,4.0,4.1,4.0,4.2,4.1,4.0,4.2,4.2,3.97,3.9,,
AIG20230000455692,3,4.8,전반적 만족도,10,4,40,4,4,4.8,5.0,4.7,4.8,4.6,4.8,5.0,4.6,4.87,4.6,,
AIG20230000455692,4,4.4,전반적 만족도,9,6,66.7,6,6,4.4,4.6,4.5,4.6,4.6,4.5,4.5,4.6,4.43,4.5,5.0,
AIG20230000455692,5,4.7,전반적 만족도,11,7,63.6,7,7,4.7,4.6,4.9,4.8,4.9,4.9,5.0,4.9,4.77,4.7,3.6,
AIG20230000455694,1,4.8,전반적 만족도,8,7,87.5,7,7,4.8,4.7,4.8,4.8,4.8,4.9,4.8,4.8,4.73,4.7,,
AIG20230000455694,2,4.5,전반적 만족도,10,8,80,6,8,4.5,4.3,4.4,4.4,4.5,4.4,4.5,4.4,4.47,4.2,,
AIG20230000455694,3,4.7,전반적 만족도,17,14,82.4,14,14,4.7,4.5,4.6,4.8,4.6,4.7,4.8,4.7,4.23,4.7,5.0,
AIG20230000455694,4,4.9,전반적 만족도,11,5,45.5,3,5,4.9,5.0,4.8,5.0,5.0,4.8,4.7,4.8,4.97,4.4,,
AIG20230000455694,5,4.5,전반적 만족도,11,4,36.4,4,4,4.5,3.9,4.2,4.3,4.2,4.4,4.6,4.6,4.17,4.1,,
AIG20230000455694,6,4.9,전반적 만족도,10,5,50,5,5,4.9,3.9,4.9,4.9,4.9,4.8,4.9,4.9,3.93,4.6,,
AIG20230000455696,1,4.3,전반적 만족도,23,15,65.2,12,15,4.3,4.2,4.1,4.2,4.1,4.1,4.2,4.2,4.07,3.9,,
AIG20230000455696,2,4.7,전반적 만족도,22,19,86.4,18,19,4.7,4.5,4.6,4.6,4.7,4.5,4.5,4.4,4.5,4.7,5.0,
AIG20230000455696,3,3.8,전반적 만족도,19,13,68.4,9,13,3.8,3.7,4.2,3.8,3.8,3.9,3.7,3.9,3.7,3.7,,
AIG20230000455696,5,4.5,전반적 만족도,21,11,52.4,10,11,4.5,4.2,4.3,4.6,4.3,4.4,4.4,4.0,4.43,4.4,,
AIG20230000455698,1,4.2,전반적 만족도,36,22,61.1,20,22,4.2,4.3,4.4,4.6,4.5,4.4,4.4,4.3,4.3,4.0,4.0,
AIG20230000455698,2,3.9,전반적 만족도,23,14,60.9,10,14,3.9,3.9,3.9,4.5,4.4,4.2,4.2,4.2,4.2,3.8,,
AIG20230000455704,1,3.0,전반적 만족도,6,6,100,4,6,3.0,3.5,3.6,3.3,3.9,3.3,3.6,4.2,3.13,3.2,,
AIG20230000455704,2,4.0,전반적 만족도,13,11,84.6,11,11,4.0,4.2,4.1,4.5,4.4,3.9,4.3,4.2,3.57,3.9,,
AIG20230000455704,3,4.8,전반적 만족도,9,7,77.8,7,7,4.8,4.7,4.7,4.9,4.7,4.6,4.9,4.8,4.77,4.8,4.3,
AIG20230000455704,4,4.2,전반적 만족도,11,6,54.5,6,6,4.2,4.2,4.5,4.8,4.5,4.2,4.4,4.3,4.27,4.2,5.0,
AIG20230000455704,5,4.2,전반적 만족도,10,8,80,6,8,4.2,4.1,4.4,4.5,4.2,4.1,4.3,4.3,3.5,3.6,,
AIG20230000455704,6,3.9,전반적 만족도,14,5,35.7,5,5,3.9,3.7,3.7,4.2,4.2,3.7,3.9,4.1,3.67,3.7,,
AIG20230000455704,7,3.8,전반적 만족도,18,10,55.6,9,10,3.8,3.3,3.8,4.3,3.8,3.8,4.4,4.2,3.9,3.9,3.6,
AIG20230000455704,8,4.3,전반적 만족도,8,3,37.5,2,3,4.3,4.3,4.5,4.3,4.3,3.8,4.3,4.5,4.47,4.3,,
AIG20230000455708,1,3.9,전반적 만족도,11,5,45.5,3,5,3.9,3.7,3.8,3.6,3.7,3.6,3.7,3.2,3.07,3.0,,
AIG20230000455708,2,4.4,전반적 만족도,10,7,70,7,7,4.4,4.2,4.5,4.6,4.4,4.5,4.6,4.5,4.07,4.5,,
AIG20230000455714,1,4.2,전반적 만족도,23,9,39.1,9,9,4.2,4.0,4.2,4.6,4.4,4.1,4.2,4.1,4.0,3.8,,
AIG20230000455714,2,4.3,전반적 만족도,21,18,85.7,14,18,4.3,4.1,4.2,4.3,4.3,4.3,4.4,4.3,4.1,4.3,4.3,
AIG20230000455714,3,5.0,전반적 만족도,19,13,68.4,13,13,5.0,4.9,5.0,5.0,5.0,5.0,5.0,5.0,4.9,5.0,5.0,
AIG20230000455714,4,5.0,전반적 만족도,15,9,60,9,9,5.0,5.0,5.0,5.0,5.0,5.0,5.0,5.0,5.0,5.0,,
AIG20230000455714,5,4.5,전반적 만족도,17,11,64.7,11,11,4.5,4.5,4.8,4.9,4.6,4.7,4.7,4.5,4.33,4.6,,
AIG20230000455714,6,5.0,전반적 만족도,15,10,66.7,10,10,5.0,5.0,5.0,5.0,4.9,5.0,5.0,4.6,4.77,5.0,5.0,
AIG20230000455714,7,4.9,전반적 만족도,20,16,80,16,16,4.9,4.7,4.8,4.8,4.8,4.7,4.8,4.8,4.67,4.8,4.8,
AIG20230000455714,8,4.9,전반적 만족도,12,7,58.3,7,7,4.9,4.6,4.9,4.9,4.9,4.9,4.8,4.6,4.5,4.9,,
AIG20230000455715,1,4.3,전반적 만족도,20,12,60,9,12,4.3,4.2,4.1,4.5,4.3,4.3,4.4,4.5,3.83,4.0,4.3,
AIG20230000455715,2,3.6,전반적 만족도,19,11,57.9,7,11,3.6,3.2,3.7,3.9,3.5,3.8,3.5,3.7,3.73,3.2,,
AIG20230000455715,3,3.9,전반적 만족도,15,8,53.3,7,8,3.9,4.4,4.4,4.4,4.6,4.4,4.4,4.0,3.97,4.3,5.0,
AIG20230000455715,4,3.6,전반적 만족도,14,10,71.4,6,10,3.6,3.6,3.5,4.0,3.9,3.8,3.8,3.8,3.3,3.1,3.6,
AIG20230000455716,1,4.7,전반적 만족도,33,33,100,29,33,4.7,4.5,4.6,4.7,4.6,4.6,4.7,4.7,4.4,4.4,5.0,
AIG20230000455716,2,4.9,전반적 만족도,32,29,90.6,29,29,4.9,4.9,5.0,5.0,4.9,4.9,4.9,4.9,4.8,4.9,5.0,
AIG20230000455716,3,4.8,전반적 만족도,20,18,90,17,18,4.8,4.6,4.7,4.8,4.8,4.8,4.7,4.7,4.63,4.8,5.0,
AIG20230000455717,1,4.4,전반적 만족도,32,31,96.9,27,31,4.4,4.4,4.5,4.5,4.5,4.4,4.5,4.5,4.03,4.3,4.3,
AIG20230000455717,2,4.8,전반적 만족도,22,18,81.8,17,18,4.8,4.6,4.7,4.7,4.7,4.6,4.9,4.7,4.4,4.4,3.6,
AIG20230000455717,3,4.7,전반적 만족도,8,7,87.5,7,7,4.7,4.6,4.7,4.6,4.7,4.6,4.6,4.7,4.3,4.6,5.0,
AIG20230000455717,4,3.6,전반적 만족도,12,7,58.3,7,7,3.6,2.9,4.1,4.3,4.0,3.8,3.6,4.1,3.5,3.8,,
AIG20230000455717,5,4.2,전반적 만족도,14,7,50,7,7,4.2,4.2,4.2,4.3,4.3,4.3,4.0,4.2,4.03,4.0,5.0,
AIG20230000455718,1,4.1,전반적 만족도,29,19,65.5,14,19,4.1,4.4,4.3,4.1,4.3,4.3,4.4,4.5,3.97,3.8,4.6,
AIG20230000455718,2,4.4,전반적 만족도,29,20,69,18,20,4.4,4.4,4.3,4.3,4.4,4.1,4.5,4.5,4.3,4.1,4.3,
AIG20230000455718,3,4.0,전반적 만족도,26,14,53.8,11,14,4.0,3.9,4.0,4.3,4.2,4.2,4.1,4.4,3.93,4.0,4.5,
AIG20230000455718,4,4.1,전반적 만족도,25,19,76,13,19,4.1,4.3,4.5,4.4,4.3,4.3,4.1,4.4,4.1,4.2,5.0,
AIG20230000455718,5,4.7,전반적 만족도,19,9,47.4,7,9,4.7,4.8,4.8,4.8,4.9,4.7,4.6,4.8,4.63,4.7,5.0,
AIG20230000455718,6,4.9,전반적 만족도,17,8,47.1,8,8,4.9,4.9,4.9,5.0,4.9,4.9,4.9,4.8,4.87,4.9,5.0,
AIG20230000455718,7,5.0,전반적 만족도,13,9,69.2,9,9,5.0,4.8,4.9,4.9,4.9,4.8,4.7,4.8,4.6,4.8,5.0,
AIG20230000455718,8,4.8,전반적 만족도,22,10,45.5,10,10,4.8,4.9,5.0,5.0,5.0,4.9,5.0,5.0,4.7,5.0,,
AIG20230000455718,9,4.8,전반적 만족도,28,21,75,20,21,4.8,4.9,4.8,4.9,4.8,4.7,4.9,4.9,4.8,4.8,4.7,
AIG20230000455718,10,4.1,전반적 만족도,28,21,75,19,21,4.1,4.3,4.0,4.1,4.1,4.0,3.9,4.3,3.9,4.0,4.5,
AIG20230000455718,11,4.5,전반적 만족도,37,20,54.1,19,20,4.5,4.5,4.6,4.7,4.7,4.5,4.7,4.6,4.43,4.4,4.3,
AIG20230000455718,12,4.8,전반적 만족도,36,23,63.9,23,23,4.8,4.5,4.6,4.7,4.6,4.5,4.7,4.6,4.33,4.5,5.0,
AIG20230000455718,13,4.6,전반적 만족도,31,22,71,21,22,4.6,4.6,4.6,4.6,4.6,4.6,4.6,4.7,4.3,4.5,5.0,
AIG20230000455718,14,4.9,전반적 만족도,29,15,51.7,15,15,4.9,5.0,4.9,4.9,5.0,4.8,4.9,4.9,4.6,4.9,5.0,
AIG20230000455718,15,4.6,전반적 만족도,23,12,52.2,12,12,4.6,4.8,4.8,4.9,4.9,4.9,5.0,5.0,4.7,4.9,5.0,
AIG20230000455718,16,4.8,전반적 만족도,19,17,89.5,17,17,4.8,4.6,4.7,4.8,4.8,4.8,4.6,4.9,4.37,4.7,5.0,
AIG20230000455718,17,4.7,전반적 만족도,24,17,70.8,16,17,4.7,4.7,4.7,4.8,4.8,4.6,4.6,4.7,4.4,4.7,4.3,
AIG20230000455719,1,3.7,전반적 만족도,54,35,64.8,26,35,3.7,3.7,3.8,4.0,4.0,3.8,3.9,3.8,3.67,3.2,4.0,
AIG20230000455719,2,3.9,전반적 만족도,43,29,67.4,26,29,3.9,3.8,3.8,3.9,4.0,3.9,4.1,4.1,3.8,3.7,3.9,
AIG20230000455719,3,3.4,전반적 만족도,27,10,37,6,10,3.4,3.7,3.3,3.6,3.9,3.7,3.7,3.6,3.6,3.0,3.9,
AIG20230000455719,4,4.0,전반적 만족도,53,19,35.8,16,19,4.0,4.0,4.0,4.2,4.2,4.1,4.0,4.3,3.87,3.8,4.3,
AIG20230000455719,5,4.2,전반적 만족도,48,31,64.6,27,31,4.2,4.3,4.2,4.2,4.2,4.1,3.9,4.2,4.07,4.1,3.9,
AIG20230000455719,6,3.9,전반적 만족도,55,33,60,22,33,3.9,3.9,3.9,4.0,3.9,4.0,4.0,4.0,3.87,3.8,3.9,
AIG20230000455719,7,4.2,전반적 만족도,37,26,70.3,22,26,4.2,4.1,4.2,4.2,4.2,4.2,4.2,4.3,4.13,4.1,4.0,
AIG20230000455719,8,4.3,전반적 만족도,52,41,78.8,34,41,4.3,4.2,4.3,4.4,4.4,4.3,4.1,4.5,4.1,4.1,4.3,
AIG20230000455719,9,3.9,전반적 만족도,51,35,68.6,28,35,3.9,3.8,3.8,4.0,4.1,3.7,3.7,3.9,3.73,3.8,3.6,
AIG20230000455719,10,3.8,전반적 만족도,53,27,50.9,17,27,3.8,3.8,3.8,3.8,3.9,3.8,3.7,3.8,3.43,3.5,4.2,
AIG20230000455719,11,4.7,전반적 만족도,51,37,72.5,35,37,4.7,4.6,4.6,4.8,4.7,4.7,4.6,4.6,4.33,4.6,4.7,
AIG20230000455719,12,4.2,전반적 만족도,49,39,79.6,35,39,4.2,4.1,4.2,4.2,4.3,4.1,4.2,4.1,3.93,4.1,4.4,
AIG20230000455719,13,4.1,전반적 만족도,54,43,79.6,36,43,4.1,4.1,4.0,4.1,4.1,4.0,4.2,4.2,3.93,4.0,4.2,
AIG20230000455719,14,4.3,전반적 만족도,42,24,57.1,22,24,4.3,4.2,4.2,4.3,4.3,4.3,4.1,4.4,4.13,4.1,4.6,
AIG20230000455719,15,4.3,전반적 만족도,47,29,61.7,26,29,4.3,4.3,4.3,4.4,4.4,4.3,4.2,4.3,4.07,4.2,4.5,
AIG20230000455719,16,4.4,전반적 만족도,54,34,63,30,34,4.4,4.3,4.4,4.4,4.5,4.4,4.5,4.5,4.13,4.3,4.0,
AIG20230000455720,1,4.5,전반적 만족도,32,21,65.6,19,21,4.5,4.6,4.6,4.6,4.6,4.5,4.4,4.6,4.27,4.4,4.9,
AIG20230000455720,2,4.5,전반적 만족도,33,17,51.5,17,17,4.5,4.5,4.6,4.6,4.6,4.4,4.5,4.5,4.3,4.2,4.3,
AIG20230000455720,3,4.4,전반적 만족도,23,20,87,19,20,4.4,4.5,4.4,4.6,4.6,4.5,4.5,4.6,4.37,4.4,5.0,
AIG20230000455720,4,4.5,전반적 만족도,17,9,52.9,8,9,4.5,4.4,4.5,4.6,4.8,4.5,4.4,4.7,4.6,4.6,5.0,
AIG20230000455720,5,4.6,전반적 만족도,13,11,84.6,11,11,4.6,4.7,4.7,4.8,4.8,4.6,4.9,4.6,4.6,4.5,5.0,
AIG20230000455720,6,4.5,전반적 만족도,22,14,63.6,14,14,4.5,4.6,4.6,4.7,4.8,4.6,4.6,4.8,4.53,4.6,5.0,
AIG20230000455720,7,5.0,전반적 만족도,15,11,73.3,10,11,5.0,5.0,5.0,5.0,5.0,5.0,5.0,5.0,5.0,5.0,5.0,
AIG20230000455720,8,4.9,전반적 만족도,16,12,75,12,12,4.9,5.0,5.0,4.9,4.9,4.9,5.0,5.0,4.9,5.0,5.0,
AIG20230000455720,9,4.2,전반적 만족도,24,9,37.5,9,9,4.2,4.3,4.4,4.4,4.5,4.3,4.3,4.5,4.3,4.4,4.5,
AIG20230000455720,10,3.8,전반적 만족도,19,13,68.4,11,13,3.8,3.8,4.1,4.2,4.2,3.9,3.6,4.2,3.9,3.8,4.3,
AIG20230000455720,11,4.4,전반적 만족도,25,18,72,17,18,4.4,4.2,4.2,4.3,4.4,4.2,4.1,4.4,3.97,4.2,4.5,
AIG20230000455720,12,4.4,전반적 만족도,34,24,70.6,23,24,4.4,4.5,4.5,4.7,4.6,4.5,4.5,4.6,4.2,4.4,4.8,
AIG20230000455720,13,4.3,전반적 만족도,39,31,79.5,29,31,4.3,4.6,4.4,4.5,4.4,4.4,4.4,4.5,4.13,4.3,5.0,
AIG20230000455720,14,4.2,전반적 만족도,34,18,52.9,16,18,4.2,4.1,4.3,4.3,4.3,4.3,4.2,4.3,3.73,4.3,4.0,
AIG20230000455720,15,4.3,전반적 만족도,33,12,36.4,11,12,4.3,4.5,4.4,4.4,4.5,4.3,4.6,4.3,4.4,4.3,3.6,
AIG20230000455720,16,4.2,전반적 만족도,32,20,62.5,16,20,4.2,4.3,4.3,4.1,4.3,4.3,4.2,4.4,4.33,4.1,4.0,
AIG20230000455720,17,4.9,전반적 만족도,16,10,62.5,10,10,4.9,4.9,4.9,4.9,4.9,4.8,4.9,4.9,4.7,4.9,,
AIG20230000455720,18,4.2,전반적 만족도,12,7,58.3,7,7,4.2,4.3,4.4,4.5,4.7,4.4,4.4,4.4,4.43,4.2,,
AIG20230000455720,19,4.4,전반적 만족도,19,14,73.7,13,14,4.4,4.6,4.2,4.3,4.5,4.3,4.5,4.3,4.07,4.3,5.0,
AIG20230000455722,1,4.8,전반적 만족도,17,15,88.2,14,14,4.8,4.3,4.7,4.9,4.7,4.7,4.7,4.3,4.7,4.8,,
AIG20230000455722,2,3.7,전반적 만족도,27,21,77.8,17,21,3.7,3.8,3.8,3.9,3.5,3.7,3.8,4.1,3.9,3.8,,
AIG20230000455722,3,3.7,전반적 만족도,22,18,81.8,11,18,3.7,3.5,3.9,3.8,3.8,3.6,4.1,3.7,3.67,3.6,,
AIG20230000455722,4,3.7,전반적 만족도,15,9,60,6,9,3.7,3.9,4.1,4.1,4.0,4.0,3.8,3.9,3.83,3.9,,
AIG20230000455726,1,4.8,전반적 만족도,19,16,84.2,16,16,4.8,4.7,4.8,4.8,4.7,4.7,4.8,4.8,4.6,4.5,4.4,
AIG20230000455726,2,4.2,전반적 만족도,20,14,70,14,14,4.2,4.0,4.1,4.7,4.4,4.2,4.2,4.6,3.6,4.2,3.6,
AIG20230000455728,1,4.3,전반적 만족도,35,30,85.7,29,30,4.3,4.2,4.3,4.6,4.5,4.3,4.4,4.1,4.37,4.2,,
AIG20230000455728,2,4.7,전반적 만족도,40,29,72.5,29,29,4.7,4.7,4.8,4.8,4.8,4.7,4.7,4.7,4.73,4.8,,
AIG20230000455728,3,4.7,전반적 만족도,33,27,81.8,26,27,4.7,4.7,4.7,4.6,4.7,4.6,4.8,4.8,4.67,4.6,5.0,
AIG20230000455728,4,4.6,전반적 만족도,22,19,86.4,19,19,4.6,4.7,4.8,4.9,4.9,4.8,4.8,4.6,4.8,5.0,,
AIG20230000455728,5,4.7,전반적 만족도,23,18,78.3,18,18,4.7,4.6,4.6,4.6,4.6,4.5,4.8,4.7,4.67,4.6,3.9,
AIG20230000455731,1,4.0,전반적 만족도,16,15,93.8,10,15,4.0,4.0,4.4,4.4,4.0,3.9,4.0,4.3,4.0,3.8,,
AIG20230000455731,2,4.7,전반적 만족도,18,14,77.8,14,14,4.7,4.5,4.6,4.7,4.6,4.5,4.6,4.4,4.37,4.7,,
AIG20230000455731,3,4.5,전반적 만족도,18,14,77.8,14,14,4.5,4.1,4.3,4.9,4.7,4.3,4.2,4.4,4.33,4.4,,
AIG20230000455731,4,4.6,전반적 만족도,24,21,87.5,21,21,4.6,4.5,4.7,4.7,4.6,4.6,4.6,4.3,4.33,4.5,,
AIG20230000455731,5,4.0,전반적 만족도,20,8,40,8,8,4.0,3.1,4.2,4.7,4.3,4.1,4.1,3.7,4.13,4.2,4.3,
AIG20230000455731,6,4.6,전반적 만족도,23,17,73.9,17,17,4.6,4.5,4.7,4.8,4.7,4.5,4.5,4.6,4.57,4.7,,
AIG20230000455731,7,4.9,전반적 만족도,10,5,50,5,5,4.9,5.0,5.0,5.0,5.0,4.9,5.0,5.0,5.0,4.9,,
AIG20230000455731,8,4.4,전반적 만족도,12,10,83.3,10,10,4.4,4.3,4.4,4.6,4.4,4.2,4.3,3.8,4.43,4.5,5.0,
AIG20230000455731,9,4.5,전반적 만족도,25,20,80,19,20,4.5,4.2,4.4,4.4,4.3,4.3,4.5,4.4,4.37,4.3,,
AIG20230000455732,1,4.3,전반적 만족도,28,13,46.4,12,13,4.3,3.8,4.1,4.5,4.5,4.1,4.5,4.4,4.17,4.2,,
AIG20230000455732,2,4.7,전반적 만족도,27,17,63,17,17,4.7,4.5,4.5,4.7,4.7,4.6,4.7,4.7,4.67,4.8,5.0,
AIG20230000455732,3,4.6,전반적 만족도,30,26,86.7,26,26,4.6,4.3,4.5,4.6,4.6,4.5,4.7,4.6,4.7,4.7,4.5,
AIG20230000455732,4,4.7,전반적 만족도,30,19,63.3,19,19,4.7,4.5,4.7,4.8,4.7,4.6,4.8,4.7,4.7,4.8,4.3,
AIG20230000455732,5,4.7,전반적 만족도,30,23,76.7,22,23,4.7,4.6,4.7,4.8,4.8,4.7,4.8,4.6,4.8,4.7,4.3,
AIG20230000455734,1,4.6,전반적 만족도,19,16,84.2,15,16,4.6,4.4,4.3,4.6,4.6,4.4,4.6,4.7,4.27,4.6,,
AIG20230000455734,2,4.7,전반적 만족도,21,17,81,16,17,4.7,4.5,4.6,4.8,4.7,4.7,4.7,4.7,4.6,4.7,4.8,
AIG20230000455734,3,5.0,전반적 만족도,16,12,75,12,12,5.0,5.0,5.0,5.0,5.0,5.0,5.0,5.0,5.0,5.0,5.0,
AIG20230000455734,4,4.9,전반적 만족도,11,8,72.7,8,8,4.9,4.8,5.0,5.0,4.9,4.9,5.0,4.9,4.77,4.8,5.0,
AIG20230000455734,5,5.0,전반적 만족도,13,12,92.3,12,12,5.0,5.0,5.0,5.0,5.0,5.0,5.0,5.0,5.0,5.0,,
AIG20230000455734,6,5.0,전반적 만족도,10,7,70,6,7,5.0,5.0,5.0,5.0,5.0,5.0,5.0,5.0,5.0,4.9,5.0,
AIG20230000455734,7,5.0,전반적 만족도,14,9,64.3,9,9,5.0,5.0,5.0,5.0,5.0,5.0,5.0,5.0,5.0,5.0,5.0,
AIG20230000455734,8,4.8,전반적 만족도,14,9,64.3,8,9,4.8,4.6,4.8,4.7,4.8,4.7,4.8,4.8,4.73,4.8,,
AIG20230000455736,1,4.2,전반적 만족도,21,16,76.2,11,16,4.2,3.9,4.2,4.0,3.9,4.1,4.2,4.1,4.1,4.0,,
AIG20230000455736,2,4.1,전반적 만족도,28,25,89.3,23,25,4.1,4.1,4.3,4.3,4.1,4.1,4.3,4.1,4.23,4.0,,
AIG20230000455736,3,4.4,전반적 만족도,26,15,57.7,14,15,4.4,4.4,4.4,4.4,4.6,4.4,4.7,4.5,4.57,4.2,5.0,
AIG20230000455736,4,4.4,전반적 만족도,22,21,95.5,18,21,4.4,4.2,4.5,4.7,4.4,4.2,4.4,4.1,4.4,4.3,,
AIG20230000455736,5,3.7,전반적 만족도,21,17,81,16,17,3.7,3.9,3.7,3.6,3.6,3.6,3.9,3.7,3.87,3.7,2.9,
AIG20230000455736,6,4.8,전반적 만족도,21,21,100,21,21,4.8,4.8,4.8,4.9,4.8,4.7,4.7,4.7,4.73,4.7,5.0,
AIG20230000455736,7,4.1,전반적 만족도,20,15,75,12,15,4.1,4.0,4.0,4.0,4.0,4.0,4.2,4.0,3.97,4.0,,
AIG20230000455736,8,4.6,전반적 만족도,21,21,100,21,21,4.6,4.6,4.7,4.7,4.6,4.6,4.7,4.5,4.47,4.6,,
AIG20230000455736,9,3.2,전반적 만족도,25,17,68,10,17,3.2,3.4,3.4,3.4,3.2,3.4,3.4,3.3,3.43,3.4,,
AIG20230000455736,10,4.7,전반적 만족도,20,18,90,18,18,4.7,4.5,4.6,4.6,4.6,4.6,4.8,4.6,4.6,4.6,,
AIG20230000455736,11,4.8,전반적 만족도,11,6,54.5,6,6,4.8,4.6,4.7,4.8,4.8,4.7,4.8,4.8,4.57,4.6,,
AIG20230000455736,12,4.8,전반적 만족도,23,20,87,20,20,4.8,4.7,4.7,4.7,4.7,4.6,4.8,4.7,4.67,4.6,3.6,
AIG20230000455739,1,4.6,전반적 만족도,16,10,62.5,10,10,4.6,4.4,4.6,4.7,4.6,4.3,4.4,4.5,4.47,4.4,,
AIG20230000455739,2,3.0,전반적 만족도,19,13,68.4,5,13,3.0,3.1,3.3,3.0,3.4,3.1,2.5,3.1,3.0,2.6,3.6,
AIG20230000455739,3,3.7,전반적 만족도,20,13,65,8,13,3.7,3.2,3.7,3.8,3.6,3.7,3.7,3.2,3.63,3.0,2.9,
AIG20230000455739,4,4.1,전반적 만족도,16,10,62.5,8,10,4.1,4.1,4.2,4.3,4.3,4.1,4.1,4.0,4.2,4.1,3.6,
AIG20230000455739,5,4.2,전반적 만족도,15,12,80,11,12,4.2,3.9,4.2,4.2,4.3,4.1,4.2,4.2,4.07,4.3,,
AIG20230000455739,6,3.7,전반적 만족도,15,9,60,7,9,3.7,3.7,3.6,3.9,3.7,3.5,3.6,3.9,3.6,3.3,2.9,
AIG20230000455739,7,4.3,전반적 만족도,12,7,58.3,7,7,4.3,4.1,4.3,4.3,4.4,4.3,4.2,4.4,4.27,4.3,5.0,
AIG20230000455739,8,4.2,전반적 만족도,15,13,86.7,12,13,4.2,3.8,4.0,4.0,4.1,4.1,4.0,4.1,3.97,3.9,3.9,
AIG20230000455739,9,4.2,전반적 만족도,14,13,92.9,11,13,4.2,3.9,4.0,4.1,4.0,4.0,4.4,4.2,3.97,3.9,2.1,
AIG20230000455741,1,4.0,전반적 만족도,29,27,93.1,21,27,4.0,3.6,3.9,3.9,4.0,3.8,4.0,3.8,3.87,3.6,,
AIG20230000455741,2,4.6,전반적 만족도,24,21,87.5,20,21,4.6,4.2,4.5,4.6,4.5,4.5,4.6,4.4,4.43,4.5,5.0,
AIG20230000455741,3,4.6,전반적 만족도,30,30,100,28,30,4.6,4.5,4.7,4.7,4.7,4.7,4.6,4.6,4.43,4.5,,
AIG20230000455741,4,5.0,전반적 만족도,24,22,91.7,22,22,5.0,5.0,5.0,5.0,5.0,5.0,5.0,5.0,5.0,5.0,5.0,
AIG20230000455741,5,4.6,전반적 만족도,30,30,100,30,30,4.6,4.6,4.4,4.8,4.6,4.5,4.6,4.5,4.47,4.6,,
AIG20230000455741,6,5.0,전반적 만족도,14,10,71.4,10,10,5.0,4.6,4.8,4.9,4.9,4.8,4.9,4.5,4.37,4.6,,
AIG20230000455743,1,3.9,전반적 만족도,9,7,77.8,4,7,3.9,3.8,4.3,4.5,4.3,4.1,4.2,3.8,3.97,3.5,,
AIG20230000455743,2,3.6,전반적 만족도,24,20,83.3,11,20,3.6,3.5,3.6,3.4,3.6,3.3,3.5,3.7,3.37,3.0,1.4,
AIG20230000455743,3,4.4,전반적 만족도,19,16,84.2,15,16,4.4,4.3,4.6,4.6,4.6,4.3,4.3,4.4,4.33,4.4,4.3,
AIG20230000455744,1,3.7,전반적 만족도,21,16,76.2,9,16,3.7,2.8,3.7,4.0,4.0,3.8,3.9,3.0,3.73,2.9,5.0,
AIG20230000455744,2,4.5,전반적 만족도,23,18,78.3,15,18,4.5,4.1,4.5,4.6,4.5,4.3,4.6,4.4,4.43,4.1,,
AIG20230000455744,3,3.3,전반적 만족도,20,9,45,6,9,3.3,3.3,3.6,3.9,3.3,3.4,3.4,3.1,3.07,3.1,3.2,
AIG20230000455744,4,4.1,전반적 만족도,18,10,55.6,9,10,4.1,4.1,4.2,4.3,4.2,4.3,4.0,4.3,4.37,4.1,5.0,
AIG20230000455744,6,4.1,전반적 만족도,18,17,94.4,16,17,4.1,3.9,4.4,4.3,4.3,4.3,4.2,4.3,4.17,3.9,5.0,
AIG20230000455744,7,4.5,전반적 만족도,27,23,85.2,23,23,4.5,4.3,4.6,4.5,4.6,4.6,4.5,4.5,4.43,4.5,5.0,
AIG20230000455744,8,4.4,전반적 만족도,27,20,74.1,20,20,4.4,4.1,4.6,4.5,4.5,4.3,4.4,4.2,4.3,4.5,3.9,
AIG20230000455744,9,4.1,전반적 만족도,26,19,73.1,16,19,4.1,4.3,4.3,4.2,4.3,4.0,4.2,4.3,4.07,4.0,4.5,
AIG20230000455746,1,3.4,전반적 만족도,50,28,56,18,28,3.4,3.6,3.5,3.8,3.8,3.6,3.8,3.4,3.3,3.0,3.6,
AIG20230000455746,2,3.8,전반적 만족도,56,46,82.1,35,46,3.8,3.6,3.8,4.1,4.1,4.0,4.1,3.9,3.9,3.5,3.4,
AIG20230000455746,3,4.3,전반적 만족도,46,32,69.6,29,32,4.3,4.1,4.3,4.3,4.4,4.2,4.3,4.3,4.3,4.0,4.5,
AIG20230000455746,4,4.6,전반적 만족도,31,21,67.7,21,21,4.6,4.6,4.6,4.6,4.6,4.5,4.5,4.6,4.47,4.6,4.9,
AIG20230000455746,5,4.2,전반적 만족도,26,20,76.9,16,20,4.2,4.4,4.4,4.4,4.5,4.3,4.4,4.2,4.27,3.9,4.3,
AIG20230000455746,6,4.3,전반적 만족도,26,18,69.2,18,18,4.3,4.1,4.3,4.3,4.4,4.2,4.4,4.4,4.2,4.2,4.3,
AIG20230000455746,7,4.0,전반적 만족도,48,41,85.4,38,41,4.0,4.1,4.3,4.3,4.4,4.2,4.3,4.1,4.1,4.0,3.9,
AIG20230000455746,8,4.0,전반적 만족도,39,30,76.9,25,30,4.0,4.0,4.1,4.3,4.3,4.2,4.3,3.9,4.2,3.8,4.5,
AIG20230000455746,9,4.0,전반적 만족도,31,25,80.6,22,25,4.0,4.2,4.2,4.3,4.3,4.1,4.3,4.1,4.0,3.9,,
AIG20230000455746,10,4.1,전반적 만족도,37,33,89.2,29,33,4.1,4.2,4.3,4.3,4.4,4.1,4.2,4.3,4.13,3.9,4.7,
AIG20230000455747,1,3.5,전반적 만족도,46,35,76.1,26,35,3.5,3.5,3.9,4.0,4.2,3.6,3.9,3.7,3.87,3.1,3.8,
AIG20230000455747,2,4.2,전반적 만족도,26,19,73.1,17,19,4.2,3.9,4.1,4.3,4.3,4.1,4.1,4.0,4.1,4.2,4.3,
AIG20230000455748,1,3.6,전반적 만족도,53,43,81.1,27,43,3.6,3.5,3.6,3.8,4.0,3.6,4.2,3.5,3.8,3.2,3.2,
AIG20230000455748,2,3.0,전반적 만족도,60,48,80,33,48,3.0,3.1,3.4,3.2,3.6,3.2,3.5,3.0,3.47,2.6,2.3,
AIG20230000455748,3,3.8,전반적 만족도,56,46,82.1,32,46,3.8,4.0,3.9,3.9,4.2,3.9,4.0,3.9,3.97,3.7,3.8,
AIG20230000455748,4,3.2,전반적 만족도,50,29,58,14,29,3.2,3.5,3.5,3.6,3.8,3.5,3.7,3.3,3.53,2.9,3.6,
AIG20230000455748,5,3.7,전반적 만족도,36,31,86.1,22,31,3.7,3.8,3.9,4.0,4.1,3.8,3.8,3.8,3.9,3.5,,
AIG20230000455748,6,4.3,전반적 만족도,21,18,85.7,15,18,4.3,4.5,4.4,4.5,4.6,4.6,4.6,4.3,4.5,4.4,4.6,
AIG20230000455748,7,4.0,전반적 만족도,48,40,83.3,34,40,4.0,4.1,4.2,4.2,4.3,4.0,4.0,4.1,4.03,3.7,2.9,
AIG20230000455748,8,4.1,전반적 만족도,24,11,45.8,8,11,4.1,4.4,4.2,4.3,4.4,4.2,3.9,4.2,4.43,4.0,,
AIG20230000455748,9,4.3,전반적 만족도,20,18,90,14,18,4.3,4.2,4.4,4.3,4.4,4.1,4.3,4.1,4.17,4.0,4.3,
AIG20230000455748,10,4.1,전반적 만족도,36,28,77.8,22,28,4.1,4.2,4.3,4.2,4.4,4.1,4.1,4.2,4.03,3.9,3.1,
AIG20230000455749,1,4.8,전반적 만족도,20,18,90,18,18,4.8,4.6,4.7,5.0,4.9,4.8,4.9,4.9,4.8,4.9,,
AIG20230000455749,2,3.7,전반적 만족도,24,20,83.3,15,20,3.7,3.6,3.7,3.9,4.1,3.9,4.3,4.1,4.03,3.4,,
AIG20230000455749,3,3.4,전반적 만족도,13,9,69.2,7,9,3.4,3.2,3.5,3.7,3.5,3.4,4.0,4.2,3.4,3.5,,
AIG20230000455749,4,4.1,전반적 만족도,20,17,85,17,17,4.1,3.7,4.3,4.4,4.6,4.1,4.2,4.6,3.9,4.3,5.0,
AIG20230000455749,5,3.6,전반적 만족도,14,11,78.6,8,11,3.6,3.2,3.9,3.6,4.1,3.7,3.9,4.2,3.7,3.6,5.0,
AIG20230000455749,6,4.6,전반적 만족도,8,8,100,6,8,4.6,4.0,4.7,4.7,5.0,4.9,4.9,4.9,4.57,4.4,5.0,
AIG20230000455749,7,4.7,전반적 만족도,21,17,81,17,17,4.7,4.6,4.7,4.8,4.9,4.8,4.8,4.9,4.67,4.8,5.0,
AIG20230000455749,8,3.4,전반적 만족도,12,12,100,8,12,3.4,3.2,3.5,3.3,3.8,3.4,3.7,3.2,3.57,3.5,,
AIG20230000455751,1,2.9,전반적 만족도,17,12,70.6,3,12,2.9,3.0,3.3,3.8,3.2,3.2,3.7,3.4,3.27,2.7,2.6,
AIG20230000455751,3,4.3,전반적 만족도,5,3,60,2,3,4.3,3.6,4.0,4.3,4.3,4.2,4.3,3.7,3.5,3.8,,
AIG20230000455752,1,4.6,전반적 만족도,28,26,92.9,26,26,4.6,4.4,4.6,4.8,4.8,4.5,4.8,4.1,4.6,4.7,,
AIG20230000455752,2,4.6,전반적 만족도,26,24,92.3,23,24,4.6,4.4,4.6,4.8,4.6,4.4,4.6,4.4,4.57,4.6,5.0,
AIG20230000455752,3,4.7,전반적 만족도,15,15,100,15,15,4.7,4.4,4.5,4.8,4.9,4.5,4.8,4.1,4.7,4.9,,
AIG20230000455752,4,4.7,전반적 만족도,15,14,93.3,13,14,4.7,4.5,4.7,4.8,4.8,4.8,4.9,4.3,4.77,4.7,,
AIG20230000455753,1,3.0,전반적 만족도,48,34,70.8,14,34,3.0,3.0,3.2,3.8,3.6,3.2,3.6,3.3,3.37,2.4,3.9,
AIG20230000455753,2,4.6,전반적 만족도,49,35,71.4,34,35,4.6,4.5,4.6,4.8,4.7,4.5,4.7,4.7,4.57,4.5,4.3,
AIG20230000455753,3,4.2,전반적 만족도,44,37,84.1,33,37,4.2,4.2,4.1,4.4,4.3,4.2,4.1,4.4,4.1,4.0,4.4,
AIG20230000455753,4,4.1,전반적 만족도,42,24,57.1,21,24,4.1,4.0,4.2,4.3,4.3,4.1,4.2,4.3,4.1,4.1,4.3,
AIG20230000455753,5,4.0,전반적 만족도,36,23,63.9,19,23,4.0,4.1,4.0,4.4,4.4,4.2,4.2,4.3,4.2,3.8,3.9,
AIG20230000455753,6,3.5,전반적 만족도,46,32,69.6,24,32,3.5,3.6,3.6,4.0,4.0,3.4,3.8,3.7,3.6,3.1,3.6,
AIG20230000455753,7,4.3,전반적 만족도,66,42,63.6,39,42,4.3,4.2,4.3,4.2,4.3,4.3,4.2,4.3,4.17,4.1,4.9,
AIG20230000455753,8,4.2,전반적 만족도,58,40,69,32,40,4.2,4.3,4.3,4.4,4.4,4.3,4.3,4.4,4.2,4.1,4.4,
AIG20230000455753,9,3.9,전반적 만족도,34,23,67.6,21,23,3.9,4.2,4.0,4.3,4.2,4.0,4.1,4.4,4.03,3.9,5.0,
AIG20230000455753,10,4.2,전반적 만족도,39,32,82.1,23,32,4.2,3.8,4.1,4.3,4.2,4.1,4.2,4.1,3.83,3.7,2.9,
AIG20230000455753,11,3.9,전반적 만족도,45,30,66.7,25,30,3.9,3.8,4.0,4.1,4.1,3.9,3.9,3.9,3.83,3.9,4.1,
AIG20230000455753,12,4.2,전반적 만족도,20,15,75,15,15,4.2,4.0,3.9,4.2,4.3,4.0,4.0,4.4,3.9,3.9,3.8,
AIG20230000455753,13,3.5,전반적 만족도,28,18,64.3,11,18,3.5,3.9,3.8,4.1,4.0,3.5,3.7,3.9,3.5,3.4,,
AIG20230000455753,14,3.9,전반적 만족도,65,46,70.8,37,46,3.9,3.6,3.9,4.2,4.0,3.8,3.9,4.1,3.83,3.7,3.5,
AIG20230000455754,1,4.5,전반적 만족도,18,11,61.1,11,11,4.5,4.7,4.7,4.7,4.7,4.6,4.5,4.4,4.6,4.7,,
AIG20230000455754,2,4.3,전반적 만족도,18,14,77.8,13,14,4.3,4.5,4.3,4.6,4.3,4.3,4.6,4.2,4.07,4.2,0.7,
AIG20230000455754,3,4.9,전반적 만족도,13,9,69.2,9,9,4.9,4.9,4.9,4.9,4.9,4.9,4.9,4.9,4.8,4.8,5.0,
AIG20230000455754,4,4.5,전반적 만족도,11,6,54.5,5,6,4.5,4.5,4.6,4.4,4.0,4.7,4.5,4.5,4.53,4.6,,
AIG20230000455754,5,4.6,전반적 만족도,14,8,57.1,8,8,4.6,4.7,4.8,5.0,4.7,4.8,4.7,4.8,4.63,4.6,,
AIG20230000455754,6,4.5,전반적 만족도,13,7,53.8,6,7,4.5,4.5,4.6,4.4,4.6,4.5,4.5,4.7,4.23,4.3,5.0,
AIG20230000455754,7,4.5,전반적 만족도,12,11,91.7,8,11,4.5,4.6,4.6,4.5,4.7,4.5,4.5,4.6,4.53,4.3,5.0,
AIG20230000455758,1,3.8,전반적 만족도,16,12,75,7,12,3.8,3.8,4.0,3.6,4.2,3.8,4.0,4.8,4.03,3.3,2.9,
AIG20230000455758,2,4.8,전반적 만족도,17,9,52.9,8,9,4.8,4.8,4.8,4.8,4.8,4.7,5.0,4.8,4.87,4.8,4.3,
AIG20230000455758,3,5.0,전반적 만족도,12,8,66.7,8,8,5.0,5.0,5.0,5.0,5.0,5.0,5.0,5.0,5.0,5.0,5.0,
AIG20230000455758,4,4.6,전반적 만족도,12,4,33.3,4,4,4.6,4.8,4.5,4.8,4.6,4.3,5.0,4.8,4.3,4.8,,
AIG20230000455758,5,5.0,전반적 만족도,13,10,76.9,10,10,5.0,5.0,5.0,5.0,5.0,5.0,5.0,5.0,5.0,5.0,5.0,
AIG20230000455759,1,3.3,전반적 만족도,14,7,50,5,7,3.3,4.0,3.2,3.4,3.4,3.4,3.4,3.4,3.13,3.2,,
AIG20230000455759,2,4.0,전반적 만족도,28,23,82.1,16,23,4.0,4.1,3.8,4.2,4.0,3.9,4.1,4.2,4.1,3.9,2.9,
AIG20230000455766,1,4.6,전반적 만족도,14,9,64.3,8,9,4.6,4.9,4.7,4.8,4.9,4.6,5.0,4.8,4.43,4.4,5.0,
AIG20230000455766,2,3.4,전반적 만족도,24,21,87.5,11,21,3.4,2.9,3.3,4.0,3.6,3.3,3.5,3.0,3.37,3.3,4.6,
AIG20230000455766,3,2.2,전반적 만족도,27,22,81.5,11,22,2.2,2.0,2.4,2.9,2.9,2.4,2.6,2.7,2.6,2.0,2.9,
AIG20230000455766,4,3.1,전반적 만족도,25,22,88,10,22,3.1,3.6,3.1,3.8,3.7,3.0,3.4,3.8,3.37,2.7,4.3,
AIG20230000455766,7,4.5,전반적 만족도,19,16,84.2,13,16,4.5,4.2,4.3,4.7,4.4,4.4,4.4,4.2,4.27,4.3,5.0,
AIG20230000455766,9,4.5,전반적 만족도,16,12,75,11,12,4.5,4.3,4.5,4.8,4.7,4.3,4.6,4.7,4.3,4.4,3.6,
AIG20230000455766,10,4.9,전반적 만족도,9,6,66.7,6,6,4.9,4.9,4.7,4.8,4.9,4.8,4.9,4.9,4.83,4.9,,
AIG20230000455766,11,4.1,전반적 만족도,6,4,66.7,2,4,4.1,3.4,3.9,3.8,3.9,3.8,4.1,3.8,3.7,3.2,,
AIG20230000455766,12,3.7,전반적 만족도,11,9,81.8,6,9,3.7,3.3,3.8,3.8,3.7,3.6,3.6,3.7,3.5,3.3,5.0,
AIG20230000455769,1,4.2,전반적 만족도,28,27,96.4,26,27,4.2,4.2,4.4,4.4,4.5,4.2,4.4,3.9,4.4,3.9,4.6,
AIG20230000455769,2,4.4,전반적 만족도,21,20,95.2,17,20,4.4,3.9,4.2,4.5,4.5,4.2,4.5,3.9,4.5,4.2,5.0,
AIG20230000455775,1,5.0,전반적 만족도,9,3,33.3,3,3,5.0,5.0,5.0,5.0,5.0,5.0,5.0,5.0,5.0,5.0,,
AIG20230000455779,1,4.7,전반적 만족도,28,16,57.1,16,16,4.7,4.2,4.3,4.4,4.4,4.5,4.8,4.5,4.6,4.5,3.6,
AIG20230000455779,2,4.7,전반적 만족도,28,18,64.3,18,18,4.7,4.5,4.5,4.6,4.5,4.6,4.3,4.9,4.63,4.4,5.0,
AIG20230000455779,3,3.5,전반적 만족도,33,29,87.9,21,29,3.5,3.2,3.3,3.7,3.8,3.6,3.8,3.7,3.77,3.3,3.6,
AIG20230000455779,4,4.2,전반적 만족도,33,25,75.8,21,25,4.2,3.8,4.1,4.2,4.3,4.3,4.3,4.5,4.4,4.2,5.0,
AIG20230000455779,5,4.3,전반적 만족도,24,23,95.8,21,23,4.3,4.1,4.3,4.4,4.5,4.3,4.2,4.5,4.37,4.0,3.8,
AIG20230000455781,1,3.2,전반적 만족도,14,11,78.6,6,11,3.2,3.6,3.2,3.1,3.2,3.2,3.3,3.2,3.03,2.9,4.3,
AIG20230000455781,2,4.1,전반적 만족도,18,10,55.6,9,10,4.1,4.1,3.9,4.0,4.1,3.8,3.5,4.3,3.93,4.2,,
AIG20230000455783,1,4.4,전반적 만족도,39,26,66.7,24,26,4.4,4.6,4.3,4.5,4.5,4.2,4.4,4.4,4.47,4.4,4.4,
AIG20230000455783,2,3.8,전반적 만족도,37,32,86.5,25,32,3.8,3.8,4.0,3.9,4.1,3.7,4.1,3.9,3.63,3.7,3.2,
AIG20230000455783,3,4.3,전반적 만족도,28,24,85.7,22,24,4.3,4.2,4.2,4.4,4.4,4.2,4.3,4.2,4.33,4.3,5.0,
AIG20230000455783,4,4.0,전반적 만족도,31,24,77.4,19,24,4.0,3.9,3.9,4.0,4.0,4.0,4.0,4.0,3.8,3.8,5.0,
AIG20230000455784,1,4.0,전반적 만족도,24,20,83.3,17,20,4.0,4.0,3.6,4.1,4.1,3.7,3.9,3.8,4.23,4.0,,
AIG20230000455784,2,3.4,전반적 만족도,25,21,84,13,21,3.4,3.5,3.5,3.4,3.7,3.4,3.6,3.5,3.43,3.3,,
AIG20230000455784,3,2.5,전반적 만족도,18,18,100,6,18,2.5,3.1,2.3,2.9,2.9,2.6,2.8,2.8,2.83,2.3,5.0,
AIG20230000455784,4,3.4,전반적 만족도,18,12,66.7,5,12,3.4,3.5,3.3,3.5,3.3,3.4,3.4,3.4,3.63,3.6,,
AIG20230000455784,5,2.5,전반적 만족도,17,13,76.5,6,13,2.5,2.6,2.4,2.4,2.5,2.8,2.6,2.6,2.73,2.3,1.4,
AIG20230000455784,7,2.7,전반적 만족도,19,13,68.4,3,13,2.7,2.5,3.4,3.0,3.3,2.7,2.6,2.9,3.0,2.3,,
AIG20230000455784,8,2.3,전반적 만족도,27,23,85.2,5,23,2.3,2.7,2.3,2.0,2.5,2.5,2.6,2.9,2.7,2.1,2.9,
AIG20230000455784,9,3.0,전반적 만족도,23,19,82.6,8,19,3.0,3.0,3.8,3.9,3.9,3.3,3.2,3.6,3.53,3.2,,
AIG20230000455784,10,2.9,전반적 만족도,12,9,75,3,9,2.9,2.4,2.9,2.7,2.9,2.7,2.7,2.7,2.8,2.5,2.9,
AIG20230000455784,11,3.6,전반적 만족도,22,16,72.7,12,16,3.6,3.5,3.1,3.5,3.6,3.2,3.4,3.5,3.6,3.4,3.2,
AIG20230000455784,12,2.2,전반적 만족도,26,24,92.3,6,24,2.2,2.6,2.5,2.1,2.5,2.4,2.2,2.2,2.33,1.8,3.6,
AIG20230000455784,14,2.4,전반적 만족도,22,19,86.4,5,19,2.4,3.1,2.7,2.0,2.7,2.7,2.9,3.0,2.7,2.1,4.3,
AIG20230000455784,15,4.2,전반적 만족도,21,19,90.5,17,19,4.2,4.0,4.2,4.1,4.2,4.2,4.3,4.2,4.13,4.2,4.8,
AIG20230000455784,17,3.9,전반적 만족도,20,17,85,14,17,3.9,4.0,3.9,4.1,4.1,3.9,4.0,3.9,3.87,3.9,4.1,
AIG20230000455784,18,4.2,전반적 만족도,11,9,81.8,8,9,4.2,4.3,4.4,3.9,4.3,4.3,4.5,4.4,4.1,4.2,5.0,
AIG20230000455784,20,4.3,전반적 만족도,24,23,95.8,21,23,4.3,4.3,4.3,4.3,4.2,4.4,4.0,4.4,4.17,4.3,4.7,
AIG20230000455784,22,4.0,전반적 만족도,15,11,73.3,10,11,4.0,3.9,4.0,3.7,3.8,4.1,4.2,3.9,4.1,4.2,3.9,
AIG20230000455784,23,4.6,전반적 만족도,8,6,75,6,6,4.6,4.3,4.8,4.6,4.8,4.6,4.5,4.9,4.43,4.6,,
AIG20230000455784,28,4.2,전반적 만족도,16,13,81.3,11,13,4.2,4.0,4.2,4.3,4.3,4.2,4.0,4.0,4.1,3.8,,
AIG20230000455784,29,4.8,전반적 만족도,13,9,69.2,8,9,4.8,4.7,4.7,4.9,4.7,4.6,4.6,4.3,4.63,4.5,,
AIG20230000455784,30,4.5,전반적 만족도,17,13,76.5,12,13,4.5,4.2,4.3,4.5,4.3,4.3,4.4,4.1,4.13,4.3,,
AIG20230000455784,31,4.2,전반적 만족도,21,16,76.2,15,16,4.2,4.2,4.2,4.2,4.3,4.2,4.3,4.4,4.23,4.2,,
AIG20230000455791,1,4.8,전반적 만족도,27,15,55.6,14,15,4.8,4.8,4.8,4.8,4.7,4.7,4.8,4.7,4.7,4.7,,
AIG20230000455791,2,5.0,전반적 만족도,24,11,45.8,11,11,5.0,5.0,5.0,5.0,5.0,5.0,5.0,5.0,5.0,5.0,5.0,
AIG20230000455791,3,2.9,전반적 만족도,15,2,13.3,1,2,2.9,1.8,2.9,3.6,2.3,2.6,3.2,3.0,3.1,3.2,,
AIG20240000458996,2,3.9,전반적 만족도,33,27,81.8,23,27,3.9,3.9,,3.2,,3.9,4.2,4.2,4.17,3.9,3.0,3.4
AIG20240000458996,3,3.6,전반적 만족도,18,16,88.9,13,16,3.6,4.1,,3.6,,3.8,3.8,4.6,4.0,3.9,4.5,3.5
AIG20240000458997,1,3.2,전반적 만족도,28,2,7.1,1,2,3.2,3.9,,4.3,,4.3,4.3,4.1,4.27,3.9,3.6,4.3
AIG20240000458997,2,4.3,전반적 만족도,31,26,83.9,22,26,4.3,3.8,,4.7,,4.1,4.2,3.8,4.03,3.8,4.6,4.1
AIG20240000458997,3,4.1,전반적 만족도,15,12,80,10,12,4.1,3.9,,4.3,,4.1,4.2,4.1,4.13,3.7,4.3,4.0
AIG20240000458998,1,4.6,전반적 만족도,13,11,84.6,9,11,4.6,4.3,,4.9,,4.5,4.4,4.5,4.53,4.7,5.0,4.9
AIG20240000458998,2,4.1,전반적 만족도,13,5,38.5,4,5,4.1,4.7,,4.9,,4.5,4.4,3.8,4.33,4.1,,4.9
AIG20240000458999,1,4.5,전반적 만족도,20,16,80,16,16,4.5,4.2,,4.8,,4.3,4.6,3.8,4.13,4.4,5.0,4.6
AIG20240000458999,2,3.5,전반적 만족도,25,22,88,15,22,3.5,3.9,,3.3,,3.4,3.6,4.2,3.77,3.5,,3.7
AIG20240000458999,3,4.4,전반적 만족도,16,10,62.5,10,10,4.4,4.1,,4.2,,4.0,4.4,4.3,4.23,4.3,4.3,4.1
AIG20240000458999,4,4.2,전반적 만족도,15,14,93.3,13,14,4.2,4.0,,4.5,,4.2,4.6,4.6,4.3,4.2,3.2,4.2
AIG20240000458999,5,4.2,전반적 만족도,24,18,75,17,18,4.2,3.9,,4.2,,4.2,4.3,4.3,4.23,4.2,,4.1
AIG20240000459000,1,4.4,전반적 만족도,22,15,68.2,14,15,4.4,4.2,,4.4,,4.3,4.4,4.4,4.27,4.2,,4.3
AIG20240000459000,2,3.7,전반적 만족도,25,19,76,15,19,3.7,3.5,,3.7,,3.5,3.5,3.5,3.63,3.7,4.3,3.7
AIG20240000459005,1,4.8,전반적 만족도,44,41,93.2,40,41,4.8,4.6,,4.7,,4.8,4.8,4.7,4.73,4.7,,4.7
AIG20240000459005,2,4.5,전반적 만족도,47,43,91.5,39,43,4.5,4.5,,4.7,,4.6,4.7,4.8,4.73,4.5,5.0,4.6
AIG20240000459009,1,4.0,전반적 만족도,11,11,100,11,11,4.0,4.1,,4.5,,4.3,3.9,4.4,4.2,4.2,4.3,4.4
AIG20240000459009,2,4.1,전반적 만족도,30,28,93.3,25,28,4.1,4.2,,4.3,,3.9,4.0,4.5,4.1,4.0,4.1,4.4
AIG20240000459009,3,4.3,전반적 만족도,30,18,60,17,18,4.3,4.2,,4.3,,4.1,4.2,4.5,4.17,3.9,2.9,4.1
AIG20240000459009,4,4.7,전반적 만족도,17,13,76.5,13,13,4.7,4.5,,4.6,,4.4,4.6,4.8,4.5,4.7,4.3,4.6
AIG20240000459009,5,4.5,전반적 만족도,21,13,61.9,13,13,4.5,4.4,,4.5,,4.4,4.3,4.6,4.5,4.5,5.0,4.6
AIG20240000459010,1,4.5,전반적 만족도,29,18,62.1,17,18,4.5,4.3,,4.5,,4.4,,4.6,4.4,4.4,4.2,4.4
AIG20240000459011,1,2.9,전반적 만족도,9,4,44.4,2,4,2.9,3.0,,3.8,,2.9,3.2,2.0,3.53,3.0,,3.2
AIG20240000459012,1,4.3,전반적 만족도,24,22,91.7,20,22,4.3,4.0,,4.5,,4.2,4.5,4.4,4.33,4.4,4.0,4.1
AIG20240000459012,2,4.4,전반적 만족도,22,16,72.7,16,16,4.4,3.9,,4.5,,4.2,4.5,4.5,4.37,4.5,,4.3
AIG20240000459012,3,4.5,전반적 만족도,22,20,90.9,19,20,4.5,3.9,,4.8,,4.4,4.5,4.5,4.4,4.7,4.8,4.4
AIG20240000459012,4,4.5,전반적 만족도,25,20,80,20,20,4.5,4.4,,4.5,,4.4,4.7,4.5,4.3,4.5,4.6,4.3
AIG20240000459016,1,4.1,전반적 만족도,9,8,88.9,8,8,4.1,4.5,,4.6,,4.6,4.2,4.8,4.27,4.6,5.0,4.7
AIG20240000459017,1,4.0,전반적 만족도,20,15,75,14,15,4.0,3.8,,4.5,,4.2,4.3,4.1,4.07,4.4,1.4,4.4
AIG20240000459017,2,4.5,전반적 만족도,19,12,63.2,11,12,4.5,4.6,,4.8,,4.6,4.5,4.5,4.4,4.5,5.0,4.7
AIG20240000459017,3,4.2,전반적 만족도,20,13,65,12,13,4.2,4.3,,4.6,,4.1,4.1,4.5,4.17,4.2,3.8,4.5
AIG20240000459017,4,4.0,전반적 만족도,25,12,48,10,12,4.0,3.9,,4.4,,4.1,4.0,4.2,3.83,3.9,3.6,4.2
AIG20240000459017,5,4.4,전반적 만족도,27,23,85.2,21,23,4.4,4.2,,4.7,,4.4,4.4,4.2,4.37,4.4,5.0,4.5
AIG20240000459017,6,4.1,전반적 만족도,16,14,87.5,14,14,4.1,4.6,,4.6,,4.4,4.5,4.6,4.17,4.3,5.0,4.6
AIG20240000459019,1,4.0,전반적 만족도,37,33,89.2,27,33,4.0,4.3,,4.0,,4.1,3.9,4.4,4.07,3.9,4.3,4.0
AIG20240000459019,2,3.7,전반적 만족도,15,10,66.7,8,10,3.7,3.4,,3.2,,3.5,3.4,4.4,3.9,3.3,,3.0
AIG20240000459019,3,3.5,전반적 만족도,22,19,86.4,15,19,3.5,3.8,,2.9,,3.4,3.6,3.4,3.5,3.0,2.1,3.1
AIG20240000459019,4,4.0,전반적 만족도,25,20,80,15,20,4.0,3.9,,4.3,,4.3,3.8,4.2,3.73,3.7,2.9,3.9
AIG20240000459019,5,4.1,전반적 만족도,19,18,94.7,16,18,4.1,4.5,,4.4,,4.2,4.0,4.4,4.03,4.0,,4.1
AIG20240000459019,6,4.0,전반적 만족도,23,16,69.6,14,16,4.0,4.2,,4.2,,4.1,4.2,4.5,4.13,4.2,,4.1
AIG20240000459019,7,4.7,전반적 만족도,23,18,78.3,18,18,4.7,4.4,,4.8,,4.6,4.6,4.6,4.47,4.5,,4.7
AIG20240000459019,8,4.4,전반적 만족도,25,23,92,21,23,4.4,4.1,,4.2,,4.3,4.3,4.3,4.03,4.2,3.6,4.2
AIG20240000459021,1,4.1,전반적 만족도,12,7,58.3,6,7,4.1,4.0,,4.6,,4.4,4.6,4.4,4.3,4.7,,4.4
AIG20240000459021,2,4.6,전반적 만족도,8,4,50,3,4,4.6,4.6,,4.2,,4.5,4.5,4.1,4.53,5.0,,4.6
AIG20240000459021,3,4.8,전반적 만족도,10,8,80,8,8,4.8,4.6,,4.7,,4.7,4.7,4.4,4.5,4.6,5.0,4.6
AIG20240000459022,1,3.8,전반적 만족도,26,21,80.8,18,21,3.8,3.9,,4.2,,3.9,3.9,4.2,3.9,3.8,4.3,3.7
AIG20240000459022,2,3.4,전반적 만족도,25,17,68,11,17,3.4,3.5,,4.1,,3.5,3.5,3.9,3.57,3.6,,3.3
AIG20240000459022,3,4.0,전반적 만족도,25,20,80,15,20,4.0,4.0,,4.4,,4.0,4.1,4.3,3.93,3.8,2.9,3.6
AIG20240000459022,4,3.8,전반적 만족도,23,16,69.6,14,16,3.8,3.9,,4.2,,3.8,4.1,3.8,3.8,3.8,,3.8
AIG20240000459022,5,4.4,전반적 만족도,20,14,70,13,14,4.4,4.5,,4.5,,4.5,4.5,4.3,4.43,4.4,5.0,4.5
AIG20240000459022,6,4.3,전반적 만족도,21,20,95.2,17,20,4.3,4.3,,4.6,,4.1,4.2,4.4,4.2,4.3,5.0,4.1
AIG20240000459022,7,4.0,전반적 만족도,17,12,70.6,10,12,4.0,4.1,,4.3,,3.9,4.0,4.3,3.93,3.8,3.6,3.6
AIG20240000459022,8,3.4,전반적 만족도,20,18,90,12,18,3.4,3.4,,3.6,,3.6,3.7,3.4,3.6,3.5,,3.1
AIG20240000459022,9,3.5,전반적 만족도,18,16,88.9,13,16,3.5,3.4,,4.2,,3.4,3.6,3.8,3.6,3.4,4.3,3.1
AIG20240000459022,10,4.2,전반적 만족도,22,20,90.9,19,20,4.2,4.1,,4.2,,4.1,4.2,4.2,3.9,4.1,5.0,3.9
AIG20240000459022,11,4.6,전반적 만족도,26,20,76.9,20,20,4.6,4.6,,4.8,,4.5,4.5,4.6,4.5,4.5,5.0,4.4
AIG20240000459022,12,4.5,전반적 만족도,27,24,88.9,23,24,4.5,4.5,,4.5,,4.5,4.5,4.5,4.5,4.4,,4.5
AIG20240000459022,13,4.2,전반적 만족도,26,25,96.2,21,25,4.2,4.1,,4.2,,4.2,4.2,4.4,4.13,4.2,3.6,3.7
AIG20240000459022,14,4.3,전반적 만족도,27,25,92.6,24,25,4.3,4.2,,4.5,,4.3,4.3,4.0,4.33,4.4,2.9,4.2
AIG20240000459022,15,4.0,전반적 만족도,28,25,89.3,21,25,4.0,4.2,,4.5,,4.1,4.1,4.0,4.17,4.0,,4.1
AIG20240000459022,16,4.5,전반적 만족도,28,28,100,25,28,4.5,4.0,,4.5,,4.4,4.2,4.2,4.3,4.3,,4.3
AIG20240000459022,17,4.5,전반적 만족도,39,36,92.3,34,36,4.5,4.6,,4.5,,4.5,4.5,4.5,4.53,4.4,5.0,4.5
AIG20240000459022,18,4.3,전반적 만족도,28,24,85.7,21,24,4.3,4.2,,4.2,,4.3,4.3,4.5,4.2,4.2,3.2,3.8
AIG20240000459022,19,4.6,전반적 만족도,27,27,100,25,27,4.6,4.4,,4.6,,4.5,4.6,4.3,4.3,4.4,3.6,4.5
AIG20240000459022,20,4.4,전반적 만족도,38,33,86.8,32,33,4.4,4.5,,4.6,,4.5,4.5,4.6,4.53,4.5,4.0,4.5
AIG20240000459022,21,4.5,전반적 만족도,27,22,81.5,21,22,4.5,4.5,,4.7,,4.5,4.5,4.5,4.27,4.3,5.0,4.4
AIG20240000459022,22,4.1,전반적 만족도,27,24,88.9,22,24,4.1,4.3,,4.3,,4.3,4.1,4.4,4.13,4.0,5.0,3.9
AIG20240000459022,23,4.4,전반적 만족도,27,22,81.5,18,22,4.4,4.4,,4.3,,4.4,4.3,4.6,4.33,4.1,,4.1
AIG20240000459022,24,4.1,전반적 만족도,28,26,92.9,23,26,4.1,4.2,,4.2,,4.2,4.4,4.4,3.97,3.9,3.6,3.9
AIG20240000459022,25,4.2,전반적 만족도,28,22,78.6,17,22,4.2,3.8,,4.5,,4.2,4.1,3.9,4.07,4.0,3.6,4.1
AIG20240000459022,26,4.4,전반적 만족도,24,15,62.5,14,15,4.4,4.2,,4.5,,4.3,4.3,4.2,4.3,4.1,5.0,4.4
AIG20240000459022,27,4.4,전반적 만족도,27,23,85.2,22,23,4.4,4.3,,4.7,,4.4,4.4,4.2,4.37,4.3,3.6,4.3
AIG20240000459022,28,3.6,전반적 만족도,28,11,39.3,8,11,3.6,4.0,,4.1,,3.6,3.7,3.6,3.3,3.2,,3.5
AIG20240000459022,29,4.3,전반적 만족도,26,20,76.9,16,20,4.3,4.2,,4.3,,4.3,4.2,4.3,4.03,4.0,,4.2
AIG20240000459022,30,4.0,전반적 만족도,27,14,51.9,10,14,4.0,4.0,,4.4,,4.1,4.0,4.2,3.87,3.7,,4.0
AIG20240000459023,1,4.4,전반적 만족도,5,5,100,5,5,4.4,4.4,,4.4,,4.4,4.3,4.6,4.37,4.3,,4.1
AIG20240000459024,1,3.8,전반적 만족도,14,9,64.3,5,9,3.8,3.7,,4.2,,3.8,3.9,3.5,3.33,3.4,3.2,3.9
AIG20240000459024,2,4.6,전반적 만족도,17,13,76.5,11,13,4.6,4.7,,4.8,,4.6,5.0,4.9,4.67,4.5,2.9,4.7
AIG20240000459026,1,5.0,전반적 만족도,5,1,20,1,1,5.0,5.0,,5.0,,5.0,5.0,5.0,5.0,5.0,,5.0
AIG20240000459034,1,4.9,전반적 만족도,25,25,100,25,25,4.9,4.7,,4.9,,4.9,5.0,4.4,4.77,5.0,,4.9
AIG20240000459034,2,4.9,전반적 만족도,25,24,96,23,24,4.9,5.0,,5.0,,5.0,5.0,4.9,4.9,4.9,,5.0
AIG20240000459036,1,5.0,전반적 만족도,9,6,66.7,6,6,5.0,5.0,,5.0,,4.9,5.0,5.0,4.67,5.0,,4.8
AIG20240000459036,2,4.6,전반적 만족도,11,8,72.7,8,8,4.6,5.0,,5.0,,4.7,4.9,4.7,4.73,4.7,2.9,4.8
AIG20240000459036,3,4.5,전반적 만족도,14,11,78.6,11,11,4.5,4.7,,4.7,,4.6,4.5,4.5,4.57,4.5,,4.7
AIG20240000459036,4,4.7,전반적 만족도,17,14,82.4,14,14,4.7,4.8,,4.9,,4.8,4.8,4.8,4.77,4.8,,4.8
AIG20240000459038,1,4.6,전반적 만족도,20,18,90,18,18,4.6,4.6,,4.6,,4.5,4.6,4.6,4.43,4.7,5.0,4.5
AIG20240000459038,2,3.6,전반적 만족도,5,2,40,2,2,3.6,2.9,,3.9,,3.3,3.9,3.4,3.13,3.6,,3.0
AIG20240000459038,3,3.5,전반적 만족도,24,13,54.2,7,13,3.5,3.7,,4.0,,3.6,4.0,4.3,3.47,3.6,,3.8
AIG20240000459038,4,5.0,전반적 만족도,10,6,60,6,6,5.0,5.0,,5.0,,5.0,5.0,5.0,4.97,4.9,,4.9
AIG20240000459038,6,4.3,전반적 만족도,8,5,62.5,4,5,4.3,4.1,,4.2,,4.1,4.1,4.4,4.33,4.0,,3.9
AIG20240000459038,7,4.2,전반적 만족도,15,9,60,8,9,4.2,4.4,,4.7,,4.4,4.4,4.3,4.37,4.4,2.9,4.5
AIG20240000459038,8,4.2,전반적 만족도,21,17,81,15,17,4.2,4.2,,4.0,,4.1,4.2,4.3,4.0,4.0,3.2,4.1
AIG20240000459038,9,4.2,전반적 만족도,10,8,80,8,8,4.2,4.4,,4.6,,4.3,4.3,4.3,4.5,4.3,,4.5
AIG20240000459039,1,4.2,전반적 만족도,20,16,80,12,16,4.2,4.3,,4.7,,4.2,4.4,4.3,3.87,4.1,,4.5
AIG20240000459039,2,4.9,전반적 만족도,22,20,90.9,19,20,4.9,4.9,,4.9,,4.8,4.8,4.8,4.5,4.8,,4.8
AIG20240000459039,3,4.6,전반적 만족도,14,11,78.6,11,11,4.6,4.7,,4.9,,4.6,4.6,4.4,4.27,4.7,4.6,4.8
AIG20240000459040,1,4.2,전반적 만족도,13,7,53.8,7,7,4.2,3.5,,4.2,,3.9,4.2,4.1,4.27,4.1,,4.2
AIG20240000459040,3,3.6,전반적 만족도,6,1,16.7,1,1,3.6,5.0,,5.0,,4.7,4.3,4.6,4.3,2.9,,4.6
AIG20240000459040,4,3.2,전반적 만족도,5,4,80,2,4,3.2,3.6,,3.9,,3.9,3.9,3.9,4.0,3.2,,4.4
AIG20240000459041,1,4.2,전반적 만족도,15,8,53.3,7,8,4.2,3.3,,4.3,,4.0,4.4,4.2,4.1,4.3,2.9,4.0
AIG20240000459041,2,4.3,전반적 만족도,7,7,100,6,7,4.3,4.4,,4.4,,4.3,4.4,4.3,4.37,4.4,5.0,4.3
AIG20240000459042,1,4.8,전반적 만족도,19,13,68.4,13,13,4.8,4.8,,4.9,,4.9,4.8,4.7,4.77,4.8,,4.8
AIG20240000459042,2,4.8,전반적 만족도,16,12,75,11,12,4.8,4.8,,4.9,,4.8,4.8,4.8,4.83,4.8,5.0,4.9
AIG20240000459042,3,4.6,전반적 만족도,17,12,70.6,11,12,4.6,4.8,,4.7,,4.6,4.6,4.9,4.57,4.4,,4.7
AIG20240000459042,4,4.9,전반적 만족도,12,11,91.7,11,11,4.9,4.9,,4.9,,4.9,4.9,4.9,4.8,4.9,,4.9
AIG20240000459042,6,4.5,전반적 만족도,10,8,80,8,8,4.5,4.6,,4.9,,4.8,4.8,4.9,4.47,4.3,,4.6
AIG20240000459042,8,4.8,전반적 만족도,13,13,100,13,13,4.8,4.8,,4.9,,4.9,4.7,4.8,4.8,4.8,5.0,4.9
AIG20240000459042,9,4.7,전반적 만족도,17,15,88.2,14,15,4.7,4.3,,5.0,,4.7,4.7,4.2,4.53,4.7,5.0,4.9
AIG20240000459044,1,4.9,전반적 만족도,17,15,88.2,15,15,4.9,4.9,,5.0,,4.9,4.9,4.8,4.7,4.8,5.0,4.9
AIG20240000459044,2,4.5,전반적 만족도,4,3,75,3,3,4.5,4.5,,4.6,,4.6,4.5,4.4,4.5,4.5,,4.5
AIG20240000459046,1,3.9,전반적 만족도,16,11,68.8,10,11,3.9,4.5,,4.7,,4.5,4.0,4.5,4.43,4.5,5.0,4.7
AIG20240000459046,2,3.6,전반적 만족도,10,8,80,6,8,3.6,3.6,,3.8,,3.5,3.8,3.5,3.47,3.3,,3.5
AIG20240000459046,3,4.6,전반적 만족도,13,6,46.2,6,6,4.6,4.8,,4.8,,4.6,5.0,4.6,4.8,4.6,4.8,4.6
AIG20240000459046,4,5.0,전반적 만족도,1,1,100,1,1,5.0,3.6,,4.3,,3.7,,2.9,3.6,5.0,5.0,3.9
AIG20240000459046,5,3.6,전반적 만족도,10,5,50,4,5,3.6,3.9,,4.1,,3.9,4.1,3.6,3.6,3.3,0.7,4.0
AIG20240000459049,2,3.7,전반적 만족도,14,12,85.7,9,12,3.7,3.6,,4.3,,3.9,4.0,3.8,3.93,3.8,2.9,4.0
AIG20240000459051,1,5.0,전반적 만족도,11,8,72.7,8,8,5.0,4.7,,5.0,,5.0,5.0,4.9,5.0,5.0,,5.0
AIG20240000459051,2,4.8,전반적 만족도,14,12,85.7,12,12,4.8,4.8,,4.9,,4.8,4.7,4.8,4.73,4.8,5.0,4.8
AIG20240000459051,3,4.9,전반적 만족도,15,11,73.3,11,11,4.9,4.9,,5.0,,4.9,4.9,5.0,4.97,5.0,5.0,5.0
AIG20240000459051,4,4.8,전반적 만족도,24,20,83.3,20,20,4.8,4.9,,5.0,,4.8,4.8,4.8,4.67,4.7,5.0,4.9
AIG20240000459053,1,4.6,전반적 만족도,23,18,78.3,16,18,4.6,4.6,,4.8,,4.5,4.6,4.7,4.47,4.6,,4.6
AIG20240000459053,2,4.9,전반적 만족도,15,13,86.7,13,13,4.9,4.9,,5.0,,4.9,5.0,4.7,4.67,4.9,,4.9
AIG20240000459054,1,4.8,전반적 만족도,20,18,90,17,18,4.8,4.7,,4.8,,4.7,4.7,4.8,4.47,4.7,,4.7
AIG20240000459054,2,4.9,전반적 만족도,20,19,95,19,19,4.9,4.8,,4.9,,4.9,4.9,4.8,4.8,4.9,,4.9
AIG20240000459058,1,5.0,전반적 만족도,13,9,69.2,9,9,5.0,4.9,,5.0,,5.0,5.0,4.8,4.8,4.8,5.0,5.0
AIG20240000459058,2,4.1,전반적 만족도,14,10,71.4,8,10,4.1,4.5,,4.3,,4.2,4.3,4.5,4.23,4.2,,4.4
AIG20240000459058,3,4.7,전반적 만족도,14,11,78.6,11,11,4.7,4.9,,4.9,,4.8,4.9,4.9,4.8,4.9,,4.9
AIG20240000459058,4,5.0,전반적 만족도,12,11,91.7,11,11,5.0,5.0,,5.0,,5.0,5.0,5.0,5.0,5.0,5.0,5.0
AIG20240000459059,1,4.2,전반적 만족도,14,11,78.6,10,11,4.2,3.9,,4.4,,3.9,4.4,3.9,3.87,3.6,,4.2
AIG20240000459059,2,3.6,전반적 만족도,13,10,76.9,6,10,3.6,3.7,,3.7,,3.8,3.3,3.9,3.73,3.5,5.0,3.8
AIG20240000459059,4,4.3,전반적 만족도,19,12,63.2,11,12,4.3,4.2,,4.4,,4.2,4.5,4.1,4.03,4.3,,4.1
AIG20240000459059,5,3.7,전반적 만족도,14,11,78.6,6,11,3.7,3.4,,3.5,,3.5,3.3,3.5,3.6,3.2,,3.2
AIG20240000459059,6,4.0,전반적 만족도,9,7,77.8,6,7,4.0,4.2,,4.2,,4.0,4.3,4.0,4.37,4.1,,4.0
AIG20240000459059,7,3.5,전반적 만족도,13,7,53.8,3,7,3.5,2.6,,3.4,,3.1,3.7,3.1,2.77,2.8,2.9,3.1
AIG20240000459059,8,4.6,전반적 만족도,11,2,18.2,2,2,4.6,2.9,,5.0,,4.5,5.0,4.6,3.43,4.6,,4.6
AIG20240000459059,9,3.9,전반적 만족도,13,11,84.6,9,11,3.9,4.0,,4.0,,3.8,4.0,4.0,4.17,3.8,4.3,3.9
AIG20240000459059,10,4.4,전반적 만족도,18,7,38.9,7,7,4.4,4.2,,4.6,,4.2,4.7,4.3,4.37,4.5,4.3,4.5
AIG20240000459062,1,4.4,전반적 만족도,25,24,96,24,24,4.4,3.9,,4.5,,4.2,4.3,4.5,4.27,4.5,4.6,4.0
AIG20240000459062,2,4.4,전반적 만족도,29,22,75.9,21,22,4.4,4.2,,4.5,,4.2,4.2,4.5,4.2,4.3,4.3,4.3
AIG20240000459062,3,4.3,전반적 만족도,30,27,90,27,27,4.3,4.0,,4.3,,4.2,4.3,4.6,4.17,4.2,4.3,4.3
AIG20240000459062,4,3.2,전반적 만족도,26,22,84.6,16,22,3.2,3.4,,3.2,,3.1,3.2,3.7,3.33,3.0,3.9,3.3
AIG20240000459062,5,3.2,전반적 만족도,23,2,8.7,1,2,3.2,2.5,,2.7,,2.9,2.1,4.3,2.5,2.9,,3.2
AIG20240000459063,1,4.7,전반적 만족도,8,7,87.5,7,7,4.7,4.6,,4.6,,4.7,4.7,4.7,4.8,4.6,3.6,4.7
AIG20240000459063,2,5.0,전반적 만족도,7,4,57.1,4,4,5.0,5.0,,5.0,,5.0,5.0,5.0,5.0,5.0,5.0,5.0
AIG20240000459064,1,4.9,전반적 만족도,14,13,92.9,13,13,4.9,4.9,,5.0,,5.0,4.9,5.0,4.9,4.9,,5.0
AIG20240000459064,2,3.1,전반적 만족도,22,19,86.4,14,19,3.1,3.1,,3.3,,3.4,3.2,3.3,3.03,3.1,,3.4
AIG20240000459065,1,5.0,전반적 만족도,10,6,60,6,6,5.0,5.0,,5.0,,5.0,5.0,5.0,4.77,5.0,,5.0
AIG20240000459065,2,5.0,전반적 만족도,9,8,88.9,8,8,5.0,5.0,,5.0,,5.0,5.0,5.0,5.0,5.0,,5.0
AIG20240000459065,3,4.8,전반적 만족도,11,7,63.6,6,7,4.8,4.5,,4.9,,4.9,4.7,4.9,4.87,4.8,,4.8
AIG20240000459065,4,4.5,전반적 만족도,8,4,50,4,4,4.5,4.5,,4.5,,4.4,4.5,4.5,4.3,4.5,,4.6
AIG20240000459065,5,5.0,전반적 만족도,9,5,55.6,5,5,5.0,5.0,,5.0,,5.0,5.0,5.0,5.0,5.0,,5.0
AIG20240000459065,6,4.3,전반적 만족도,10,1,10,1,1,4.3,2.9,,5.0,,4.6,5.0,5.0,3.37,4.3,,5.0
AIG20240000459066,1,5.0,전반적 만족도,25,21,84,21,21,5.0,4.9,,5.0,,4.9,4.9,4.9,5.0,5.0,5.0,5.0
AIG20240000459066,2,4.5,전반적 만족도,23,23,100,21,23,4.5,4.5,,4.7,,4.4,4.5,4.3,4.5,4.5,4.3,4.5
AIG20240000459066,3,4.3,전반적 만족도,11,7,63.6,6,7,4.3,4.2,,4.3,,4.1,4.4,4.0,4.53,4.3,,4.4
AIG20240000459066,4,4.7,전반적 만족도,23,17,73.9,17,17,4.7,4.7,,4.7,,4.7,4.5,4.6,4.6,4.8,,4.7
AIG20240000459066,5,4.9,전반적 만족도,30,29,96.7,29,29,4.9,4.9,,5.0,,4.9,4.9,4.9,4.9,4.9,5.0,4.9
AIG20240000459066,6,5.0,전반적 만족도,27,22,81.5,22,22,5.0,4.8,,5.0,,4.9,5.0,4.9,4.93,4.9,5.0,5.0
AIG20240000459066,7,4.6,전반적 만족도,29,25,86.2,24,25,4.6,4.6,,4.8,,4.6,4.6,4.3,4.47,4.6,2.9,4.7
AIG20240000459066,8,5.0,전반적 만족도,27,25,92.6,24,25,5.0,4.9,,5.0,,4.9,5.0,4.9,4.77,4.7,,5.0
AIG20240000459066,9,4.7,전반적 만족도,21,18,85.7,18,18,4.7,4.8,,4.8,,4.7,4.7,4.8,4.7,4.8,,4.8
AIG20240000459066,10,4.7,전반적 만족도,19,15,78.9,15,15,4.7,4.8,,4.9,,4.8,4.7,4.6,4.7,4.8,5.0,4.9
AIG20240000459066,11,4.7,전반적 만족도,25,23,92,23,23,4.7,4.7,,4.8,,4.7,4.7,4.7,4.73,4.8,4.8,4.7
AIG20240000459066,12,4.8,전반적 만족도,28,26,92.9,25,26,4.8,4.9,,4.9,,4.8,4.8,4.7,4.7,4.8,5.0,4.8
AIG20240000459066,13,4.7,전반적 만족도,24,20,83.3,20,20,4.7,4.5,,4.8,,4.6,4.6,4.2,4.67,4.6,5.0,4.6
AIG20240000459066,14,4.7,전반적 만족도,16,13,81.3,13,13,4.7,4.7,,4.8,,4.8,4.7,4.7,4.7,4.7,,4.8
AIG20240000459068,1,4.3,전반적 만족도,26,20,76.9,13,20,4.3,3.8,,4.9,,4.4,4.4,3.9,4.37,4.2,,4.4
AIG20240000459068,2,3.3,전반적 만족도,23,17,73.9,12,17,3.3,3.5,,3.3,,3.4,3.5,4.0,3.53,3.3,2.9,3.7
AIG20240000459068,3,3.7,전반적 만족도,30,27,90,20,27,3.7,3.2,,4.8,,3.9,3.9,3.7,3.6,3.6,3.8,3.6
AIG20240000459068,4,3.7,전반적 만족도,25,16,64,13,16,3.7,3.3,,4.4,,3.7,3.6,4.0,3.57,3.5,3.9,4.0
AIG20240000459068,5,3.6,전반적 만족도,18,15,83.3,11,15,3.6,2.9,,3.5,,3.6,3.6,3.5,3.47,3.2,2.9,3.3
AIG20240000459068,6,3.8,전반적 만족도,28,21,75,20,21,3.8,3.8,,4.5,,4.2,4.0,4.4,3.73,4.0,2.1,3.9
AIG20240000459068,7,3.7,전반적 만족도,21,15,71.4,10,15,3.7,3.3,,4.4,,3.7,3.8,3.9,3.63,3.5,2.9,3.7
AIG20240000459068,8,4.7,전반적 만족도,12,10,83.3,10,10,4.7,4.5,,4.8,,4.8,4.8,4.7,4.63,4.7,,4.8
AIG20240000459068,9,4.8,전반적 만족도,22,20,90.9,20,20,4.8,4.7,,5.0,,4.8,4.8,4.7,4.53,4.8,5.0,4.8
AIG20240000459068,10,4.7,전반적 만족도,30,22,73.3,21,22,4.7,4.7,,4.9,,4.7,4.8,4.9,4.4,4.6,4.6,4.8
AIG20240000459068,11,4.6,전반적 만족도,30,24,80,23,24,4.6,4.1,,4.7,,4.5,4.6,4.6,4.4,4.6,,4.4
AIG20240000459068,12,4.6,전반적 만족도,30,25,83.3,25,25,4.6,4.5,,4.5,,4.5,4.6,4.7,4.43,4.7,2.9,4.4
AIG20240000459068,13,4.6,전반적 만족도,30,26,86.7,25,26,4.6,4.3,,4.9,,4.6,4.5,4.6,4.5,4.6,,4.4
AIG20240000459068,14,4.2,전반적 만족도,30,26,86.7,25,26,4.2,3.7,,4.5,,4.1,4.2,4.1,4.0,4.1,4.5,4.3
AIG20240000459068,15,4.6,전반적 만족도,30,22,73.3,21,22,4.6,4.5,,4.8,,4.6,4.6,4.7,4.27,4.4,5.0,4.7
AIG20240000459068,16,4.1,전반적 만족도,27,19,70.4,18,19,4.1,4.1,,4.6,,4.3,4.1,4.4,4.3,4.2,2.9,4.2
AIG20240000459068,17,4.5,전반적 만족도,29,28,96.6,24,28,4.5,4.5,,4.7,,4.6,4.7,4.6,4.37,4.4,,4.7
AIG20240000459068,18,4.4,전반적 만족도,29,24,82.8,23,24,4.4,4.3,,4.6,,4.3,4.4,4.5,4.23,4.5,,4.4
AIG20240000459068,19,4.3,전반적 만족도,28,23,82.1,22,23,4.3,4.5,,4.7,,4.3,4.3,4.7,4.33,4.4,5.0,4.4
AIG20240000459068,20,4.0,전반적 만족도,28,24,85.7,22,24,4.0,4.2,,3.7,,3.8,4.0,3.7,3.9,4.1,3.3,3.8
AIG20240000459068,21,3.9,전반적 만족도,26,19,73.1,13,19,3.9,3.6,,4.9,,4.0,3.9,4.1,3.9,3.8,3.8,4.2
AIG20240000459068,22,4.8,전반적 만족도,19,13,68.4,13,13,4.8,4.8,,5.0,,4.8,4.9,4.8,4.77,4.9,5.0,4.8
AIG20240000459068,23,4.2,전반적 만족도,16,12,75,12,12,4.2,4.5,,4.4,,4.3,4.6,4.4,4.07,4.6,4.0,4.2
AIG20240000459068,24,4.6,전반적 만족도,30,28,93.3,27,28,4.6,4.5,,4.8,,4.7,4.8,4.7,4.33,4.4,3.6,4.7
AIG20240000459068,25,4.5,전반적 만족도,30,27,90,25,27,4.5,4.1,,4.5,,4.3,4.3,4.0,4.17,4.3,5.0,4.2
AIG20240000459068,26,4.0,전반적 만족도,30,23,76.7,19,23,4.0,4.0,,4.5,,4.2,4.3,4.0,4.13,4.1,3.6,4.3
AIG20240000459068,27,4.1,전반적 만족도,23,19,82.6,18,19,4.1,4.0,,4.5,,4.2,4.2,4.4,3.9,4.1,5.0,4.1
AIG20240000459068,28,3.5,전반적 만족도,20,12,60,9,12,3.5,3.8,,4.2,,3.8,3.8,4.1,3.63,3.4,3.7,3.8
AIG20240000459077,1,3.8,전반적 만족도,12,6,50,5,6,3.8,3.7,,4.8,,3.8,4.0,4.2,4.3,4.4,2.9,4.5
AIG20240000459077,2,4.3,전반적 만족도,20,14,70,13,14,4.3,3.8,,4.5,,4.2,4.4,4.0,4.13,4.4,4.3,4.4
AIG20240000459077,3,4.8,전반적 만족도,16,14,87.5,13,14,4.8,4.5,,4.8,,4.6,4.8,4.8,4.53,4.4,4.3,4.8
AIG20240000459077,4,3.9,전반적 만족도,19,14,73.7,11,14,3.9,3.5,,4.0,,3.7,3.8,3.5,3.8,3.6,4.4,4.0
AIG20240000459077,5,3.1,전반적 만족도,17,15,88.2,7,15,3.1,3.2,,3.2,,2.9,3.5,3.1,3.2,2.8,1.8,3.0
AIG20240000459082,1,4.6,전반적 만족도,6,5,83.3,5,5,4.6,4.7,,4.9,,4.7,5.0,4.9,4.8,4.7,3.6,4.4
AIG20240000459082,2,3.2,전반적 만족도,6,6,100,5,6,3.2,3.6,,4.0,,3.3,3.3,3.9,3.67,3.7,,3.6
AIG20240000459083,1,4.2,전반적 만족도,14,6,42.9,5,6,4.2,3.8,,4.6,,4.6,4.6,4.3,4.03,3.9,3.9,4.1
AIG20240000459083,2,2.6,전반적 만족도,19,8,42.1,1,8,2.6,2.8,,3.5,,2.7,3.1,2.9,3.17,2.4,2.1,2.9
AIG20240000459083,3,3.6,전반적 만족도,10,5,50,3,5,3.6,3.3,,3.4,,3.5,3.6,3.7,3.73,3.4,,3.6
AIG20240000459083,4,2.9,전반적 만족도,9,2,22.2,0,2,2.9,2.1,,3.9,,2.9,3.2,3.2,2.63,1.8,,3.4
AIG20240000459083,6,4.6,전반적 만족도,17,2,11.8,2,2,4.6,5.0,,5.0,,4.6,4.6,4.8,4.6,4.6,,4.6
AIG20240000459083,7,2.1,전반적 만족도,4,3,75,1,3,2.1,3.1,,4.0,,1.8,0.7,3.1,2.9,2.1,3.2,2.4
AIG20240000459084,1,4.4,전반적 만족도,12,9,75,8,9,4.4,4.4,,4.7,,4.5,4.5,4.6,4.5,4.4,5.0,4.3
AIG20240000459084,2,4.4,전반적 만족도,18,12,66.7,11,12,4.4,4.4,,4.5,,4.5,4.3,4.5,4.0,4.2,4.6,4.6
AIG20240000459084,3,4.7,전반적 만족도,11,5,45.5,5,5,4.7,4.7,,4.6,,4.5,4.6,4.6,4.83,4.6,5.0,4.7
AIG20240000459085,1,3.1,전반적 만족도,20,11,55,5,11,3.1,3.5,,3.5,,3.4,3.6,3.4,3.7,3.2,,3.4
AIG20240000459085,3,2.4,전반적 만족도,9,5,55.6,2,5,2.4,2.6,,2.7,,3.0,3.1,3.7,3.0,2.6,,3.4
AIG20240000459086,1,4.0,전반적 만족도,24,22,91.7,17,22,4.0,3.7,,4.5,,4.2,4.4,4.1,4.0,4.1,,4.0
AIG20240000459086,2,4.0,전반적 만족도,21,19,90.5,14,19,4.0,4.0,,4.2,,4.0,4.0,4.0,3.87,3.8,5.0,4.2
AIG20240000459086,3,4.1,전반적 만족도,24,21,87.5,16,21,4.1,4.1,,4.5,,4.2,4.2,4.2,4.13,4.0,3.6,4.5
AIG20240000459086,4,4.6,전반적 만족도,17,17,100,17,17,4.6,4.6,,4.6,,4.5,4.5,4.4,4.47,4.5,4.5,4.5
AIG20240000459086,5,4.5,전반적 만족도,18,13,72.2,12,13,4.5,4.5,,4.7,,4.6,4.5,4.3,4.47,4.5,5.0,4.7
AIG20240000459086,6,4.1,전반적 만족도,21,15,71.4,13,15,4.1,4.0,,4.5,,4.3,4.3,4.2,4.13,4.0,,4.3
AIG20240000459086,7,4.1,전반적 만족도,17,13,76.5,12,13,4.1,4.3,,4.4,,4.3,4.4,4.3,4.3,4.1,5.0,4.4
AIG20240000459086,8,4.9,전반적 만족도,17,10,58.8,9,10,4.9,4.9,,5.0,,4.8,4.8,4.8,4.53,4.7,,4.9
AIG20240000459086,9,4.6,전반적 만족도,15,13,86.7,13,13,4.6,4.5,,4.8,,4.6,4.5,4.5,4.6,4.7,5.0,4.7
AIG20240000459086,10,4.5,전반적 만족도,12,9,75,8,9,4.5,4.4,,4.6,,4.5,4.6,4.6,4.37,4.2,,4.4
AIG20240000459088,1,4.9,전반적 만족도,22,20,90.9,19,20,4.9,4.9,,4.9,,4.9,4.9,4.8,4.77,4.8,,4.9
AIG20240000459088,3,4.5,전반적 만족도,17,17,100,16,17,4.5,4.4,,4.4,,4.4,4.5,4.4,4.43,4.4,,4.4
AIG20240000459088,4,4.9,전반적 만족도,19,17,89.5,17,17,4.9,4.8,,4.8,,4.8,4.9,4.8,4.83,4.8,5.0,4.8
AIG20240000459088,5,4.2,전반적 만족도,23,23,100,22,23,4.2,4.3,,4.3,,4.3,4.1,4.2,4.13,4.2,5.0,4.3
AIG20240000459088,6,4.3,전반적 만족도,25,2,8,2,2,4.3,3.9,,3.9,,4.0,3.6,3.9,3.57,3.6,5.0,3.9
AIG20240000459089,1,4.6,전반적 만족도,7,5,71.4,5,5,4.6,4.6,,4.6,,4.6,4.0,4.6,4.07,4.6,5.0,4.6
AIG20240000459090,2,3.2,전반적 만족도,16,14,87.5,5,14,3.2,3.5,,3.9,,3.4,3.4,3.5,3.17,3.3,2.9,3.7
AIG20240000459090,4,4.6,전반적 만족도,9,7,77.8,7,7,4.6,4.3,,4.7,,4.3,4.3,4.5,4.37,4.6,,4.8
AIG20240000459091,1,4.5,전반적 만족도,35,19,54.3,16,19,4.5,4.2,,4.8,,4.5,4.8,4.6,4.17,4.4,4.3,4.4
AIG20240000459091,2,3.1,전반적 만족도,11,10,90.9,5,10,3.1,3.6,,3.5,,3.4,3.5,4.0,3.3,2.9,,3.3
AIG20240000459091,3,4.4,전반적 만족도,15,10,66.7,10,10,4.4,4.6,,4.8,,4.4,4.7,4.6,4.33,4.4,4.6,4.5
AIG20240000459091,4,2.9,전반적 만족도,15,12,80,5,12,2.9,3.2,,3.4,,3.1,3.2,3.6,3.07,2.4,,3.4
AIG20240000459091,5,4.5,전반적 만족도,58,35,60.3,32,35,4.5,4.3,,4.8,,4.6,4.6,4.6,4.0,4.3,4.3,4.4
AIG20240000459091,6,4.2,전반적 만족도,55,39,70.9,34,39,4.2,4.0,,4.5,,4.2,4.3,4.4,3.7,4.0,4.4,4.2
AIG20240000459091,7,4.2,전반적 만족도,47,29,61.7,26,29,4.2,4.0,,4.3,,4.1,4.3,4.2,3.9,4.3,3.9,4.0
AIG20240000459091,8,3.9,전반적 만족도,45,29,64.4,23,29,3.9,3.7,,4.1,,3.9,3.9,4.0,3.2,3.6,4.1,3.6
AIG20240000459091,9,3.8,전반적 만족도,39,28,71.8,21,28,3.8,3.7,,3.8,,3.8,3.8,4.3,3.63,3.8,4.5,3.8
AIG20240000459091,10,4.0,전반적 만족도,53,45,84.9,37,45,4.0,3.8,,4.1,,3.8,4.0,3.9,3.83,3.8,3.9,3.9
AIG20240000459095,1,3.8,전반적 만족도,46,32,69.6,22,32,3.8,3.1,,4.2,,3.6,3.8,3.7,3.97,3.4,3.7,3.6
AIG20240000459095,2,3.7,전반적 만족도,47,42,89.4,33,42,3.7,3.7,,4.2,,3.9,4.0,3.7,3.9,3.8,4.1,3.8
AIG20240000459095,3,4.1,전반적 만족도,49,36,73.5,27,36,4.1,3.8,,4.5,,4.2,4.2,3.9,4.23,4.0,4.4,4.0
AIG20240000459095,4,4.2,전반적 만족도,42,32,76.2,28,32,4.2,4.1,,4.5,,4.2,4.3,4.2,4.27,4.1,3.9,4.2
AIG20240000459095,5,3.8,전반적 만족도,30,24,80,17,24,3.8,3.6,,4.4,,4.0,4.0,2.9,3.83,3.6,4.0,3.8
AIG20240000459097,1,4.0,전반적 만족도,37,30,81.1,26,30,4.0,4.0,,4.4,,3.9,4.1,4.1,3.87,4.0,4.0,4.0
AIG20240000459097,2,4.1,전반적 만족도,13,12,92.3,12,12,4.1,4.3,,4.6,,4.4,4.4,4.6,4.0,4.3,4.3,4.5
AIG20240000459097,4,3.0,전반적 만족도,21,15,71.4,7,15,3.0,3.6,,2.9,,3.2,3.4,3.9,3.07,2.8,3.6,3.0
AIG20240000459097,5,3.6,전반적 만족도,13,11,84.6,6,11,3.6,3.9,,4.1,,3.8,3.9,4.2,3.43,3.4,,4.0
AIG20240000459097,6,4.2,전반적 만족도,15,9,60,9,9,4.2,4.5,,4.6,,4.3,4.4,4.6,3.83,4.2,,4.3
AIG20240000459097,8,4.5,전반적 만족도,16,6,37.5,6,6,4.5,4.3,,4.9,,4.7,4.8,4.6,4.47,4.5,4.8,4.6
AIG20240000459097,9,4.3,전반적 만족도,15,12,80,12,12,4.3,4.5,,4.8,,4.5,4.4,4.8,4.23,4.6,5.0,4.6
AIG20240000459097,10,4.4,전반적 만족도,23,18,78.3,17,18,4.4,4.5,,4.8,,4.5,4.6,4.7,4.13,4.6,4.5,4.7
AIG20240000459097,11,4.3,전반적 만족도,25,22,88,21,22,4.3,4.2,,4.5,,4.4,4.5,4.3,3.83,4.2,1.4,4.4
AIG20240000459097,13,4.3,전반적 만족도,45,39,86.7,35,39,4.3,4.2,,4.6,,4.4,4.4,4.5,3.97,4.4,4.2,4.4
AIG20240000459099,1,4.7,전반적 만족도,45,34,75.6,33,34,4.7,4.3,,4.7,,4.6,4.6,4.7,4.5,4.6,4.5,4.5
AIG20240000459099,2,4.4,전반적 만족도,45,33,73.3,32,33,4.4,3.9,,4.6,,4.4,4.4,4.3,4.4,4.3,5.0,4.4
AIG20240000459099,3,4.3,전반적 만족도,45,35,77.8,33,35,4.3,3.9,,4.5,,4.2,4.4,4.2,4.3,4.3,3.9,3.8
AIG20240000459104,1,4.5,전반적 만족도,98,82,83.7,77,82,4.5,4.5,,4.7,,4.5,4.6,4.5,4.5,4.5,4.6,4.5
AIG20240000459104,2,4.3,전반적 만족도,93,82,88.2,75,82,4.3,4.3,,4.5,,4.4,4.4,4.4,4.37,4.3,4.2,4.5
AIG20240000459104,3,4.5,전반적 만족도,134,108,80.6,100,108,4.5,4.4,,4.7,,4.5,4.6,4.5,4.5,4.4,5.0,4.5
AIG20240000459104,4,4.5,전반적 만족도,124,98,79,89,98,4.5,4.5,,4.6,,4.5,4.5,4.6,4.4,4.4,4.4,4.5
AIG20240000459104,5,4.7,전반적 만족도,18,16,88.9,15,16,4.7,4.8,,5.0,,4.7,4.8,4.7,4.73,4.6,5.0,4.8
AIG20240000459104,6,4.6,전반적 만족도,79,69,87.3,68,69,4.6,4.6,,4.7,,4.5,4.7,4.7,4.5,4.6,4.5,4.6
AIG20240000459104,7,4.1,전반적 만족도,50,36,72,32,36,4.1,4.1,,4.2,,4.1,4.2,4.3,4.03,4.0,4.0,4.1
AIG20240000459105,1,3.9,전반적 만족도,5,5,100,4,5,3.9,3.6,,4.4,,4.4,3.9,3.9,3.9,3.7,5.0,4.3
AIG20240000459105,2,4.5,전반적 만족도,7,6,85.7,5,6,4.5,4.4,,4.6,,4.6,4.6,3.9,4.2,4.5,4.6,4.6
AIG20240000459107,1,4.7,전반적 만족도,28,25,89.3,25,25,4.7,4.3,,4.7,,4.5,4.6,4.7,4.53,4.6,,4.4
AIG20240000459107,2,4.5,전반적 만족도,38,29,76.3,26,29,4.5,4.4,,4.6,,4.4,4.5,4.4,4.53,4.5,4.5,4.5
AIG20240000459107,3,4.3,전반적 만족도,25,20,80,17,20,4.3,4.2,,4.5,,4.3,4.3,4.2,4.03,4.3,3.4,4.3
AIG20240000459107,4,4.2,전반적 만족도,23,14,60.9,11,14,4.2,4.3,,4.4,,4.2,4.3,4.6,3.9,4.1,,4.4
AIG20240000459108,1,4.6,전반적 만족도,29,28,96.6,27,28,4.6,4.3,,4.7,,4.5,4.6,4.5,4.63,4.7,3.6,4.6
AIG20240000459108,2,4.3,전반적 만족도,28,27,96.4,25,27,4.3,4.4,,4.6,,4.4,4.4,3.8,4.37,4.3,4.2,4.5
AIG20240000459108,3,4.6,전반적 만족도,30,26,86.7,26,26,4.6,4.6,,4.9,,4.6,4.8,4.5,4.7,4.7,4.3,4.6
AIG20240000459108,4,4.5,전반적 만족도,25,20,80,19,20,4.5,4.4,,4.7,,4.4,4.5,4.3,4.47,4.6,5.0,4.6
AIG20240000459108,5,4.2,전반적 만족도,25,19,76,17,19,4.2,3.8,,4.2,,3.9,3.9,4.0,4.07,3.9,4.8,3.9
AIG20240000459108,6,5.0,전반적 만족도,20,20,100,19,20,5.0,4.9,,4.9,,4.9,4.9,4.9,4.87,5.0,5.0,4.9
AIG20240000459108,7,4.4,전반적 만족도,20,17,85,14,17,4.4,4.5,,4.6,,4.4,4.3,4.5,4.5,4.5,3.9,4.6
AIG20240000459108,9,4.2,전반적 만족도,18,13,72.2,11,13,4.2,3.8,,4.5,,4.1,4.3,3.8,4.47,4.0,5.0,4.3
AIG20240000459108,10,4.6,전반적 만족도,18,18,100,16,18,4.6,4.6,,4.6,,4.5,4.4,4.6,4.6,4.5,4.3,4.6
AIG20240000459108,11,4.3,전반적 만족도,28,23,82.1,22,23,4.3,4.3,,4.5,,4.2,4.3,4.1,4.17,4.3,4.6,4.3
AIG20240000459108,12,3.9,전반적 만족도,14,11,78.6,9,11,3.9,3.6,,4.1,,3.8,4.0,3.4,3.83,3.8,,4.2
AIG20240000459108,13,4.1,전반적 만족도,19,10,52.6,9,10,4.1,4.1,,4.4,,3.8,3.9,3.9,4.17,4.1,3.9,4.3
AIG20240000459108,14,4.3,전반적 만족도,20,11,55,11,11,4.3,4.4,,4.2,,4.2,4.4,4.3,4.2,4.1,4.6,4.3
AIG20240000459109,1,3.7,전반적 만족도,28,18,64.3,15,18,3.7,3.5,,4.6,,4.4,4.3,4.1,4.2,4.0,,4.1
AIG20240000459109,2,4.3,전반적 만족도,23,20,87,18,20,4.3,4.3,,4.3,,4.3,4.4,4.4,4.4,4.4,3.9,4.1
AIG20240000459109,3,3.4,전반적 만족도,26,17,65.4,14,17,3.4,3.5,,3.6,,3.8,3.9,4.2,3.5,3.2,,3.6
AIG20240000459111,1,4.5,전반적 만족도,25,22,88,20,22,4.5,4.3,,4.6,,4.5,4.4,4.7,4.7,4.5,,4.4
AIG20240000459111,2,4.5,전반적 만족도,24,21,87.5,19,21,4.5,4.5,,4.5,,4.4,4.5,4.8,4.6,4.4,,4.0
AIG20240000459111,3,4.7,전반적 만족도,18,15,83.3,15,15,4.7,4.6,,5.0,,4.7,4.8,4.7,4.73,4.8,,4.7
AIG20240000459113,1,4.4,전반적 만족도,17,10,58.8,10,10,4.4,4.4,,4.6,,4.3,4.1,3.8,4.0,4.1,,4.3
AIG20240000459113,2,5.0,전반적 만족도,18,10,55.6,10,10,5.0,4.3,,5.0,,4.9,4.6,4.4,4.87,5.0,5.0,4.8
AIG20240000459113,3,4.4,전반적 만족도,18,17,94.4,15,17,4.4,3.9,,4.5,,4.2,4.5,3.1,4.03,4.4,4.3,4.2
AIG20240000459114,1,3.5,전반적 만족도,28,23,82.1,17,23,3.5,3.4,,3.9,,3.5,3.4,4.1,3.67,3.3,,3.6
AIG20240000459114,2,4.2,전반적 만족도,21,14,66.7,11,14,4.2,3.7,,4.4,,4.2,4.0,4.6,4.07,4.2,5.0,4.1
AIG20240000459114,3,4.4,전반적 만족도,33,26,78.8,25,26,4.4,4.2,,4.7,,4.4,4.4,4.4,4.47,4.3,3.6,4.4
AIG20240000459115,1,4.9,전반적 만족도,25,21,84,21,21,4.9,4.7,,4.8,,4.9,4.9,4.9,4.93,4.9,5.0,4.7
AIG20240000459115,2,4.5,전반적 만족도,20,10,50,10,10,4.5,4.2,,4.5,,4.3,4.6,4.7,4.47,4.5,3.6,4.4
AIG20240000459115,3,4.1,전반적 만족도,32,17,53.1,15,17,4.1,3.8,,4.1,,4.2,4.1,4.0,4.03,3.9,5.0,4.1
AIG20240000459116,1,4.7,전반적 만족도,17,10,58.8,9,10,4.7,4.7,,4.8,,4.7,4.8,4.4,4.57,4.7,,4.7
AIG20240000459116,2,5.0,전반적 만족도,19,13,68.4,13,13,5.0,5.0,,5.0,,5.0,5.0,5.0,5.0,5.0,5.0,5.0
AIG20240000459116,3,4.8,전반적 만족도,20,4,20,4,4,4.8,4.6,,4.8,,4.6,4.6,4.6,3.9,4.5,,4.6
AIG20240000459118,1,2.7,전반적 만족도,28,26,92.9,9,26,2.7,3.0,,4.0,,3.1,3.3,3.8,3.33,2.6,3.1,2.8
AIG20240000459118,2,4.5,전반적 만족도,21,14,66.7,12,14,4.5,4.3,,4.5,,4.4,4.6,4.4,4.47,4.4,3.2,4.3
AIG20240000459118,3,4.3,전반적 만족도,30,26,86.7,23,26,4.3,3.8,,4.8,,4.4,4.6,4.5,4.23,4.2,4.3,4.4
AIG20240000459118,4,4.8,전반적 만족도,30,12,40,12,12,4.8,4.3,,4.7,,4.5,4.8,4.8,4.5,4.5,,4.6
AIG20240000459119,1,5.0,전반적 만족도,8,4,50,4,4,5.0,5.0,,5.0,,5.0,5.0,5.0,5.0,5.0,,5.0
AIG20240000459119,2,4.3,전반적 만족도,6,5,83.3,4,5,4.3,4.3,,4.9,,4.5,4.4,4.4,4.27,4.4,,4.8
AIG20240000459119,3,4.4,전반적 만족도,13,6,46.2,6,6,4.4,4.6,,4.6,,4.5,4.5,4.5,4.3,4.2,,4.3
AIG20240000459121,1,4.6,전반적 만족도,13,12,92.3,11,12,4.6,4.5,,4.9,,4.6,4.7,4.3,4.4,4.5,5.0,4.9
AIG20240000459121,2,4.7,전반적 만족도,30,21,70,21,21,4.7,4.7,,4.9,,4.8,4.7,4.8,4.63,4.7,5.0,4.8
AIG20240000459122,1,4.9,전반적 만족도,9,8,88.9,8,8,4.9,4.9,,4.9,,4.8,4.8,4.6,4.8,4.9,,4.9
AIG20240000459122,2,4.5,전반적 만족도,18,16,88.9,15,16,4.5,4.5,,4.0,,4.4,4.5,4.8,4.3,4.4,5.0,4.1
AIG20240000459122,3,3.9,전반적 만족도,14,10,71.4,8,10,3.9,4.2,,4.2,,4.1,3.8,3.6,3.8,3.9,5.0,4.1
AIG20240000459122,4,5.0,전반적 만족도,9,6,66.7,6,6,5.0,5.0,,5.0,,5.0,5.0,4.9,4.93,5.0,5.0,5.0
AIG20240000459123,1,3.9,전반적 만족도,52,38,73.1,30,38,3.9,4.0,,4.1,,3.6,4.0,4.4,4.07,3.7,2.1,3.9
AIG20240000459123,2,4.5,전반적 만족도,52,43,82.7,40,43,4.5,4.6,,4.7,,4.5,4.6,4.8,4.53,4.5,5.0,4.5
AIG20240000459123,3,4.2,전반적 만족도,32,26,81.3,20,26,4.2,4.4,,4.6,,4.2,4.2,4.5,4.27,4.2,4.0,4.2
AIG20240000459124,1,3.8,전반적 만족도,52,44,84.6,32,44,3.8,3.7,,4.1,,3.7,3.9,4.4,3.97,3.7,5.0,3.8
AIG20240000459124,2,4.9,전반적 만족도,54,40,74.1,40,40,4.9,4.9,,5.0,,4.9,5.0,4.9,4.9,4.9,5.0,4.9
AIG20240000459124,3,5.0,전반적 만족도,43,43,100,43,43,5.0,5.0,,5.0,,4.9,5.0,5.0,5.0,4.9,5.0,5.0
AIG20240000459125,1,2.7,전반적 만족도,17,16,94.1,3,16,2.7,2.8,,2.8,,2.8,2.8,3.5,2.63,2.3,1.4,3.0
AIG20240000459125,2,4.2,전반적 만족도,27,22,81.5,18,22,4.2,4.5,,4.7,,4.3,4.2,4.0,4.03,4.1,3.8,4.5
AIG20240000459125,3,4.5,전반적 만족도,26,21,80.8,21,21,4.5,4.6,,4.8,,4.5,4.5,4.4,4.33,4.5,3.6,4.6
AIG20240000459125,4,4.7,전반적 만족도,19,15,78.9,13,15,4.7,4.8,,4.8,,4.6,4.4,3.6,4.53,4.7,5.0,4.7
AIG20240000459125,5,4.1,전반적 만족도,26,21,80.8,19,21,4.1,4.0,,4.5,,3.9,4.0,3.2,4.0,4.0,,4.1
AIG20240000459125,6,4.8,전반적 만족도,27,21,77.8,21,21,4.8,4.8,,4.9,,4.8,4.8,4.8,4.83,4.8,4.6,4.8
AIG20240000459129,1,4.6,전반적 만족도,18,12,66.7,12,12,4.6,4.7,,4.8,,4.5,4.6,4.5,4.37,4.5,,4.5
AIG20240000459129,2,4.6,전반적 만족도,13,11,84.6,10,11,4.6,4.3,,4.6,,4.5,4.6,4.2,4.33,4.4,,4.6
AIG20240000459130,1,4.7,전반적 만족도,12,11,91.7,10,11,4.7,4.4,,4.8,,4.5,4.8,4.2,4.43,4.4,5.0,4.5
AIG20240000459130,2,5.0,전반적 만족도,15,12,80,12,12,5.0,4.9,,5.0,,5.0,5.0,4.9,5.0,5.0,5.0,5.0
AIG20240000459130,3,4.6,전반적 만족도,12,8,66.7,7,8,4.6,4.6,,4.6,,4.3,4.6,4.4,4.3,4.6,,4.5
AIG20240000459130,4,4.4,전반적 만족도,11,8,72.7,7,8,4.4,4.6,,4.1,,4.2,4.1,4.5,3.9,4.3,,4.3
AIG20240000459132,1,4.7,전반적 만족도,17,17,100,17,17,4.7,4.5,,4.9,,4.6,4.5,4.8,4.6,4.6,4.3,4.6
AIG20240000459132,2,4.9,전반적 만족도,13,11,84.6,11,11,4.9,4.7,,4.8,,4.6,4.7,4.9,4.5,4.9,,4.6
AIG20240000459132,3,5.0,전반적 만족도,11,10,90.9,10,10,5.0,5.0,,5.0,,5.0,5.0,5.0,5.0,5.0,5.0,5.0
AIG20240000459132,4,4.7,전반적 만족도,15,12,80,11,12,4.7,4.5,,4.8,,4.5,4.6,4.7,4.4,4.6,,4.7
AIG20240000459132,5,4.9,전반적 만족도,25,22,88,22,22,4.9,5.0,,5.0,,4.9,4.9,5.0,4.87,5.0,5.0,5.0
AIG20240000459132,6,5.0,전반적 만족도,12,11,91.7,11,11,5.0,4.9,,5.0,,5.0,5.0,5.0,4.9,4.9,5.0,4.9
AIG20240000459132,7,4.5,전반적 만족도,16,13,81.3,11,13,4.5,4.5,,4.5,,4.5,4.5,4.5,4.37,4.3,4.3,4.6
AIG20240000459132,8,4.6,전반적 만족도,8,5,62.5,4,5,4.6,4.4,,4.9,,4.7,4.6,3.9,4.57,4.4,,4.6
AIG20240000459133,1,4.1,전반적 만족도,12,7,58.3,6,7,4.1,4.4,,4.3,,4.1,4.4,4.3,3.8,4.1,,4.1
AIG20240000459133,2,4.6,전반적 만족도,10,7,70,7,7,4.6,4.4,,4.5,,4.3,4.6,3.7,4.23,4.6,,4.5
AIG20240000459133,3,4.4,전반적 만족도,14,7,50,7,7,4.4,4.5,,4.6,,4.4,4.6,4.4,4.2,4.5,,4.7
AIG20240000459133,4,5.0,전반적 만족도,9,3,33.3,3,3,5.0,5.0,,5.0,,5.0,5.0,5.0,5.0,5.0,,5.0
AIG20240000459133,5,4.8,전반적 만족도,12,9,75,9,9,4.8,4.4,,4.7,,4.7,4.6,4.8,4.6,4.8,5.0,4.6
AIG20240000459138,1,3.1,전반적 만족도,30,24,80,15,24,3.1,3.4,,3.6,,3.3,3.1,3.7,3.17,3.1,3.3,3.4
AIG20240000459138,2,4.2,전반적 만족도,30,24,80,21,24,4.2,4.2,,4.5,,4.1,4.1,4.5,4.1,4.0,,4.2
AIG20240000459138,3,4.0,전반적 만족도,29,15,51.7,14,15,4.0,3.9,,4.2,,3.9,4.0,4.3,4.0,4.0,4.0,3.9
AIG20240000459138,4,4.1,전반적 만족도,30,21,70,17,21,4.1,3.9,,4.3,,4.3,4.1,4.5,4.03,3.9,4.6,4.1
AIG20240000459138,5,4.4,전반적 만족도,30,20,66.7,18,20,4.4,4.3,,4.7,,4.5,4.3,4.8,4.4,4.5,,4.6
AIG20240000459138,6,4.6,전반적 만족도,30,22,73.3,21,22,4.6,4.6,,4.8,,4.6,4.7,4.8,4.77,4.8,4.3,4.7
AIG20240000459138,7,4.1,전반적 만족도,29,22,75.9,19,22,4.1,4.1,,4.4,,4.2,4.0,4.4,4.0,3.8,4.0,4.1
AIG20240000459138,8,4.5,전반적 만족도,26,16,61.5,15,16,4.5,4.6,,4.9,,4.5,4.3,4.7,4.37,4.3,,4.5
AIG20240000459138,9,4.1,전반적 만족도,39,38,97.4,30,38,4.1,3.9,,4.3,,4.2,4.1,4.2,3.97,4.0,2.9,4.2
AIG20240000459138,11,3.6,전반적 만족도,24,17,70.8,12,17,3.6,3.4,,4.2,,3.8,3.7,4.1,3.63,3.4,2.9,3.9
AIG20240000459138,12,4.6,전반적 만족도,23,18,78.3,17,18,4.6,4.4,,4.8,,4.4,4.4,4.7,4.2,4.5,3.9,4.5
AIG20240000459138,13,4.4,전반적 만족도,39,33,84.6,29,33,4.4,4.6,,4.6,,4.5,4.4,4.7,4.43,4.3,,4.5
AIG20240000459138,14,4.5,전반적 만족도,29,26,89.7,26,26,4.5,4.5,,4.7,,4.4,4.4,4.5,4.4,4.3,,4.4
AIG20240000459138,15,4.0,전반적 만족도,29,21,72.4,20,21,4.0,4.0,,4.2,,4.1,3.9,4.3,3.9,3.9,4.0,3.9
AIG20240000459138,16,3.5,전반적 만족도,29,14,48.3,11,14,3.5,3.5,,4.1,,3.6,3.6,3.8,3.67,3.6,4.3,3.6
AIG20240000459140,1,4.0,전반적 만족도,49,43,87.8,36,43,4.0,3.9,,3.9,,3.7,4.1,4.0,4.17,4.0,2.1,3.7
AIG20240000459140,2,3.7,전반적 만족도,47,42,89.4,29,42,3.7,3.6,,3.5,,3.8,3.8,4.0,4.03,3.5,3.6,3.6
AIG20240000459140,3,4.2,전반적 만족도,50,39,78,38,39,4.2,4.0,,4.2,,4.2,4.4,4.1,4.3,4.3,,4.2
AIG20240000459140,4,4.2,전반적 만족도,43,38,88.4,34,38,4.2,3.8,,4.0,,4.0,4.0,4.0,4.17,3.9,,3.9
AIG20240000459141,1,5.0,전반적 만족도,5,1,20,1,1,5.0,5.0,,5.0,,5.0,5.0,5.0,5.0,5.0,,5.0
AIG20240000459142,1,4.0,전반적 만족도,19,14,73.7,12,14,4.0,4.1,,4.3,,4.2,4.0,3.9,4.1,4.0,5.0,4.3
AIG20240000459142,2,3.2,전반적 만족도,30,24,80,13,24,3.2,3.7,,3.8,,3.4,3.3,3.8,3.2,3.1,,3.5
AIG20240000459142,3,4.3,전반적 만족도,26,24,92.3,20,24,4.3,4.1,,4.3,,4.1,4.4,3.8,4.23,4.0,2.5,4.2
AIG20240000459142,4,4.4,전반적 만족도,27,27,100,27,27,4.4,4.4,,4.9,,4.5,4.5,4.1,4.43,4.5,,4.7
AIG20240000459142,5,3.5,전반적 만족도,28,22,78.6,17,22,3.5,3.5,,4.4,,3.8,3.9,3.6,3.83,3.7,2.9,4.1
AIG20240000459142,6,4.9,전반적 만족도,20,17,85,17,17,4.9,4.7,,5.0,,4.9,4.9,4.7,4.8,4.9,5.0,4.9
AIG20240000459142,7,4.5,전반적 만족도,30,23,76.7,22,23,4.5,4.5,,4.7,,4.3,4.2,4.0,4.37,4.4,,4.6
AIG20240000459143,1,2.5,전반적 만족도,21,17,81,5,17,2.5,3.0,,2.9,,2.8,3.1,3.2,3.07,2.5,,2.9
AIG20240000459143,2,4.7,전반적 만족도,27,20,74.1,19,20,4.7,4.7,,4.8,,4.6,4.8,4.8,4.63,4.8,2.9,4.6
AIG20240000459143,3,4.8,전반적 만족도,26,18,69.2,18,18,4.8,4.7,,4.9,,4.9,4.9,4.9,4.73,4.9,5.0,4.8
AIG20240000459143,4,4.7,전반적 만족도,26,24,92.3,23,24,4.7,4.9,,4.9,,4.9,4.8,4.9,4.9,4.9,,4.8
AIG20240000459143,5,4.6,전반적 만족도,24,17,70.8,15,17,4.6,4.5,,4.8,,4.6,4.7,4.4,4.53,4.5,4.3,4.6
AIG20240000459143,6,4.9,전반적 만족도,28,23,82.1,23,23,4.9,4.6,,4.9,,4.8,4.8,4.9,4.67,4.6,,4.7
AIG20240000459143,7,4.2,전반적 만족도,29,25,86.2,24,25,4.2,4.3,,4.5,,4.4,4.4,4.3,4.27,4.3,5.0,4.1
AIG20240000459143,8,4.5,전반적 만족도,23,21,91.3,20,21,4.5,4.2,,4.7,,4.4,4.4,4.5,4.43,4.5,3.9,4.5
AIG20240000459144,1,4.5,전반적 만족도,13,11,84.6,11,11,4.5,3.4,,4.5,,4.2,4.5,3.3,4.37,4.5,,4.4
AIG20240000459144,2,4.4,전반적 만족도,16,15,93.8,15,15,4.4,4.1,,4.7,,4.4,4.4,4.0,4.27,4.3,5.0,4.5
AIG20240000459144,3,4.5,전반적 만족도,9,7,77.8,7,7,4.5,4.2,,4.9,,4.2,4.6,4.1,4.27,4.4,5.0,4.7
AIG20240000459151,1,4.3,전반적 만족도,6,6,100,6,6,4.3,4.4,,4.8,,4.6,4.5,4.6,3.93,4.8,,4.5
AIG20240000459152,2,4.9,전반적 만족도,8,6,75,6,6,4.9,4.8,,5.0,,4.8,4.9,4.5,4.73,5.0,,4.9
AIG20240000459152,3,3.1,전반적 만족도,7,5,71.4,1,5,3.1,3.4,,3.1,,3.1,3.6,3.4,3.67,2.7,,3.4
AIG20240000459153,4,5.0,전반적 만족도,8,3,37.5,3,3,5.0,5.0,,5.0,,4.6,5.0,4.6,4.2,5.0,,5.0
AIG20240000459153,5,4.5,전반적 만족도,5,4,80,4,4,4.5,4.5,,5.0,,4.9,4.8,4.9,4.23,4.3,3.6,5.0
AIG20240000459153,9,4.6,전반적 만족도,9,6,66.7,5,6,4.6,4.0,,4.8,,4.5,4.6,4.3,3.77,4.3,,4.5
AIG20240000459156,1,4.2,전반적 만족도,18,15,83.3,13,15,4.2,4.0,,4.5,,4.4,4.2,4.3,4.17,4.3,4.6,4.4
AIG20240000459156,2,4.9,전반적 만족도,23,17,73.9,17,17,4.9,4.5,,4.7,,4.7,4.9,5.0,4.73,4.7,5.0,4.6
AIG20240000459156,3,4.6,전반적 만족도,24,22,91.7,20,22,4.6,4.3,,4.6,,4.5,4.3,4.8,4.4,4.6,4.9,4.4
AIG20240000459157,1,3.6,전반적 만족도,10,4,40,3,4,3.6,3.9,,4.3,,3.9,3.8,3.8,3.47,3.2,,4.0
AIG20240000459157,2,4.0,전반적 만족도,21,13,61.9,10,13,4.0,4.0,,3.7,,3.9,4.2,4.2,4.13,3.4,2.9,3.8
AIG20240000459157,4,3.5,전반적 만족도,15,12,80,7,12,3.5,3.1,,4.3,,3.5,3.6,3.9,3.33,3.2,,4.1
AIG20240000459157,7,4.2,전반적 만족도,12,9,75,8,9,4.2,4.0,,4.2,,4.0,3.8,4.4,3.47,4.1,5.0,4.1
AIG20240000459157,9,3.4,전반적 만족도,12,8,66.7,5,8,3.4,3.5,,4.1,,3.5,3.5,3.8,3.27,3.2,,3.9
AIG20240000459160,1,4.7,전반적 만족도,8,5,62.5,5,5,4.7,4.7,,4.7,,4.7,4.4,4.5,4.67,4.7,,4.7
AIG20240000459163,1,3.5,전반적 만족도,15,12,80,8,12,3.5,3.8,,4.0,,4.0,3.8,3.7,4.2,4.0,5.0,4.0
AIG20240000459163,2,4.5,전반적 만족도,18,15,83.3,15,15,4.5,4.6,,4.6,,4.5,4.4,4.5,4.43,4.5,,4.6
AIG20240000459163,3,4.7,전반적 만족도,15,11,73.3,10,11,4.7,4.9,,4.8,,4.7,4.5,4.6,4.73,4.5,5.0,4.9
AIG20240000459163,4,4.4,전반적 만족도,17,14,82.4,13,14,4.4,4.5,,4.6,,4.4,4.4,4.2,4.43,4.2,4.3,4.5
AIG20240000459163,5,4.4,전반적 만족도,17,9,52.9,9,9,4.4,4.2,,4.3,,4.2,4.3,3.9,4.2,4.1,5.0,4.2
AIG20240000459163,6,4.9,전반적 만족도,10,9,90,9,9,4.9,4.7,,4.9,,4.8,4.8,4.6,4.87,4.8,,4.8
AIG20240000459164,1,4.7,전반적 만족도,30,24,80,24,24,4.7,4.7,,4.8,,4.7,4.6,4.7,4.7,4.7,4.6,4.7
AIG20240000459164,2,4.3,전반적 만족도,36,32,88.9,29,32,4.3,4.3,,4.6,,4.4,4.4,4.4,4.4,4.4,5.0,4.4
AIG20240000459164,3,4.6,전반적 만족도,30,22,73.3,22,22,4.6,4.4,,4.9,,4.8,4.7,4.5,4.73,4.7,5.0,4.7
AIG20240000459164,4,4.5,전반적 만족도,30,26,86.7,24,26,4.5,4.5,,4.7,,4.6,4.6,4.6,4.6,4.6,,4.6
AIG20240000459164,5,4.6,전반적 만족도,30,22,73.3,21,22,4.6,4.6,,4.8,,4.5,4.6,4.6,4.67,4.4,,4.6
AIG20240000459164,6,4.4,전반적 만족도,39,32,82.1,29,32,4.4,4.6,,4.7,,4.6,4.6,4.6,4.5,4.4,4.5,4.6
AIG20240000459166,1,4.5,전반적 만족도,28,9,32.1,9,9,4.5,4.4,,4.9,,4.6,4.5,4.4,4.5,4.3,4.6,4.6
AIG20240000459166,2,4.3,전반적 만족도,29,19,65.5,14,19,4.3,4.3,,4.5,,4.2,4.3,4.5,4.2,4.2,5.0,4.4
AIG20240000459166,3,5.0,전반적 만족도,16,12,75,12,12,5.0,5.0,,5.0,,5.0,5.0,5.0,4.97,5.0,5.0,5.0
AIG20240000459166,4,5.0,전반적 만족도,30,20,66.7,20,20,5.0,4.9,,5.0,,4.9,5.0,4.9,4.9,4.9,,5.0
AIG20240000459166,5,4.9,전반적 만족도,15,15,100,15,15,4.9,5.0,,5.0,,4.9,4.9,4.9,4.7,5.0,,4.9
AIG20240000459166,6,4.8,전반적 만족도,22,19,86.4,18,19,4.8,4.8,,5.0,,4.8,4.8,4.7,4.7,4.9,5.0,4.8
AIG20240000459166,7,2.8,전반적 만족도,23,15,65.2,6,15,2.8,3.3,,3.2,,3.1,3.1,3.5,2.83,2.6,,3.3
AIG20240000459166,8,4.8,전반적 만족도,14,11,78.6,11,11,4.8,4.9,,4.8,,4.8,4.9,4.8,4.73,4.9,5.0,4.8
AIG20240000459167,1,4.8,전반적 만족도,28,14,50,14,14,4.8,4.6,,5.0,,4.8,4.9,4.7,4.83,4.8,4.3,4.9
AIG20240000459167,2,4.3,전반적 만족도,30,23,76.7,21,23,4.3,4.3,,4.2,,4.2,4.4,4.8,4.5,4.3,3.8,4.4
AIG20240000459167,3,4.9,전반적 만족도,28,18,64.3,17,18,4.9,4.8,,4.7,,4.7,4.9,4.9,4.8,4.8,5.0,4.8
AIG20240000459167,4,4.6,전반적 만족도,24,19,79.2,18,19,4.6,4.7,,4.2,,4.5,4.6,4.6,4.5,4.5,,4.4
AIG20240000459167,5,4.9,전반적 만족도,26,24,92.3,23,24,4.9,4.8,,5.0,,4.9,5.0,4.9,4.9,4.8,4.8,4.9
AIG20240000459167,6,4.9,전반적 만족도,23,20,87,19,20,4.9,4.8,,4.7,,4.7,4.7,4.8,4.77,4.5,,4.7
AIG20240000459168,1,4.4,전반적 만족도,15,14,93.3,14,14,4.4,4.0,,4.4,,4.2,4.5,4.3,4.3,4.5,4.6,4.4
AIG20240000459168,2,3.0,전반적 만족도,23,16,69.6,10,16,3.0,3.2,,3.6,,3.1,2.7,3.4,3.7,2.7,3.2,3.4
AIG20240000459168,5,4.9,전반적 만족도,14,5,35.7,5,5,4.9,4.6,,4.9,,4.5,4.5,4.4,4.5,4.7,5.0,4.6
AIG20240000459168,6,3.4,전반적 만족도,25,14,56,8,14,3.4,3.3,,3.4,,3.1,3.6,3.2,3.27,3.1,3.3,3.3
AIG20240000459168,7,4.9,전반적 만족도,10,8,80,8,8,4.9,4.8,,4.9,,4.9,4.8,4.9,4.63,4.8,4.7,4.7
AIG20240000459170,1,4.9,전반적 만족도,27,25,92.6,25,25,4.9,4.8,,4.8,,4.8,4.9,4.7,4.77,4.9,5.0,4.8
AIG20240000459170,2,4.6,전반적 만족도,22,21,95.5,20,21,4.6,4.4,,4.7,,4.5,4.6,4.6,4.47,4.6,4.3,4.5
AIG20240000459173,1,3.8,전반적 만족도,22,8,36.4,6,8,3.8,3.8,,3.9,,3.6,,3.6,3.75,3.6,4.0,3.6
AIG20240000459174,1,4.6,전반적 만족도,24,20,83.3,20,20,4.6,4.6,,4.8,,4.7,4.7,4.8,4.47,4.6,,4.7
AIG20240000459174,2,4.2,전반적 만족도,24,21,87.5,17,21,4.2,4.1,,4.4,,4.1,4.1,4.1,4.0,4.0,4.6,4.2
AIG20240000459174,3,3.8,전반적 만족도,8,3,37.5,2,3,3.8,2.9,,3.9,,3.7,3.6,3.7,3.73,4.0,,3.7
AIG20240000459174,4,3.1,전반적 만족도,8,6,75,3,6,3.1,3.5,,2.7,,3.2,3.7,3.9,3.13,2.9,,2.9
AIG20240000459174,5,4.5,전반적 만족도,11,11,100,11,11,4.5,4.6,,4.7,,4.5,4.7,4.7,4.43,4.4,,4.6
AIG20240000459174,6,4.6,전반적 만족도,13,11,84.6,10,11,4.6,4.7,,4.7,,4.6,4.8,4.6,4.67,4.5,3.9,4.7
AIG20240000459179,1,3.8,전반적 만족도,10,6,60,6,6,3.8,3.7,,3.5,,3.7,3.9,4.2,3.67,3.5,4.3,3.9
AIG20240000459179,2,4.6,전반적 만족도,46,35,76.1,34,35,4.6,4.6,,4.8,,4.6,4.7,4.8,4.4,4.6,4.4,4.7
AIG20240000459179,3,4.7,전반적 만족도,40,29,72.5,28,29,4.7,4.6,,4.7,,4.6,4.6,4.7,4.27,4.5,4.5,4.5
AIG20240000459179,4,4.7,전반적 만족도,23,11,47.8,10,11,4.7,4.8,,4.8,,4.5,4.3,4.7,4.2,4.4,4.9,4.7
AIG20240000459182,1,5.0,전반적 만족도,13,7,53.8,7,7,5.0,5.0,,5.0,,5.0,5.0,5.0,5.0,5.0,5.0,5.0
AIG20240000459183,1,3.8,전반적 만족도,14,8,57.1,7,8,3.8,3.9,,4.3,,4.0,4.2,4.2,3.87,3.7,2.9,4.2
AIG20240000459183,2,4.2,전반적 만족도,24,13,54.2,12,13,4.2,4.4,,4.5,,4.1,4.2,4.2,3.93,3.6,4.3,4.0
AIG20240000459183,3,2.7,전반적 만족도,15,11,73.3,5,11,2.7,3.1,,3.5,,2.9,3.0,3.3,2.77,2.4,1.4,3.3
AIG20240000459183,4,5.0,전반적 만족도,7,3,42.9,3,3,5.0,5.0,,5.0,,5.0,5.0,5.0,4.83,5.0,,5.0
AIG20240000459183,5,4.1,전반적 만족도,4,4,100,4,4,4.1,4.5,,4.4,,4.4,4.5,3.7,4.3,4.3,4.3,4.6
AIG20240000459185,1,4.5,전반적 만족도,14,8,57.1,7,8,4.5,3.6,,4.5,,4.1,4.6,4.3,4.4,4.4,3.4,4.2
AIG20240000459185,2,3.6,전반적 만족도,19,11,57.9,7,11,3.6,3.4,,3.7,,3.5,4.1,4.0,4.2,3.5,2.4,3.5
AIG20240000459185,3,4.2,전반적 만족도,23,15,65.2,13,15,4.2,4.5,,4.4,,4.3,4.4,4.6,4.3,4.3,,4.3
AIG20240000459185,4,4.3,전반적 만족도,20,18,90,17,18,4.3,4.0,,4.4,,4.2,4.2,3.9,4.33,4.1,4.2,4.4
AIG20240000459185,5,4.2,전반적 만족도,13,7,53.8,7,7,4.2,4.2,,4.5,,4.1,4.1,4.5,4.37,4.5,2.9,4.2
AIG20240000459185,6,3.8,전반적 만족도,11,11,100,8,11,3.8,3.8,,3.8,,3.9,4.1,4.1,3.9,3.5,2.1,3.7
AIG20240000459186,2,4.3,전반적 만족도,13,9,69.2,9,9,4.3,4.2,,4.6,,4.5,4.5,4.6,4.43,4.7,,4.4
AIG20240000459187,1,4.0,전반적 만족도,31,20,64.5,16,20,4.0,3.9,,4.1,,3.9,3.9,3.9,4.03,4.1,,3.9
AIG20240000459187,2,4.6,전반적 만족도,22,18,81.8,17,18,4.6,4.6,,4.7,,4.6,4.6,4.6,4.6,4.6,4.3,4.6
AIG20240000459187,3,4.8,전반적 만족도,18,12,66.7,12,12,4.8,4.6,,4.8,,4.8,4.7,4.7,4.63,4.8,4.8,4.7
AIG20240000459187,4,4.8,전반적 만족도,22,17,77.3,17,17,4.8,4.5,,4.6,,4.7,4.7,4.6,4.53,4.5,4.3,4.7
AIG20240000459187,5,4.7,전반적 만족도,25,14,56,13,14,4.7,4.7,,4.8,,4.6,4.5,4.7,4.47,4.3,,4.6
AIG20240000459187,6,4.6,전반적 만족도,16,14,87.5,14,14,4.6,4.3,,4.6,,4.5,4.6,4.5,4.6,4.5,4.1,4.4
AIG20240000459187,7,4.6,전반적 만족도,18,12,66.7,11,12,4.6,4.4,,4.6,,4.5,4.5,4.3,4.37,4.6,3.6,4.5
AIG20240000459187,8,4.2,전반적 만족도,19,15,78.9,12,15,4.2,3.7,,4.5,,4.3,3.9,4.4,4.2,4.0,4.4,4.3
AIG20240000459189,1,4.3,전반적 만족도,30,27,90,27,27,4.3,4.3,,4.6,,4.1,4.3,3.8,4.33,4.3,4.3,4.0
AIG20240000459189,2,4.0,전반적 만족도,30,29,96.7,27,29,4.0,4.2,,4.5,,4.2,4.2,4.0,4.23,4.3,4.3,4.2
AIG20240000459189,3,4.2,전반적 만족도,26,21,80.8,21,21,4.2,4.1,,4.4,,4.2,4.4,4.2,4.3,4.3,3.6,4.0
AIG20240000459189,4,4.3,전반적 만족도,34,32,94.1,32,32,4.3,4.1,,4.3,,4.3,4.3,4.2,4.27,4.1,4.5,4.2
AIG20240000459189,5,4.7,전반적 만족도,30,29,96.7,29,29,4.7,4.4,,4.6,,4.6,4.7,4.6,4.53,4.6,4.6,4.6
AIG20240000459189,6,4.1,전반적 만족도,30,26,86.7,24,26,4.1,4.3,,4.4,,4.1,4.4,4.3,4.27,4.0,3.9,4.1
AIG20240000459189,7,4.6,전반적 만족도,30,29,96.7,29,29,4.6,4.4,,4.7,,4.5,4.7,4.4,4.63,4.7,4.8,4.4
AIG20240000459189,8,4.8,전반적 만족도,30,30,100,30,30,4.8,4.5,,4.8,,4.8,4.8,4.7,4.7,4.7,5.0,4.7
AIG20240000459189,9,4.3,전반적 만족도,29,29,100,29,29,4.3,4.3,,4.7,,4.5,4.7,4.5,4.37,4.6,4.3,4.2
AIG20240000459189,10,4.5,전반적 만족도,31,31,100,29,31,4.5,4.3,,4.6,,4.5,4.7,4.4,4.67,4.5,4.4,4.5
AIG20240000459190,2,3.6,전반적 만족도,8,7,87.5,6,7,3.6,4.3,,4.6,,3.9,3.6,4.6,4.0,4.0,,4.3
AIG20240000459191,1,4.9,전반적 만족도,16,15,93.8,15,15,4.9,4.8,,5.0,,4.8,4.7,4.6,4.83,4.6,5.0,4.8
AIG20240000459191,2,4.6,전반적 만족도,23,22,95.7,22,22,4.6,4.5,,4.8,,4.7,4.6,4.6,4.27,4.7,5.0,4.7
AIG20240000459191,3,4.5,전반적 만족도,20,18,90,17,18,4.5,4.3,,4.7,,4.4,4.6,4.2,4.4,4.5,2.9,4.5
AIG20240000459191,4,3.8,전반적 만족도,23,9,39.1,7,9,3.8,4.0,,4.1,,3.9,4.1,4.0,3.8,3.7,2.9,4.0
AIG20240000459191,5,4.4,전반적 만족도,18,14,77.8,12,14,4.4,4.1,,4.6,,4.3,4.4,4.2,4.1,4.0,5.0,4.4
AIG20240000459191,6,4.8,전반적 만족도,22,22,100,22,22,4.8,4.8,,4.8,,4.8,4.8,4.7,4.63,4.9,4.8,4.8
AIG20240000459191,7,4.5,전반적 만족도,16,16,100,15,16,4.5,4.7,,4.8,,4.6,4.6,4.4,4.07,4.3,5.0,4.7
AIG20240000459194,1,3.6,전반적 만족도,16,10,62.5,8,10,3.6,4.0,,3.9,,3.6,3.6,4.4,3.83,3.4,,3.7
AIG20240000459194,2,4.5,전반적 만족도,12,7,58.3,7,7,4.5,4.5,,4.7,,4.3,4.4,4.5,4.43,4.5,3.6,4.4
AIG20240000459194,3,4.7,전반적 만족도,11,10,90.9,10,10,4.7,4.7,,4.9,,4.8,4.9,4.9,4.73,4.7,,4.7
AIG20240000459194,4,4.6,전반적 만족도,8,6,75,5,6,4.6,4.6,,4.6,,4.6,4.6,4.8,4.3,4.3,5.0,4.6
AIG20240000459195,1,3.9,전반적 만족도,23,13,56.5,11,13,3.9,3.8,,4.4,,3.9,4.1,4.0,3.77,3.8,3.6,4.0
AIG20240000459195,2,4.0,전반적 만족도,16,15,93.8,13,15,4.0,3.3,,4.6,,4.0,3.8,3.9,3.7,3.7,5.0,4.0
AIG20240000459195,3,4.4,전반적 만족도,19,18,94.7,16,18,4.4,4.1,,4.8,,4.6,4.5,4.5,4.3,4.3,,4.4
AIG20240000459195,4,4.6,전반적 만족도,7,6,85.7,6,6,4.6,4.6,,4.8,,4.8,4.9,4.5,4.9,4.8,,4.9
AIG20240000459198,1,3.9,전반적 만족도,16,9,56.3,6,9,3.9,4.0,,4.1,,4.0,4.0,4.0,3.83,4.0,,4.3
AIG20240000459198,3,4.6,전반적 만족도,11,7,63.6,7,7,4.6,3.7,,4.8,,4.7,4.4,4.0,4.37,4.5,5.0,4.8
AIG20240000459201,1,4.9,전반적 만족도,9,7,77.8,7,7,4.9,5.0,,4.7,,4.8,4.9,5.0,4.7,4.6,5.0,4.9
AIG20240000459204,1,3.6,전반적 만족도,13,10,76.9,8,10,3.6,3.1,,4.0,,3.6,3.6,3.9,3.67,3.4,4.3,3.8
AIG20240000459204,2,4.2,전반적 만족도,24,20,83.3,18,20,4.2,4.2,,4.3,,4.2,4.3,4.3,4.1,3.9,5.0,4.1
AIG20240000459204,3,4.0,전반적 만족도,10,7,70,5,7,4.0,3.9,,4.3,,4.1,4.2,3.8,3.77,3.2,,3.8
AIG20240000459204,5,4.4,전반적 만족도,10,8,80,8,8,4.4,4.6,,4.4,,4.2,4.4,4.3,4.07,4.2,5.0,4.2
AIG20240000459204,6,4.5,전반적 만족도,33,29,87.9,27,29,4.5,4.4,,4.6,,4.4,4.4,4.3,4.3,4.1,5.0,4.5
AIG20240000459204,7,4.8,전반적 만족도,18,9,50,8,9,4.8,4.7,,4.8,,4.8,4.7,4.6,4.7,4.7,5.0,4.8
AIG20240000459207,1,3.6,전반적 만족도,41,35,85.4,25,35,3.6,3.8,,4.1,,3.7,3.9,3.6,3.9,3.7,,3.9
AIG20240000459207,2,3.8,전반적 만족도,30,25,83.3,17,25,3.8,3.9,,4.4,,3.8,4.1,4.4,3.8,4.0,3.9,3.8
AIG20240000459207,3,3.5,전반적 만족도,60,34,56.7,23,34,3.5,3.5,,4.0,,3.7,3.7,3.7,3.8,3.6,4.3,3.8
AIG20240000459207,4,4.5,전반적 만족도,41,35,85.4,32,35,4.5,4.2,,4.5,,4.4,4.5,4.7,4.33,4.3,5.0,4.4
AIG20240000459208,1,4.4,전반적 만족도,18,14,77.8,13,14,4.4,3.6,,4.7,,4.4,4.4,4.1,4.03,4.1,4.1,4.3
AIG20240000459209,1,4.6,전반적 만족도,20,16,80,15,16,4.6,4.5,,4.8,,4.5,4.5,3.9,4.5,4.3,5.0,4.8
AIG20240000459209,2,3.4,전반적 만족도,27,20,74.1,8,20,3.4,3.5,,3.5,,3.4,3.4,2.8,3.27,3.3,,3.6
AIG20240000459209,3,4.0,전반적 만족도,22,15,68.2,11,15,4.0,3.7,,4.2,,3.9,3.9,3.4,3.8,3.9,,4.2
AIG20240000459209,4,2.6,전반적 만족도,25,12,48,4,12,2.6,2.5,,3.9,,3.0,2.7,3.0,2.63,2.6,2.9,3.4
AIG20240000459209,5,3.9,전반적 만족도,27,18,66.7,14,18,3.9,4.0,,4.2,,4.0,3.9,4.0,3.6,3.8,3.9,4.2
AIG20240000459209,6,4.0,전반적 만족도,21,14,66.7,12,14,4.0,3.8,,4.2,,4.0,4.1,3.7,3.87,3.9,,4.1
AIG20240000459209,7,3.9,전반적 만족도,30,23,76.7,14,23,3.9,3.8,,4.5,,3.9,3.7,3.4,3.77,3.8,,4.1
AIG20240000459209,8,4.3,전반적 만족도,23,12,52.2,11,12,4.3,3.9,,4.7,,4.3,4.7,4.0,4.3,4.3,2.9,4.6
AIG20240000459209,9,3.8,전반적 만족도,15,9,60,7,9,3.8,3.3,,4.7,,4.2,4.3,3.3,3.53,3.9,2.9,4.2
AIG20240000459209,10,3.5,전반적 만족도,24,14,58.3,7,14,3.5,3.3,,3.7,,3.4,3.3,3.6,3.53,3.0,,3.4
AIG20240000459209,11,4.3,전반적 만족도,21,13,61.9,13,13,4.3,4.2,,4.8,,4.4,4.5,4.3,4.1,4.4,,4.6
AIG20240000459209,12,3.8,전반적 만족도,17,11,64.7,10,11,3.8,3.2,,3.8,,3.5,3.7,3.3,3.43,3.5,3.6,3.8
AIG20240000459209,13,4.0,전반적 만족도,12,5,41.7,4,5,4.0,3.7,,4.1,,4.0,3.6,4.1,3.9,3.3,,4.0
AIG20240000459210,1,3.6,전반적 만족도,17,12,70.6,8,12,3.6,3.6,,3.8,,3.5,3.6,4.2,3.5,3.2,,3.8
AIG20240000459210,3,3.0,전반적 만족도,20,9,45,4,9,3.0,2.7,,3.6,,2.9,3.2,3.5,2.93,2.8,0.7,3.1
AIG20240000459210,4,3.2,전반적 만족도,25,14,56,6,14,3.2,2.6,,3.7,,3.1,3.1,3.0,2.97,2.6,2.1,3.5
AIG20240000459210,5,3.1,전반적 만족도,25,20,80,14,20,3.1,3.4,,3.6,,3.4,3.2,3.5,3.33,3.1,3.6,3.2
AIG20240000459210,6,3.3,전반적 만족도,18,13,72.2,8,13,3.3,3.7,,4.1,,3.5,3.2,3.1,3.37,3.0,5.0,3.9
AIG20240000459211,1,4.7,전반적 만족도,19,5,26.3,5,5,4.7,4.7,,4.9,,4.3,4.6,4.6,4.57,4.7,,4.6
AIG20240000459211,2,3.7,전반적 만족도,14,7,50,4,7,3.7,4.2,,3.8,,3.6,3.6,3.7,3.43,3.7,4.3,3.9
AIG20240000459211,3,3.8,전반적 만족도,17,8,47.1,7,8,3.8,4.5,,3.7,,3.7,4.4,3.3,4.0,3.9,3.6,4.0
AIG20240000459211,4,3.0,전반적 만족도,17,7,41.2,2,7,3.0,3.0,,3.0,,2.9,3.2,3.0,3.1,2.3,,2.9
AIG20240000459214,1,3.9,전반적 만족도,12,4,33.3,3,4,3.9,4.1,,4.0,,4.0,3.6,4.0,3.87,3.9,5.0,4.0
AIG20240000459214,2,4.6,전반적 만족도,10,5,50,5,5,4.6,4.9,,4.8,,4.7,4.9,4.3,4.57,4.4,,4.6
AIG20240000459214,3,4.9,전반적 만족도,11,8,72.7,8,8,4.9,4.9,,4.9,,4.9,5.0,4.9,4.93,4.9,4.3,4.9
AIG20240000459214,4,5.0,전반적 만족도,8,2,25,2,2,5.0,3.9,,5.0,,5.0,5.0,5.0,4.63,5.0,,5.0
AIG20240000459214,5,4.7,전반적 만족도,12,9,75,8,9,4.7,4.9,,4.8,,4.7,4.6,4.7,4.47,4.4,5.0,4.7
AIG20240000459217,1,2.6,전반적 만족도,16,7,43.8,2,7,2.6,2.3,,2.7,,2.7,2.9,3.4,2.3,2.2,,2.6
AIG20240000459220,1,4.7,전반적 만족도,24,22,91.7,22,22,4.7,4.7,,4.8,,4.7,4.7,4.6,4.57,4.7,5.0,4.6
AIG20240000459225,1,4.0,전반적 만족도,17,16,94.1,13,16,4.0,4.1,,4.2,,4.1,4.3,4.3,4.27,3.9,2.9,4.3
AIG20240000459225,2,4.5,전반적 만족도,28,22,78.6,21,22,4.5,4.4,,4.6,,4.5,4.6,4.6,4.27,4.5,4.3,4.4
AIG20240000459225,3,4.7,전반적 만족도,26,20,76.9,20,20,4.7,4.7,,4.9,,4.8,4.8,4.8,4.7,4.9,5.0,4.8
AIG20240000459225,4,4.6,전반적 만족도,17,14,82.4,14,14,4.6,4.6,,4.7,,4.6,4.6,4.5,4.4,4.6,,4.7
AIG20240000459227,1,4.3,전반적 만족도,16,6,37.5,5,6,4.3,4.4,,5.0,,4.4,3.4,4.5,4.5,4.3,5.0,4.5
AIG20240000459227,2,4.4,전반적 만족도,22,15,68.2,14,15,4.4,4.0,,4.6,,4.3,4.3,4.4,3.9,4.2,4.3,4.2
AIG20240000459227,3,3.9,전반적 만족도,26,21,80.8,13,21,3.9,3.8,,4.0,,3.9,4.1,4.0,3.9,3.9,2.9,3.8
AIG20240000459227,4,4.2,전반적 만족도,22,16,72.7,13,16,4.2,3.6,,4.6,,4.2,4.0,4.3,3.8,3.9,5.0,4.3
AIG20240000459227,5,4.2,전반적 만족도,20,15,75,12,15,4.2,4.0,,4.2,,4.1,4.1,4.0,4.17,4.1,,4.2
AIG20240000459227,6,4.0,전반적 만족도,21,15,71.4,15,15,4.0,4.1,,4.2,,4.1,4.2,4.1,3.97,4.1,4.3,4.2
AIG20240000459228,1,3.4,전반적 만족도,18,10,55.6,4,10,3.4,3.6,,3.8,,3.8,3.4,3.4,3.43,3.1,,3.6
AIG20240000459229,1,4.0,전반적 만족도,42,33,78.6,31,33,4.0,4.1,,4.2,,4.0,4.1,4.4,3.87,4.2,3.8,4.1
AIG20240000459229,2,4.4,전반적 만족도,33,31,93.9,31,31,4.4,4.2,,4.6,,4.3,4.6,4.2,4.37,4.6,3.3,4.3
AIG20240000459229,3,4.5,전반적 만족도,36,34,94.4,34,34,4.5,4.3,,4.6,,4.4,4.6,4.4,4.23,4.5,4.5,4.5
AIG20240000459229,4,4.4,전반적 만족도,42,34,81,34,34,4.4,4.4,,4.6,,4.3,4.5,4.5,4.3,4.4,,4.6
AIG20240000459229,5,4.4,전반적 만족도,36,33,91.7,33,33,4.4,4.2,,4.5,,4.3,4.5,4.4,4.27,4.4,3.2,4.3
AIG20240000459232,1,3.3,전반적 만족도,3,3,100,2,3,3.3,3.6,,3.5,,3.3,3.3,3.7,3.6,3.1,,3.1
AIG20240000459232,4,3.1,전반적 만족도,19,19,100,12,19,3.1,3.2,,3.6,,3.4,3.3,3.5,3.0,3.0,3.8,3.4
AIG20240000459233,1,2.8,전반적 만족도,25,20,80,5,20,2.8,2.8,,3.5,,2.7,3.3,2.8,2.73,2.6,,3.0
AIG20240000459233,2,4.4,전반적 만족도,19,12,63.2,12,12,4.4,4.3,,4.3,,4.3,4.5,4.4,4.37,4.5,,4.1
AIG20240000459233,3,4.3,전반적 만족도,9,8,88.9,5,8,4.3,3.9,,4.6,,4.2,4.6,3.7,3.63,4.2,4.8,4.1
AIG20240000459233,4,4.8,전반적 만족도,13,8,61.5,8,8,4.8,4.6,,4.7,,4.8,4.9,4.5,4.47,4.7,3.6,4.6
AIG20240000459234,1,4.9,전반적 만족도,14,10,71.4,10,10,4.9,4.7,,5.0,,4.8,4.8,4.5,4.67,4.9,5.0,4.8
AIG20240000459234,2,4.8,전반적 만족도,21,12,57.1,12,12,4.8,4.9,,4.7,,4.8,4.8,4.9,4.8,4.9,5.0,4.8
AIG20240000459234,3,4.8,전반적 만족도,13,9,69.2,8,9,4.8,4.5,,4.9,,4.7,5.0,4.5,4.67,4.8,4.3,4.9
AIG20240000459234,4,3.7,전반적 만족도,22,16,72.7,11,16,3.7,4.2,,3.5,,3.7,4.0,4.1,3.73,3.8,5.0,3.4
AIG20240000459234,5,4.5,전반적 만족도,17,15,88.2,14,15,4.5,4.7,,4.6,,4.5,4.6,4.3,4.4,4.5,2.9,4.5
AIG20240000459235,2,3.3,전반적 만족도,12,9,75,5,9,3.3,3.7,,3.6,,3.4,3.9,3.9,3.47,3.5,5.0,3.5
AIG20240000459236,1,2.9,전반적 만족도,39,35,89.7,18,35,2.9,3.1,,3.3,,2.9,2.9,3.0,3.0,2.6,3.1,3.0
AIG20240000459236,2,3.8,전반적 만족도,39,34,87.2,30,34,3.8,3.8,,4.1,,3.7,3.8,3.6,3.8,3.7,4.6,3.9
AIG20240000459236,3,4.1,전반적 만족도,32,28,87.5,27,28,4.1,3.7,,4.2,,4.1,3.9,3.5,4.17,3.9,4.3,4.2
AIG20240000459236,4,4.3,전반적 만족도,28,23,82.1,21,23,4.3,4.1,,4.5,,4.3,4.4,4.1,4.27,4.3,4.3,4.3
AIG20240000459237,1,5.0,전반적 만족도,19,9,47.4,9,9,5.0,5.0,,5.0,,5.0,5.0,5.0,4.97,5.0,5.0,5.0
AIG20240000459237,2,2.7,전반적 만족도,14,6,42.9,2,6,2.7,3.3,,3.1,,3.1,3.0,3.3,2.63,2.6,4.3,3.3
AIG20240000459242,1,4.5,전반적 만족도,24,21,87.5,20,21,4.5,4.5,,4.8,,4.6,4.7,4.6,4.43,4.3,3.9,4.7
AIG20240000459242,2,4.5,전반적 만족도,17,17,100,17,17,4.5,4.5,,4.9,,4.5,4.6,4.6,4.37,4.6,4.3,4.6
AIG20240000459242,3,4.6,전반적 만족도,19,17,89.5,15,17,4.6,4.3,,4.6,,4.5,4.4,4.3,4.47,4.5,5.0,4.6
AIG20240000459242,4,4.6,전반적 만족도,22,17,77.3,17,17,4.6,4.4,,4.7,,4.6,4.5,4.5,4.43,4.5,5.0,4.6
AIG20240000459245,1,4.7,전반적 만족도,8,7,87.5,6,7,4.7,4.6,,4.7,,4.6,4.6,4.6,4.4,4.5,5.0,4.7
AIG20240000459245,2,4.5,전반적 만족도,10,4,40,4,4,4.5,4.1,,4.6,,4.2,4.5,4.4,3.9,4.3,2.9,4.6
AIG20240000459245,3,3.3,전반적 만족도,9,9,100,4,9,3.3,3.2,,3.6,,3.3,3.4,3.7,3.07,2.9,3.6,3.4
AIG20240000459246,1,5.0,전반적 만족도,11,7,63.6,7,7,5.0,5.0,,5.0,,5.0,5.0,5.0,4.83,5.0,5.0,4.9
AIG20240000459249,1,4.9,전반적 만족도,20,17,85,17,17,4.9,5.0,,5.0,,4.9,5.0,5.0,4.9,4.9,4.6,4.9
AIG20240000459249,2,4.8,전반적 만족도,22,18,81.8,17,18,4.8,4.8,,4.8,,4.6,4.7,4.8,4.33,4.6,,4.8
AIG20240000459249,3,4.9,전반적 만족도,21,19,90.5,19,19,4.9,5.0,,4.9,,4.8,4.9,5.0,4.73,5.0,5.0,4.8
AIG20240000459249,4,4.9,전반적 만족도,20,15,75,15,15,4.9,5.0,,5.0,,4.9,5.0,5.0,4.9,5.0,4.6,5.0
AIG20240000459249,5,5.0,전반적 만족도,14,13,92.9,13,13,5.0,5.0,,5.0,,5.0,5.0,5.0,5.0,5.0,5.0,5.0
AIG20240000459251,1,3.7,전반적 만족도,18,16,88.9,13,16,3.7,4.0,,4.1,,3.5,3.5,3.7,3.63,3.5,,3.7
AIG20240000459251,2,4.0,전반적 만족도,13,13,100,10,13,4.0,4.0,,4.6,,4.3,4.2,4.2,4.1,3.8,5.0,4.5
AIG20240000459253,1,3.0,전반적 만족도,14,10,71.4,5,10,3.0,3.6,,2.9,,3.2,3.3,4.0,3.43,3.1,0.7,3.3
AIG20240000459253,2,4.2,전반적 만족도,21,13,61.9,12,13,4.2,4.2,,4.0,,4.2,4.2,4.4,4.13,4.1,,4.2
AIG20240000459254,1,4.3,전반적 만족도,30,14,46.7,12,14,4.3,3.5,,4.6,,4.1,4.3,3.6,4.07,4.0,5.0,3.8
AIG20240000459254,2,3.8,전반적 만족도,30,20,66.7,15,20,3.8,3.9,,4.1,,3.8,4.0,3.6,3.97,3.9,,3.8
AIG20240000459254,3,4.5,전반적 만족도,27,21,77.8,21,21,4.5,4.3,,4.9,,4.5,4.5,4.3,4.6,4.5,,4.4
AIG20240000459254,4,3.7,전반적 만족도,26,21,80.8,15,21,3.7,3.2,,4.0,,3.7,3.7,3.8,3.93,3.6,3.3,3.6
AIG20240000459254,5,4.0,전반적 만족도,18,15,83.3,13,15,4.0,4.0,,4.5,,4.2,4.2,4.1,4.03,4.0,,4.3
AIG20240000459254,6,4.2,전반적 만족도,17,16,94.1,13,16,4.2,4.4,,4.2,,4.4,4.4,4.2,4.3,4.1,4.3,4.1
AIG20240000459258,1,4.6,전반적 만족도,25,15,60,14,15,4.6,4.1,,4.5,,4.3,4.7,4.5,4.17,4.6,3.9,4.4
AIG20240000459258,2,4.4,전반적 만족도,29,19,65.5,18,19,4.4,4.4,,4.5,,4.3,4.3,4.4,4.37,4.4,5.0,4.3
AIG20240000459258,3,4.4,전반적 만족도,24,15,62.5,13,15,4.4,4.4,,4.6,,4.3,4.4,4.6,4.3,4.3,4.3,4.5
AIG20240000459258,4,4.6,전반적 만족도,22,19,86.4,19,19,4.6,4.3,,4.7,,4.5,4.7,4.7,4.47,4.7,4.3,4.5
AIG20240000459258,5,4.0,전반적 만족도,18,13,72.2,11,13,4.0,3.9,,4.2,,4.2,4.6,4.2,4.07,4.1,3.7,4.1
AIG20240000459259,1,3.1,전반적 만족도,57,47,82.5,23,47,3.1,3.3,,3.4,,3.0,3.6,3.6,3.37,3.0,3.9,3.3
AIG20240000459259,2,4.4,전반적 만족도,59,45,76.3,43,45,4.4,4.3,,4.5,,4.3,4.4,4.4,4.37,4.2,4.3,4.4
AIG20240000459259,3,3.8,전반적 만족도,120,94,78.3,68,94,3.8,3.8,,4.2,,3.8,4.0,3.9,3.73,3.6,2.7,3.7
AIG20240000459259,4,3.9,전반적 만족도,103,93,90.3,78,93,3.9,4.0,,4.0,,3.7,3.8,4.0,3.83,3.8,4.4,3.8
AIG20240000459259,5,4.4,전반적 만족도,120,104,86.7,97,104,4.4,4.3,,4.6,,4.3,4.5,4.4,4.23,4.3,3.9,4.2
AIG20240000459259,6,4.2,전반적 만족도,85,62,72.9,58,62,4.2,4.2,,4.5,,4.3,4.4,4.3,4.17,4.0,3.6,4.2
AIG20240000459259,7,4.4,전반적 만족도,52,44,84.6,39,44,4.4,4.4,,4.4,,4.3,4.5,4.4,4.37,4.2,3.9,4.5
AIG20240000459261,1,4.9,전반적 만족도,71,63,88.7,63,63,4.9,4.8,,4.9,,4.9,4.9,4.9,4.87,4.9,,4.9
AIG20240000459261,2,5.0,전반적 만족도,66,6,9.1,6,6,5.0,5.0,,5.0,,5.0,5.0,5.0,5.0,5.0,,5.0
AIG20240000459262,1,4.3,전반적 만족도,15,7,46.7,6,7,4.3,3.3,,4.5,,4.3,4.3,3.7,4.5,3.8,,4.1
AIG20240000459262,2,4.6,전반적 만족도,19,8,42.1,8,8,4.6,4.2,,5.0,,4.5,4.6,4.2,4.43,4.8,,4.6
AIG20240000459263,1,4.4,전반적 만족도,8,5,62.5,5,5,4.4,4.4,,4.6,,4.4,,4.1,4.5,4.3,4.7,4.3
AIG20240000459264,1,3.8,전반적 만족도,28,12,42.9,10,12,3.8,4.2,,4.3,,4.1,3.9,4.2,3.97,3.8,,4.0
AIG20240000459267,1,4.9,전반적 만족도,20,20,100,20,20,4.9,4.9,,5.0,,4.9,4.9,4.9,4.9,4.9,5.0,4.9
AIG20240000459267,2,4.3,전반적 만족도,27,21,77.8,19,21,4.3,4.0,,4.8,,4.4,4.3,3.9,3.9,4.1,5.0,4.4
AIG20240000459267,3,4.2,전반적 만족도,21,17,81,14,17,4.2,4.3,,4.5,,4.2,4.2,4.3,4.17,4.1,5.0,4.2
AIG20240000459267,4,4.6,전반적 만족도,20,13,65,11,13,4.6,4.7,,4.8,,4.6,4.6,4.6,4.73,4.3,,4.7
AIG20240000459267,5,3.8,전반적 만족도,22,21,95.5,20,21,3.8,4.0,,4.2,,3.9,3.9,3.5,4.13,3.7,3.6,4.0
AIG20240000459267,6,4.9,전반적 만족도,14,12,85.7,12,12,4.9,4.8,,4.9,,4.9,4.9,4.7,4.87,4.9,4.8,4.9
AIG20240000459267,7,4.6,전반적 만족도,23,21,91.3,20,21,4.6,4.8,,4.9,,4.7,4.8,4.8,4.8,4.8,5.0,4.8
AIG20240000459267,8,4.5,전반적 만족도,28,24,85.7,23,24,4.5,4.6,,4.7,,4.5,4.5,4.5,4.53,4.6,5.0,4.6
AIG20240000459267,9,4.8,전반적 만족도,17,16,94.1,16,16,4.8,4.6,,4.8,,4.7,4.9,4.4,4.57,4.6,,4.8
AIG20240000459268,1,3.9,전반적 만족도,27,22,81.5,17,22,3.9,3.7,,4.4,,3.9,3.9,3.9,3.8,3.9,3.6,4.3
AIG20240000459268,2,5.0,전반적 만족도,17,15,88.2,15,15,5.0,5.0,,5.0,,5.0,5.0,5.0,5.0,5.0,,5.0
AIG20240000459268,3,3.7,전반적 만족도,21,17,81,13,17,3.7,3.7,,4.2,,3.8,4.0,4.2,3.47,3.7,2.9,4.0
AIG20240000459268,4,4.6,전반적 만족도,27,24,88.9,23,24,4.6,4.8,,4.8,,4.6,4.8,4.6,4.63,4.5,4.5,4.7
AIG20240000459268,5,5.0,전반적 만족도,21,16,76.2,16,16,5.0,4.9,,5.0,,5.0,5.0,5.0,4.93,5.0,5.0,4.9
AIG20240000459268,6,4.6,전반적 만족도,22,16,72.7,15,16,4.6,4.4,,4.7,,4.6,4.7,4.6,4.67,4.5,4.3,4.6
AIG20240000459268,7,4.7,전반적 만족도,20,15,75,15,15,4.7,4.7,,4.8,,4.7,4.9,4.5,4.67,4.7,3.9,4.8
AIG20240000459268,8,5.0,전반적 만족도,18,15,83.3,14,15,5.0,4.9,,5.0,,4.9,4.9,5.0,4.97,5.0,5.0,4.9
AIG20240000459268,9,5.0,전반적 만족도,22,19,86.4,19,19,5.0,5.0,,5.0,,5.0,5.0,5.0,4.9,5.0,5.0,5.0
AIG20240000459268,10,5.0,전반적 만족도,21,1,4.8,1,1,5.0,3.6,,4.6,,4.3,4.3,4.6,3.13,2.9,,4.3
AIG20240000459269,1,4.2,전반적 만족도,17,15,88.2,12,15,4.2,4.0,,4.5,,4.2,4.1,4.4,4.13,4.3,,4.3
AIG20240000459269,2,4.4,전반적 만족도,18,18,100,16,18,4.4,4.4,,4.4,,4.3,4.4,4.3,4.13,4.2,,4.4
AIG20240000459269,3,4.4,전반적 만족도,14,12,85.7,10,12,4.4,4.2,,4.5,,4.3,4.5,3.6,4.13,4.1,,4.3
AIG20240000459269,4,4.4,전반적 만족도,18,18,100,16,18,4.4,4.5,,4.4,,4.5,4.5,4.5,4.4,4.4,5.0,4.3
AIG20240000459269,5,4.1,전반적 만족도,19,14,73.7,12,14,4.1,3.8,,4.3,,4.1,4.2,4.0,4.13,3.9,,4.1
AIG20240000459269,6,4.2,전반적 만족도,16,11,68.8,10,11,4.2,3.4,,4.8,,4.2,4.4,3.5,4.27,4.2,,4.5
AIG20240000459269,7,4.9,전반적 만족도,14,10,71.4,10,10,4.9,4.9,,5.0,,4.9,4.9,4.8,4.73,4.9,,5.0
AIG20240000459270,3,2.0,전반적 만족도,11,7,63.6,3,7,2.0,1.8,,2.1,,2.1,2.6,3.2,2.93,1.9,,2.1
AIG20240000459271,1,4.5,전반적 만족도,21,17,81,16,17,4.5,4.5,,4.7,,4.6,4.6,4.7,4.5,4.6,,4.6
AIG20240000459271,2,4.9,전반적 만족도,18,15,83.3,15,15,4.9,4.8,,4.9,,4.8,4.9,4.5,4.67,4.8,5.0,4.9
AIG20240000459272,1,2.0,전반적 만족도,17,6,35.3,1,6,2.0,2.4,,3.9,,1.9,2.5,3.1,2.77,1.9,,3.5
AIG20240000459272,2,4.1,전반적 만족도,26,24,92.3,23,24,4.1,4.4,,4.6,,4.2,4.2,4.6,4.37,4.2,,4.3
AIG20240000459278,1,3.3,전반적 만족도,26,16,61.5,10,16,3.3,3.7,,3.7,,3.7,3.5,3.3,3.33,3.0,,3.7
AIG20240000459278,2,2.0,전반적 만족도,15,10,66.7,2,10,2.0,2.1,,2.2,,2.0,2.2,1.5,2.07,1.9,1.4,2.1
AIG20240000459278,3,4.3,전반적 만족도,14,7,50,6,7,4.3,3.9,,4.8,,4.2,4.4,4.0,4.27,4.5,,4.5
AIG20240000459278,4,3.8,전반적 만족도,22,12,54.5,8,12,3.8,4.2,,4.0,,3.7,3.8,4.1,3.77,3.6,5.0,3.5
AIG20240000459278,5,3.6,전반적 만족도,25,13,52,8,13,3.6,3.3,,4.3,,3.8,3.9,2.8,3.17,3.5,3.6,4.0
AIG20240000459278,6,2.1,전반적 만족도,18,15,83.3,2,15,2.1,2.3,,1.9,,2.0,2.3,2.1,2.37,1.7,2.1,2.1
AIG20240000459278,7,3.8,전반적 만족도,14,8,57.1,6,8,3.8,4.3,,3.8,,4.0,3.8,3.5,4.13,3.7,,3.7
AIG20240000459278,8,2.7,전반적 만족도,14,8,57.1,2,8,2.7,3.4,,2.6,,2.3,3.2,4.0,2.8,2.2,,2.2
AIG20240000459278,9,4.5,전반적 만족도,17,12,70.6,12,12,4.5,4.3,,4.6,,4.4,4.6,3.4,4.0,4.3,,4.6
AIG20240000459278,10,4.6,전반적 만족도,20,12,60,12,12,4.6,4.5,,4.7,,4.5,4.4,4.3,4.27,4.3,5.0,4.6
AIG20240000459278,12,3.7,전반적 만족도,12,6,50,5,6,3.7,3.5,,3.9,,3.7,3.5,2.6,3.7,3.5,,3.9
AIG20240000459279,1,4.5,전반적 만족도,27,25,92.6,25,25,4.5,4.3,,4.6,,4.3,4.5,4.2,4.4,4.5,4.6,4.4
AIG20240000459279,2,4.7,전반적 만족도,39,33,84.6,33,33,4.7,4.8,,4.8,,4.6,4.7,4.8,4.63,4.8,4.8,4.7
AIG20240000459279,3,4.6,전반적 만족도,39,38,97.4,38,38,4.6,4.5,,4.8,,4.5,4.6,4.6,4.57,4.6,3.6,4.6
AIG20240000459279,4,4.6,전반적 만족도,40,35,87.5,33,35,4.6,4.6,,4.7,,4.5,4.5,4.8,4.43,4.5,5.0,4.5
AIG20240000459279,5,4.6,전반적 만족도,44,41,93.2,41,41,4.6,4.6,,4.7,,4.4,4.7,4.3,4.63,4.7,4.3,4.6
AIG20240000459279,6,4.8,전반적 만족도,50,47,94,47,47,4.8,4.7,,4.8,,4.7,4.8,4.8,4.73,4.8,5.0,4.7
AIG20240000459283,1,4.3,전반적 만족도,22,15,68.2,12,15,4.3,4.2,,4.6,,4.4,4.5,4.2,4.5,4.3,3.6,4.3
AIG20240000459283,2,4.0,전반적 만족도,29,18,62.1,12,18,4.0,3.8,,4.5,,4.0,4.0,4.2,3.9,3.5,4.5,4.0
AIG20240000459283,3,4.3,전반적 만족도,25,17,68,14,17,4.3,4.2,,4.3,,4.4,4.3,4.1,4.3,4.3,5.0,4.1
AIG20240000459283,4,4.7,전반적 만족도,15,7,46.7,7,7,4.7,4.5,,4.7,,4.6,4.6,4.7,4.57,4.8,4.8,4.7
AIG20240000459283,5,4.4,전반적 만족도,17,11,64.7,10,11,4.4,4.1,,4.3,,4.3,4.4,4.3,4.23,4.2,,4.4
AIG20240000459283,6,4.3,전반적 만족도,31,26,83.9,23,26,4.3,4.1,,4.6,,4.3,4.4,4.3,4.3,4.3,4.1,4.3
AIG20240000459283,7,4.1,전반적 만족도,14,12,85.7,9,12,4.1,4.2,,4.6,,4.0,4.0,4.1,3.9,4.0,,4.2
AIG20240000459283,8,4.7,전반적 만족도,20,13,65,12,13,4.7,4.8,,4.9,,4.8,4.9,4.8,4.73,4.7,5.0,4.8
AIG20240000459283,9,3.9,전반적 만족도,17,8,47.1,6,8,3.9,4.0,,4.4,,4.1,4.1,4.2,4.03,3.8,,3.9
AIG20240000459283,10,4.1,전반적 만족도,19,9,47.4,5,9,4.1,4.4,,4.0,,4.3,4.5,4.2,3.87,3.8,3.6,4.3
AIG20240000459283,11,4.0,전반적 만족도,24,18,75,13,18,4.0,3.7,,4.1,,3.8,4.2,3.9,3.77,3.6,3.9,3.7
AIG20240000459283,12,4.6,전반적 만족도,34,21,61.8,20,21,4.6,4.6,,4.8,,4.6,4.7,4.7,4.53,4.6,4.6,4.5
AIG20240000459285,1,4.9,전반적 만족도,8,7,87.5,7,7,4.9,4.9,,4.9,,4.8,4.9,4.7,4.77,5.0,,4.9
AIG20240000459285,2,4.5,전반적 만족도,10,8,80,7,8,4.5,5.0,,4.4,,4.5,4.8,5.0,4.2,4.3,2.9,4.6
AIG20240000459286,1,4.4,전반적 만족도,13,9,69.2,8,9,4.4,4.1,,4.6,,4.4,4.3,3.8,3.97,3.9,,4.1
AIG20240000459286,2,3.6,전반적 만족도,10,4,40,4,4,3.6,4.1,,3.9,,4.0,3.8,4.5,4.07,3.4,,3.9
AIG20240000459286,3,4.6,전반적 만족도,6,6,100,6,6,4.6,4.4,,4.6,,4.4,4.5,4.9,4.37,4.3,,4.4
AIG20240000459286,4,4.4,전반적 만족도,6,6,100,5,6,4.4,4.9,,4.6,,4.7,4.4,5.0,4.63,4.4,,4.8
AIG20240000459287,1,3.6,전반적 만족도,8,4,50,3,4,3.6,3.9,,3.8,,3.9,3.9,3.9,4.1,3.9,4.3,3.7
AIG20240000459287,3,4.5,전반적 만족도,11,8,72.7,6,8,4.5,3.6,,4.3,,4.1,4.1,4.2,4.0,4.2,,4.2
AIG20240000459288,1,2.9,전반적 만족도,16,9,56.3,3,9,2.9,3.0,,2.5,,2.8,3.0,2.6,2.73,2.4,,2.8
AIG20240000459290,1,5.0,전반적 만족도,30,1,3.3,1,1,5.0,5.0,,5.0,,5.0,,5.0,5.0,5.0,5.0,5.0
AIG20240000459290,2,5.0,전반적 만족도,30,3,10,3,3,5.0,5.0,,5.0,,5.0,,5.0,4.8,5.0,4.8,4.8
AIG20240000459290,5,4.3,전반적 만족도,30,5,16.7,5,5,4.3,4.3,,4.5,,4.2,,4.1,4.35,4.3,4.1,4.2
AIG20240000459290,8,2.9,전반적 만족도,30,1,3.3,0,1,2.9,2.9,,2.9,,2.9,,3.2,3.25,3.6,2.9,2.9
AIG20240000459291,1,4.8,전반적 만족도,14,11,78.6,11,11,4.8,4.7,,4.7,,4.6,4.8,4.7,4.9,4.7,,4.9
AIG20240000459291,2,4.8,전반적 만족도,15,9,60,9,9,4.8,4.8,,4.9,,4.9,4.8,4.8,4.8,4.8,,4.9
AIG20240000459291,3,4.7,전반적 만족도,22,18,81.8,16,18,4.7,4.7,,4.8,,4.7,4.8,4.7,4.73,4.7,4.8,4.8
AIG20240000459291,4,3.4,전반적 만족도,22,8,36.4,4,8,3.4,3.7,,4.0,,3.6,3.6,3.5,3.53,3.5,3.9,3.8
AIG20240000459291,5,4.8,전반적 만족도,21,19,90.5,19,19,4.8,4.7,,4.7,,4.6,4.8,4.6,4.7,4.8,5.0,4.7
AIG20240000459292,1,3.9,전반적 만족도,28,26,92.9,19,26,3.9,4.0,,4.1,,3.7,3.7,4.1,3.8,3.6,2.5,3.7
AIG20240000459292,2,3.8,전반적 만족도,25,22,88,20,22,3.8,4.0,,3.7,,3.7,3.9,4.0,3.63,3.5,,3.6
AIG20240000459292,3,4.6,전반적 만족도,11,9,81.8,9,9,4.6,4.6,,4.8,,4.5,4.6,4.6,4.5,4.7,5.0,4.6
AIG20240000459292,4,4.1,전반적 만족도,10,9,90,9,9,4.1,4.2,,4.6,,4.0,4.1,4.3,3.93,4.3,4.3,4.4
AIG20240000459292,5,4.0,전반적 만족도,16,12,75,10,12,4.0,3.9,,4.0,,3.9,3.8,4.4,4.13,3.8,,3.9
AIG20240000459292,6,4.0,전반적 만족도,22,14,63.6,13,14,4.0,4.0,,4.4,,4.1,4.0,4.4,3.93,3.8,,4.1
AIG20240000459292,7,3.7,전반적 만족도,17,17,100,13,17,3.7,3.3,,4.0,,3.6,3.8,3.8,3.63,3.7,5.0,3.8
AIG20240000459292,8,3.7,전반적 만족도,22,16,72.7,12,16,3.7,3.4,,3.9,,3.8,4.0,4.3,3.57,3.5,,3.5
AIG20240000459293,1,4.7,전반적 만족도,18,7,38.9,7,7,4.7,4.7,,4.7,,4.6,4.6,4.7,4.6,4.8,4.3,4.6
AIG20240000459293,2,3.3,전반적 만족도,22,9,40.9,6,9,3.3,3.4,,3.6,,3.3,3.6,3.7,3.73,3.1,,3.5
AIG20240000459293,3,4.3,전반적 만족도,21,20,95.2,18,20,4.3,4.3,,4.3,,4.1,4.4,4.2,4.3,4.3,2.9,4.2
AIG20240000459293,4,2.9,전반적 만족도,30,22,73.3,12,22,2.9,2.9,,3.2,,3.0,3.2,3.2,3.17,2.8,4.3,3.3
AIG20240000459293,5,3.2,전반적 만족도,19,15,78.9,8,15,3.2,3.4,,3.5,,3.3,3.5,3.3,3.1,3.1,4.3,3.5
AIG20240000459293,6,3.3,전반적 만족도,22,21,95.5,13,21,3.3,3.2,,3.5,,3.3,3.9,3.5,3.2,3.3,,3.4
AIG20240000459296,1,3.0,전반적 만족도,9,4,44.4,3,4,3.0,3.0,,3.7,,3.1,3.4,2.9,3.53,3.2,,3.5
AIG20240000459296,2,3.9,전반적 만족도,7,6,85.7,6,6,3.9,3.3,,4.4,,3.7,3.9,3.9,3.37,3.5,,4.4
AIG20240000459298,1,3.9,전반적 만족도,19,17,89.5,14,17,3.9,3.7,,4.2,,3.9,3.9,3.8,3.8,3.7,3.9,3.9
AIG20240000459298,2,4.0,전반적 만족도,17,15,88.2,11,15,4.0,3.9,,3.9,,4.0,4.3,3.5,4.23,3.8,3.9,3.8
AIG20240000459298,3,3.7,전반적 만족도,17,13,76.5,10,13,3.7,3.7,,3.7,,3.8,4.0,4.0,3.97,3.9,3.6,3.5
AIG20240000459298,4,4.1,전반적 만족도,12,11,91.7,11,11,4.1,4.2,,4.5,,4.2,4.2,4.2,4.3,4.1,,4.4
AIG20240000459301,1,3.3,전반적 만족도,15,12,80,9,12,3.3,3.2,,3.9,,3.3,3.8,2.9,2.83,3.2,2.1,3.7
AIG20240000459301,2,3.8,전반적 만족도,28,19,67.9,15,19,3.8,3.8,,4.1,,3.6,3.8,3.2,3.87,3.9,,4.0
AIG20240000459301,3,3.7,전반적 만족도,25,8,32,2,8,3.7,3.3,,4.2,,3.9,3.7,3.4,3.3,2.8,,4.1
AIG20240000459301,5,4.6,전반적 만족도,24,13,54.2,11,13,4.6,4.6,,4.7,,4.5,4.6,4.3,4.33,4.5,,4.6
AIG20240000459301,8,3.9,전반적 만족도,18,12,66.7,7,12,3.9,3.7,,4.2,,3.8,4.0,3.6,3.7,3.4,,4.3
AIG20240000459301,12,4.2,전반적 만족도,19,13,68.4,10,13,4.2,3.4,,4.6,,4.4,4.4,3.5,3.6,4.0,5.0,4.6
AIG20240000459302,1,4.0,전반적 만족도,12,9,75,7,9,4.0,4.2,,4.8,,4.2,4.1,4.4,4.3,3.7,,4.3
AIG20240000459302,2,4.3,전반적 만족도,32,20,62.5,19,20,4.3,4.1,,4.7,,4.4,4.6,4.4,4.0,4.3,3.3,4.1
AIG20240000459302,3,4.4,전반적 만족도,19,16,84.2,14,16,4.4,4.0,,4.6,,4.3,4.6,4.0,4.37,4.2,4.1,4.1
AIG20240000459302,4,4.3,전반적 만족도,26,18,69.2,17,18,4.3,4.1,,4.7,,4.4,4.4,4.4,4.33,4.2,4.3,4.4
AIG20240000459302,5,4.4,전반적 만족도,26,25,96.2,23,25,4.4,4.3,,4.5,,4.3,4.5,4.4,4.1,4.4,4.1,4.2
AIG20240000459302,6,4.2,전반적 만족도,68,45,66.2,43,45,4.2,4.3,,4.6,,4.5,4.3,4.3,4.27,4.4,4.6,4.3
AIG20240000459302,7,4.3,전반적 만족도,21,15,71.4,14,15,4.3,4.2,,4.6,,4.3,4.4,4.3,4.37,4.4,5.0,4.2
AIG20240000459302,8,3.8,전반적 만족도,23,14,60.9,10,14,3.8,3.9,,4.0,,3.9,3.8,3.9,3.87,3.8,,3.7
AIG20240000459302,9,4.4,전반적 만족도,33,26,78.8,24,26,4.4,4.3,,4.7,,4.4,4.5,4.5,4.23,4.3,4.3,4.5
AIG20240000459302,10,4.4,전반적 만족도,32,20,62.5,18,20,4.4,4.3,,4.7,,4.5,4.5,4.6,4.1,4.3,4.5,4.4
AIG20240000459302,11,4.3,전반적 만족도,24,13,54.2,12,13,4.3,4.1,,4.5,,4.3,4.4,4.3,4.17,4.3,4.3,4.3
AIG20240000459302,12,4.1,전반적 만족도,22,17,77.3,17,17,4.1,4.2,,4.2,,4.2,4.1,4.4,4.17,4.2,3.9,4.1
AIG20240000459302,13,3.6,전반적 만족도,64,51,79.7,38,51,3.6,3.8,,4.1,,3.9,3.7,4.0,3.73,3.5,4.8,3.7
AIG20240000459302,14,4.1,전반적 만족도,23,18,78.3,15,18,4.1,4.0,,4.3,,4.2,4.1,4.2,3.87,4.0,5.0,4.1
AIG20240000459303,1,4.1,전반적 만족도,10,9,90,8,9,4.1,3.9,,4.1,,4.0,4.2,4.0,4.0,4.0,2.9,4.0
AIG20240000459303,2,4.5,전반적 만족도,22,20,90.9,19,20,4.5,4.1,,4.6,,4.5,4.5,4.6,4.5,4.6,4.3,4.4
AIG20240000459303,3,4.5,전반적 만족도,40,36,90,32,36,4.5,4.5,,4.6,,4.5,4.5,4.6,4.47,4.4,4.3,4.6
AIG20240000459303,4,4.1,전반적 만족도,22,17,77.3,14,17,4.1,4.0,,4.4,,4.1,3.7,4.1,4.0,3.9,5.0,3.9
AIG20240000459304,1,4.1,전반적 만족도,20,10,50,9,10,4.1,3.4,,4.5,,4.3,3.9,4.8,3.57,3.6,4.3,4.2
AIG20240000459304,2,3.2,전반적 만족도,17,6,35.3,4,6,3.2,2.9,,3.6,,3.4,2.9,4.4,2.8,3.2,2.9,3.5
AIG20240000459306,1,3.6,전반적 만족도,21,12,57.1,10,12,3.6,3.8,,3.4,,3.4,3.5,4.3,3.53,3.5,,3.2
AIG20240000459306,2,3.7,전반적 만족도,24,10,41.7,9,10,3.7,3.1,,4.1,,3.5,3.4,3.5,3.63,3.7,2.1,3.5
AIG20240000459306,3,4.0,전반적 만족도,12,5,41.7,5,5,4.0,4.1,,4.4,,4.0,3.6,3.9,4.03,3.6,3.6,3.9
AIG20240000459306,4,2.9,전반적 만족도,11,6,54.5,2,6,2.9,3.1,,4.1,,3.1,2.7,3.4,3.17,2.7,4.3,3.1
AIG20240000459306,5,4.3,전반적 만족도,11,4,36.4,4,4,4.3,4.6,,4.6,,4.5,4.0,4.8,4.07,4.6,5.0,4.6
AIG20240000459306,6,3.0,전반적 만족도,11,7,63.6,3,7,3.0,2.6,,3.0,,2.7,3.0,2.3,3.2,2.3,0.7,2.9
AIG20240000459306,7,4.1,전반적 만족도,11,9,81.8,8,9,4.1,3.8,,4.2,,4.4,4.7,4.6,3.87,3.8,,4.2
AIG20240000459306,8,4.1,전반적 만족도,12,4,33.3,4,4,4.1,4.3,,4.8,,4.2,4.1,4.2,4.0,4.5,,4.6
AIG20240000459307,1,4.7,전반적 만족도,20,19,95,19,19,4.7,4.3,,4.8,,4.7,4.7,4.6,4.47,4.6,5.0,4.8
AIG20240000459307,2,4.3,전반적 만족도,21,13,61.9,13,13,4.3,4.5,,4.5,,4.4,4.3,4.5,4.33,4.5,4.6,4.5
AIG20240000459307,3,4.6,전반적 만족도,26,26,100,26,26,4.6,4.5,,4.8,,4.5,4.6,4.2,4.43,4.5,,4.6
AIG20240000459307,4,4.0,전반적 만족도,19,14,73.7,12,14,4.0,4.1,,4.3,,4.0,4.0,3.8,3.8,3.6,4.3,4.1
AIG20240000459307,5,3.2,전반적 만족도,27,8,29.6,4,8,3.2,3.1,,3.2,,2.9,3.2,2.9,3.17,3.1,,3.3
AIG20240000459307,6,4.8,전반적 만족도,21,19,90.5,18,19,4.8,4.7,,4.8,,4.7,4.7,4.9,4.73,4.6,5.0,4.8
AIG20240000459307,8,4.0,전반적 만족도,12,9,75,8,9,4.0,4.3,,4.3,,4.2,4.4,4.3,4.0,4.1,,4.2
AIG20240000459308,1,4.5,전반적 만족도,23,19,82.6,18,19,4.5,4.6,,4.9,,4.4,4.6,4.6,4.43,4.4,4.9,4.4
AIG20240000459308,2,4.8,전반적 만족도,26,22,84.6,20,22,4.8,4.8,,4.9,,4.7,4.8,4.7,4.67,4.7,4.5,4.8
AIG20240000459308,3,3.5,전반적 만족도,25,16,64,11,16,3.5,3.9,,3.7,,3.5,3.6,3.8,3.7,3.4,,3.7
AIG20240000459308,4,4.8,전반적 만족도,22,20,90.9,19,20,4.8,4.8,,4.8,,4.7,4.7,4.8,4.5,4.7,4.9,4.8
AIG20240000459308,5,4.8,전반적 만족도,24,18,75,16,18,4.8,4.8,,4.8,,4.7,4.6,4.5,4.6,4.5,4.6,4.8
AIG20240000459308,6,4.2,전반적 만족도,24,20,83.3,19,20,4.2,4.5,,4.2,,4.3,4.2,4.4,3.97,4.0,,4.3
AIG20240000459310,1,4.5,전반적 만족도,62,34,54.8,30,34,4.5,4.4,,4.7,,4.4,4.3,4.6,4.0,4.3,5.0,4.4
AIG20240000459310,2,3.8,전반적 만족도,50,30,60,23,30,3.8,4.0,,4.1,,4.1,4.0,4.2,3.77,3.9,5.0,4.0
AIG20240000459310,3,4.4,전반적 만족도,55,31,56.4,29,31,4.4,4.3,,4.6,,4.4,4.6,4.6,4.13,4.5,4.3,4.6
AIG20240000459310,4,4.7,전반적 만족도,49,34,69.4,33,34,4.7,4.7,,4.9,,4.7,4.7,4.7,4.57,4.6,4.9,4.8
AIG20240000459310,5,4.5,전반적 만족도,41,25,61,23,25,4.5,4.5,,4.7,,4.6,4.6,4.7,4.43,4.4,4.3,4.6
AIG20240000459310,6,4.8,전반적 만족도,59,34,57.6,34,34,4.8,4.8,,4.9,,4.8,4.9,4.8,4.67,4.8,4.8,4.9
AIG20240000459310,7,4.6,전반적 만족도,50,28,56,27,28,4.6,4.3,,4.7,,4.6,4.5,4.7,4.33,4.6,4.4,4.6
AIG20240000459310,8,4.5,전반적 만족도,59,33,55.9,32,33,4.5,4.3,,4.7,,4.6,4.6,4.7,4.17,4.5,4.4,4.6
AIG20240000459310,9,4.4,전반적 만족도,49,32,65.3,30,32,4.4,3.5,,4.7,,4.4,4.3,4.6,3.93,4.3,5.0,4.5
AIG20240000459311,1,3.7,전반적 만족도,20,7,35,4,7,3.7,3.3,,3.5,,3.6,3.6,3.5,3.67,3.5,4.3,3.6
AIG20240000459311,3,3.9,전반적 만족도,10,5,50,3,5,3.9,3.7,,4.9,,4.5,3.9,4.7,3.93,4.1,5.0,4.2
AIG20240000459311,4,4.6,전반적 만족도,13,4,30.8,4,4,4.6,4.6,,5.0,,4.7,4.8,4.9,4.73,4.5,3.6,5.0
AIG20240000459311,5,4.6,전반적 만족도,20,5,25,4,5,4.6,4.0,,4.7,,4.3,4.3,3.9,4.17,4.4,,4.4
AIG20240000459311,6,5.0,전반적 만족도,16,1,6.3,1,1,5.0,5.0,,5.0,,5.0,5.0,5.0,5.0,5.0,,5.0
AIG20240000459311,7,3.9,전반적 만족도,14,2,14.3,1,2,3.9,3.9,,3.8,,3.7,3.9,3.9,2.9,3.2,,2.9
AIG20240000459311,8,4.3,전반적 만족도,7,1,14.3,0,1,4.3,3.6,,4.6,,2.9,,4.3,2.5,2.9,1.4,4.3
AIG20240000459311,10,4.0,전반적 만족도,3,3,100,2,3,4.0,4.3,,4.3,,4.3,5.0,4.3,4.53,4.3,2.9,4.3
AIG20240000459311,11,1.8,전반적 만족도,8,2,25,0,2,1.8,1.8,,1.8,,1.8,1.8,1.8,1.8,1.8,,1.8
AIG20240000459311,12,2.3,전반적 만족도,18,4,22.2,0,4,2.3,2.1,,3.9,,2.3,2.7,2.9,2.73,2.1,,2.9
AIG20240000459312,1,4.7,전반적 만족도,9,5,55.6,5,5,4.7,4.6,,4.6,,4.6,4.3,4.9,4.77,4.6,5.0,4.8
AIG20240000459313,1,3.9,전반적 만족도,14,9,64.3,5,9,3.9,4.0,,4.6,,3.9,3.8,4.0,4.0,3.8,5.0,3.9
AIG20240000459313,2,3.5,전반적 만족도,15,10,66.7,7,10,3.5,3.6,,4.1,,3.7,3.4,4.4,3.57,3.1,,3.3
AIG20240000459313,3,4.6,전반적 만족도,8,6,75,6,6,4.6,4.5,,4.7,,4.5,4.4,4.7,4.3,4.5,,4.3
AIG20240000459313,4,4.8,전반적 만족도,6,3,50,3,3,4.8,4.3,,4.9,,4.7,4.8,4.5,4.7,4.8,,4.8
AIG20240000459315,1,4.1,전반적 만족도,21,15,71.4,10,15,4.1,3.8,,4.7,,4.0,4.3,3.9,4.13,3.9,4.3,4.1
AIG20240000459315,2,4.0,전반적 만족도,17,9,52.9,7,9,4.0,3.9,,3.9,,3.8,4.0,3.9,4.23,3.3,,3.8
AIG20240000459315,3,4.4,전반적 만족도,22,17,77.3,17,17,4.4,4.0,,4.7,,4.2,4.4,4.5,4.53,4.4,4.3,4.4
AIG20240000459315,4,4.5,전반적 만족도,13,13,100,12,13,4.5,4.3,,4.6,,4.5,4.5,4.3,4.3,4.2,4.8,4.2
AIG20240000459315,5,4.1,전반적 만족도,12,9,75,7,9,4.1,3.9,,4.3,,4.0,4.2,4.2,4.07,3.6,,4.2
AIG20240000459315,6,4.6,전반적 만족도,10,7,70,7,7,4.6,4.4,,4.9,,4.7,4.3,4.3,4.57,4.4,5.0,4.6
AIG20240000459315,7,4.3,전반적 만족도,12,9,75,7,9,4.3,3.7,,4.4,,4.2,4.4,4.5,3.97,4.0,3.9,4.3
AIG20240000459315,9,4.2,전반적 만족도,14,12,85.7,12,12,4.2,4.3,,5.0,,4.5,4.7,4.5,4.37,4.6,5.0,4.7
AIG20240000459316,1,4.6,전반적 만족도,71,65,91.5,62,65,4.6,4.6,,4.7,,4.6,4.7,4.5,4.5,4.5,5.0,4.6
AIG20240000459316,2,4.8,전반적 만족도,68,64,94.1,63,64,4.8,4.7,,4.8,,4.7,4.8,4.7,4.63,4.8,4.3,4.7
AIG20240000459316,3,4.5,전반적 만족도,47,45,95.7,42,45,4.5,4.4,,4.8,,4.6,4.6,4.3,4.43,4.5,,4.5
AIG20240000459316,4,4.9,전반적 만족도,42,41,97.6,41,41,4.9,4.7,,4.9,,4.9,4.9,4.7,4.73,4.8,4.8,4.8
AIG20240000459316,5,4.7,전반적 만족도,57,51,89.5,50,51,4.7,4.6,,4.8,,4.7,4.8,4.6,4.63,4.6,4.5,4.6
AIG20240000459317,1,4.1,전반적 만족도,8,5,62.5,4,5,4.1,4.3,,4.4,,4.3,4.1,4.4,4.33,3.9,,4.4
AIG20240000459317,2,3.9,전반적 만족도,14,10,71.4,6,10,3.9,3.7,,4.5,,4.0,4.0,4.1,4.0,3.4,3.6,4.1
AIG20240000459317,3,3.8,전반적 만족도,18,8,44.4,6,8,3.8,3.4,,4.3,,4.0,3.9,4.2,3.9,3.8,4.3,3.8
AIG20240000459317,4,2.9,전반적 만족도,14,9,64.3,5,9,2.9,3.1,,4.4,,3.4,3.3,3.5,3.53,2.9,3.2,3.6
AIG20240000459317,5,4.5,전반적 만족도,6,4,66.7,4,4,4.5,3.9,,4.8,,4.5,4.6,4.0,4.73,4.5,4.6,4.7
AIG20240000459317,6,3.8,전반적 만족도,8,8,100,5,8,3.8,3.2,,3.8,,3.9,4.1,4.3,3.87,3.9,5.0,3.6
AIG20240000459317,8,4.3,전반적 만족도,9,4,44.4,3,4,4.3,4.1,,4.1,,4.3,3.6,4.5,4.2,4.1,4.0,4.3
AIG20240000459317,9,4.0,전반적 만족도,15,9,60,7,9,4.0,4.0,,4.4,,4.0,4.1,4.1,4.13,4.0,3.9,4.0
AIG20240000459319,1,5.0,전반적 만족도,14,13,92.9,13,13,5.0,5.0,,5.0,,5.0,5.0,5.0,4.83,5.0,5.0,5.0
AIG20240000459319,2,5.0,전반적 만족도,19,15,78.9,15,15,5.0,4.9,,5.0,,5.0,5.0,4.9,4.87,4.9,5.0,5.0
AIG20240000459319,3,5.0,전반적 만족도,11,6,54.5,6,6,5.0,5.0,,5.0,,4.9,4.9,5.0,4.77,4.8,,4.9
AIG20240000459320,1,4.6,전반적 만족도,15,9,60,8,9,4.6,4.4,,4.6,,4.6,4.6,4.3,4.4,4.6,,4.6
AIG20240000459320,2,4.7,전반적 만족도,11,5,45.5,5,5,4.7,4.6,,4.6,,4.6,4.7,4.6,4.43,4.7,,4.6
AIG20240000459322,1,3.6,전반적 만족도,20,13,65,8,13,3.6,4.0,,3.7,,3.4,3.5,4.1,3.6,3.0,4.3,3.5
AIG20240000459322,2,4.5,전반적 만족도,23,14,60.9,13,14,4.5,4.3,,4.4,,4.4,4.6,4.5,4.33,4.1,3.6,4.2
AIG20240000459322,3,4.5,전반적 만족도,20,14,70,13,14,4.5,4.5,,4.3,,4.2,4.4,4.4,4.4,4.2,,4.3
AIG20240000459322,4,4.4,전반적 만족도,15,11,73.3,8,11,4.4,4.5,,4.5,,4.5,4.4,4.5,4.33,3.9,,4.4
AIG20240000459322,5,2.6,전반적 만족도,13,9,69.2,3,9,2.6,3.3,,2.3,,2.8,3.0,3.4,3.1,2.1,0.7,2.8
AIG20240000459322,6,4.3,전반적 만족도,7,5,71.4,4,5,4.3,4.6,,4.7,,4.4,4.3,4.6,4.5,4.3,4.3,4.4
AIG20240000459322,7,4.0,전반적 만족도,6,3,50,3,3,4.0,4.3,,4.3,,4.1,4.3,4.3,4.03,3.8,,4.0
AIG20240000459322,9,3.8,전반적 만족도,19,11,57.9,10,11,3.8,4.3,,4.4,,4.3,4.3,4.5,4.07,3.9,4.3,4.2
AIG20240000459323,1,4.1,전반적 만족도,10,7,70,7,7,4.1,4.2,,4.7,,4.1,,4.8,4.0,4.2,4.0,4.4
AIG20240000459323,4,4.0,전반적 만족도,8,3,37.5,2,3,4.0,4.8,,4.6,,4.5,5.0,4.8,4.37,4.5,3.6,4.5
AIG20240000459323,5,4.5,전반적 만족도,7,6,85.7,6,6,4.5,4.3,,4.8,,4.1,4.3,4.5,3.87,3.9,4.6,4.6
AIG20240000459325,1,4.2,전반적 만족도,23,18,78.3,16,18,4.2,4.1,,4.5,,4.3,4.3,4.5,4.0,4.3,,4.4
AIG20240000459325,2,3.2,전반적 만족도,13,10,76.9,7,10,3.2,3.2,,3.6,,3.4,3.6,3.7,3.23,3.3,,3.6
AIG20240000459325,3,3.3,전반적 만족도,12,6,50,4,6,3.3,3.9,,3.7,,3.6,4.1,4.2,3.8,3.5,2.1,3.8
AIG20240000459325,4,4.3,전반적 만족도,19,18,94.7,17,18,4.3,4.1,,4.6,,4.3,4.2,4.3,4.2,4.3,4.3,4.3
AIG20240000459325,5,4.0,전반적 만족도,12,11,91.7,9,11,4.0,3.7,,4.6,,4.2,3.9,3.7,3.83,4.0,4.3,4.3
AIG20240000459325,6,4.4,전반적 만족도,8,6,75,5,6,4.4,4.2,,4.6,,4.5,4.4,3.9,4.7,3.9,5.0,4.0
AIG20240000459325,7,4.2,전반적 만족도,10,7,70,5,7,4.2,3.5,,4.3,,4.0,4.5,3.9,4.0,3.9,3.9,3.8
AIG20240000459325,8,3.4,전반적 만족도,19,13,68.4,5,13,3.4,3.8,,4.0,,3.4,3.6,3.8,3.2,3.2,,3.7
AIG20240000459325,9,4.2,전반적 만족도,21,19,90.5,18,19,4.2,4.1,,4.5,,4.3,4.2,4.3,4.1,4.4,4.3,4.4
AIG20240000459326,1,3.8,전반적 만족도,17,9,52.9,8,9,3.8,4.1,,4.5,,3.9,4.1,3.8,3.8,4.3,5.0,4.1
AIG20240000459326,2,4.0,전반적 만족도,14,9,64.3,9,9,4.0,4.4,,4.8,,4.0,4.1,4.4,3.77,4.3,,4.2
AIG20240000459326,3,4.2,전반적 만족도,10,9,90,7,9,4.2,4.0,,4.3,,4.2,4.3,4.2,4.3,4.0,,3.9
AIG20240000459328,1,2.9,전반적 만족도,30,18,60,9,18,2.9,2.8,,3.0,,2.9,3.5,3.7,3.3,2.9,2.9,2.9
AIG20240000459328,2,3.2,전반적 만족도,32,29,90.6,10,29,3.2,3.3,,4.3,,3.2,3.3,2.8,3.2,2.5,3.3,3.8
AIG20240000459328,3,3.8,전반적 만족도,27,18,66.7,14,18,3.8,3.9,,4.2,,3.8,4.0,4.0,4.13,3.8,2.9,3.6
AIG20240000459328,4,3.0,전반적 만족도,31,24,77.4,11,24,3.0,3.1,,3.8,,3.4,3.0,3.9,3.2,3.0,3.0,3.3
AIG20240000459328,5,3.3,전반적 만족도,29,20,69,12,20,3.3,3.0,,3.6,,3.2,3.1,3.4,3.4,2.8,2.7,3.2
AIG20240000459328,6,4.2,전반적 만족도,23,14,60.9,13,14,4.2,4.0,,4.4,,3.9,3.9,4.3,3.87,4.0,,4.0
AIG20240000459328,7,4.0,전반적 만족도,21,12,57.1,8,12,4.0,4.3,,4.7,,4.1,3.8,4.0,4.13,3.9,2.9,4.5
AIG20240000459328,8,4.7,전반적 만족도,22,19,86.4,19,19,4.7,4.3,,4.8,,4.4,4.5,4.6,4.3,4.4,4.6,4.5
AIG20240000459329,1,4.3,전반적 만족도,18,12,66.7,11,12,4.3,4.4,,4.2,,4.1,,4.2,4.15,4.2,4.0,4.1
AIG20240000459329,2,5.0,전반적 만족도,4,2,50,2,2,5.0,5.0,,5.0,,5.0,,5.0,5.0,5.0,5.0,5.0
AIG20240000459329,3,3.8,전반적 만족도,13,6,46.2,5,6,3.8,3.6,,4.2,,4.2,,4.0,3.95,3.9,3.7,4.1
AIG20240000459329,4,4.6,전반적 만족도,7,4,57.1,4,4,4.6,4.5,,4.6,,4.5,,4.6,4.55,4.5,4.5,4.6
AIG20240000459331,1,4.5,전반적 만족도,32,29,90.6,28,29,4.5,4.5,,4.7,,4.6,4.7,4.7,4.27,4.5,3.9,4.7
AIG20240000459331,2,3.7,전반적 만족도,70,58,82.9,42,58,3.7,3.4,,4.1,,3.9,4.1,3.9,3.87,3.7,4.0,3.8
AIG20240000459331,3,4.5,전반적 만족도,42,32,76.2,31,32,4.5,4.2,,4.6,,4.5,4.6,4.6,4.13,4.3,4.0,4.5
AIG20240000459333,1,4.8,전반적 만족도,34,26,76.5,25,26,4.8,4.5,,4.9,,4.7,4.7,4.7,4.43,4.6,5.0,4.7
AIG20240000459333,2,4.5,전반적 만족도,44,36,81.8,33,36,4.5,4.4,,4.7,,4.5,4.7,4.6,4.3,4.5,4.3,4.6
AIG20240000459333,3,4.6,전반적 만족도,18,14,77.8,14,14,4.6,4.0,,4.8,,4.5,4.6,4.6,4.03,4.4,2.1,4.7
AIG20240000459333,4,4.0,전반적 만족도,20,17,85,13,17,4.0,4.0,,4.5,,4.2,4.2,4.3,3.8,3.9,2.9,4.1
